Mileage,excavation_distance_m,X_local,Y_local,Z_crown,Z_topography,overburden_m,formation_nearest,formation_used
0.0,0.0,4240.776767802017,5162.376738340128,216.3349955548387,216.2854461669922,0.0,SH_ST,SH_ST
1.0,1.0000059721507526,4239.802434854011,5162.151626575821,216.33845161290324,216.4793395996093,0.140887986706133,SH_ST,SH_ST
2.0,2.000011928948515,4238.828101973106,5161.926514521088,216.34190322580645,216.67323303222656,0.3313298064201149,SH_ST,SH_ST
3.0,3.000017885746278,4237.853769118778,5161.701402351324,216.34535483870968,216.8671264648437,0.5217716261340684,SH_ST,SH_ST
4.0,4.000023842544722,4236.8794362644485,5161.47629018156,216.3488064516129,217.1220245361328,0.7732180845199252,SH_ST,SH_ST
5.0,5.000029799342484,4235.90510341012,5161.251178011796,216.3522580645161,217.5098114013672,1.1575533368510662,SH_ST,SH_ST
6.0,6.000035756140928,4234.930770555791,5161.026065842032,216.35570967741936,217.8975982666016,1.5418885891822072,SH_ST,SH_ST
7.0,7.000041712938486,4233.956437701463,5160.800953672268,216.3591612903226,218.28536987304688,1.9262085827242856,SH_ST,SH_ST
8.0,8.000047669737135,4232.982104847134,5160.575841502504,216.36261290322585,218.67315673828125,2.310543835055398,SH_ST,SH_ST
9.0,9.000053626534694,4232.007771992806,5160.35072933274,216.36606451612903,219.0609436035156,2.694879087386596,SH_ST,SH_ST
10.0,10.000059583333345,4231.033439138477,5160.125617162976,216.36951612903223,219.44873046875,3.0792143397177654,SH_ST,SH_ST
11.0,11.0000655401309,4230.059106284149,5159.900504993212,216.3729677419355,219.8365020751953,3.4635343332598154,SH_ST,SH_ST
12.0,12.00007149692846,4229.08477342982,5159.675392823448,216.3764193548388,220.2242889404297,3.847869585590928,SH_ST,SH_ST
13.0,13.000077453727108,4228.110440575491,5159.450280653684,216.379870967742,220.67637634277344,4.296505375031472,SH_ST,SH_ST
14.0,14.000083410525551,4227.136107721162,5159.22516848392,216.3833225806452,221.1834716796875,4.800149099042301,SH_ST,SH_ST
15.0,15.000089367323111,4226.161774866834,5159.000056314157,216.3867741935484,221.6905517578125,5.303777564264095,SH_ST,SH_ST
16.0,16.00009532412176,4225.187442012505,5158.774944144392,216.3902258064516,222.19764709472656,5.807421288274952,SH_ST,SH_ST
17.0,17.000101280919317,4224.213109158177,5158.549831974628,216.39367741935484,222.7047271728516,6.311049753496718,SH_ST,SH_ST
18.0,18.000107237717966,4223.238776303848,5158.324719804864,216.39712903225808,223.2118225097656,6.8146934775075465,SH_ST,SH_ST
19.0,19.00011319451616,4222.264443449769,5158.099607634019,216.40058064516128,223.7189178466797,7.318337201518403,SH_ST,SH_ST
20.0,20.000119151313392,4221.290110595697,5157.874495463147,216.4040322580645,224.2259979248047,7.821965666740198,SH_ST,SH_ST
21.0,21.00012510811152,4220.3157777416245,5157.649383292274,216.40748387096767,224.73309326171875,8.325609390751026,SH_ST,SH_ST
22.0,22.000131064909645,4219.341444887552,5157.424271121402,216.410935483871,225.2401885986328,8.829253114761826,SH_ST,SH_ST
23.0,23.00013702170777,4218.367112033479,5157.19915895053,216.4143870967742,225.7472686767578,9.33288157998362,SH_ST,SH_ST
24.0,24.0001429785061,4217.392779179407,5156.974046779656,216.41783870967743,226.25436401367188,9.83652530399445,SH_ST,SH_ST
25.0,25.000148935304228,4216.418446325334,5156.748934608784,216.42129032258063,226.5955352783203,10.17424495573968,SH_ST,SH_ST
26.0,26.000154892102355,4215.4441134712615,5156.523822437912,216.4247419354839,226.8602600097656,10.435518074281733,SH_ST,SH_ST
27.0,27.00016084890065,4214.4697806170425,5156.2987102676725,216.4281935483871,227.1249847412109,10.696791192823838,SH_ST,SH_ST
28.0,28.00016680569809,4213.495447762727,5156.073598097854,216.4316451612904,227.38970947265625,10.958064311365888,SH_ST,SH_ST
29.0,29.00017276249641,4212.521114908411,5155.848485928036,216.4350967741936,227.6544342041016,11.219337429907966,SH_ST,SH_ST
30.0,30.00017871929473,4211.546782054094,5155.623373758218,216.4385483870968,228.01168823242188,11.573139845325072,SH_ST,SH_ST
31.0,31.000184676093056,4210.572449199778,5155.3982615884,216.442,228.39572143554688,11.953721435546868,SH_ST,SH_ST
32.0,32.000190632890494,4209.598116345463,5155.1731494185815,216.44545161290324,228.77975463867188,12.334303025768634,SH_ST,SH_ST
33.0,33.00019658968881,4208.623783491146,5154.948037248763,216.44890322580645,229.1637725830078,12.714869357201366,SH_ST,SH_ST
34.0,34.00020254648713,4207.64945063683,5154.722925078945,216.45235483870968,229.5478057861328,13.095450947423132,SH_ST,SH_ST
35.0,35.00020850328545,4206.675117782511,5154.497812909139,216.4558064516129,229.9318389892578,13.476032537644926,SH_ST,SH_ST
36.0,36.00021446008301,4205.700784928183,5154.272700739375,216.4592580645161,230.3158721923828,13.856614127866692,SH_ST,SH_ST
37.0,37.00022041688165,4204.726452073854,5154.0475885696105,216.46270967741933,230.6999053955078,14.237195718088486,SH_ST,SH_ST
38.0,38.00022637367921,4203.752119219525,5153.822476399847,216.4661612903226,231.0839385986328,14.617777308310224,SH_ST,SH_ST
39.0,39.00023233047766,4202.777786365196,5153.597364230083,216.46961290322585,231.4679718017578,14.99835889853196,SH_ST,SH_ST
40.0,40.00023828727542,4201.803453510868,5153.372252060319,216.47306451612903,231.8520050048828,15.378940488753784,SH_ST,SH_ST
41.0,41.00024424407387,4200.829120656539,5153.147139890555,216.47651612903223,232.2360382080078,15.75952207897558,SH_ST,SH_ST
42.0,42.00025020087143,4199.854787802211,5152.922027720791,216.4799677419355,232.6200714111328,16.140103669197316,SH_ST,SH_ST
43.0,43.00025615767007,4198.880454947882,5152.696915551027,216.4834193548388,233.0041046142578,16.520685259419054,SH_ST,SH_ST
44.0,44.00026211446763,4197.906122093554,5152.471803381263,216.486870967742,233.3881378173828,16.901266849640848,SH_ST,SH_ST
45.0,45.00026807126628,4196.931789239225,5152.246691211499,216.4903225806452,233.76953125,17.2792086693548,SH_ST,SH_ST
46.0,46.00027402806384,4195.957456384896,5152.021579041735,216.4937741935484,234.10508728027344,17.611313086725033,SH_ST,SH_ST
47.0,47.00027998486208,4194.983123530567,5151.796466871972,216.4972258064516,234.44064331054688,17.943417504095265,SH_ST,SH_ST
48.0,48.000285941660046,4194.008790676239,5151.571354702207,216.50067741935484,234.7761993408203,18.27552192146547,SH_ST,SH_ST
49.0,49.00029189845849,4193.03445782191,5151.346242532443,216.50412903225808,235.1117553710937,18.607626338835672,SH_ST,SH_ST
50.0,50.00029785525626,4192.060124967582,5151.121130362679,216.5075806451613,235.44732666015625,18.93974601499493,SH_ST,SH_ST
51.0,51.0003038120547,4191.085792113253,5150.896018192915,216.5110322580645,235.7828826904297,19.2718504323652,SH_ST,SH_ST
52.0,52.000309768852055,4190.111459258925,5150.670906023152,216.51448387096767,236.11843872070312,19.6039548497354,SH_ST,SH_ST
53.0,53.00031572565091,4189.137126404596,5150.445793853387,216.51793548387096,236.45399475097656,19.936059267105605,SH_ST,SH_ST
54.0,54.00032168244847,4188.162793550267,5150.220681683623,216.5213870967742,236.78956604003903,20.26817894326487,SH_ST,SH_ST
55.0,55.00032763924691,4187.188460695938,5149.99556951386,216.52483870967745,237.1251220703125,20.600283360635046,SH_ST,SH_ST
56.0,56.00033359604468,4186.21412784161,5149.770457344095,216.52829032258063,237.460678100586,20.932387778005307,SH_ST,SH_ST
57.0,57.00033955284292,4185.239794987281,5149.545345174332,216.53174193548384,237.7962341308593,21.26449219537554,SH_ST,SH_ST
58.0,58.00034550964068,4184.265462132953,5149.320233004568,216.5351935483871,238.1317901611328,21.59659661274572,SH_ST,SH_ST
59.0,59.00035146643933,4183.291129278624,5149.095120834803,216.5386451612904,238.4673614501953,21.92871628890495,SH_ST,SH_ST
60.0,60.00035742323678,4182.316796424322,5148.870008664926,216.5420967741936,238.80291748046875,22.260820706275155,SH_ST,SH_ST
61.0,61.00036338003458,4181.342463570262,5148.644896494,216.5455483870968,239.1384735107422,22.592925123645387,SH_ST,SH_ST
62.0,62.000369336833465,4180.368130716201,5148.419784323073,216.549,239.4740295410156,22.92502954101562,SH_ST,SH_ST
63.0,63.00037529363147,4179.393797862142,5148.194672152146,216.55245161290324,239.8244171142578,23.27196550135457,SH_ST,SH_ST
64.0,64.00038125042947,4178.419465008082,5147.969559981219,216.55590322580645,240.2196350097656,23.66373178395918,SH_ST,SH_ST
65.0,65.00038720722726,4177.445132154022,5147.744447810293,216.55935483870968,240.6148376464844,24.05548280777469,SH_ST,SH_ST
66.0,66.00039316402527,4176.470799299962,5147.519335639367,216.5628064516129,241.0100555419922,24.4472490903793,SH_ST,SH_ST
67.0,67.00039912082327,4175.496466445902,5147.29422346844,216.5662580645161,241.4052734375,24.83901537298388,SH_ST,SH_ST
68.0,68.00040507762128,4174.522133591842,5147.069111297513,216.56970967741933,241.80047607421875,25.230766396799424,SH_ST,SH_ST
69.0,69.00041103441994,4173.547800737588,5146.843999127425,216.5731612903226,242.19569396972656,25.62253267940397,SH_ST,SH_ST
70.0,70.00041699121749,4172.57346788326,5146.618886957662,216.57661290322585,242.5909118652344,26.014298962008525,SH_ST,SH_ST
71.0,71.00042294801594,4171.5991350289305,5146.393774787898,216.58006451612903,242.98611450195312,26.406049985824097,SH_ST,SH_ST
72.0,72.0004289048137,4170.624802174602,5146.168662618134,216.58351612903223,243.3813323974609,26.797816268428704,SH_ST,SH_ST
73.0,73.00043486161215,4169.650469320273,5145.94355044837,216.5869677419355,243.77655029296875,27.18958255103325,SH_ST,SH_ST
74.0,74.00044081840991,4168.676136465945,5145.718438278605,216.5904193548388,244.1717529296875,27.581333574848745,SH_ST,SH_ST
75.0,75.00044677520836,4167.701803611616,5145.493326108842,216.593870967742,244.5669708251953,27.97309985745335,SH_ST,SH_ST
76.0,76.00045273200591,4166.727470757288,5145.268213939078,216.5973225806452,244.9621734619141,28.364850881268865,SH_ST,SH_ST
77.0,77.00045868880456,4165.753137902959,5145.043101769314,216.6007741935484,245.35739135742188,28.75661716387347,SH_ST,SH_ST
78.0,78.00046464560211,4164.778805048631,5144.81798959955,216.6042258064516,245.7526092529297,29.14838344647808,SH_ST,SH_ST
79.0,79.00047060240055,4163.8044721943015,5144.592877429786,216.60767741935484,246.14781188964844,29.540134470293594,SH_ST,SH_ST
80.0,80.00047655919832,4162.830139339973,5144.367765260022,216.61112903225808,246.71661376953125,30.105484737273173,SH_ST,SH_ST
81.0,81.00048251599677,4161.855806485644,5144.142653090258,216.6145806451613,247.46974182128903,30.85516117612775,SH_ST,SH_ST
82.0,82.00048847279453,4160.881473631316,5143.917540920494,216.6180322580645,248.222885131836,31.60485287377145,SH_ST,SH_ST
83.0,83.00049442959298,4159.907140776987,5143.69242875073,216.6214838709677,248.9760131835937,32.35452931262603,SH_ST,SH_ST
84.0,84.00050038639053,4158.932807922659,5143.467316580966,216.62493548387096,249.7291412353516,33.104205751480606,SH_ST,SH_ST
85.0,85.00050634318917,4157.95847506833,5143.242204411202,216.6283870967742,250.48228454589844,33.85389744912425,SH_ST,SH_ST
86.0,86.00051229998672,4156.984142214002,5143.017092241438,216.63183870967745,251.23541259765625,34.6035738879788,SH_ST,SH_ST
87.0,87.00051825678517,4156.0098093596725,5142.7919800716745,216.63529032258063,251.98855590820312,35.353265585622495,SH_ST,SH_ST
88.0,88.00052421358293,4155.035476505344,5142.56686790191,216.6387419354839,252.74169921875,36.10295728326611,SH_ST,SH_ST
89.0,89.00053017038138,4154.061143651015,5142.341755732146,216.6421935483871,253.494857788086,36.85266423969884,SH_ST,SH_ST
90.0,90.00053612717893,4153.086810796687,5142.116643562383,216.6456451612904,254.2480010986328,37.60235593734245,SH_ST,SH_ST
91.0,91.00054208397758,4152.112477942358,5141.891531392618,216.6490967741936,255.0011444091797,38.35204763498609,SH_ST,SH_ST
92.0,92.00054804077492,4151.13814508803,5141.666419222855,216.6525483870968,255.7543029785156,39.101754591418825,SH_ST,SH_ST
93.0,93.0005539975738,4150.163812233701,5141.44130705309,216.656,256.5074462890625,39.851446289062494,SH_ST,SH_ST
94.0,94.00055995437134,4149.189479379373,5141.216194883326,216.65945161290324,257.2605895996094,40.601137986706135,SH_ST,SH_ST
95.0,95.0005659111698,4148.215146525044,5140.991082713563,216.66290322580645,258.01373291015625,41.35082968434981,SH_ST,SH_ST
96.0,96.00057186796757,4147.240813670715,5140.765970543798,216.66635483870968,258.76690673828125,42.10055189957157,SH_ST,SH_ST
97.0,97.000577824766,4146.266480816386,5140.5408583740345,216.6698064516129,259.08953857421875,42.41973212260584,SH_ST,SH_ST
98.0,98.00058378156356,4145.292147962058,5140.315746204271,216.6732580645161,259.2461242675781,42.572866203062006,SH_ST,SH_ST
99.0,99.0005897383622,4144.317815107729,5140.090634034506,216.67670967741927,259.4027404785156,42.7260308010963,SH_ST,SH_ST
100.0,100.00059569515976,4143.343482253401,5139.865521864743,216.6801612903226,259.5593566894531,42.87919539913054,SH_ST,SH_ST
101.0,101.0006016519584,4142.369149399072,5139.640409694978,216.68361290322585,259.7159423828125,43.03232947958665,SH_ST,SH_ST
102.0,102.00060760875635,4141.394816544802,5139.415297524961,216.68706451612903,259.87255859375,43.18549407762097,SH_ST,SH_ST
103.0,103.00061356555436,4140.420483690742,5139.190185354034,216.69051612903223,260.0291442871094,43.33862815807714,SH_ST,SH_ST
104.0,104.00061952235237,4139.446150836682,5138.965073183107,216.6939677419355,260.1857604980469,43.49179275611138,SH_ST,SH_ST
105.0,105.00062547915036,4138.471817982622,5138.73996101218,216.6974193548388,260.34234619140625,43.64492683656749,SH_ST,SH_ST
106.0,106.00063143594816,4137.497485128562,5138.514848841254,216.700870967742,260.4989624023437,43.79809143460179,SH_ST,SH_ST
107.0,107.00063739274528,4136.523152274503,5138.289736670327,216.7043225806452,260.6555480957031,43.95122551505793,SH_ST,SH_ST
108.0,108.00064334954416,4135.548819420443,5138.0646244994,216.7077741935484,260.8121643066406,44.10439011309222,SH_ST,SH_ST
109.0,109.00064930634304,4134.574486566382,5137.839512328474,216.7112258064516,260.96875,44.25752419354839,SH_ST,SH_ST
110.0,110.00065526314084,4133.600153712322,5137.614400157548,216.71467741935484,261.1253662109375,44.41068879158266,SH_ST,SH_ST
111.0,111.0006612199388,4132.625820858036,5137.389287987601,216.71812903225808,261.2819519042969,44.5638228720388,SH_ST,SH_ST
112.0,112.00066717673567,4131.651488003708,5137.164175817837,216.7215806451613,261.4385681152344,44.716987470073065,SH_ST,SH_ST
113.0,113.000673133535,4130.677155149378,5136.939063648073,216.7250322580645,261.5951538085937,44.87012155052926,SH_ST,SH_ST
114.0,114.00067909033277,4129.70282229505,5136.713951478308,216.7284838709677,262.2091064453125,45.48062257434478,SH_ST,SH_ST
115.0,115.0006850471312,4128.728489440721,5136.488839308545,216.73193548387096,262.84295654296875,46.111021059097794,SH_ST,SH_ST
116.0,116.00069100392876,4127.754156586393,5136.263727138781,216.7353870967742,263.4767761230469,46.741389026272685,SH_ST,SH_ST
117.0,117.0006969607274,4126.779823732064,5136.038614969017,216.73883870967745,264.110595703125,47.37175699344755,SH_ST,SH_ST
118.0,118.00070291752496,4125.805490877736,5135.813502799253,216.74229032258063,264.7444152832031,48.002124960622496,SH_ST,SH_ST
119.0,119.0007088743234,4124.831158023407,5135.588390629489,216.7457419354839,265.37823486328125,48.63249292779736,SH_ST,SH_ST
120.0,120.00071483112116,4123.856825169079,5135.363278459725,216.7491935483871,266.0120849609375,49.2628914125504,SH_ST,SH_ST
121.0,121.00072078791962,4122.8824923147495,5135.138166289961,216.7526451612904,266.6459045410156,49.89325937972527,SH_ST,SH_ST
122.0,122.00072674471716,4121.908159460421,5134.913054120198,216.7560967741936,267.2797241210937,50.52362734690016,SH_ST,SH_ST
123.0,123.00073270151582,4120.933826606092,5134.687941950433,216.7595483870968,267.9135437011719,51.15399531407508,SH_ST,SH_ST
124.0,124.00073865831337,4119.959493751764,5134.462829780669,216.763,268.54736328125,51.78436328125,SH_ST,SH_ST
125.0,125.000744615112,4118.985160897435,5134.237717610905,216.76645161290324,269.18121337890625,52.41476176600301,SH_ST,SH_ST
126.0,126.00075057190956,4118.010828043107,5134.012605441141,216.76990322580647,269.8150329589844,53.0451297331779,SH_ST,SH_ST
127.0,127.000756528708,4117.036495188778,5133.787493271378,216.77335483870968,270.4488525390625,53.67549770035282,SH_ST,SH_ST
128.0,128.00076248550576,4116.06216233445,5133.562381101613,216.7768064516129,271.0826721191406,54.30586566752771,SH_ST,SH_ST
129.0,129.0007684423042,4115.0878294801205,5133.337268931849,216.7802580645161,271.7165222167969,54.93626415228076,SH_ST,SH_ST
130.0,130.00077439910177,4114.113496625792,5133.112156762086,216.78370967741927,272.3968200683594,55.61311039094005,SH_ST,SH_ST
131.0,131.00078035590042,4113.139163771463,5132.887044592321,216.7871612903226,273.269287109375,56.48212581905241,SH_ST,SH_ST
132.0,132.00078631269798,4112.164830917135,5132.661932422558,216.79061290322585,274.1417236328125,57.35111072958665,SH_ST,SH_ST
133.0,133.00079226949663,4111.190498062806,5132.436820252793,216.79406451612903,275.01416015625,58.220095640120974,SH_ST,SH_ST
134.0,134.0007982262942,4110.216165208478,5132.211708083029,216.79751612903223,275.8865966796875,59.08908055065527,SH_ST,SH_ST
135.0,135.00080418309264,4109.241832354149,5131.986595913266,216.8009677419355,276.759033203125,59.95806546118951,SH_ST,SH_ST
136.0,136.00081013989035,4108.2674995000125,5131.761483742671,216.8044193548388,277.6314697265625,60.82705037172374,SH_ST,SH_ST
137.0,137.00081609668882,4107.293166645952,5131.536371571746,216.807870967742,278.50390625,61.69603528225804,SH_ST,SH_ST
138.0,138.00082205348642,4106.318833791892,5131.311259400821,216.8113225806452,279.3763427734375,62.5650201927923,SH_ST,SH_ST
139.0,139.0008280102849,4105.344500937831,5131.086147229896,216.8147741935484,280.248779296875,63.4340051033266,SH_ST,SH_ST
140.0,140.00083396708268,4104.370168083771,5130.86103505897,216.8182258064516,281.12353515625,64.30530934979839,SH_ST,SH_ST
141.0,141.00083992388116,4103.39583522971,5130.635922888045,216.82167741935484,282.0406799316406,65.21900251228578,Interbedded_ST,Interbedded_ST
142.0,142.00084588067875,4102.421502375651,5130.41081071712,216.82512903225808,282.9578552246094,66.1327261923513,Interbedded_ST,Interbedded_ST
143.0,143.00085183747723,4101.44716952159,5130.1856985461945,216.8285806451613,283.875,67.04641935483869,Interbedded_ST,Interbedded_ST
144.0,144.0008577942754,4100.472836667436,5129.960586375672,216.8320322580645,284.79217529296875,67.96014303490426,Interbedded_ST,Interbedded_ST
145.0,145.00086375107273,4099.498503813103,5129.735474205933,216.8354838709677,285.7093200683594,68.87383619739165,Interbedded_ST,Interbedded_ST
146.0,146.00086970787115,4098.524170958768,5129.510362036193,216.83893548387096,286.6264953613281,69.78755987745717,Interbedded_ST,Interbedded_ST
147.0,147.0008756646694,4097.549838104434,5129.285249866454,216.8423870967742,287.363525390625,70.52113829385081,Interbedded_ST,Interbedded_ST
148.0,148.00088162146784,4096.575505250099,5129.060137696714,216.84583870967745,287.8631286621094,71.01728995243192,Interbedded_ST,Interbedded_ST
149.0,149.00088757826563,4095.601172395765,5128.835025526975,216.84929032258063,288.3627014160156,71.513411093435,Interbedded_ST,Interbedded_ST
150.0,150.00089353506362,4094.626839541431,5128.609913357235,216.8527419354839,288.8623046875,72.00956275201611,Interbedded_ST,Interbedded_ST
151.0,151.00089949186142,4093.652506687097,5128.384801187496,216.8561935483871,289.36187744140625,72.50568389301915,Interbedded_ST,Interbedded_ST
152.0,152.0009054486603,4092.678173832762,5128.159689017756,216.8596451612904,289.8614807128906,73.00183555160027,Interbedded_ST,Interbedded_ST
153.0,153.00091140545766,4091.7038409784336,5127.934576847993,216.8630967741936,290.3610534667969,73.49795669260328,Interbedded_ST,Interbedded_ST
154.0,154.00091736225588,4090.729508124105,5127.709464678229,216.8665483870968,290.86065673828125,73.99410835118445,Interbedded_ST,Interbedded_ST
155.0,155.00092331905432,4089.755175269776,5127.484352508465,216.87,291.3602294921875,74.4902294921875,Interbedded_ST,Interbedded_ST
156.0,156.00092927585163,4088.780842415448,5127.259240338701,216.87345161290324,291.8598327636719,74.98638115076864,Interbedded_ST,Interbedded_ST
157.0,157.00093523265008,4087.806509561119,5127.034128168937,216.87690322580647,292.3594055175781,75.48250229177165,Interbedded_ST,Interbedded_ST
158.0,158.0009411894472,4086.832176706792,5126.809015999173,216.88035483870968,292.8590087890625,75.97865395035282,Interbedded_ST,Interbedded_ST
159.0,159.0009471462463,4085.857843852462,5126.583903829409,216.8838064516129,293.35858154296875,76.47477509135584,Interbedded_ST,Interbedded_ST
160.0,160.00095310304474,4084.883510998133,5126.358791659645,216.8872580645161,293.8581848144531,76.97092674993701,Interbedded_ST,Interbedded_ST
161.0,161.0009590598423,4083.9091781438046,5126.133679489882,216.89070967741927,294.3577575683594,77.46704789094005,Interbedded_ST,Interbedded_ST
162.0,162.00096501664052,4082.934845289476,5125.908567320117,216.8941612903226,294.8573608398437,77.96319954952116,Interbedded_ST,Interbedded_ST
163.0,163.0009709734385,4081.9605124351474,5125.683455150353,216.89761290322585,295.35693359375,78.45932069052415,Interbedded_ST,Interbedded_ST
164.0,164.00097693023716,4080.9861795808174,5125.458342980589,216.90106451612905,296.0158996582031,79.11483514207407,Interbedded_ST,Interbedded_ST
165.0,165.00098288703472,4080.01184672649,5125.233230810825,216.90451612903223,296.75408935546875,79.84957322643652,Interbedded_ST,Interbedded_ST
166.0,166.00098884383272,4079.0375138721615,5125.008118641062,216.9079677419355,297.4923095703125,80.584341828377,Interbedded_ST,Interbedded_ST
167.0,167.0009948006309,4078.063181017833,5124.783006471297,216.9114193548388,298.2304992675781,81.31907991273937,Interbedded_ST,Interbedded_ST
168.0,168.00100075742938,4077.088848163504,5124.557894301533,216.914870967742,298.9686889648437,82.05381799710179,Interbedded_ST,Interbedded_ST
169.0,169.0010067142265,4076.114515309176,5124.33278213177,216.9183225806452,299.7334899902344,82.81516740958918,Interbedded_ST,Interbedded_ST
170.0,170.00101267102514,4075.140182454847,5124.107669962005,216.9217741935484,300.56866455078125,83.64689035723285,Interbedded_ST,Interbedded_ST
171.0,171.00101862782313,4074.1658496005184,5123.882557792242,216.9252258064516,301.40380859375,84.4785827872984,Interbedded_ST,Interbedded_ST
172.0,172.00102458462112,4073.19151674619,5123.657445622478,216.92867741935484,302.2389831542969,85.31030573494203,Interbedded_ST,Interbedded_ST
173.0,173.00103054141934,4072.217183891861,5123.4323334527135,216.93212903225808,303.0741271972656,86.14199816500755,Interbedded_ST,Interbedded_ST
174.0,174.0010364982169,4071.242851037533,5123.20722128295,216.9355806451613,303.9092712402344,86.97369059507307,Interbedded_ST,Interbedded_ST
175.0,175.00104245501555,4070.268518183204,5122.982109113185,216.9390322580645,304.74444580078125,87.80541354271676,Interbedded_ST,Interbedded_ST
176.0,176.00104841181354,4069.2941853288753,5122.756996943422,216.9424838709677,305.57958984375,88.63710597278228,Interbedded_ST,Interbedded_ST
177.0,177.001054368612,4068.319852474546,5122.531884773658,216.94593548387093,306.4147644042969,89.46882892042592,Interbedded_ST,Interbedded_ST
178.0,178.00106032540975,4067.345519620218,5122.3067726038935,216.9493870967742,307.2499084472656,90.30052135049144,Interbedded_ST,Interbedded_ST
179.0,179.00106628220774,4066.3711867658894,5122.08166043413,216.95283870967745,308.0850524902344,91.13221378055692,Interbedded_ST,Interbedded_ST
180.0,180.00107223900574,4065.396853911561,5121.856548264366,216.95629032258063,308.92022705078125,91.96393672820062,Interbedded_ST,Interbedded_ST
181.0,181.001078195804,4064.422521057232,5121.631436094602,216.9597419354839,309.75537109375,92.79562915826612,Interbedded_ST,Interbedded_ST
182.0,182.00108415260152,4063.448188202904,5121.406323924838,216.9631935483871,310.59051513671875,93.62732158833164,Interbedded_ST,Interbedded_ST
183.0,183.0010901094,4062.473855348575,5121.181211755074,216.9666451612904,311.4256896972656,94.45904453597528,Interbedded_ST,Interbedded_ST
184.0,184.0010960661982,4061.4995224942463,5120.95609958531,216.9700967741936,312.2608337402344,95.29073696604078,Interbedded_ST,Interbedded_ST
185.0,185.0011020229961,4060.5251896399177,5120.730987415546,216.9735483870968,313.09600830078125,96.12245991368444,Interbedded_ST,Interbedded_ST
186.0,186.00110797979403,4059.550856785713,5120.505875245246,216.977,313.93115234375,96.95415234375,Interbedded_ST,Interbedded_ST
187.0,187.00111393659247,4058.576523931653,5120.280763074319,216.98045161290324,314.76629638671875,97.78584477381553,Interbedded_ST,Interbedded_ST
188.0,188.00111989339047,4057.602191077593,5120.055650903392,216.98390322580647,315.6014709472656,98.61756772145915,Interbedded_ST,Interbedded_ST
189.0,189.00112585018823,4056.627858223533,5119.830538732466,216.98735483870968,316.4366149902344,99.4492601515247,Interbedded_ST,Interbedded_ST
190.0,190.0011318069867,4055.653525369473,5119.605426561539,216.9908064516129,317.24053955078125,100.24973309916834,Interbedded_ST,Interbedded_ST
191.0,191.0011377637847,4054.679192515413,5119.3803143906125,216.9942580645161,318.0271911621094,101.03293309759326,Interbedded_ST,Interbedded_ST
192.0,192.0011437205827,4053.704859661353,5119.155202219686,216.99770967741927,318.8138732910156,101.8161636135963,Interbedded_ST,Interbedded_ST
193.0,193.0011496773809,4052.730526807293,5118.93009004876,217.00116129032256,319.6005554199219,102.59939412959932,Interbedded_ST,Interbedded_ST
194.0,194.0011556341788,4051.75619395321,5118.704977877932,217.00461290322585,320.3872375488281,103.38262464560228,Interbedded_ST,Interbedded_ST
195.0,195.0011615909768,4050.7818610988816,5118.479865708168,217.00806451612905,321.17388916015625,104.1658246440272,Interbedded_ST,Interbedded_ST
196.0,196.001167547775,4049.807528244553,5118.254753538404,217.01151612903223,321.9605712890625,104.94905516003028,Interbedded_ST,Interbedded_ST
197.0,197.00117350457344,4048.833195390224,5118.02964136864,217.0149677419355,322.73883056640625,105.72386282447076,Interbedded_ST,Interbedded_ST
198.0,198.00117946137053,4047.858862535896,5117.8045291988765,217.0184193548388,323.4658508300781,106.44743147523936,Interbedded_ST,Interbedded_ST
199.0,199.0011854181692,4046.884529681567,5117.579417029112,217.021870967742,324.19287109375,107.17100012600804,Interbedded_ST,Interbedded_ST
200.0,200.0011913749663,4045.91019682724,5117.354304859348,217.0253225806452,324.9198913574219,107.89456877677668,Interbedded_ST,Interbedded_ST
201.0,201.0011973317652,4044.93586397291,5117.129192689585,217.0287741935484,325.6469116210937,108.61813742754536,Interbedded_ST,Interbedded_ST
202.0,202.0012032885634,4043.961531118581,5116.90408051982,217.0322258064516,326.3739318847656,109.34170607831402,Interbedded_ST,Interbedded_ST
203.0,203.0012092453614,4042.9871982642526,5116.6789683500565,217.03567741935484,327.1009826660156,110.06530524666078,Interbedded_ST,Interbedded_ST
204.0,204.0012152021594,4042.012865409924,5116.453856180293,217.03912903225807,327.8280029296875,110.78887389742944,Interbedded_ST,Interbedded_ST
205.0,205.0012211589576,4041.0385325555953,5116.228744010528,217.0425806451613,328.5550231933594,111.51244254819808,Interbedded_ST,Interbedded_ST
206.0,206.00122711575605,4040.064199701266,5116.003631840765,217.0460322580645,329.28204345703125,112.23601119896674,Interbedded_ST,Interbedded_ST
207.0,207.00123307255384,4039.089866846938,5115.778519671,217.0494838709677,330.0090637207031,112.9595798497354,Interbedded_ST,Interbedded_ST
208.0,208.0012390293518,4038.1155339926095,5115.5534075012365,217.05293548387093,330.736083984375,113.68314850050405,Interbedded_ST,Interbedded_ST
209.0,209.0012449861498,4037.141201138281,5115.328295331473,217.0563870967742,331.4631042480469,114.40671715127267,Interbedded_ST,Interbedded_ST
210.0,210.001250942948,4036.166868283952,5115.103183161708,217.05983870967745,332.1894226074219,115.12958389774442,Interbedded_ST,Interbedded_ST
211.0,211.0012568997456,4035.192535429624,5114.878070991945,217.06329032258063,332.86798095703125,115.80469063445062,Interbedded_ST,Interbedded_ST
212.0,212.00126285654403,4034.218202575295,5114.652958822181,217.0667419354839,333.5465087890625,116.4797668535786,Interbedded_ST,Interbedded_ST
213.0,213.00126881334225,4033.2438697209664,5114.4278466524165,217.0701935483871,334.2250671386719,117.15487359028478,Interbedded_ST,Interbedded_ST
214.0,214.00127477014024,4032.2695368666377,5114.202734482653,217.0736451612904,334.85858154296875,117.7849363816784,Interbedded_ST,Interbedded_ST
215.0,215.00128072693823,4031.295204012309,5113.977622312889,217.0770967741936,335.4178161621094,118.34071938791578,Interbedded_ST,Interbedded_ST
216.0,216.001286683736,4030.320871157981,5113.752510143125,217.0805483870968,335.97705078125,118.8965023941532,Interbedded_ST,Interbedded_ST
217.0,217.00129264053444,4029.346538303652,5113.527397973361,217.084,336.5362854003906,119.45228540039062,Interbedded_ST,Interbedded_ST
218.0,218.00129859733264,4028.3722054493232,5113.3022858035965,217.08745161290324,337.09552001953125,120.008068406628,Interbedded_ST,Interbedded_ST
219.0,219.00130455413063,4027.3978725949946,5113.077173633833,217.09090322580647,337.65478515625,120.56388193044351,Interbedded_ST,Interbedded_ST
220.0,220.00131051092893,4026.423539740923,5112.852061462956,217.09435483870968,338.2140197753906,121.11966493668096,Interbedded_ST,Interbedded_ST
221.0,221.00131646772653,4025.449206886863,5112.626949292031,217.0978064516129,338.77325439453125,121.67544794291834,Interbedded_ST,Interbedded_ST
222.0,222.00132242452588,4024.4748740328014,5112.401837121106,217.1012580645161,339.3324890136719,122.23123094915576,Interbedded_ST,Interbedded_ST
223.0,223.00132838132305,4023.500541178742,5112.176724950181,217.1047096774193,339.8917541503906,122.7870444729713,Interbedded_ST,Interbedded_ST
224.0,224.00133433812107,4022.5262083246816,5111.951612779256,217.10816129032256,340.45098876953125,123.3428274792087,Interbedded_ST,Interbedded_ST
225.0,225.0013402949196,4021.551875470621,5111.726500608331,217.11161290322585,341.0102233886719,123.89861048544604,Interbedded_ST,Interbedded_ST
226.0,226.0013462517172,4020.577542616561,5111.501388437406,217.11506451612905,341.5694580078125,124.45439349168343,Interbedded_ST,Interbedded_ST
227.0,227.0013522085152,4019.6032097625007,5111.276276266481,217.11851612903223,342.12872314453125,125.01020701549902,Interbedded_ST,Interbedded_ST
228.0,228.00135816531352,4018.628876908284,5111.051164096231,217.1219677419355,342.6879577636719,125.56599002173638,Interbedded_ST,Interbedded_ST
229.0,229.00136412211103,4017.654544053956,5110.826051926466,217.12541935483875,343.2471923828125,126.12177302797376,Interbedded_ST,Interbedded_ST
230.0,230.00137007890905,4016.680211199628,5110.6009397567,217.128870967742,343.826904296875,126.69803332913304,Interbedded_ST,Interbedded_ST
231.0,231.00137603570764,4015.7058783452994,5110.375827586934,217.1323225806452,344.47430419921875,127.34198161857356,Interbedded_ST,Interbedded_ST
232.0,232.0013819925056,4014.7315454909713,5110.150715417169,217.1357741935484,345.137939453125,128.0021652595766,Interbedded_ST,Interbedded_ST
233.0,233.00138794930444,4013.757212636642,5109.925603247403,217.13922580645163,345.80157470703125,128.66234890057962,Interbedded_ST,Interbedded_ST
234.0,234.001393906102,4012.7828797823145,5109.700491077638,217.14267741935484,346.4651794433594,129.32250202400454,Interbedded_ST,Interbedded_ST
235.0,235.00139986290085,4011.8085469279854,5109.475378907872,217.14612903225807,347.1288146972656,129.98268566500755,Interbedded_ST,Interbedded_ST
236.0,236.0014058196977,4010.834214073658,5109.250266738108,217.1495806451613,347.7924194335937,130.64283878843244,Interbedded_ST,Interbedded_ST
237.0,237.001411776496,4009.8598812193295,5109.025154568343,217.1530322580645,348.4560546875,131.3030224294355,Interbedded_ST,Interbedded_ST
238.0,238.0014177332937,4008.885548365001,5108.80004239858,217.1564838709677,349.11968994140625,131.96320607043853,Interbedded_ST,Interbedded_ST
239.0,239.00142369009257,4007.911215510672,5108.574930228815,217.15993548387087,349.7832946777344,132.62335919386342,Interbedded_ST,Interbedded_ST
240.0,240.00142964688968,4006.936882656344,5108.349818059051,217.1633870967742,350.4469299316406,133.28354283486644,Interbedded_ST,Interbedded_ST
241.0,241.0014356036881,4005.962549802015,5108.124705889288,217.16683870967745,351.11053466796875,133.9436959582913,Interbedded_ST,Interbedded_ST
242.0,242.0014415604864,4004.9882169476864,5107.899593719523,217.17029032258063,351.774169921875,134.60387959929437,Interbedded_ST,Interbedded_ST
243.0,243.0014475172844,4004.013884093358,5107.67448154976,217.1737419354839,352.43780517578125,135.26406324029736,Interbedded_ST,Interbedded_ST
244.0,244.00145347408235,4003.039551239029,5107.449369379996,217.1771935483871,353.1014099121094,135.92421636372228,Interbedded_ST,Interbedded_ST
245.0,245.0014594308801,4002.065218384701,5107.224257210231,217.1806451612904,353.7650451660156,136.58440000472527,Interbedded_ST,Interbedded_ST
246.0,246.0014653876785,4001.090885530372,5106.999145040468,217.1840967741936,354.4286499023437,137.24455312815016,Interbedded_ST,Interbedded_ST
247.0,247.00147134447653,4000.1165526760433,5106.774032870704,217.1875483870968,355.09228515625,137.9047367691532,Interbedded_ST,Interbedded_ST
248.0,248.0014773012752,3999.142219821714,5106.54892070094,217.191,355.857421875,138.666421875,Interbedded_ST,Interbedded_ST
249.0,249.0014832580728,3998.167886967386,5106.323808531176,217.19445161290324,356.6403503417969,139.44589872889364,Interbedded_ST,Interbedded_ST
250.0,250.00148921487096,3997.1935541130574,5106.098696361411,217.19790322580647,357.4232788085937,140.22537558278728,Interbedded_ST,Interbedded_ST
251.0,251.0014951716689,3996.219221258729,5105.873584191648,217.20135483870968,358.2062072753906,141.00485243668095,Interbedded_ST,Interbedded_ST
252.0,252.0015011284669,3995.2448884044,5105.648472021884,217.2048064516129,359.062255859375,141.8574494077621,Interbedded_ST,Interbedded_ST
253.0,253.0015070852647,3994.270555550072,5105.42335985212,217.2082580645161,359.942138671875,142.73388060735888,Interbedded_ST,Interbedded_ST
254.0,254.00151304206315,3993.296222695743,5105.198247682356,217.2117096774193,360.822021484375,143.61031180695568,Interbedded_ST,Interbedded_ST
255.0,255.0015189988612,3992.3218898414143,5104.973135512592,217.21516129032256,361.7018737792969,144.48671248897432,Interbedded_ST,Interbedded_ST
256.0,256.00152495565936,3991.3475569870857,5104.748023342828,217.21861290322585,362.5817565917969,145.36314368857103,Interbedded_ST,Interbedded_ST
257.0,257.0015309124574,3990.373224132757,5104.522911173064,217.22206451612905,363.4616088867188,146.2395443705897,Interbedded_ST,Interbedded_ST
258.0,258.0015368692551,3989.398891278429,5104.2977990033,217.22551612903223,364.3414916992188,147.11597557018652,Interbedded_ST,Interbedded_ST
259.0,259.00154282605354,3988.4245584241,5104.072686833536,217.2289677419355,365.2213439941406,147.99237625220513,Interbedded_ST,Interbedded_ST
260.0,260.0015487828516,3987.450225569771,5103.847574663772,217.23241935483875,366.1012268066406,148.86880745180187,Interbedded_ST,Interbedded_ST
261.0,261.00155473964963,3986.475892715464,5103.622462493916,217.235870967742,366.9811096191406,149.7452386513987,Interbedded_ST,Interbedded_ST
262.0,262.00156069644765,3985.501559861404,5103.397350322989,217.2393225806452,367.8609619140625,150.6216393334173,Interbedded_ST,Interbedded_ST
263.0,263.0015666532457,3984.527227007344,5103.172238152062,217.2427741935484,368.7408447265625,151.4980705330141,Interbedded_ST,Interbedded_ST
264.0,264.0015726100441,3983.552894153284,5102.947125981135,217.24622580645163,369.6155090332031,152.3692832267515,Interbedded_ST,Interbedded_ST
265.0,265.00157856684194,3982.578561299224,5102.722013810209,217.24967741935484,370.4357299804688,153.1860525611139,Interbedded_ST,Interbedded_ST
266.0,266.00158452364,3981.604228445164,5102.496901639282,217.25312903225807,371.25592041015625,154.00279137789818,Interbedded_ST,Interbedded_ST
267.0,267.00159048043844,3980.629895591104,5102.271789468356,217.2565806451613,372.0761413574219,154.81956071226057,Interbedded_ST,Interbedded_ST
268.0,268.00159643723623,3979.655562737044,5102.04667729743,217.2600322580645,372.8963623046875,155.636330046623,Interbedded_ST,Interbedded_ST
269.0,269.00160239403425,3978.681229882984,5101.821565126503,217.2634838709677,373.7165832519531,156.4530993809854,Interbedded_ST,Interbedded_ST
270.0,270.0016083508323,3977.706897028735,5101.596452956394,217.26693548387087,374.5368041992188,157.2698687153478,Interbedded_ST,Interbedded_ST
271.0,271.001614307631,3976.732564174406,5101.37134078663,217.2703870967742,375.3570251464844,158.0866380497102,Interbedded_ST,Interbedded_ST
272.0,272.0016202644294,3975.758231320077,5101.146228616866,217.27383870967745,376.2073669433594,158.93352823368193,Interbedded_ST,Interbedded_ST
273.0,273.00162622122696,3974.7838984657487,5100.921116447103,217.27729032258063,377.26995849609375,159.99266817351312,Interbedded_ST,Interbedded_ST
274.0,274.00163217802515,3973.80956561142,5100.696004277338,217.2807419354839,378.33251953125,161.0517775957661,Interbedded_ST,Interbedded_ST
275.0,275.0016381348227,3972.835232757092,5100.470892107574,217.2841935483871,379.3951110839844,162.11091753559728,Interbedded_ST,Interbedded_ST
276.0,276.0016440916212,3971.860899902763,5100.245779937811,217.2876451612904,380.4577026367188,163.1700574754284,Interbedded_ST,Interbedded_ST
277.0,277.0016500484198,3970.886567048434,5100.020667768046,217.2910967741936,381.520263671875,164.2291668976814,Interbedded_ST,Interbedded_ST
278.0,278.00165600521734,3969.9122341941056,5099.795555598283,217.2945483870968,382.5828552246094,165.28830683751258,Interbedded_ST,Interbedded_ST
279.0,279.00166196201536,3968.937901339777,5099.570443428519,217.298,383.64544677734375,166.34744677734375,Interbedded_ST,Interbedded_ST
280.0,280.001667918814,3967.963568485448,5099.345331258754,217.30145161290324,384.7080078125,167.40655619959676,Interbedded_ST,Interbedded_ST
281.0,281.0016738756111,3966.98923563112,5099.120219088991,217.30490322580647,385.693359375,168.38845614919353,Interbedded_ST,Interbedded_ST
282.0,282.00167983240976,3966.014902776791,5098.895106919226,217.30835483870968,386.5173034667969,169.2089486280872,Interbedded_ST,Interbedded_ST
283.0,283.0016857892069,3965.040569922464,5098.669994749463,217.3118064516129,387.3412780761719,170.02947162455897,Interbedded_ST,Interbedded_ST
284.0,284.00169174600575,3964.066237068134,5098.444882579699,217.3152580645161,388.1652526855469,170.84999462103076,Interbedded_ST,Interbedded_ST
285.0,285.0016977028044,3963.091904213805,5098.219770409934,217.3187096774193,388.9892272949219,171.67051761750255,Interbedded_ST,Interbedded_ST
286.0,286.001703659602,3962.1175713594766,5097.994658240171,217.32216129032253,389.8131713867188,172.4910100963962,Interbedded_ST,Interbedded_ST
287.0,287.0017096164,3961.143238505148,5097.769546070407,217.32561290322585,390.63714599609375,173.3115330928679,Interbedded_ST,Interbedded_ST
288.0,288.00171557319817,3960.1689056508194,5097.544433900643,217.32906451612905,391.4611206054688,174.1320560893397,Interbedded_ST,Interbedded_ST
289.0,289.0017215299962,3959.194572796491,5097.319321730879,217.33251612903223,392.28509521484375,174.95257908581152,Interbedded_ST,Interbedded_ST
290.0,290.0017274867944,3958.220239942162,5097.094209561114,217.3359677419355,393.1090393066406,175.77307156470513,Interbedded_ST,Interbedded_ST
291.0,291.0017334435924,3957.2459070878335,5096.869097391351,217.33941935483872,393.9330139160156,176.5935945611769,Interbedded_ST,Interbedded_ST
292.0,292.0017394003904,3956.271574233505,5096.643985221587,217.342870967742,394.7569885253906,177.41411755764867,Interbedded_ST,Interbedded_ST
293.0,293.00174535718907,3955.297241379176,5096.418873051823,217.3463225806452,395.6288757324219,178.28255315177668,Interbedded_ST,Interbedded_ST
294.0,294.0017513139862,3954.322908524848,5096.193760882059,217.3497741935484,396.5498046875,179.2000304939516,Interbedded_ST,Interbedded_ST
295.0,295.0017572707845,3953.3485756705263,5095.968648712264,217.35322580645163,397.470703125,180.11747731854837,Interbedded_ST,Interbedded_ST
296.0,296.0017632275824,3952.37424281621,5095.743536542448,217.35667741935484,398.3916320800781,181.0349546607233,Interbedded_ST,Interbedded_ST
297.0,297.0017691843805,3951.3999099618936,5095.518424372631,217.36012903225807,399.31256103515625,181.9524320028981,Interbedded_ST,Interbedded_ST
298.0,298.0017751411789,3950.425577107577,5095.293312202814,217.3635806451613,400.2669067382813,182.90332609312,Interbedded_ST,Interbedded_ST
299.0,299.00178109797633,3949.451244253261,5095.068200032998,217.3670322580645,401.24749755859375,183.88046530052924,Interbedded_ST,Interbedded_ST
300.0,300.0017870547749,3948.476911398944,5094.843087863181,217.3704838709677,402.2280578613281,184.8575739903604,Interbedded_ST,Interbedded_ST
301.0,301.00179301157283,3947.502578544628,5094.617975693364,217.37393548387087,403.2086486816406,185.83471319776967,Interbedded_ST,Interbedded_ST
302.0,302.0017989683705,3946.528245690312,5094.392863523547,217.3773870967742,404.189208984375,186.8118218876008,Interbedded_ST,Interbedded_ST
303.0,303.0018049251687,3945.553912836044,5094.167751353519,217.38083870967745,405.1697998046875,187.78896109501005,Interbedded_ST,Interbedded_ST
304.0,304.0018108819668,3944.579579981972,5093.942639182645,217.38429032258065,406.1503601074219,188.7660697848412,Interbedded_ST,Interbedded_ST
305.0,305.00181683876485,3943.6052471279,5093.7175270117705,217.3877419354839,407.1309509277344,189.7432089922505,Interbedded_ST,Interbedded_ST
306.0,306.0018227955634,3942.6309142738273,5093.492414840896,217.3911935483871,408.1115112304688,190.72031768208169,Interbedded_ST,Interbedded_ST
307.0,307.0018287523613,3941.656581419755,5093.267302670023,217.3946451612904,409.0921020507813,191.6974568894909,Interbedded_ST,Interbedded_ST
308.0,308.00183470915937,3940.682248565683,5093.042190499149,217.3980967741936,410.0726623535156,192.67456557932204,Interbedded_ST,Interbedded_ST
309.0,309.00184066595745,3939.707915711611,5092.817078328275,217.4015483870968,411.0532531738281,193.65170478673133,Interbedded_ST,Interbedded_ST
310.0,310.0018466227557,3938.7335828575374,5092.591966157402,217.405,412.0338134765625,194.6288134765625,Interbedded_ST,Interbedded_ST
311.0,311.0018525795532,3937.7592500034666,5092.366853986528,217.40845161290324,413.014404296875,195.60595268397176,Interbedded_ST,Interbedded_ST
312.0,312.00185853635134,3936.784917149183,5092.141741816569,217.41190322580647,413.9949645996094,196.5830613738029,Interbedded_ST,Interbedded_ST
313.0,313.0018644931497,3935.810584294854,5091.916629646806,217.41535483870967,414.9755554199219,197.5602005812122,Interbedded_ST,Interbedded_ST
314.0,314.0018704499484,3934.836251440525,5091.691517477041,217.4188064516129,415.7047119140625,198.2859054624496,Interbedded_ST,Interbedded_ST
315.0,315.001876406746,3933.8619185861967,5091.4664053072775,217.4222580645161,416.2993774414063,198.8771193768901,Interbedded_ST,Interbedded_ST
316.0,316.001882363544,3932.887585731868,5091.241293137514,217.4257096774193,416.8697814941406,199.4440718167213,Interbedded_ST,Interbedded_ST
317.0,317.00188832034263,3931.913252877539,5091.016180967749,217.42916129032253,417.4402160644531,200.01105477413057,Interbedded_ST,Interbedded_ST
318.0,318.0018942771402,3930.938920023211,5090.791068797986,217.43261290322585,418.0106201171875,200.57800721396163,Interbedded_ST,Interbedded_ST
319.0,319.0019002339382,3929.964587168882,5090.565956628222,217.43606451612905,418.588623046875,201.15255853074595,Interbedded_ST,Interbedded_ST
320.0,320.0019061907364,3928.9902543145536,5090.3408444584575,217.43951612903223,419.2037658691406,201.7642497401084,Interbedded_ST,Interbedded_ST
321.0,321.0019121475344,3928.015921460225,5090.115732288694,217.4429677419355,419.8189086914063,202.3759409494708,Interbedded_ST,Interbedded_ST
322.0,322.0019181043331,3927.041588605896,5089.890620118929,217.44641935483872,420.4340515136719,202.98763215883315,Interbedded_ST,Interbedded_ST
323.0,323.0019240611302,3926.067255751568,5089.665507949166,217.449870967742,421.0491943359375,203.5993233681956,Interbedded_ST,Interbedded_ST
324.0,324.0019300179286,3925.092922897239,5089.440395779402,217.4533225806452,421.6643371582031,204.211014577558,Interbedded_ST,Interbedded_ST
325.0,325.00193597472594,3924.118590042912,5089.2152836096375,217.4567741935484,422.2794799804688,204.82270578692035,Interbedded_ST,Interbedded_ST
326.0,326.0019419315248,3923.144257188582,5088.990171439874,217.46022580645163,422.8946228027344,205.4343969962828,Interbedded_ST,Interbedded_ST
327.0,327.00194788832283,3922.169924334253,5088.76505927011,217.46367741935484,423.509765625,206.0460882056452,Interbedded_ST,Interbedded_ST
328.0,328.00195384512097,3921.1955914799255,5088.539947100342,217.46712903225807,424.1249084472656,206.65777941500755,Interbedded_ST,Interbedded_ST
329.0,329.0019598019189,3920.221258625609,5088.314834930526,217.4705806451613,424.7400512695313,207.26947062437,Interbedded_ST,Interbedded_ST
330.0,330.001965758717,3919.246925771293,5088.089722760708,217.4740322580645,425.3551940917969,207.8811618337324,Interbedded_ST,Interbedded_ST
331.0,331.00197171551446,3918.272592916977,5087.864610590892,217.4774838709677,425.9703369140625,208.4928530430948,Interbedded_ST,Interbedded_ST
332.0,332.00197767231305,3917.29826006266,5087.639498421075,217.4809354838709,426.5854797363281,209.1045442524572,Interbedded_ST,Interbedded_ST
333.0,333.0019836291114,3916.3239272083433,5087.414386251258,217.4843870967742,427.20062255859375,209.7162354618196,Interbedded_ST,Interbedded_ST
334.0,334.0019895859093,3915.349594354027,5087.189274081442,217.48783870967745,427.8385009765625,210.35066226688505,Interbedded_ST,Interbedded_ST
335.0,335.001995542707,3914.375261499711,5086.964161911625,217.49129032258065,428.5505981445313,211.0593078219506,Interbedded_ST,Interbedded_ST
336.0,336.0020014995062,3913.4009286453934,5086.739049741808,217.4947419354839,429.2626647949219,211.767922859438,Interbedded_ST,Interbedded_ST
337.0,337.0020074563039,3912.426595791069,5086.513937572028,217.4981935483871,429.9747619628906,212.4765684145036,Interbedded_ST,Interbedded_ST
338.0,338.00201341310145,3911.4522629367407,5086.288825402265,217.5016451612904,430.6868591308594,213.18521396956905,Interbedded_ST,Interbedded_ST
339.0,339.00201936989964,3910.477930082412,5086.0637132325,217.5050967741936,431.3989562988281,213.8938595246345,Interbedded_ST,Interbedded_ST
340.0,340.00202532669806,3909.503597228083,5085.838601062736,217.5085483870968,432.1110229492188,214.602474562122,Interbedded_ST,Interbedded_ST
341.0,341.0020312834958,3908.529264373755,5085.613488892972,217.512,432.8231201171875,215.3111201171875,Interbedded_ST,Interbedded_ST
342.0,342.0020372402938,3907.554931519426,5085.388376723208,217.51545161290323,433.53521728515625,216.01976567225304,Interbedded_ST,Interbedded_ST
343.0,343.00204319709184,3906.5805986650976,5085.163264553445,217.51890322580647,434.247314453125,216.72841122731853,Interbedded_ST,Interbedded_ST
344.0,344.00204915389,3905.606265810769,5084.93815238368,217.52235483870967,434.9593811035156,217.43702626480595,Interbedded_ST,Interbedded_ST
345.0,345.0020551106879,3904.631932956523,5084.713040213559,217.5258064516129,435.6714782714844,218.14567181987147,Interbedded_ST,Interbedded_ST
346.0,346.00206106748595,3903.657600102451,5084.487928042685,217.5292580645161,436.3835754394531,218.854317374937,Interbedded_ST,Interbedded_ST
347.0,347.0020670242854,3902.6832672483774,5084.262815871811,217.5327096774193,437.0956726074219,219.56296293000253,Interbedded_ST,Interbedded_ST
348.0,348.0020729810824,3901.708934394306,5084.0377037009375,217.53616129032253,437.7272338867188,220.1910725963962,Interbedded_ST,Interbedded_ST
349.0,349.00207893788047,3900.734601540234,5083.812591530063,217.53961290322584,438.14105224609375,220.6014393428679,Interbedded_ST,Interbedded_ST
350.0,350.00208489467855,3899.760268686162,5083.587479359189,217.54306451612905,438.5549011230469,221.01183660691785,Interbedded_ST,Interbedded_ST
351.0,351.00209085147645,3898.7859358320898,5083.362367188316,217.54651612903223,438.9687194824219,221.42220335338965,Interbedded_ST,Interbedded_ST
352.0,352.00209680827453,3897.8116029780176,5083.137255017442,217.5499677419355,439.3825378417969,221.83257009986136,Interbedded_ST,Interbedded_ST
353.0,353.0021027650726,3896.8372701239455,5082.912142846568,217.55341935483872,439.7963562011719,222.24293684633315,Interbedded_ST,Interbedded_ST
354.0,354.00210872186994,3895.862937269632,5082.687030676744,217.556870967742,440.2101745605469,222.6533035928049,Interbedded_ST,Interbedded_ST
355.0,355.0021146786688,3894.888604415302,5082.4619185069805,217.5603225806452,440.8290100097656,223.26868742912043,Interbedded_ST,Interbedded_ST
356.0,356.00212063546724,3893.914271560973,5082.236806337217,217.5637741935484,441.5821533203125,224.0183791267641,Interbedded_ST,Interbedded_ST
357.0,357.002126592265,3892.9399387066446,5082.011694167452,217.56722580645163,442.3352966308594,224.7680708244077,Interbedded_ST,Interbedded_ST
358.0,358.002132549063,3891.965605852316,5081.786581997689,217.57067741935484,443.0884399414063,225.5177625220514,Interbedded_ST,Interbedded_ST
359.0,359.002138505861,3890.9912729979874,5081.561469827925,217.57412903225807,443.8415832519531,226.26745421969505,Interbedded_ST,Interbedded_ST
360.0,360.00214446265966,3890.0169401436574,5081.3363576581605,217.5775806451613,444.5947265625,227.0171459173387,Interbedded_ST,Interbedded_ST
361.0,361.0021504194572,3889.04260728933,5081.111245488397,217.5810322580645,445.3478698730469,227.7668376149824,Interbedded_ST,Interbedded_ST
362.0,362.002156376256,3888.068274435008,5080.886133318602,217.5844838709677,446.10101318359375,228.51652931262603,Interbedded_ST,Interbedded_ST
363.0,363.00216233305343,3887.093941580692,5080.661021148786,217.5879354838709,446.8541564941406,229.26622101026967,Interbedded_ST,Interbedded_ST
364.0,364.0021682898509,3886.119608726376,5080.43590897897,217.5913870967742,447.6072998046875,230.0159127079133,Interbedded_ST,Interbedded_ST
365.0,365.0021742466495,3885.1452758720593,5080.210796809152,217.59483870967745,448.2093505859375,230.61451187626005,Interbedded_ST,Interbedded_ST
366.0,366.0021802034474,3884.170943017743,5079.985684639336,217.59829032258065,448.6642150878906,231.06592476531,Interbedded_ST,Interbedded_ST
367.0,367.0021861602455,3883.1966101634266,5079.760572469519,217.6017419354839,449.11907958984375,231.51733765435984,Interbedded_ST,Interbedded_ST
368.0,368.0021921170439,3882.22227730911,5079.535460299702,217.6051935483871,449.5739440917969,231.96875054340973,Interbedded_ST,Interbedded_ST
369.0,369.0021980738418,3881.2479444547935,5079.310348129886,217.60864516129035,450.0288391113281,232.42019395003777,Interbedded_ST,Interbedded_ST
370.0,370.0022040306396,3880.273611600475,5079.085235960079,217.6120967741936,450.4837036132813,232.8716068390877,Interbedded_ST,Interbedded_ST
371.0,371.0022099874383,3879.299278746146,5078.860123790315,217.6155483870968,450.9385681152344,233.3230197281376,Interbedded_ST,Interbedded_ST
372.0,372.00221594423584,3878.3249458918176,5078.635011620551,217.619,451.3934326171875,233.7744326171875,Interbedded_ST,Interbedded_ST
373.0,373.002221901034,3877.350613037489,5078.409899450787,217.62245161290323,451.8482971191406,234.2258455062374,Interbedded_ST,Interbedded_ST
374.0,374.00222785783245,3876.37628018316,5078.184787281023,217.62590322580647,452.3031921386719,234.6772889128654,Interbedded_ST,Interbedded_ST
375.0,375.0022338146293,3875.401947328832,5077.95967511126,217.62935483870967,452.758056640625,235.12870180191533,Interbedded_ST,Interbedded_ST
376.0,376.0022397714282,3874.427614474503,5077.734562941495,217.6328064516129,453.0239868164063,235.3911803647933,Interbedded_ST,Interbedded_ST
377.0,377.0022457282253,3873.453281620176,5077.509450771731,217.6362580645161,453.2849731445313,235.6487150800152,Interbedded_ST,Interbedded_ST
378.0,378.0022516850242,3872.478948765846,5077.284338601968,217.6397096774193,453.54595947265625,235.9062497952369,Interbedded_ST,Interbedded_ST
379.0,379.0022576418231,3871.504615911517,5077.059226432202,217.64316129032247,453.8069152832031,236.16375399288057,Interbedded_ST,Interbedded_ST
380.0,380.0022635986206,3870.530283057189,5076.834114262437,217.64661290322584,454.0679016113281,236.42128870810228,Interbedded_ST,Interbedded_ST
381.0,381.00226955541854,3869.555950202861,5076.609002092671,217.65006451612905,454.3288879394531,236.67882342332408,Interbedded_ST,Interbedded_ST
382.0,382.0022755122165,3868.5816173485327,5076.383889922906,217.65351612903223,454.58984375,236.93632762096777,Interbedded_ST,Interbedded_ST
383.0,383.00228146901446,3867.6072844942046,5076.15877775314,217.6569677419355,454.850830078125,237.1938623361895,Interbedded_ST,Interbedded_ST
384.0,384.0022874258129,3866.632951639876,5075.933665583375,217.66041935483872,455.1117858886719,237.45136653383315,Interbedded_ST,Interbedded_ST
385.0,385.0022933826109,3865.658618785548,5075.7085534136095,217.663870967742,455.3727722167969,237.7089012490549,Interbedded_ST,Interbedded_ST
386.0,386.0022993394084,3864.68428593122,5075.483441243844,217.6673225806452,455.6337585449219,237.96643596427668,Interbedded_ST,Interbedded_ST
387.0,387.002305296207,3863.7099530770047,5075.258329073587,217.6707741935484,455.8947143554688,238.22394016192035,Interbedded_ST,Interbedded_ST
388.0,388.00231125300513,3862.735620222932,5075.033216902715,217.67422580645163,456.15570068359375,238.4814748771421,Interbedded_ST,Interbedded_ST
389.0,389.0023172098028,3861.76128736886,5074.808104731843,217.67767741935484,456.4166870117188,238.7390095923639,Interbedded_ST,Interbedded_ST
390.0,390.0023231666014,3860.786954514787,5074.5829925609705,217.68112903225807,456.6776428222656,238.99651379000755,Interbedded_ST,Interbedded_ST
391.0,391.0023291234004,3859.8126216607134,5074.357880390098,217.6845806451613,456.9386291503906,239.2540485052293,Interbedded_ST,Interbedded_ST
392.0,392.0023350801972,3858.838288806642,5074.132768219226,217.6880322580645,457.1995849609375,239.511552702873,Interbedded_ST,Interbedded_ST
393.0,393.0023410369953,3857.8639559525695,5073.907656048354,217.6914838709677,457.4605712890625,239.7690874180948,Interbedded_ST,Interbedded_ST
394.0,394.0023469937934,3856.889623098497,5073.682543877481,217.6949354838709,457.7215576171875,240.0266221333165,Interbedded_ST,Interbedded_ST
395.0,395.0023529505916,3855.915290244408,5073.45743170668,217.6983870967742,457.9825134277344,240.28412633096016,Interbedded_ST,Interbedded_ST
396.0,396.0023589073897,3854.940957390091,5073.232319536864,217.70183870967745,458.1934509277344,240.49161221805693,Interbedded_ST,Interbedded_ST
397.0,397.002364864188,3853.966624535775,5073.007207367046,217.70529032258065,458.3089904785156,240.60370015593497,Interbedded_ST,Interbedded_ST
398.0,398.0023708209859,3852.9922916814585,5072.78209519723,217.70874193548389,458.424560546875,240.71581861139111,Interbedded_ST,Interbedded_ST
399.0,399.0023767777838,3852.017958827142,5072.5569830274135,217.7121935483871,458.5985412597656,240.88634771137853,Interbedded_ST,Interbedded_ST
400.0,400.00238273458194,3851.043625972826,5072.331870857596,217.71564516129035,458.7737426757813,241.0580975144909,Interbedded_ST,Interbedded_ST
401.0,401.0023886913803,3850.069293118509,5072.10675868778,217.7190967741936,458.948974609375,241.2298778351814,Interbedded_ST,Interbedded_ST
402.0,402.0023946481784,3849.0949602641927,5071.8816465179625,217.7225483870968,459.1241760253906,241.40162763829383,Interbedded_ST,Interbedded_ST
403.0,403.0024006049768,3848.120627409876,5071.656534348146,217.726,459.2993774414063,241.57337744140625,Interbedded_ST,Interbedded_ST
404.0,404.0024065617745,3847.1462945555513,5071.431422178366,217.72945161290323,459.4745788574219,241.74512724451864,Interbedded_ST,Interbedded_ST
405.0,405.0024125185722,3846.171961701223,5071.206310008602,217.73290322580647,459.6498107910156,241.9169075652092,Interbedded_ST,Interbedded_ST
406.0,406.0024184753706,3845.197628846894,5070.981197838838,217.73635483870967,459.8250122070313,242.0886573683216,Interbedded_ST,Interbedded_ST
407.0,407.0024244321687,3844.2232959925655,5070.756085669074,217.7398064516129,460.0002136230469,242.260407171434,Interbedded_ST,Interbedded_ST
408.0,408.0024303889669,3843.248963138237,5070.53097349931,217.7432580645161,460.1754150390625,242.4321569745464,Interbedded_ST,Interbedded_ST
409.0,409.00243634576486,3842.274630283908,5070.305861329546,217.7467096774193,460.37506103515625,242.6283513577369,Interbedded_ST,Interbedded_ST
410.0,410.0024423025622,3841.30029742958,5070.080749159783,217.75016129032247,460.5838012695313,242.8336399792087,Interbedded_ST,Interbedded_ST
411.0,411.0024482593606,3840.3259645752514,5069.855636990018,217.7536129032258,460.7925415039063,243.0389286006805,Interbedded_ST,Interbedded_ST
412.0,412.0024542161586,3839.351631720923,5069.630524820254,217.75706451612905,461.0013122558594,243.24424773973035,Interbedded_ST,Interbedded_ST
413.0,413.0024601729567,3838.377298866594,5069.405412650491,217.76051612903225,461.2100524902344,243.4495363612021,Interbedded_ST,Interbedded_ST
414.0,414.0024661297549,3837.4029660122656,5069.180300480726,217.7639677419355,461.4188232421875,243.654855500252,Interbedded_ST,Interbedded_ST
415.0,415.00247208655287,3836.428633157937,5068.9551883109625,217.76741935483872,461.6275634765625,243.8601441217237,Interbedded_ST,Interbedded_ST
416.0,416.0024780433515,3835.454300303608,5068.730076141198,217.770870967742,461.8363037109375,244.0654327431955,Interbedded_ST,Interbedded_ST
417.0,417.0024840001486,3834.47996744928,5068.504963971434,217.7743225806452,461.8373718261719,244.06304924552668,Interbedded_ST,Interbedded_ST
418.0,418.00248995694704,3833.505634594951,5068.279851801671,217.7777741935484,461.7552795410156,243.97750534746723,Interbedded_ST,Interbedded_ST
419.0,419.0024959137453,3832.5313017406224,5068.054739631906,217.78122580645163,461.66156005859375,243.8803342521421,Interbedded_ST,Interbedded_ST
420.0,420.002501870543,3831.556968886294,5067.829627462143,217.78467741935484,461.5421752929688,243.75749787361391,Interbedded_ST,Interbedded_ST
421.0,421.0025078273417,3830.5826360319593,5067.6045152924025,217.78812903225807,461.42279052734375,243.63466149508568,Interbedded_ST,Interbedded_ST
422.0,422.0025137841397,3829.6083031776247,5067.379403122664,217.7915806451613,461.3034362792969,243.5118556341356,Interbedded_ST,Interbedded_ST
423.0,423.0025197409376,3828.63397032329,5067.154290952927,217.7950322580645,461.1840515136719,243.38901925560737,Interbedded_ST,Interbedded_ST
424.0,424.0025256977351,3827.659637468956,5066.929178783189,217.7984838709677,461.0646667480469,243.2661828770792,Interbedded_ST,Interbedded_ST
425.0,425.0025316545336,3826.685304614621,5066.704066613451,217.8019354838709,460.9452819824219,243.14334649855093,Interbedded_ST,Interbedded_ST
426.0,426.00253761133206,3825.710971760286,5066.478954443713,217.8053870967742,460.8258972167969,243.02051012002264,Interbedded_ST,Interbedded_ST
427.0,427.0025435681296,3824.736638905952,5066.253842273974,217.80883870967745,460.7065124511719,242.89767374149443,Interbedded_ST,Interbedded_ST
428.0,428.0025495249281,3823.762306051617,5066.028730104236,217.81229032258065,460.5871276855469,242.77483736296625,Interbedded_ST,Interbedded_ST
429.0,429.0025554817261,3822.7879731974376,5065.803617933827,217.81574193548389,460.4677429199219,242.652000984438,Interbedded_ST,Interbedded_ST
430.0,430.0025614385239,3821.8136403433778,5065.578505762901,217.8191935483871,460.3483581542969,242.52916460590976,Interbedded_ST,Interbedded_ST
431.0,431.0025673953228,3820.839307489317,5065.353393591974,217.82264516129032,460.22900390625,242.40635874495968,Interbedded_ST,Interbedded_ST
432.0,432.0025733521204,3819.8649746352576,5065.128281421047,217.8260967741936,460.109619140625,242.2835223664314,Interbedded_ST,Interbedded_ST
433.0,433.0025793089184,3818.8906417811977,5064.90316925012,217.8295483870968,459.990234375,242.1606859879032,Interbedded_ST,Interbedded_ST
434.0,434.0025852657166,3817.9163089271374,5064.678057079194,217.833,459.870849609375,242.037849609375,Interbedded_ST,Interbedded_ST
435.0,435.0025912225146,3816.9419760730775,5064.452944908267,217.83645161290323,459.75146484375,241.9150132308468,Interbedded_ST,Interbedded_ST
436.0,436.0025971793127,3815.9676432190176,5064.227832737341,217.83990322580647,459.632080078125,241.79217685231853,Interbedded_ST,Interbedded_ST
437.0,437.00260313611074,3814.993310364907,5064.002720566634,217.84335483870967,459.4963684082031,241.65301356949345,Interbedded_ST,Interbedded_ST
438.0,438.0026090929088,3814.018977510578,5063.77760839687,217.8468064516129,459.1830749511719,241.33626849955897,Interbedded_ST,Interbedded_ST
439.0,439.00261504970695,3813.0446446562496,5063.552496227106,217.8502580645161,458.8698120117188,241.01955394720264,Interbedded_ST,Interbedded_ST
440.0,440.00262100650497,3812.070311801921,5063.327384057342,217.85370967741937,458.5565490722656,240.70283939484625,Interbedded_ST,Interbedded_ST
441.0,441.0026269633034,3811.095978947592,5063.102271887578,217.85716129032247,458.2432861328125,240.38612484248995,Interbedded_ST,Interbedded_ST
442.0,442.0026329201007,3810.121646093264,5062.877159717814,217.8606129032258,457.9300231933594,240.0694102901336,Interbedded_ST,Interbedded_ST
443.0,443.0026388768992,3809.147313238935,5062.65204754805,217.86406451612905,457.6167297363281,239.75266522019908,Interbedded_ST,Interbedded_ST
444.0,444.002644833696,3808.172980384608,5062.426935378287,217.86751612903225,457.303466796875,239.43595066784275,Interbedded_ST,Interbedded_ST
445.0,445.0026507904953,3807.198647530278,5062.201823208522,217.8709677419355,456.9902038574219,239.1192361154864,Interbedded_ST,Interbedded_ST
446.0,446.0026567472937,3806.224314675949,5061.976711038758,217.87441935483872,456.6954650878906,238.8210457330519,Interbedded_ST,Interbedded_ST
447.0,447.00266270409145,3805.2499818216206,5061.751598868994,217.877870967742,456.4194641113281,238.5415931435861,Interbedded_ST,Interbedded_ST
448.0,448.0026686608895,3804.275648967292,5061.52648669923,217.8813225806452,456.14349365234375,238.26217107169856,Interbedded_ST,Interbedded_ST
449.0,449.0026746176875,3803.3013161129634,5061.301374529467,217.8847741935484,455.8675231933594,237.98274899981087,Interbedded_ST,Interbedded_ST
450.0,450.0026805744861,3802.3269832586334,5061.076262359702,217.88822580645163,455.591552734375,237.70332692792337,Interbedded_ST,Interbedded_ST
451.0,451.0026865312837,3801.352650404306,5060.851150189938,217.89167741935483,455.3155822753906,237.4239048560358,Interbedded_ST,Interbedded_ST
452.0,452.0026924880817,3800.3783175499775,5060.626038020175,217.89512903225807,455.0395812988281,237.14445226657008,Interbedded_ST,Interbedded_ST
453.0,453.0026984448799,3799.403984695649,5060.40092585041,217.8985806451613,454.76361083984375,236.86503019468245,Interbedded_ST,Interbedded_ST
454.0,454.00270440167833,3798.42965184132,5060.175813680647,217.9020322580645,454.4876403808594,236.58560812279487,Interbedded_ST,Interbedded_ST
455.0,455.00271035847567,3797.455318986992,5059.950701510882,217.9054838709677,454.211669921875,236.3061860509073,Interbedded_ST,Interbedded_ST
456.0,456.0027163152741,3796.480986132663,5059.725589341118,217.9089354838709,453.9356689453125,236.02673346144155,Interbedded_ST,Interbedded_ST
457.0,457.0027222720721,3795.5066532783344,5059.500477171355,217.9123870967742,453.6596984863281,235.74731138955391,Interbedded_ST,Interbedded_ST
458.0,458.0027282288703,3794.532320424006,5059.27536500159,217.91583870967744,453.38372802734375,235.4678893176663,Interbedded_ST,Interbedded_ST
459.0,459.0027341856683,3793.557987569677,5059.050252831827,217.91929032258065,453.1077575683594,235.18846724577872,Interbedded_ST,Interbedded_ST
460.0,460.0027401424659,3792.583654715349,5058.825140662063,217.92274193548388,452.8317565917969,234.909014656313,Interbedded_ST,Interbedded_ST
461.0,461.0027460992645,3791.60932186102,5058.600028492298,217.92619354838712,452.5557861328125,234.62959258442527,Interbedded_ST,Interbedded_ST
462.0,462.00275205606255,3790.6349890066913,5058.374916322535,217.92964516129032,452.2798156738281,234.3501705125378,Interbedded_ST,Interbedded_ST
463.0,463.0027580128605,3789.660656152363,5058.149804152769,217.9330967741936,452.00384521484375,234.07074844065016,Interbedded_ST,Interbedded_ST
464.0,464.0027639696585,3788.686323298035,5057.924691983004,217.9365483870968,451.7278747558594,233.79132636876253,Interbedded_ST,Interbedded_ST
465.0,465.0027699264565,3787.711990443707,5057.699579813238,217.94,451.4518737792969,233.51187377929688,Interbedded_ST,Interbedded_ST
466.0,466.00277588325486,3786.737657589378,5057.474467643473,217.94345161290323,451.1759033203125,233.23245170740927,Interbedded_ST,Interbedded_ST
467.0,467.0027818400526,3785.76332473505,5057.249355473708,217.94690322580647,450.8999328613281,232.9530296355217,Interbedded_ST,Interbedded_ST
468.0,468.0027877968508,3784.788991880722,5057.024243303942,217.95035483870967,450.62396240234375,232.67360756363408,Interbedded_ST,Interbedded_ST
469.0,469.002793753649,3783.8146590263937,5056.799131134176,217.9538064516129,450.3479614257813,232.3941549741684,Interbedded_ST,Interbedded_ST
470.0,470.0027997104474,3782.840326172065,5056.57401896441,217.9572580645161,450.0719909667969,232.1147329022808,Interbedded_ST,Interbedded_ST
471.0,471.0028056672453,3781.8659933179206,5056.34890679385,217.96070967741937,449.7960205078125,231.83531083039315,Interbedded_ST,Interbedded_ST
472.0,472.0028116240438,3780.89166046386,5056.123794622925,217.9641612903225,449.5200500488281,231.5558887585056,Interbedded_ST,Interbedded_ST
473.0,473.0028175808414,3779.9173276098,5055.898682452,217.9676129032258,449.2440490722656,231.2764361690398,Interbedded_ST,Interbedded_ST
474.0,474.002823537639,3778.94299475574,5055.673570281075,217.97106451612905,448.9680786132813,230.9970140971522,Interbedded_ST,Interbedded_ST
475.0,475.0028294944375,3777.9686619016793,5055.44845811015,217.97451612903225,448.6921081542969,230.71759202526465,Interbedded_ST,Interbedded_ST
476.0,476.0028354512357,3776.994329047619,5055.223345939224,217.9779677419355,448.4161376953125,230.438169953377,Interbedded_ST,Interbedded_ST
477.0,477.00284140803336,3776.019996193559,5054.998233768299,217.98141935483872,448.1401672363281,230.1587478814894,Interbedded_ST,Interbedded_ST
478.0,478.0028473648328,3775.0456633394974,5054.773121597374,217.98487096774195,447.8641662597656,229.87929529202367,Interbedded_ST,Interbedded_ST
479.0,479.0028533216299,3774.071330485355,5054.548009426809,217.9883225806452,448.1873779296875,230.1990553490423,Interbedded_ST,Interbedded_ST
480.0,480.00285927842793,3773.096997631026,5054.322897257045,217.9917741935484,448.6385192871094,230.64674509356087,Interbedded_ST,Interbedded_ST
481.0,481.002865235226,3772.1226647766975,5054.097785087281,217.99522580645163,449.0896301269531,231.0944043205015,Interbedded_ST,Interbedded_ST
482.0,482.00287119202414,3771.148331922369,5053.872672917517,217.99867741935483,449.5116882324219,231.51301081306704,Interbedded_ST,Interbedded_ST
483.0,483.00287714882256,3770.17399906804,5053.647560747753,218.00212903225807,449.7838439941406,231.78171496188256,Interbedded_ST,Interbedded_ST
484.0,484.0028831056197,3769.199666213712,5053.42244857799,218.0055806451613,450.0559997558594,232.05041911069807,Interbedded_ST,Interbedded_ST
485.0,485.0028890624183,3768.225333359383,5053.197336408225,218.0090322580645,450.3281555175781,232.3191232595136,Interbedded_ST,Interbedded_ST
486.0,486.00289501921634,3767.2510005050544,5052.972224238461,218.0124838709677,450.6003112792969,232.5878274083292,Interbedded_ST,Interbedded_ST
487.0,487.0029009760145,3766.276667650726,5052.747112068697,218.0159354838709,450.87249755859375,232.8565620747228,Interbedded_ST,Interbedded_ST
488.0,488.00290693281255,3765.302334796397,5052.521999898933,218.0193870967742,451.1446533203125,233.1252662235383,Interbedded_ST,Interbedded_ST
489.0,489.0029128896101,3764.328001942069,5052.29688772917,218.02283870967744,451.4168090820313,233.3939703723538,Interbedded_ST,Interbedded_ST
490.0,490.0029188464088,3763.35366908774,5052.071775559405,218.02629032258065,451.68896484375,233.6626745211693,Interbedded_ST,Interbedded_ST
491.0,491.0029248032068,3762.3793362334113,5051.846663389641,218.02974193548388,451.9611206054688,233.93137866998487,Interbedded_ST,Interbedded_ST
492.0,492.0029307600052,3761.405003379082,5051.621551219878,218.03319354838712,452.2332763671875,234.2000828188004,Interbedded_ST,Interbedded_ST
493.0,493.0029367168029,3760.430670524754,5051.396439050113,218.03664516129032,452.5054321289063,234.468786967616,Interbedded_ST,Interbedded_ST
494.0,494.00294267360096,3759.4563376704255,5051.17132688035,218.0400967741936,452.777587890625,234.7374911164314,Interbedded_ST,Interbedded_ST
495.0,495.002948630399,3758.482004816097,5050.946214710586,218.0435483870968,453.04974365234375,235.00619526524696,Interbedded_ST,Interbedded_ST
496.0,496.0029545871972,3757.507671961768,5050.721102540821,218.047,453.3218994140625,235.2748994140625,Interbedded_ST,Interbedded_ST
497.0,497.00296054399473,3756.53333910744,5050.495990371058,218.05045161290323,453.5940551757813,235.543603562878,Interbedded_ST,Interbedded_ST
498.0,498.0029665007934,3755.559006253111,5050.270878201293,218.0539032258065,453.9078979492188,235.85399472341223,Interbedded_ST,Interbedded_ST
499.0,499.0029724575914,3754.5846733987823,5050.04576603153,218.0573548387097,454.2911376953125,236.2337828566028,Interbedded_ST,Interbedded_ST
500.0,500.0029784143894,3753.6103405444537,5049.820653861766,218.0608064516129,454.84661865234375,236.78581220073085,Interbedded_ST,Interbedded_ST
501.0,501.0029843711876,3752.636007690125,5049.5955416920015,218.0642580645161,455.4021301269531,237.337872062437,Interbedded_ST,Interbedded_ST
502.0,502.0029903279852,3751.661674835797,5049.370429522238,218.06770967741937,455.9576110839844,237.889901406565,Interbedded_ST,Interbedded_ST
503.0,503.0029962847836,3750.687341981468,5049.145317352474,218.0711612903225,456.5130920410156,238.44193075069307,Interbedded_ST,Interbedded_ST
504.0,504.0030022415818,3749.7130091271392,5048.92020518271,218.0746129032258,457.068603515625,238.9939906123992,Interbedded_ST,Interbedded_ST
505.0,505.00300819837975,3748.738676272811,5048.695093012944,218.07806451612905,457.62408447265625,239.5460199565272,Interbedded_ST,Interbedded_ST
506.0,506.0030141551777,3747.764343418483,5048.469980843179,218.08151612903225,458.1795654296875,240.09804930065525,Interbedded_ST,Interbedded_ST
507.0,507.0030201119766,3746.790010564154,5048.244868673413,218.0849677419355,458.7350769042969,240.6501091623614,Interbedded_ST,Interbedded_ST
508.0,508.0030260687741,3745.815677709826,5048.019756503648,218.08841935483872,459.2905578613281,241.2021385064894,Interbedded_ST,Interbedded_ST
509.0,509.00303202557205,3744.841344855498,5047.794644333882,218.09187096774195,459.8460388183594,241.75416785061745,Interbedded_ST,Interbedded_ST
510.0,510.00303798237,3743.8670120011698,5047.569532164117,218.0953225806452,460.4015502929688,242.3062277123236,Interbedded_ST,Interbedded_ST
511.0,511.0030439391682,3742.892679146841,5047.344419994352,218.0987741935484,460.95703125,242.8582570564516,Interbedded_ST,Interbedded_ST
512.0,512.0030498959663,3741.918346292513,5047.119307824586,218.10222580645163,461.5125122070313,243.4102864005796,Interbedded_ST,Interbedded_ST
513.0,513.0030558527648,3740.944013438401,5046.894195653884,218.10567741935483,462.0680236816406,243.9623462622858,Interbedded_ST,Interbedded_ST
514.0,514.0030618095624,3739.969680584341,5046.669083482959,218.10912903225807,462.6235046386719,244.5143756064138,Interbedded_ST,Interbedded_ST
515.0,515.0030677663605,3738.9953477302806,5046.443971312034,218.1125806451613,463.1789855957031,245.06640495054185,Interbedded_ST,Interbedded_ST
516.0,516.003073723159,3738.02101487622,5046.218859141109,218.1160322580645,463.544921875,245.4288896169355,Interbedded_ST,Interbedded_ST
517.0,517.0030796799566,3737.04668202216,5045.993746970184,218.1194838709677,463.8021545410156,245.6826706700479,Interbedded_ST,Interbedded_ST
518.0,518.0030856367551,3736.072349168099,5045.7686347992585,218.1229354838709,464.0593872070313,245.9364517231603,Interbedded_ST,Interbedded_ST
519.0,519.0030915935532,3735.098016314039,5045.543522628333,218.1263870967742,464.3165893554688,246.1902022586945,Interbedded_ST,Interbedded_ST
520.0,520.0030975503513,3734.1236834599786,5045.318410457408,218.1298387096774,464.5191345214844,246.389295811807,Interbedded_ST,Interbedded_ST
521.0,521.0031035071495,3733.1493506058014,5045.0932982869845,218.13329032258065,464.6794128417969,246.54612251921623,Interbedded_ST,Interbedded_ST
522.0,522.0031094639472,3732.175017751474,5044.86818611722,218.13674193548388,464.8396911621094,246.7029492266255,Interbedded_ST,Interbedded_ST
523.0,523.0031154207452,3731.2006848971455,5044.643073947456,218.14019354838712,464.9999694824219,246.8597759340348,Interbedded_ST,Interbedded_ST
524.0,524.0031213775432,3730.226352042817,5044.417961777693,218.14364516129032,465.1602478027344,247.01660264144405,Interbedded_ST,Interbedded_ST
525.0,525.0031273343418,3729.252019188488,5044.192849607928,218.1470967741936,465.3205261230469,247.1734293488533,Interbedded_ST,Interbedded_ST
526.0,526.003133291139,3728.27768633416,5043.9677374381645,218.1505483870968,465.4808044433594,247.33025605626256,Interbedded_ST,Interbedded_ST
527.0,527.0031392479374,3727.303353479831,5043.742625268401,218.154,465.6410827636719,247.48708276367188,Interbedded_ST,Interbedded_ST
528.0,528.0031452047356,3726.3290206255024,5043.517513098636,218.15745161290323,465.8013610839844,247.6439094710812,Interbedded_ST,Interbedded_ST
529.0,529.0031511615335,3725.3546877711738,5043.292400928873,218.1609032258065,465.9616394042969,247.8007361784904,Interbedded_ST,Interbedded_ST
530.0,530.0031571183317,3724.380354916845,5043.067288759108,218.1643548387097,466.1219177246094,247.95756288589968,Interbedded_ST,Interbedded_ST
531.0,531.0031630751292,3723.406022062517,5042.8421765893445,218.1678064516129,466.2821960449219,248.11438959330897,Interbedded_ST,Interbedded_ST
532.0,532.0031690319277,3722.431689208188,5042.617064419581,218.1712580645161,466.4424743652344,248.2712163007183,Interbedded_ST,Interbedded_ST
533.0,533.0031749887258,3721.4573563538593,5042.391952249816,218.17470967741937,466.706787109375,248.53207743195563,Interbedded_ST,Interbedded_ST
534.0,534.0031809455243,3720.48302349953,5042.166840080053,218.1781612903225,466.98638916015625,248.8082278698337,Interbedded_ST,Interbedded_ST
535.0,535.0031869023218,3719.508690645202,5041.941727910289,218.1816129032258,467.2659606933594,249.0843477901336,Interbedded_ST,Interbedded_ST
536.0,536.00319285912,3718.5343577908734,5041.7166157405245,218.18506451612905,467.5455322265625,249.36046771043345,Interbedded_ST,Interbedded_ST
537.0,537.0031988159188,3717.560024936544,5041.491503570761,218.18851612903228,467.82513427734375,249.63661814831147,Interbedded_ST,Interbedded_ST
538.0,538.0032047727163,3716.585692082216,5041.266391400995,218.19196774193549,468.1047058105469,249.9127380686114,Interbedded_ST,Interbedded_ST
539.0,539.0032107295143,3715.611359227888,5041.04127923123,218.19541935483872,468.3843078613281,250.1888885064894,Interbedded_ST,Interbedded_ST
540.0,540.0032166863123,3714.63702637356,5040.8161670614645,218.19887096774195,468.6638793945313,250.4650084267893,Interbedded_ST,Interbedded_ST
541.0,541.0032226431107,3713.662693519231,5040.591054891699,218.2023225806452,468.7171020507813,250.5147794701361,Interbedded_ST,Interbedded_ST
542.0,542.0032285999087,3712.688360664903,5040.365942721934,218.2057741935484,468.7543029785156,250.54852878496723,Interbedded_ST,Interbedded_ST
543.0,543.0032345567066,3711.714027810575,5040.140830552168,218.20922580645163,468.7915344238281,250.5823086173765,Interbedded_ST,Interbedded_ST
544.0,544.0032405135041,3710.739694956247,5039.915718382403,218.21267741935483,468.8287658691406,250.6160884497858,Interbedded_ST,Interbedded_ST
545.0,545.0032464703021,3709.765362101919,5039.690606212637,218.21612903225807,468.865966796875,250.64983776461693,Interbedded_ST,Interbedded_ST
546.0,546.003252427101,3708.79102924759,5039.465494042872,218.2195806451613,468.9031982421875,250.6836175970262,Interbedded_ST,Interbedded_ST
547.0,547.0032583838994,3707.816696393261,5039.240381873108,218.2230322580645,468.9403991699219,250.71736691185737,Interbedded_ST,Interbedded_ST
548.0,548.0032643406969,3706.8423635389327,5039.0152697033445,218.2264838709677,468.9776306152344,250.75114674426663,Interbedded_ST,Interbedded_ST
549.0,549.0032702974951,3705.868030684604,5038.79015753358,218.2299354838709,469.0148620605469,250.784926576676,Interbedded_ST,Interbedded_ST
550.0,550.003276254293,3704.8936978302754,5038.565045363816,218.2333870967742,469.0520629882813,250.81867589150704,Interbedded_ST,Interbedded_ST
551.0,551.003282211091,3703.919364975947,5038.339933194053,218.2368387096774,469.08929443359375,250.8524557239164,Interbedded_ST,Interbedded_ST
552.0,552.0032881678892,3702.945032121618,5038.114821024288,218.24029032258065,469.1264953613281,250.88620503874748,Interbedded_ST,Interbedded_ST
553.0,553.0032941246872,3701.9706992672895,5037.8897088545245,218.24374193548388,469.1284484863281,250.88470655084424,Interbedded_ST,Interbedded_ST
554.0,554.0033000814851,3700.996366412961,5037.664596684761,218.24719354838712,469.0165100097656,250.7693164613785,Interbedded_ST,Interbedded_ST
555.0,555.0033060382831,3700.0220335588815,5037.439484513919,218.25064516129032,468.904541015625,250.65389585433468,Interbedded_ST,Interbedded_ST
556.0,556.0033119950812,3699.047700704821,5037.214372342994,218.2540967741936,468.7926025390625,250.5385057648689,Interbedded_ST,Interbedded_ST
557.0,557.0033179518792,3698.073367850761,5036.9892601720685,218.2575483870968,468.6806335449219,250.42308515782508,Interbedded_ST,Interbedded_ST
558.0,558.0033239086769,3697.099034996701,5036.764148001143,218.261,468.5686950683594,250.3076950683593,Interbedded_ST,Interbedded_ST
559.0,559.0033298654755,3696.12470214264,5036.5390358302175,218.26445161290323,468.4567260742188,250.19227446131552,Interbedded_ST,Interbedded_ST
560.0,560.0033358222736,3695.15036928858,5036.313923659292,218.2679032258065,468.34478759765625,250.07688437184976,Interbedded_ST,Interbedded_ST
561.0,561.0033417790712,3694.17603643452,5036.088811488367,218.2713548387097,468.08538818359375,249.81403334488405,Interbedded_ST,Interbedded_ST
562.0,562.0033477358701,3693.201703580459,5035.863699317442,218.2748064516129,467.48870849609375,249.21390204448085,Interbedded_ST,Interbedded_ST
563.0,563.0033536926685,3692.22737072625,5035.638587147159,218.2782580645161,466.89202880859375,248.61377074407764,Interbedded_ST,Interbedded_ST
564.0,564.003359649466,3691.2530378719216,5035.413474977396,218.28170967741937,466.29534912109375,248.0136394436744,Interbedded_ST,Interbedded_ST
565.0,565.0033656062642,3690.278705017593,5035.188362807631,218.2851612903225,465.69866943359375,247.4135081432712,Interbedded_ST,Interbedded_ST
566.0,566.0033715630624,3689.304372163264,5034.963250637868,218.2886129032258,465.10198974609375,246.813376842868,Interbedded_ST,Interbedded_ST
567.0,567.0033775198597,3688.330039308936,5034.738138468104,218.29206451612905,464.50531005859375,246.2132455424647,Interbedded_ST,Interbedded_ST
568.0,568.0033834766583,3687.355706454607,5034.513026298339,218.29551612903228,463.9086608886719,245.6131447596396,Interbedded_ST,Interbedded_ST
569.0,569.0033894334555,3686.38137360028,5034.287914128576,218.29896774193548,463.3119812011719,245.0130134592364,Interbedded_ST,Interbedded_ST
570.0,570.0033953902546,3685.40704074595,5034.062801958811,218.30241935483872,462.7153015136719,244.4128821588332,Interbedded_ST,Interbedded_ST
571.0,571.0034013470528,3684.432707891621,5033.837689789048,218.30587096774195,462.1186218261719,243.81275085842992,Interbedded_ST,Interbedded_ST
572.0,572.0034073038505,3683.4583750372926,5033.612577619284,218.3093225806452,461.5219421386719,243.2126195580267,Interbedded_ST,Interbedded_ST
573.0,573.0034132606487,3682.484042182964,5033.387465449519,218.3127741935484,460.9252624511719,242.61248825762348,Interbedded_ST,Interbedded_ST
574.0,574.0034192174467,3681.5097093286354,5033.162353279756,218.31622580645163,460.3285827636719,242.01235695722025,Interbedded_ST,Interbedded_ST
575.0,575.0034251742451,3680.5353764743054,5032.937241109992,218.3196774193549,459.7319030761719,241.412225656817,Interbedded_ST,Interbedded_ST
576.0,576.0034311310428,3679.561043619978,5032.712128940228,218.32312903225807,459.1352233886719,240.8120943564138,Interbedded_ST,Interbedded_ST
577.0,577.0034370878408,3678.5867107656495,5032.487016770464,218.3265806451613,458.5385437011719,240.2119630560105,Interbedded_ST,Interbedded_ST
578.0,578.0034430446387,3677.612377911321,5032.2619046007,218.3300322580645,457.9418640136719,239.61183175560737,Interbedded_ST,Interbedded_ST
579.0,579.0034490014374,3676.638045056992,5032.036792430936,218.3334838709677,457.34521484375,239.0117309727823,Interbedded_ST,Interbedded_ST
580.0,580.0034549582349,3675.663712202664,5031.81168026117,218.33693548387097,456.8271179199219,238.4901824360509,Interbedded_ST,Interbedded_ST
581.0,581.0034609150329,3674.689379348336,5031.586568091405,218.3403870967742,456.4169006347656,238.07651353799145,Interbedded_ST,Interbedded_ST
582.0,582.0034668718313,3673.7150464940073,5031.361455921639,218.3438387096774,455.9413146972656,237.5974759875882,Interbedded_ST,Interbedded_ST
583.0,583.0034728286292,3672.740713639679,5031.136343751874,218.34729032258065,455.4341735839844,237.08688326140373,Interbedded_ST,Interbedded_ST
584.0,584.0034787854272,3671.766380785351,5030.9112315821085,218.35074193548388,454.927001953125,236.57626001764112,Interbedded_ST,Interbedded_ST
585.0,585.0034847422252,3670.792047931023,5030.686119412343,218.35419354838712,454.41986083984375,236.06566729145663,Interbedded_ST,Interbedded_ST
586.0,586.0034906990227,3669.817715076695,5030.461007242578,218.35764516129032,453.9126892089844,235.55504404769405,Interbedded_ST,Interbedded_ST
587.0,587.0034966558216,3668.843382222366,5030.235895072812,218.3610967741936,453.405517578125,235.0444208039314,Interbedded_ST,Interbedded_ST
588.0,588.0035026126193,3667.869049368038,5030.010782903048,218.3645483870968,452.888916015625,234.5243676285282,Interbedded_ST,Interbedded_ST
589.0,589.0035085694175,3666.894716513709,5029.785670733283,218.368,452.3705749511719,234.00257495117188,Interbedded_ST,Interbedded_ST
590.0,590.0035145262154,3665.9203836593806,5029.560558563519,218.37145161290323,451.8522338867188,233.48078227381552,Interbedded_ST,Interbedded_ST
591.0,591.0035204830134,3664.946050805052,5029.335446393756,218.3749032258065,451.3338928222656,232.9589895964592,Interbedded_ST,Interbedded_ST
592.0,592.0035264398116,3663.9717179507234,5029.110334223991,218.3783548387097,450.8155517578125,232.4371969191028,Interbedded_ST,Interbedded_ST
593.0,593.00353239661,3662.9973850963934,5028.885222054228,218.3818064516129,450.2972106933594,231.91540424174647,Interbedded_ST,Interbedded_ST
594.0,594.0035383534075,3662.023052242066,5028.660109884464,218.3852580645161,449.7788696289063,231.3936115643901,Interbedded_ST,Interbedded_ST
595.0,595.0035443102057,3661.0487193877375,5028.434997714699,218.38870967741937,449.2605285644531,230.87181888703373,Interbedded_ST,Interbedded_ST
596.0,596.003550267004,3660.074386533422,5028.209885544878,218.3921612903225,448.7421875,230.35002620967745,Interbedded_ST,Interbedded_ST
597.0,597.0035562238021,3659.1000536793617,5027.9847733739525,218.3956129032258,448.2238159179688,229.8282030147429,Interbedded_ST,Interbedded_ST
598.0,598.0035621806004,3658.125720825301,5027.759661203028,218.39906451612904,447.7054748535156,229.30641033738647,Interbedded_ST,Interbedded_ST
599.0,599.0035681373982,3657.151387971241,5027.534549032102,218.40251612903228,447.1871337890625,228.78461766003025,Interbedded_ST,Interbedded_ST
600.0,600.0035740941963,3656.1770551171808,5027.309436861177,218.40596774193548,446.6687927246094,228.2628249826739,Interbedded_ST,Interbedded_ST
601.0,601.0035800509949,3655.20272226312,5027.084324690252,218.40941935483872,446.15045166015625,227.7410323053176,Interbedded_ST,Interbedded_ST
602.0,602.0035860077925,3654.22838940906,5026.859212519327,218.41287096774195,445.6449279785156,227.23205701077367,Interbedded_ST,Interbedded_ST
603.0,603.0035919645906,3653.254056555,5026.634100348402,218.4163225806452,445.4173889160156,227.00106633537044,Interbedded_ST,Interbedded_ST
604.0,604.0035979213882,3652.27972370094,5026.408988177477,218.4197741935484,445.18988037109375,226.77010617754536,Interbedded_ST,Interbedded_ST
605.0,605.0036038781869,3651.305390846698,5026.183876007334,218.42322580645163,444.9623718261719,226.53914601972025,Interbedded_ST,Interbedded_ST
606.0,606.0036098349849,3650.3310579923696,5025.958763837571,218.4266774193549,444.73486328125,226.3081858618951,Interbedded_ST,Interbedded_ST
607.0,607.0036157917829,3649.356725138041,5025.733651667807,218.4301290322581,444.4395446777344,226.00941564547628,Interbedded_ST,Interbedded_ST
608.0,608.0036217485815,3648.382392283712,5025.508539498042,218.4335806451613,444.1001586914063,225.6665780462449,Interbedded_ST,Interbedded_ST
609.0,609.0036277053787,3647.408059429384,5025.283427328279,218.43703225806453,443.7607421875,225.32370992943547,Interbedded_ST,Interbedded_ST
610.0,610.0036336621771,3646.433726575055,5025.058315158515,218.4404838709677,443.4213562011719,224.98087233020416,Interbedded_ST,Interbedded_ST
611.0,611.0036396189753,3645.4593937207264,5024.833202988751,218.44393548387097,443.08197021484375,224.6380347309728,Interbedded_ST,Interbedded_ST
612.0,612.0036455757732,3644.485060866398,5024.608090818987,218.4473870967742,442.7425842285156,224.29519713174145,Interbedded_ST,Interbedded_ST
613.0,613.0036515325714,3643.510728012069,5024.382978649222,218.45083870967744,442.4031982421875,223.9523595325101,Interbedded_ST,Interbedded_ST
614.0,614.003657489369,3642.536395157741,5024.157866479459,218.45429032258065,442.0638122558594,223.6095219332788,Interbedded_ST,Interbedded_ST
615.0,615.0036634461674,3641.562062303412,5023.932754309695,218.45774193548388,441.7244262695313,223.26668433404737,Interbedded_ST,Interbedded_ST
616.0,616.0036694029656,3640.5877294490833,5023.707642139931,218.46119354838712,441.3850402832031,222.923846734816,Interbedded_ST,Interbedded_ST
617.0,617.003675359764,3639.613396594754,5023.482529970167,218.46464516129032,441.045654296875,222.58100913558468,Interbedded_ST,Interbedded_ST
618.0,618.0036813165615,3638.639063740426,5023.257417800403,218.46809677419355,440.7062683105469,222.2381715363533,Interbedded_ST,Interbedded_ST
619.0,619.0036872733597,3637.6647308860975,5023.032305630639,218.4715483870968,440.3668823242188,221.895333937122,Interbedded_ST,Interbedded_ST
620.0,620.0036932301576,3636.690398031769,5022.807193460875,218.475,440.0274963378906,221.55249633789063,Interbedded_ST,Interbedded_ST
621.0,621.0036991869558,3635.71606517744,5022.582081291111,218.47845161290323,439.6881103515625,221.20965873865927,Interbedded_ST,Interbedded_ST
622.0,622.0037051437536,3634.741732323112,5022.356969121346,218.4819032258065,439.3487243652344,220.86682113942788,Interbedded_ST,Interbedded_ST
623.0,623.0037111005518,3633.767399468784,5022.13185695158,218.4853548387097,439.3104553222656,220.825100483556,Interbedded_ST,Interbedded_ST
624.0,624.0037170573502,3632.7930666144553,5021.906744781814,218.4888064516129,439.6981506347656,221.20934418315272,Interbedded_ST,Interbedded_ST
625.0,625.0037230141481,3631.818733760127,5021.681632612049,218.4922580645161,440.08587646484375,221.59361840032764,Interbedded_ST,Interbedded_ST
626.0,626.0037289709461,3630.844400905799,5021.456520442283,218.49570967741937,440.47357177734375,221.9778620999244,Interbedded_ST,Interbedded_ST
627.0,627.0037349277445,3629.8700680514703,5021.231408272518,218.4991612903225,440.8612976074219,222.36213631709933,Interbedded_ST,Interbedded_ST
628.0,628.0037408845425,3628.895735197142,5021.0062961027525,218.5026129032258,441.2489929199219,222.7463800166961,Interbedded_ST,Interbedded_ST
629.0,629.0037468413404,3627.921402342814,5020.781183932987,218.50606451612904,441.63671875,223.13065423387096,Interbedded_ST,Interbedded_ST
630.0,630.0037527981384,3626.947069488632,5020.556071762588,218.50951612903228,442.0244140625,223.5148979334677,Interbedded_ST,Interbedded_ST
631.0,631.0037587549365,3625.972736634572,5020.330959591663,218.51296774193548,442.4121398925781,223.89917215064264,Interbedded_ST,Interbedded_ST
632.0,632.0037647117341,3624.998403780512,5020.1058474207375,218.51641935483872,442.7998352050781,224.2834158502394,Interbedded_ST,Interbedded_ST
633.0,633.0037706685326,3624.0240709264513,5019.8807352498125,218.51987096774195,443.01373291015625,224.4938619424143,Interbedded_ST,Interbedded_ST
634.0,634.0037766253307,3623.049738072391,5019.655623078887,218.5233225806452,442.8049011230469,224.2815785424017,Interbedded_ST,Interbedded_ST
635.0,635.0037825821288,3622.0754052183306,5019.430510907962,218.5267741935484,442.5960693359375,224.0692951423891,Interbedded_ST,Interbedded_ST
636.0,636.0037885389269,3621.1010723642703,5019.205398737037,218.53022580645165,442.3872680664063,223.8570422599546,Interbedded_ST,Interbedded_ST
637.0,637.003794495725,3620.12673951021,5018.980286566112,218.5336774193549,442.1784362792969,223.644758859942,Interbedded_ST,Interbedded_ST
638.0,638.0038004525227,3619.152406656104,5018.755174395385,218.5371290322581,441.9696044921875,223.4324754599294,Interbedded_ST,Interbedded_ST
639.0,639.0038064093211,3618.178073801775,5018.530062225622,218.5405806451613,441.76080322265625,223.22022257749487,Interbedded_ST,Interbedded_ST
640.0,640.0038123661184,3617.203740947448,5018.304950055857,218.54403225806453,441.5519714355469,223.0079391774824,Interbedded_ST,Interbedded_ST
641.0,641.0038183229173,3616.229408093118,5018.079837886094,218.5474838709677,441.3431396484375,222.7956557774698,Interbedded_ST,Interbedded_ST
642.0,642.0038242797159,3615.255075238789,5017.854725716329,218.55093548387097,441.1343383789063,222.58340289503528,Interbedded_ST,Interbedded_ST
643.0,643.0038302365134,3614.2807423844606,5017.629613546565,218.5543870967742,440.9255065917969,222.37111949502267,Interbedded_ST,Interbedded_ST
644.0,644.0038361933114,3613.306409530132,5017.404501376802,218.55783870967744,441.3627624511719,222.80492374149443,Interbedded_ST,Interbedded_ST
645.0,645.0038421501096,3612.3320766758034,5017.179389207037,218.56129032258065,441.97796630859375,223.4166759860131,Interbedded_ST,Interbedded_ST
646.0,646.003848106908,3611.3577438214734,5016.954277037274,218.56474193548388,442.59320068359375,224.02845874810987,Interbedded_ST,Interbedded_ST
647.0,647.0038540637055,3610.383410967146,5016.72916486751,218.56819354838711,443.20843505859375,224.64024151020664,Interbedded_ST,Interbedded_ST
648.0,648.0038600205037,3609.4090781128175,5016.5040526977455,218.57164516129032,443.8236389160156,225.2519937547253,Interbedded_ST,Interbedded_ST
649.0,649.0038659773016,3608.434745258489,5016.278940527982,218.57509677419355,444.4388732910156,225.86377651682207,Interbedded_ST,Interbedded_ST
650.0,650.0038719341001,3607.46041240416,5016.053828358218,218.5785483870968,444.9595947265625,226.3810463394657,Interbedded_ST,Interbedded_ST
651.0,651.0038778908973,3606.486079549832,5015.828716188454,218.582,445.3958740234375,226.8138740234375,Interbedded_ST,Interbedded_ST
652.0,652.0038838476958,3605.511746695503,5015.60360401869,218.58545161290323,445.8321228027344,227.24667118983115,Interbedded_ST,Interbedded_ST
653.0,653.0038898044944,3604.537413841174,5015.3784918489255,218.5889032258065,446.2684020996094,227.67949887380288,Interbedded_ST,Interbedded_ST
654.0,654.0038957612928,3603.563080986845,5015.153379679162,218.5923548387097,446.7046508789063,228.11229604019653,Interbedded_ST,Interbedded_ST
655.0,655.0039017180901,3602.588748132517,5014.928267509397,218.5958064516129,447.1408996582031,228.54509320659025,Interbedded_ST,Interbedded_ST
656.0,656.0039076748881,3601.614415278189,5014.703155339632,218.5992580645161,447.5771789550781,228.977920890562,Interbedded_ST,Interbedded_ST
657.0,657.0039136316865,3600.6400824238603,5014.478043169866,218.60270967741937,448.013427734375,229.41071805695563,Interbedded_ST,Interbedded_ST
658.0,658.0039195884845,3599.665749569532,5014.252931000101,218.6061612903225,448.44970703125,229.84354574092745,Interbedded_ST,Interbedded_ST
659.0,659.0039255452822,3598.691416715204,5014.027818830336,218.6096129032258,448.8859558105469,230.27634290732107,Interbedded_ST,Interbedded_ST
660.0,660.0039315020804,3597.717083860876,5013.80270666057,218.61306451612904,449.32220458984375,230.7091400737147,Interbedded_ST,Interbedded_ST
661.0,661.0039374588779,3596.742751006548,5013.577594490805,218.61651612903228,449.7584838867188,231.14196775768647,Interbedded_ST,Interbedded_ST
662.0,662.0039434156768,3595.768418152219,5013.352482321039,218.61996774193548,450.1947326660156,231.5747649240801,Interbedded_ST,Interbedded_ST
663.0,663.0039493724745,3594.794085297892,5013.127370151271,218.62341935483872,450.6310119628906,232.0075926080519,Interbedded_ST,Interbedded_ST
664.0,664.0039553292728,3593.819752443575,5012.902257981455,218.62687096774195,451.09716796875,232.47029700100805,Interbedded_ST,Interbedded_ST
665.0,665.0039612860709,3592.8454195892587,5012.677145811637,218.6303225806452,451.727294921875,233.0969723412298,Interbedded_ST,Interbedded_ST
666.0,666.0039672428688,3591.8710867349423,5012.452033641821,218.6337741935484,452.3574523925781,233.7236781990297,Interbedded_ST,Interbedded_ST
667.0,667.0039731996676,3590.896753880625,5012.2269214720045,218.6372258064516,453.033203125,234.3959773185484,Interbedded_ST,Interbedded_ST
668.0,668.0039791564652,3589.922421026309,5012.001809302187,218.6406774193549,453.7229919433594,235.0823145240045,Interbedded_ST,Interbedded_ST
669.0,669.0039851132632,3588.948088171993,5011.776697132371,218.6441290322581,454.4128112792969,235.7686822470388,Interbedded_ST,Interbedded_ST
670.0,670.0039910700613,3587.9737553176765,5011.5515849625535,218.6475806451613,455.10260009765625,236.45501945249487,Interbedded_ST,Interbedded_ST
671.0,671.0039970268592,3586.99942246336,5011.326472792737,218.65103225806453,455.79241943359375,237.1413871755292,Interbedded_ST,Interbedded_ST
672.0,672.0040029836574,3586.0250896092066,5011.101360622215,218.6544838709677,456.4822082519531,237.82772438098544,Interbedded_ST,Interbedded_ST
673.0,673.0040089404555,3585.050756755134,5010.876248451343,218.65793548387097,457.1719970703125,238.5140615864416,Interbedded_ST,Interbedded_ST
674.0,674.0040148972536,3584.0764239010614,5010.65113628047,218.6613870967742,457.86181640625,239.2004293094758,Interbedded_ST,Interbedded_ST
675.0,675.0040208540516,3583.102091046989,5010.426024109598,218.66483870967744,458.5516052246094,239.886766514932,Interbedded_ST,Interbedded_ST
676.0,676.0040268108497,3582.127758192916,5010.200911938726,218.66829032258065,459.2414245605469,240.57313423796623,Interbedded_ST,Interbedded_ST
677.0,677.0040327676475,3581.153425338844,5009.9757997678535,218.67174193548388,459.9402465820313,241.26850464654737,Interbedded_ST,Interbedded_ST
678.0,678.0040387244455,3580.1790924847714,5009.750687596981,218.6751935483871,460.6524353027344,241.9772417543473,Interbedded_ST,Interbedded_ST
679.0,679.0040446812436,3579.204759630699,5009.525575426109,218.67864516129032,461.3645935058594,242.68594834456903,Interbedded_ST,Interbedded_ST
680.0,680.0040506380419,3578.230426776551,5009.30046325556,218.68209677419355,462.0767517089844,243.3946549347908,Interbedded_ST,Interbedded_ST
681.0,681.0040565948399,3577.2560939222226,5009.075351085797,218.6855483870968,462.7889099121094,244.1033615250126,Interbedded_ST,Interbedded_ST
682.0,682.0040625516378,3576.281761067894,5008.850238916033,218.689,463.5010681152344,244.8120681152344,Interbedded_ST,Interbedded_ST
683.0,683.004068508436,3575.3074282135653,5008.6251267462685,218.69245161290323,464.2126770019531,245.5202253890499,Interbedded_ST,Interbedded_ST
684.0,684.004074465234,3574.3330953592367,5008.400014576505,218.6959032258065,464.9253845214844,246.22948129567789,Interbedded_ST,Interbedded_ST
685.0,685.0040804220322,3573.358762504908,5008.17490240674,218.6993548387097,465.6883544921875,246.9889996534778,Interbedded_ST,Interbedded_ST
686.0,686.0040863788302,3572.3844296505795,5007.949790236977,218.7028064516129,466.4974670410156,247.79466058940272,Interbedded_ST,Interbedded_ST
687.0,687.0040923356281,3571.410096796251,5007.724678067213,218.7062580645161,467.30657958984375,248.60032152532764,Interbedded_ST,Interbedded_ST
688.0,688.0040982924263,3570.4357639419222,5007.4995658974485,218.70970967741937,468.1156921386719,249.4059824612525,Interbedded_ST,Interbedded_ST
689.0,689.0041042492243,3569.4614310875936,5007.274453727685,218.7131612903226,468.9248046875,250.2116433971774,Interbedded_ST,Interbedded_ST
690.0,690.0041102060222,3568.487098233265,5007.049341557921,218.7166129032258,469.7339172363281,251.01730433310232,Interbedded_ST,Interbedded_ST
691.0,691.0041161628204,3567.5127653789364,5006.824229388157,218.72006451612904,470.54302978515625,251.8229652690272,Interbedded_ST,Interbedded_ST
692.0,692.0041221196179,3566.538432524608,5006.599117218393,218.72351612903228,471.3521118164063,252.628595687374,Interbedded_ST,Interbedded_ST
693.0,693.0041280764166,3565.564099670279,5006.3740050486285,218.72696774193548,472.1612243652344,253.4342566232989,Interbedded_ST,Interbedded_ST
694.0,694.0041340332145,3564.5897668159505,5006.148892878865,218.73041935483872,472.9703369140625,254.23991755922376,Interbedded_ST,Interbedded_ST
695.0,695.0041399900125,3563.615433961622,5005.923780709101,218.73387096774195,473.7794494628906,255.04557849514867,Interbedded_ST,Interbedded_ST
696.0,696.0041459468107,3562.6411011072933,5005.698668539337,218.7373225806452,474.5885620117188,255.8512394310736,Interbedded_ST,Interbedded_ST
697.0,697.0041519036082,3561.6667682529683,5005.473556369559,218.7407741935484,475.3976745605469,256.65690036699846,Interbedded_ST,Interbedded_ST
698.0,698.0041578604067,3560.6924353986456,5005.248444199768,218.7442258064516,476.206787109375,257.4625613029234,Interbedded_ST,Interbedded_ST
699.0,699.0041638172042,3559.718102544324,5005.023332029977,218.7476774193549,477.015869140625,258.2681917212701,Interbedded_ST,Interbedded_ST
700.0,700.0041697740031,3558.7437696900006,5004.798219860186,218.7511290322581,477.8108215332031,259.05969250094506,Interbedded_ST,Interbedded_ST
701.0,701.0041757308011,3557.7694368356783,5004.573107690395,218.7545806451613,478.5602722167969,259.8056915716356,Interbedded_ST,Interbedded_ST
702.0,702.004181687599,3556.795103981356,5004.347995520604,218.75803225806453,479.3097229003906,260.5516906423261,Interbedded_ST,Interbedded_ST
703.0,703.0041876443972,3555.8207711270334,5004.122883350814,218.7614838709677,480.0591735839844,261.29768971301667,Interbedded_ST,Interbedded_ST
704.0,704.0041936011952,3554.846438272711,5003.897771181023,218.76493548387097,480.8086242675781,262.0436887837071,Interbedded_ST,Interbedded_ST
705.0,705.0041995579932,3553.872105418388,5003.672659011236,218.7683870967742,481.5580749511719,262.7896878543977,Interbedded_ST,Interbedded_ST
706.0,706.0042055147911,3552.89777256406,5003.44754684147,218.77183870967744,482.2208862304688,263.4490475207913,Interbedded_ST,Interbedded_ST
707.0,707.0042114715895,3551.923439709731,5003.222434671705,218.77529032258064,482.8733825683594,264.0980922457788,Interbedded_ST,Interbedded_ST
708.0,708.0042174283875,3550.949106855403,5002.997322501939,218.77874193548388,483.5259094238281,264.74716748834425,Interbedded_ST,Interbedded_ST
709.0,709.0042233851855,3549.974774001075,5002.772210332174,218.7821935483871,484.1784362792969,265.39624273090976,Interbedded_ST,Interbedded_ST
710.0,710.0042293419834,3549.0004411467467,5002.5470981624085,218.78564516129032,484.8309326171875,266.0452874558972,Interbedded_ST,Interbedded_ST
711.0,711.0042352987819,3548.026108292418,5002.321985992643,218.78909677419355,485.48345947265625,266.69436269846267,Interbedded_ST,Interbedded_ST
712.0,712.0042412555798,3547.05177543809,5002.096873822878,218.7925483870968,486.135986328125,267.34343794102824,Interbedded_ST,Interbedded_ST
713.0,713.0042472123778,3546.0774425837617,5001.871761653112,218.796,486.7884826660156,267.99248266601563,Interbedded_ST,Interbedded_ST
714.0,714.0042531691757,3545.1031097296354,5001.646649482473,218.79945161290323,487.4410095214844,268.64155790858115,Interbedded_ST,Interbedded_ST
715.0,715.0042591259738,3544.128776875563,5001.4215373116,218.8029032258065,488.0935363769531,269.2906331511466,Interbedded_ST,Interbedded_ST
716.0,716.0042650827719,3543.1544440214902,5001.196425140728,218.8063548387097,488.74603271484375,269.93967787613406,Interbedded_ST,Interbedded_ST
717.0,717.00427103957,3542.1801111674176,5000.971312969856,218.8098064516129,489.3985595703125,270.58875311869963,Interbedded_ST,Interbedded_ST
718.0,718.004276996368,3541.205778313345,5000.746200798983,218.81325806451613,490.0510864257813,271.2378283612651,Interbedded_ST,Interbedded_ST
719.0,719.0042829531661,3540.2314454592724,5000.521088628111,218.81670967741937,490.7035827636719,271.88687308625254,Interbedded_ST,Interbedded_ST
720.0,720.0042889099642,3539.2571126052,5000.295976457239,218.8201612903226,491.3561096191406,272.535948328818,Interbedded_ST,Interbedded_ST
721.0,721.0042948667613,3538.282779751128,5000.070864286367,218.8236129032258,492.0086364746094,273.1850235713836,Interbedded_ST,Interbedded_ST
722.0,722.0043008235601,3537.308446896949,4999.845752115953,218.82706451612904,492.6611328125,273.83406829637096,Interbedded_ST,Interbedded_ST
723.0,723.0043067803581,3536.3341140426205,4999.620639946189,218.83051612903228,493.3136596679688,274.4831435389365,Interbedded_ST,Interbedded_ST
724.0,724.0043127371563,3535.359781188292,4999.395527776424,218.83396774193548,493.9661865234375,275.13221878150205,Interbedded_ST,Interbedded_ST
725.0,725.0043186939538,3534.385448333964,4999.170415606661,218.83741935483872,494.6186828613281,275.7812635064894,Interbedded_ST,Interbedded_ST
726.0,726.0043246507527,3533.411115479634,4998.945303436897,218.84087096774195,495.2583923339844,276.41752136624245,Interbedded_ST,Interbedded_ST
727.0,727.0043306075504,3532.436782625306,4998.720191267133,218.8443225806452,495.8624267578125,277.0181041771673,Interbedded_ST,Interbedded_ST
728.0,728.0043365643484,3531.4624497709774,4998.495079097369,218.8477741935484,496.4664611816406,277.61868698809224,Interbedded_ST,Interbedded_ST
729.0,729.0043425211463,3530.488116916649,4998.269966927605,218.8512258064516,497.0704956054688,278.2192697990172,Interbedded_ST,Interbedded_ST
730.0,730.0043484779445,3529.5137840623206,4998.044854757839,218.85467741935489,497.6745300292969,278.819852609942,Interbedded_ST,Interbedded_ST
731.0,731.0043544347428,3528.539451208004,4997.819742588023,218.8581290322581,498.2785949707031,279.42046593844503,Interbedded_ST,Interbedded_ST
732.0,732.0043603915409,3527.5651183536875,4997.594630418205,218.8615806451613,498.8826293945313,280.0210487493699,Interbedded_ST,Interbedded_ST
733.0,733.0043663483389,3526.590785499371,4997.369518248389,218.86503225806453,499.4866638183594,280.6216315602949,Interbedded_ST,Interbedded_ST
734.0,734.0043723051369,3525.616452645055,4997.144406078572,218.8684838709677,500.04827880859375,281.17979493762607,Interbedded_ST,Interbedded_ST
735.0,735.0043782619349,3524.6421197907384,4996.919293908755,218.87193548387097,500.5926513671875,281.72071588331653,Interbedded_ST,Interbedded_ST
736.0,736.0043842187329,3523.667786936422,4996.694181738939,218.8753870967742,501.1370239257813,282.26163682900705,Interbedded_ST,Interbedded_ST
737.0,737.0043901755314,3522.6934540821053,4996.4690695691215,218.87883870967744,501.6814270019531,282.8025882922757,Interbedded_ST,Interbedded_ST
738.0,738.0043961323294,3521.719121227789,4996.243957399305,218.88229032258064,502.2257995605469,283.34350923796626,Interbedded_ST,Interbedded_ST
739.0,739.0044020891272,3520.744788373465,4996.018845229522,218.88574193548388,502.7701721191406,283.8844301836567,Interbedded_ST,Interbedded_ST
740.0,740.0044080459261,3519.770455519136,4995.793733059757,218.8891935483871,503.3145751953125,284.4253816469254,Interbedded_ST,Interbedded_ST
741.0,741.0044140027234,3518.796122664808,4995.568620889992,218.89264516129032,503.8589477539063,284.96630259261593,Interbedded_ST,Interbedded_ST
742.0,742.0044199595216,3517.82178981048,4995.343508720226,218.89609677419355,504.4033203125,285.50722353830645,Interbedded_ST,Interbedded_ST
743.0,743.0044259163191,3516.847456956152,4995.118396550461,218.8995483870968,504.9477233886719,286.0481750015751,Interbedded_ST,Interbedded_ST
744.0,744.004431873117,3515.873124101824,4994.893284380695,218.903,505.4920959472656,286.5890959472656,Interbedded_ST,Interbedded_ST
745.0,745.0044378299159,3514.898791247495,4994.66817221093,218.90645161290325,506.0364685058594,287.1300168929561,Interbedded_ST,Interbedded_ST
746.0,746.0044437867141,3513.924458393167,4994.443060041163,218.9099032258065,506.5808715820313,287.6709683562248,Interbedded_ST,Interbedded_ST
747.0,747.0044497435118,3512.9501255388386,4994.217947871399,218.9133548387097,507.125244140625,288.21188930191533,Interbedded_ST,Interbedded_ST
748.0,748.0044557003098,3511.97579268451,4993.992835701635,218.9168064516129,507.6696166992188,288.75281024760585,Interbedded_ST,Interbedded_ST
749.0,749.004461657108,3511.0014598301814,4993.767723531871,218.92025806451613,508.2140197753906,289.2937617108745,Interbedded_ST,Interbedded_ST
750.0,750.004467613906,3510.0271269758528,4993.542611362107,218.92370967741937,508.7583923339844,289.834682656565,Interbedded_ST,Interbedded_ST
751.0,751.0044735707041,3509.052794121524,4993.317499192342,218.9271612903226,509.07666015625,290.1494988659274,Interbedded_ST,Interbedded_ST
752.0,752.0044795275021,3508.0784612671955,4993.092387022579,218.9306129032258,509.3824157714844,290.4518028682586,Interbedded_ST,Interbedded_ST
753.0,753.0044854843001,3507.104128412867,4992.867274852815,218.93406451612904,509.6882019042969,290.7541373881678,Interbedded_ST,Interbedded_ST
754.0,754.0044914410983,3506.1297955585383,4992.642162683051,218.93751612903228,509.9939575195313,291.056441390499,Interbedded_ST,Interbedded_ST
755.0,755.0044973978962,3505.1554627042096,4992.417050513287,218.94096774193548,510.2997131347656,291.35874539283014,Interbedded_ST,Interbedded_ST
756.0,756.0045033546942,3504.1811298501143,4992.191938342514,218.94441935483871,510.6054992675781,291.6610799127394,Interbedded_ST,Interbedded_ST
757.0,757.0045093114923,3503.2067969960417,4991.9668261716415,218.94787096774195,510.9112548828125,291.9633839150705,Interbedded_ST,Interbedded_ST
758.0,758.0045152682903,3502.232464141969,4991.741714000769,218.9513225806452,511.217041015625,292.2657184349798,Interbedded_ST,Interbedded_ST
759.0,759.0045212250884,3501.2581312878965,4991.516601829897,218.9547741935484,511.5227966308594,292.568022437311,Interbedded_ST,Interbedded_ST
760.0,760.0045271818865,3500.283798433824,4991.291489659025,218.9582258064516,511.82855224609375,292.87032643964216,Interbedded_ST,Interbedded_ST
761.0,761.0045331386842,3499.309465579752,4991.066377488152,218.96167741935488,512.1343383789062,293.17266095955137,Interbedded_ST,Interbedded_ST
762.0,762.0045390954828,3498.3351327256787,4990.84126531728,218.9651290322581,512.4401245117188,293.47499547946063,Interbedded_ST,Interbedded_ST
763.0,763.0045450522805,3497.3607998716066,4990.616153146408,218.9685806451613,512.745849609375,293.7772689642137,Interbedded_ST,Interbedded_ST
764.0,764.0045510090788,3496.3864670174034,4990.391040976099,218.97203225806453,513.0516357421875,294.07960348412297,Interbedded_ST,Interbedded_ST
765.0,765.0045569658768,3495.412134163087,4990.165928806283,218.97548387096776,513.357421875,294.38193800403224,Interbedded_ST,Interbedded_ST
766.0,766.0045629226751,3494.4378013087703,4989.9408166364665,218.97893548387097,513.6631469726562,294.6842114887853,Interbedded_ST,Interbedded_ST
767.0,767.0045688794731,3493.463468454454,4989.715704466649,218.9823870967742,514.0424194335938,295.0600323368195,Interbedded_ST,Interbedded_ST
768.0,768.0045748362711,3492.4891356001376,4989.490592296833,218.98583870967744,513.9733276367188,294.98748892704134,Interbedded_ST,Interbedded_ST
769.0,769.0045807930691,3491.5148027458213,4989.265480127016,218.98929032258064,513.93603515625,294.94674483366936,Interbedded_ST,Interbedded_ST
770.0,770.0045867498671,3490.540469891505,4989.040367957199,218.99274193548388,513.8987426757812,294.9060007402974,Interbedded_ST,Interbedded_ST
771.0,771.0045927066654,3489.566137037188,4988.815255787383,218.9961935483871,513.8614501953125,294.8652566469254,Interbedded_ST,Interbedded_ST
772.0,772.0045986634631,3488.59180418287,4988.590143617575,218.99964516129032,513.8241577148438,294.8245125535534,Interbedded_ST,Interbedded_ST
773.0,773.0046046202615,3487.6174713285413,4988.36503144781,219.00309677419355,513.786865234375,294.7837684601815,Interbedded_ST,Interbedded_ST
774.0,774.0046105770595,3486.6431384742127,4988.139919278046,219.0065483870968,513.7495727539062,294.74302436680944,Interbedded_ST,Interbedded_ST
775.0,775.0046165338576,3485.668805619884,4987.914807108282,219.01,513.7122802734375,294.7022802734375,Interbedded_ST,Interbedded_ST
776.0,776.0046224906556,3484.6944727655555,4987.689694938518,219.0134516129032,513.6749877929688,294.6615361800656,Interbedded_ST,Interbedded_ST
777.0,777.0046284474536,3483.720139911227,4987.464582768755,219.0169032258065,513.6376953125,294.62079208669354,Interbedded_ST,Interbedded_ST
778.0,778.0046344042518,3482.7458070568982,4987.23947059899,219.0203548387097,513.6004028320312,294.5800479933216,Interbedded_ST,Interbedded_ST
779.0,779.0046403610497,3481.7714742025696,4987.014358429226,219.0238064516129,513.5631103515625,294.5393038999496,Interbedded_ST,Interbedded_ST
780.0,780.0046463178477,3480.797141348241,4986.789246259463,219.02725806451613,513.5258178710938,294.49855980657765,Interbedded_ST,Interbedded_ST
781.0,781.0046522746461,3479.8228084939124,4986.564134089697,219.03070967741937,513.488525390625,294.4578157132056,Interbedded_ST,Interbedded_ST
782.0,782.0046582314441,3478.848475639584,4986.339021919932,219.0341612903226,513.4512329101562,294.4170716198337,Interbedded_ST,Interbedded_ST
783.0,783.004664188242,3477.874142785256,4986.113909750166,219.0376129032258,513.4139404296875,294.3763275264617,Interbedded_ST,Interbedded_ST
784.0,784.00467014504,3476.899809930928,4985.888797580401,219.04106451612904,513.3766479492188,294.3355834330897,Interbedded_ST,Interbedded_ST
785.0,785.0046761018373,3475.9254770766,4985.663685410636,219.04451612903227,513.33935546875,294.2948393397177,Interbedded_ST,Interbedded_ST
786.0,786.0046820586364,3474.951144222271,4985.43857324087,219.04796774193548,513.3020629882812,294.25409524634574,Interbedded_ST,Interbedded_ST
787.0,787.0046880154343,3473.976811367943,4985.213461071105,219.0514193548387,513.2647705078125,294.2133511529738,Interbedded_ST,Interbedded_ST
788.0,788.0046939722323,3473.0024785136147,4984.988348901339,219.05487096774195,513.0642700195312,294.0093990517893,Interbedded_ST,Interbedded_ST
789.0,789.0046999290307,3472.028145659286,4984.763236731574,219.0583225806452,512.5906982421875,293.5323756615423,Interbedded_ST,Interbedded_ST
790.0,790.0047058858291,3471.053812804957,4984.53812456181,219.0617741935484,512.1171875,293.0554133064516,Interbedded_ST,Interbedded_ST
791.0,791.0047118426269,3470.079479950629,4984.3130123920455,219.0652258064516,511.64361572265625,292.5783899162046,Interbedded_ST,Interbedded_ST
792.0,792.0047177994253,3469.1051470963,4984.087900222282,219.06867741935488,511.1700744628906,292.1013970435357,Interbedded_ST,Interbedded_ST
793.0,793.0047237562225,3468.130814241972,4983.862788052518,219.0721290322581,510.696533203125,291.6244041708669,Interbedded_ST,Interbedded_ST
794.0,794.0047297130211,3467.156481387643,4983.637675882754,219.0755806451613,510.2229919433594,291.1474112981981,Interbedded_ST,Interbedded_ST
795.0,795.0047356698191,3466.1821485333144,4983.41256371299,219.07903225806453,509.7494201660156,290.67038790795107,Interbedded_ST,Interbedded_ST
796.0,796.004741626617,3465.2078156789858,4983.187451543226,219.08248387096776,509.27587890625,290.19339503528226,Interbedded_ST,Interbedded_ST
797.0,797.0047475834152,3464.2334828246658,4982.962339373425,219.08593548387097,508.8023376464844,289.7164021626134,Interbedded_ST,Interbedded_ST
798.0,798.0047535402135,3463.259149970605,4982.7372272025,219.0893870967742,508.3287963867188,289.23940928994455,Interbedded_ST,Interbedded_ST
799.0,799.0047594970112,3462.284817116545,4982.512115031575,219.09283870967744,507.8552551269531,288.7624164172757,Interbedded_ST,Interbedded_ST
800.0,800.0047654538093,3461.310484262485,4982.287002860649,219.09629032258064,507.3816833496094,288.2853930270287,Interbedded_ST,Interbedded_ST
801.0,801.0047714106074,3460.3361514084245,4982.061890689724,219.09974193548388,506.90814208984375,287.8084001543599,Interbedded_ST,Interbedded_ST
802.0,802.0047773674055,3459.361818554364,4981.836778518799,219.1031935483871,506.4346008300781,287.331407281691,Interbedded_ST,Interbedded_ST
803.0,803.0047833242036,3458.387485700304,4981.611666347874,219.10664516129032,505.9610595703125,286.8544144090222,Interbedded_ST,Interbedded_ST
804.0,804.0047892810016,3457.4131528462435,4981.386554176949,219.11009677419355,505.4874877929688,286.3773910187752,Interbedded_ST,Interbedded_ST
805.0,805.0047952377997,3456.438819992183,4981.161442006024,219.1135483870968,505.0139465332031,285.90039814610634,Interbedded_ST,Interbedded_ST
806.0,806.0048011945977,3455.464487137947,4980.936329835861,219.117,504.5404052734375,285.42340527343754,Interbedded_ST,Interbedded_ST
807.0,807.0048071513959,3454.4901542836183,4980.711217666097,219.1204516129032,504.0668640136719,284.9464124007687,Interbedded_ST,Interbedded_ST
808.0,808.0048131081938,3453.5158214292896,4980.486105496333,219.1239032258065,503.5933227539063,284.46941952809976,Interbedded_ST,Interbedded_ST
809.0,809.0048190649918,3452.541488574961,4980.260993326569,219.1273548387097,503.0476379394531,283.9202831007434,Interbedded_ST,Interbedded_ST
810.0,810.00482502179,3451.5671557206324,4980.035881156805,219.1308064516129,502.4771423339844,283.3463358823715,Interbedded_ST,Interbedded_ST
811.0,811.004830978588,3450.592822866304,4979.810768987041,219.13425806451613,501.9066467285156,282.7723886639995,Interbedded_ST,Interbedded_ST
812.0,812.0048369353859,3449.618490011975,4979.585656817278,219.13770967741937,501.3361511230469,282.1984414456275,Interbedded_ST,Interbedded_ST
813.0,813.0048428921841,3448.6441571576465,4979.360544647513,219.1411612903226,500.7656555175781,281.6244942272555,Interbedded_ST,Interbedded_ST
814.0,814.0048488489821,3447.669824303318,4979.135432477749,219.1446129032258,500.1951599121094,281.05054700888354,Interbedded_ST,Interbedded_ST
815.0,815.0048548057803,3446.6954914489893,4978.910320307985,219.14806451612904,499.6246643066406,280.4765997905116,Interbedded_ST,Interbedded_ST
816.0,816.0048607625782,3445.7211585946607,4978.685208138221,219.15151612903227,499.0541687011719,279.9026525721396,Interbedded_ST,Interbedded_ST
817.0,817.0048667193762,3444.746825740332,4978.460095968458,219.15496774193548,498.4836730957031,279.32870535376765,Interbedded_ST,Interbedded_ST
818.0,818.0048726761748,3443.772492886003,4978.234983798693,219.1584193548387,497.9131774902344,278.75475813539566,Interbedded_ST,Interbedded_ST
819.0,819.0048786329728,3442.7981600316743,4978.009871628929,219.16187096774195,497.34271240234375,278.1808414346018,Interbedded_ST,Interbedded_ST
820.0,820.0048845897708,3441.8238271773457,4977.784759459166,219.1653225806452,496.772216796875,277.60689421622976,Interbedded_ST,Interbedded_ST
821.0,821.004890546569,3440.849494323017,4977.559647289401,219.1687741935484,496.2017211914063,277.03294699785783,Interbedded_ST,Interbedded_ST
822.0,822.0048965033669,3439.8751614686885,4977.334535119638,219.1722258064516,495.6312255859375,276.4589997794859,Interbedded_ST,Interbedded_ST
823.0,823.0049024601649,3438.9008286143603,4977.109422949872,219.17567741935488,495.0607299804688,275.88505256111387,Interbedded_ST,Interbedded_ST
824.0,824.0049084169628,3437.926495760032,4976.884310780107,219.1791290322581,494.490234375,275.31110534274194,Interbedded_ST,Interbedded_ST
825.0,825.0049143737608,3436.952162905704,4976.659198610341,219.1825806451613,493.9197387695313,274.73715812437,Interbedded_ST,Interbedded_ST
826.0,826.0049203305588,3435.977830051376,4976.434086440576,219.18603225806453,493.3492431640625,274.163210905998,Interbedded_ST,Interbedded_ST
827.0,827.0049262873572,3435.003497197047,4976.20897427081,219.18948387096776,492.77874755859375,273.589263687626,Interbedded_ST,Interbedded_ST
828.0,828.0049322441552,3434.029164342719,4975.983862101045,219.19293548387097,492.208251953125,273.015316469254,Interbedded_ST,Interbedded_ST
829.0,829.0049382009531,3433.054831488391,4975.758749931279,219.1963870967742,491.6432800292969,272.4468929325227,Interbedded_ST,Interbedded_ST
830.0,830.0049441577511,3432.0804986340627,4975.533637761514,219.19983870967744,491.1212463378906,271.9214076282132,Interbedded_ST,Interbedded_ST
831.0,831.0049501145493,3431.106165779734,4975.3085255917495,219.20329032258064,490.5992126464844,271.39592232390373,Interbedded_ST,Interbedded_ST
832.0,832.0049560713479,3430.131832925405,4975.083413421985,219.20674193548388,490.07720947265625,270.8704675371724,Interbedded_ST,Interbedded_ST
833.0,833.0049620281454,3429.157500071077,4974.858301252221,219.2101935483871,489.55517578125,270.3449822328629,Interbedded_ST,Interbedded_ST
834.0,834.0049679849436,3428.183167216748,4974.633189082457,219.2136451612904,489.03314208984375,269.8194969285533,Interbedded_ST,Interbedded_ST
835.0,835.0049739417411,3427.20883436242,4974.408076912693,219.21709677419355,488.5111083984375,269.2940116242439,Interbedded_ST,Interbedded_ST
836.0,836.0049798985395,3426.234501508091,4974.1829647429295,219.2205483870968,487.9890747070313,268.76852631993444,Interbedded_ST,Interbedded_ST
837.0,837.0049858553377,3425.2601686537623,4973.957852573165,219.224,487.4670715332031,268.24307153320314,Interbedded_ST,Interbedded_ST
838.0,838.0049918121357,3424.2858357994337,4973.732740403401,219.2274516129032,486.9450378417969,267.71758622889365,Interbedded_ST,Interbedded_ST
839.0,839.004997768934,3423.311502945146,4973.507628233459,219.2309032258065,486.4230041503906,267.1921009245841,Interbedded_ST,Interbedded_ST
840.0,840.0050037257321,3422.3371700910857,4973.282516062534,219.2343548387097,485.9009704589844,266.6666156202747,Interbedded_ST,Interbedded_ST
841.0,841.0050096825302,3421.3628372370254,4973.057403891609,219.2378064516129,485.3789367675781,266.14113031596526,Interbedded_ST,Interbedded_ST
842.0,842.0050156393282,3420.388504382965,4972.832291720684,219.24125806451613,484.85693359375,265.61567552923384,Interbedded_ST,Interbedded_ST
843.0,843.0050215961263,3419.4141715289047,4972.607179549759,219.24470967741937,484.33489990234375,265.0901902249244,Interbedded_ST,Interbedded_ST
844.0,844.0050275529244,3418.4398386748444,4972.382067378834,219.2481612903226,483.8128662109375,264.5647049206149,Interbedded_ST,Interbedded_ST
845.0,845.0050335097225,3417.465505820784,4972.156955207909,219.2516129032258,483.2908325195313,264.03921961630545,Interbedded_ST,Interbedded_ST
846.0,846.0050394665203,3416.491172966724,4971.931843036983,219.25506451612904,482.768798828125,263.513734311996,Interbedded_ST,Interbedded_ST
847.0,847.0050454233188,3415.5168401126634,4971.706730866058,219.25851612903227,482.2467956542969,262.9882795252646,Interbedded_ST,Interbedded_ST
848.0,848.0050513801169,3414.5425072583944,4971.481618696036,219.26196774193548,481.7247619628906,262.4627942209552,Interbedded_ST,Interbedded_ST
849.0,849.0050573369149,3413.5681744040658,4971.2565065262725,219.2654193548387,481.2027282714844,261.93730891664563,Interbedded_ST,Interbedded_ST
850.0,850.0050632937131,3412.593841549737,4971.031394356508,219.26887096774195,480.2818603515625,261.0129893838206,Interbedded_ST,Interbedded_ST
851.0,851.005069250511,3411.6195086954085,4970.806282186744,219.2723225806452,478.935791015625,259.6634684349798,Interbedded_ST,Interbedded_ST
852.0,852.005075207309,3410.64517584108,4970.581170016981,219.2757741935484,477.5897521972656,258.31397800371724,Interbedded_ST,Interbedded_ST
853.0,853.0050811641067,3409.670842986752,4970.356057847216,219.2792258064516,476.2436828613281,256.96445705487656,Interbedded_ST,Interbedded_ST
854.0,854.0050871209056,3408.696510132422,4970.1309456774525,219.28267741935483,474.8976135253906,255.6149361060358,Interbedded_ST,Interbedded_ST
855.0,855.0050930777031,3407.722177278094,4969.905833507689,219.2861290322581,473.5515747070313,254.2654456747732,Interbedded_ST,Interbedded_ST
856.0,856.0050990345015,3406.7478444237654,4969.680721337923,219.2895806451613,472.19964599609375,252.91006535093248,Interbedded_ST,Interbedded_ST
857.0,857.0051049913,3405.773511569437,4969.455609168158,219.29303225806453,470.8424072265625,251.549374968498,Interbedded_ST,Interbedded_ST
858.0,858.0051109480975,3404.799178715109,4969.2304969983925,219.29648387096776,469.4851684570313,250.1886845860635,Interbedded_ST,Interbedded_ST
859.0,859.0051169048954,3403.824845860781,4969.005384828627,219.29993548387097,468.1279296875,248.82799420362903,Interbedded_ST,Interbedded_ST
860.0,860.0051228616934,3402.8505130064527,4968.780272658862,219.3033870967742,466.7706909179688,247.4673038211945,Interbedded_ST,Interbedded_ST
861.0,861.0051288184918,3401.876180152124,4968.555160489096,219.30683870967744,465.4134521484375,246.1066134387601,Interbedded_ST,Interbedded_ST
862.0,862.0051347752898,3400.901847297796,4968.330048319331,219.31029032258064,464.0562133789063,244.7459230563256,Interbedded_ST,Interbedded_ST
863.0,863.0051407320873,3399.927514443468,4968.104936149565,219.31374193548388,462.698974609375,243.38523267389112,Interbedded_ST,Interbedded_ST
864.0,864.0051466888852,3398.95318158914,4967.8798239798,219.3171935483871,461.3417053222656,242.0245117738785,Interbedded_ST,Interbedded_ST
865.0,865.0051526456837,3397.978848734811,4967.654711810036,219.3206451612904,459.9844665527344,240.663821391444,Interbedded_ST,Interbedded_ST
866.0,866.0051586024819,3397.0045158804824,4967.429599640272,219.32409677419355,458.6272277832031,239.3031310090096,Interbedded_ST,Interbedded_ST
867.0,867.0051645592798,3396.0301830261537,4967.204487470508,219.3275483870968,457.2699890136719,237.94244062657503,Interbedded_ST,Interbedded_ST
868.0,868.0051705160778,3395.055850171825,4966.979375300744,219.331,455.9127502441406,236.58175024414064,Interbedded_ST,Interbedded_ST
869.0,869.005176472876,3394.0815173174965,4966.75426313098,219.3344516129032,454.5555114746094,235.22105986170607,Interbedded_ST,Interbedded_ST
870.0,870.0051824296739,3393.107184463168,4966.529150961216,219.33790322580649,453.1982727050781,233.86036947927164,Interbedded_ST,Interbedded_ST
871.0,871.0051883864719,3392.1328516088392,4966.3040387914525,219.3413548387097,452.6688537597656,233.327498921056,Interbedded_ST,Interbedded_ST
872.0,872.0051943432701,3391.1585187545106,4966.078926621688,219.34480645161293,452.2810974121094,232.93629096049645,Interbedded_ST,Interbedded_ST
873.0,873.005200300068,3390.184185900182,4965.853814451924,219.34825806451613,451.893310546875,232.54505248235887,Interbedded_ST,Interbedded_ST
874.0,874.0052062568662,3389.2098530458534,4965.62870228216,219.35170967741936,451.5055236816406,232.1538140042213,Interbedded_ST,Interbedded_ST
875.0,875.0052122136642,3388.2355201915248,4965.403590112396,219.3551612903226,451.1007385253906,231.74557723506803,Interbedded_ST,Interbedded_ST
876.0,876.0052181704622,3387.261187337196,4965.1784779426325,219.3586129032258,450.6756896972656,231.31707679403985,Interbedded_ST,Interbedded_ST
877.0,877.0052241272604,3386.2868544828675,4964.953365772868,219.36206451612904,450.2506103515625,230.88854583543343,Interbedded_ST,Interbedded_ST
878.0,878.0052300840583,3385.312521628539,4964.728253603104,219.36551612903227,449.8255310058594,230.4600148768271,Interbedded_ST,Interbedded_ST
879.0,879.0052360408563,3384.3381887742103,4964.503141433341,219.36896774193548,449.40045166015625,230.0314839182208,Interbedded_ST,Interbedded_ST
880.0,880.0052419976545,3383.3638559198816,4964.278029263576,219.3724193548387,448.9753723144531,229.6029529596144,Interbedded_ST,Interbedded_ST
881.0,881.0052479544526,3382.3895230656267,4964.052917093493,219.37587096774195,448.55029296875,229.17442200100805,Interbedded_ST,Interbedded_ST
882.0,882.0052539112506,3381.4151902115664,4963.827804922568,219.3793225806452,448.1252136230469,228.74589104240167,Interbedded_ST,Interbedded_ST
883.0,883.0052598680487,3380.440857357506,4963.602692751643,219.3827741935484,447.70013427734375,228.3173600837953,Interbedded_ST,Interbedded_ST
884.0,884.0052658248472,3379.4665245034453,4963.377580580718,219.3862258064516,447.2750854492188,227.8888596427672,Interbedded_ST,Interbedded_ST
885.0,885.0052717816453,3378.492191649385,4963.152468409793,219.38967741935485,446.8500061035156,227.4603286841608,Interbedded_ST,Interbedded_ST
886.0,886.0052777384434,3377.5178587953246,4962.927356238868,219.3931290322581,446.4249267578125,227.0317977255544,Interbedded_ST,Interbedded_ST
887.0,887.0052836952415,3376.5435259412643,4962.702244067943,219.3965806451613,445.9998474121094,226.60326676694808,Interbedded_ST,Interbedded_ST
888.0,888.0052896520396,3375.569193087204,4962.477131897018,219.40003225806453,445.5747680664063,226.1747358083417,Interbedded_ST,Interbedded_ST
889.0,889.0052956088372,3374.594860233144,4962.252019726093,219.40348387096776,445.1496887207031,225.74620484973536,Interbedded_ST,Interbedded_ST
890.0,890.0053015656357,3373.6205273788423,4962.026907556211,219.40693548387097,444.724609375,225.31767389112903,Interbedded_ST,Interbedded_ST
891.0,891.0053075224337,3372.6461945245137,4961.801795386447,219.4103870967742,444.37548828125,224.9651011844758,Interbedded_ST,Interbedded_ST
892.0,892.0053134792316,3371.671861670185,4961.576683216684,219.41383870967744,444.2897338867188,224.8758951770413,Interbedded_ST,Interbedded_ST
893.0,893.0053194360298,3370.6975288158565,4961.351571046919,219.41729032258064,444.2039489746094,224.7866586520288,Interbedded_ST,Interbedded_ST
894.0,894.0053253928277,3369.723195961528,4961.126458877156,219.42074193548387,444.1181945800781,224.69745264459425,Interbedded_ST,Interbedded_ST
895.0,895.0053313496259,3368.748863107199,4960.901346707392,219.4241935483871,444.0324096679688,224.60821611958164,Interbedded_ST,Interbedded_ST
896.0,896.005337306424,3367.7745302528706,4960.676234537627,219.4276451612904,443.9466552734375,224.5190101121472,Interbedded_ST,Interbedded_ST
897.0,897.005343263222,3366.800197398542,4960.451122367864,219.43109677419355,443.8609008789063,224.4298041047127,Interbedded_ST,Interbedded_ST
898.0,898.0053492200202,3365.8258645442133,4960.226010198099,219.4345483870968,443.7751159667969,224.3405675797001,Interbedded_ST,Interbedded_ST
899.0,899.0053551768182,3364.851531689885,4960.000898028334,219.438,443.6893615722656,224.25136157226564,Interbedded_ST,Interbedded_ST
900.0,900.0053611336164,3363.877198835557,4959.775785858567,219.4414516129032,443.60357666015625,224.16212504725303,Interbedded_ST,Interbedded_ST
901.0,901.0053670904144,3362.902865981229,4959.550673688802,219.44490322580648,443.5544128417969,224.1095096159904,Interbedded_ST,Interbedded_ST
902.0,902.0053730472129,3361.9285331269,4959.3255615190365,219.4483548387097,443.9458923339844,224.49753749527468,Interbedded_ST,Interbedded_ST
903.0,903.0053790040108,3360.954200272572,4959.100449349271,219.45180645161287,444.33734130859375,224.88553485698088,Interbedded_ST,Interbedded_ST
904.0,904.0053849608088,3359.979867418244,4958.875337179506,219.45525806451613,444.7288208007813,225.27356273626512,Interbedded_ST,Interbedded_ST
905.0,905.0053909176062,3359.005534563916,4958.65022500974,219.45870967741936,445.1202697753906,225.6615600979713,Interbedded_ST,Interbedded_ST
906.0,906.005396874405,3358.031201709587,4958.425112839975,219.4621612903226,445.5117492675781,226.0495879772556,Interbedded_ST,Interbedded_ST
907.0,907.005402831203,3357.0568688552585,4958.200000670211,219.4656129032258,445.9031982421875,226.4375853389617,Interbedded_ST,Interbedded_ST
908.0,908.005408788001,3356.08253600093,4957.974888500447,219.46906451612904,446.294677734375,226.825613218246,Interbedded_ST,Interbedded_ST
909.0,909.0054147447992,3355.108203146601,4957.749776330683,219.47251612903227,446.6861267089844,227.2136105799521,Interbedded_ST,Interbedded_ST
910.0,910.0054207015972,3354.1338702922726,4957.524664160919,219.4759677419355,447.0776062011719,227.6016384592364,Interbedded_ST,Interbedded_ST
911.0,911.0054266583952,3353.159537437944,4957.299551991156,219.4794193548387,447.4690551757813,227.9896358209425,Interbedded_ST,Interbedded_ST
912.0,912.0054326151928,3352.185204583616,4957.074439821391,219.482870967742,447.7165832519531,228.23371228421115,Interbedded_ST,Interbedded_ST
913.0,913.0054385719912,3351.2108717292867,4956.849327651627,219.4863225806452,447.86566162109375,228.3793390404485,Interbedded_ST,Interbedded_ST
914.0,914.0054445287892,3350.236538874958,4956.624215481864,219.4897741935484,448.0147705078125,228.5249963142641,Interbedded_ST,Interbedded_ST
915.0,915.005450485588,3349.262206020629,4956.399103312099,219.4932258064516,448.1638793945313,228.6706535880797,Interbedded_ST,Interbedded_ST
916.0,916.0054564423854,3348.287873166301,4956.173991142336,219.49667741935485,448.3129577636719,228.81628034431705,Interbedded_ST,Interbedded_ST
917.0,917.005462399184,3347.313540311972,4955.948878972571,219.5001290322581,448.4620666503906,228.9619376181325,Interbedded_ST,Interbedded_ST
918.0,918.0054683559812,3346.339207457644,4955.723766802807,219.5035806451613,448.70458984375,229.2010091985887,Interbedded_ST,Interbedded_ST
919.0,919.0054743127796,3345.364874603315,4955.498654633044,219.50703225806453,449.1519775390625,229.644945280998,Interbedded_ST,Interbedded_ST
920.0,920.0054802695778,3344.3905417489864,4955.273542463279,219.51048387096776,449.5993347167969,230.0888508458291,Interbedded_ST,Interbedded_ST
921.0,921.0054862263758,3343.4162088946578,4955.048430293516,219.51393548387097,450.0466918945313,230.53275641066028,Interbedded_ST,Interbedded_ST
922.0,922.0054921831736,3342.441876040329,4954.823318123752,219.5173870967742,450.4940490722656,230.97666197549145,Interbedded_ST,Interbedded_ST
923.0,923.0054981399716,3341.467543186107,4954.598205953528,219.52083870967743,450.9414367675781,231.4205980579007,Interbedded_ST,Interbedded_ST
924.0,924.0055040967698,3340.4932103320466,4954.373093782603,219.52429032258064,451.3887939453125,231.86450362273183,Interbedded_ST,Interbedded_ST
925.0,925.0055100535678,3339.5188774779863,4954.147981611678,219.52774193548387,451.8361511230469,232.308409187563,Interbedded_ST,Interbedded_ST
926.0,926.005516010366,3338.544544623926,4953.922869440753,219.5311935483871,452.2835083007813,232.7523147523941,Interbedded_ST,Interbedded_ST
927.0,927.005521967164,3337.5702117698656,4953.697757269828,219.5346451612904,452.73089599609375,233.1962508348033,Interbedded_ST,Interbedded_ST
928.0,928.005527923962,3336.5958789158053,4953.472645098903,219.53809677419355,453.1782531738281,233.6401563996345,Interbedded_ST,Interbedded_ST
929.0,929.0055338807604,3335.621546061745,4953.247532927977,219.5415483870968,453.6256103515625,234.0840619644657,Interbedded_ST,Interbedded_ST
930.0,930.0055398375588,3334.647213207684,4953.022420757052,219.545,454.0729675292969,234.5279675292969,Interbedded_ST,Interbedded_ST
931.0,931.0055457943564,3333.672880353619,4952.79730858615,219.5484516129032,454.5203552246094,234.97190361170613,Interbedded_ST,Interbedded_ST
932.0,932.0055517511548,3332.6985474992903,4952.572196416385,219.55190322580648,454.96771240234375,235.41580917653727,Interbedded_ST,Interbedded_ST
933.0,933.0055577079526,3331.724214644962,4952.34708424662,219.5553548387097,454.9011535644531,235.34579872574344,Interbedded_ST,Interbedded_ST
934.0,934.0055636647508,3330.749881790634,4952.121972076854,219.55880645161287,454.8153076171875,235.25650116557463,Interbedded_ST,Interbedded_ST
935.0,935.0055696215488,3329.7755489363058,4951.896859907089,219.56225806451613,454.7294616699219,235.1672036054057,Interbedded_ST,Interbedded_ST
936.0,936.0055755783472,3328.801216081977,4951.671747737323,219.56570967741936,454.6436462402344,235.077936562815,Interbedded_ST,Interbedded_ST
937.0,937.0055815351452,3327.826883227649,4951.446635567558,219.5691612903226,454.5578002929688,234.98863900264607,Interbedded_ST,Interbedded_ST
938.0,938.0055874919432,3326.852550373321,4951.221523397792,219.5726129032258,454.4719543457031,234.8993414424773,Interbedded_ST,Interbedded_ST
939.0,939.005593448741,3325.8782175189926,4950.996411228027,219.57606451612904,454.3861389160156,234.8100743998866,Interbedded_ST,Interbedded_ST
940.0,940.0055994055392,3324.903884664664,4950.771299058262,219.57951612903227,454.30029296875,234.72077683971773,Interbedded_ST,Interbedded_ST
941.0,941.0056053623374,3323.9295518103354,4950.546186888498,219.5829677419355,454.2144470214844,234.63147927954887,Interbedded_ST,Interbedded_ST
942.0,942.0056113191354,3322.955218956007,4950.321074718734,219.5864193548387,454.1286010742188,234.54218171938004,Interbedded_ST,Interbedded_ST
943.0,943.0056172759332,3321.980886101678,4950.09596254897,219.589870967742,454.0427856445313,234.45291467678928,Interbedded_ST,Interbedded_ST
944.0,944.005623232732,3321.006553247349,4949.870850379206,219.5933225806452,453.9569396972656,234.3636171166204,Interbedded_ST,Interbedded_ST
945.0,945.0056291895296,3320.032220393021,4949.645738209442,219.5967741935484,453.8739013671875,234.2771271736391,Interbedded_ST,Interbedded_ST
946.0,946.0056351463274,3319.0578875386923,4949.420626039679,219.6002258064516,453.8216247558594,234.22139894940776,Interbedded_ST,Interbedded_ST
947.0,947.0056411031252,3318.083554684364,4949.195513869914,219.60367741935485,453.7693176269531,234.16564020759827,Interbedded_ST,Interbedded_ST
948.0,948.0056470599236,3317.109221830035,4948.97040170015,219.6071290322581,453.7170104980469,234.1098814657888,Interbedded_ST,Interbedded_ST
949.0,949.0056530167218,3316.1348889757064,4948.745289530386,219.6105806451613,453.6647338867188,234.05415324155743,Interbedded_ST,Interbedded_ST
950.0,950.0056589735198,3315.160556121378,4948.520177360622,219.61403225806453,453.6124267578125,233.998394499748,Interbedded_ST,Interbedded_ST
951.0,951.0056649303176,3314.186223267049,4948.295065190859,219.61748387096776,453.5601501464844,233.9426662755166,Interbedded_ST,Interbedded_ST
952.0,952.005670887116,3313.2118904127205,4948.069953021094,219.62093548387097,453.5078430175781,233.8869075337072,Interbedded_ST,Interbedded_ST
953.0,953.005676843914,3312.237557558392,4947.84484085133,219.6243870967742,453.56878662109375,233.94439952431955,Interbedded_ST,Interbedded_ST
954.0,954.0056828007114,3311.263224704064,4947.619728681567,219.62783870967743,453.8558044433594,234.227965733682,Interbedded_ST,Interbedded_ST
955.0,955.00568875751,3310.2888918497347,4947.394616511802,219.63129032258064,454.142822265625,234.5115319430444,Interbedded_ST,Interbedded_ST
956.0,956.005694714308,3309.314558995406,4947.169504342039,219.63474193548387,454.4298400878906,234.79509815240675,Interbedded_ST,Interbedded_ST
957.0,957.0057006711066,3308.340226141077,4946.944392172274,219.6381935483871,454.71685791015625,235.0786643617692,Interbedded_ST,Interbedded_ST
958.0,958.005706627904,3307.365893286749,4946.719280002511,219.6416451612904,455.0038757324219,235.3622305711315,Interbedded_ST,Interbedded_ST
959.0,959.0057125847022,3306.39156043242,4946.494167832747,219.64509677419355,455.2908935546875,235.64579678049395,Interbedded_ST,Interbedded_ST
960.0,960.0057185415,3305.417227578092,4946.269055662982,219.6485483870968,455.5779113769531,235.92936298985632,Interbedded_ST,Interbedded_ST
961.0,961.0057244982984,3304.442894723763,4946.043943493219,219.652,455.8649291992188,236.2129291992188,Interbedded_ST,Interbedded_ST
962.0,962.0057304550965,3303.4685618694343,4945.818831323455,219.6554516129032,456.1519470214844,236.4964954085812,Interbedded_ST,Interbedded_ST
963.0,963.0057364118944,3302.4942290151057,4945.5937191536905,219.65890322580643,456.43896484375,236.7800616179436,Interbedded_ST,Interbedded_ST
964.0,964.0057423686924,3301.519896160777,4945.368606983927,219.6623548387097,456.7259826660156,237.063627827306,Interbedded_ST,Interbedded_ST
965.0,965.0057483254908,3300.545563306587,4945.143494813562,219.66580645161287,457.0130004882813,237.3471940366684,Interbedded_ST,Interbedded_ST
966.0,966.0057542822888,3299.571230452527,4944.918382642637,219.66925806451613,457.3000183105469,237.63076024603075,Interbedded_ST,Interbedded_ST
967.0,967.0057602390868,3298.5968975984665,4944.693270471712,219.67270967741936,457.5870056152344,237.914295937815,Interbedded_ST,Interbedded_ST
968.0,968.0057661958848,3297.622564744406,4944.468158300787,219.6761612903226,457.8685607910156,238.19239950069303,Interbedded_ST,Interbedded_ST
969.0,969.005772152683,3296.648231890346,4944.243046129862,219.6796129032258,457.9169616699219,238.23734876669607,Interbedded_ST,Interbedded_ST
970.0,970.0057781094816,3295.673899036285,4944.017933958937,219.68306451612904,457.9653625488281,238.2822980326991,Interbedded_ST,Interbedded_ST
971.0,971.0057840662791,3294.699566182225,4943.792821788012,219.68651612903227,458.0137634277344,238.3272472987021,Interbedded_ST,Interbedded_ST
972.0,972.0057900230772,3293.725233328165,4943.567709617087,219.6899677419355,458.0621643066406,238.37219656470512,Interbedded_ST,Interbedded_ST
973.0,973.0057959798756,3292.7509004740664,4943.342597446325,219.6934193548387,458.1105651855469,238.41714583070817,Interbedded_ST,Interbedded_ST
974.0,974.0058019366736,3291.776567619738,4943.11748527656,219.696870967742,458.7731323242188,239.0762613564768,Interbedded_ST,Interbedded_ST
975.0,975.0058078934716,3290.80223476541,4942.892373106794,219.7003225806452,459.6940612792969,239.99373869865167,Interbedded_ST,Interbedded_ST
976.0,976.0058138502696,3289.827901911082,4942.667260937029,219.7037741935484,460.6149597167969,240.9111855232485,Interbedded_ST,Interbedded_ST
977.0,977.0058198070676,3288.8535690567533,4942.442148767264,219.7072258064516,461.5358581542969,241.82863234784529,Interbedded_ST,Interbedded_ST
978.0,978.005825763866,3287.879236202425,4942.217036597498,219.71067741935485,462.456787109375,242.7461096900201,Interbedded_ST,Interbedded_ST
979.0,979.005831720664,3286.904903348097,4941.991924427733,219.71412903225809,463.377685546875,243.6635565146169,Interbedded_ST,Interbedded_ST
980.0,980.0058376774618,3285.9305704937688,4941.766812257967,219.7175806451613,464.2986145019531,244.58103385679183,Interbedded_ST,Interbedded_ST
981.0,981.0058436342598,3284.9562376394406,4941.541700088202,219.72103225806453,465.2195129394531,245.4984806813886,Interbedded_ST,Interbedded_ST
982.0,982.005849591058,3283.9819047851074,4941.316587918457,219.72448387096776,466.1404418945313,246.4159580235635,Interbedded_ST,Interbedded_ST
983.0,983.005855547856,3283.007571930773,4941.091475748719,219.72793548387097,467.0613403320313,247.33340484816028,Interbedded_ST,Interbedded_ST
984.0,984.0058615046544,3282.033239076438,4940.866363578981,219.7313870967742,467.9822692871094,248.2508821903352,Interbedded_ST,Interbedded_ST
985.0,985.005867461452,3281.058906222104,4940.641251409243,219.73483870967743,468.7483825683594,249.013543858682,Interbedded_ST,Interbedded_ST
986.0,986.0058734182504,3280.084573367769,4940.416139239504,219.73829032258067,469.0727844238281,249.33449410124743,Interbedded_ST,Interbedded_ST
987.0,987.0058793750484,3279.1102405134343,4940.191027069766,219.74174193548387,469.3971557617188,249.65541382623488,Interbedded_ST,Interbedded_ST
988.0,988.005885331846,3278.1359076591,4939.965914900029,219.7451935483871,469.7215270996094,249.97633355122227,Interbedded_ST,Interbedded_ST
989.0,989.0058912886444,3277.161574804765,4939.740802730291,219.7486451612904,470.0458984375,250.29725327620963,Interbedded_ST,Interbedded_ST
990.0,990.0058972454424,3276.187241950433,4939.515690560543,219.75209677419355,470.3703002929688,250.6182035187752,Interbedded_ST,Interbedded_ST
991.0,991.0059032022406,3275.2129090961043,4939.290578390778,219.7555483870968,470.6946716308594,250.93912324376257,Interbedded_ST,Interbedded_ST
992.0,992.005909159038,3274.238576241776,4939.065466221015,219.759,471.01904296875,251.26004296875,Interbedded_ST,Interbedded_ST
993.0,993.0059151158376,3273.264243387446,4938.840354051251,219.7624516129032,471.3434143066406,251.58096269373743,Interbedded_ST,Interbedded_ST
994.0,994.0059210726351,3272.289910533118,4938.615241881486,219.76590322580645,471.6856994628906,251.91979623708417,Interbedded_ST,Interbedded_ST
995.0,995.0059270294332,3271.3155776787894,4938.390129711723,219.7693548387097,472.25244140625,252.4830865675403,Interbedded_ST,Interbedded_ST
996.0,996.0059329862312,3270.341244824461,4938.165017541959,219.7728064516129,472.8191833496094,253.04637689799648,Interbedded_ST,Interbedded_ST
997.0,997.0059389430294,3269.366911970132,4937.9399053721945,219.77625806451613,473.3859252929688,253.60966722845265,Interbedded_ST,Interbedded_ST
998.0,998.0059448998272,3268.392579115804,4937.71479320243,219.77970967741936,473.9526672363281,254.1729575589088,Interbedded_ST,Interbedded_ST
999.0,999.0059508566246,3267.418246261488,4937.489681032614,219.7831612903226,474.5194091796875,254.7362478893649,Interbedded_ST,Interbedded_ST
1000.0,1000.0059568134236,3266.443913407171,4937.264568862796,219.7866129032258,475.0861511230469,255.29953821982107,Interbedded_ST,Interbedded_ST
1001.0,1001.0059627702216,3265.4695805528545,4937.03945669298,219.79006451612904,475.6528930664063,255.8628285502772,Interbedded_ST,Interbedded_ST
1002.0,1002.0059687270196,3264.495247698538,4936.814344523163,219.79351612903227,476.2196350097656,256.4261188807334,Interbedded_ST,Interbedded_ST
1003.0,1003.0059746838176,3263.520914844222,4936.589232353346,219.7969677419355,476.786376953125,256.98940921118947,Interbedded_ST,Interbedded_ST
1004.0,1004.005980640616,3262.546581989905,4936.36412018353,219.8004193548387,477.3531188964844,257.55269954164567,Interbedded_ST,Interbedded_ST
1005.0,1005.005986597414,3261.5722491355887,4936.139008013713,219.803870967742,477.91986083984375,258.1159898721017,Interbedded_ST,Interbedded_ST
1006.0,1006.005992554212,3260.5979162812723,4935.913895843896,219.8073225806452,478.4866027832031,258.67928020255795,Interbedded_ST,Interbedded_ST
1007.0,1007.0059985110104,3259.6235834271115,4935.688783673405,219.8107741935484,479.0533447265625,259.2425705330141,Interbedded_ST,Interbedded_ST
1008.0,1008.0060044678077,3258.64925057304,4935.463671502533,219.8142258064516,479.6200866699219,259.8058608634703,Interbedded_ST,Interbedded_ST
1009.0,1009.006010424606,3257.6749177189668,4935.23855933166,219.81767741935485,480.1868286132813,260.3691511939264,Interbedded_ST,Interbedded_ST
1010.0,1010.0060163814042,3256.700584864894,4935.013447160788,219.82112903225809,480.7535705566406,260.9324415243825,Interbedded_ST,Interbedded_ST
1011.0,1011.0060223382022,3255.7262520108216,4934.788334989916,219.8245806451613,481.3203125,261.4957318548387,Interbedded_ST,Interbedded_ST
1012.0,1012.0060282950004,3254.751919156749,4934.563222819043,219.82803225806447,481.8870544433594,262.0590221852949,Interbedded_ST,Interbedded_ST
1013.0,1013.0060342517984,3253.7775863026764,4934.338110648171,219.83148387096776,482.4538269042969,262.6223430333291,Interbedded_ST,Interbedded_ST
1014.0,1014.006040208596,3252.803253448604,4934.112998477299,219.83493548387096,483.02056884765625,263.1856333637853,Interbedded_ST,Interbedded_ST
1015.0,1015.0060461653944,3251.8289205944643,4933.8878863067175,219.8383870967742,483.5873107910156,263.7489236942414,Interbedded_ST,Interbedded_ST
1016.0,1016.0060521221918,3250.854587740136,4933.662774136954,219.84183870967743,484.154052734375,264.3122140246976,Interbedded_ST,Interbedded_ST
1017.0,1017.0060580789902,3249.880254885807,4933.43766196719,219.84529032258067,484.7207946777344,264.8755043551537,Interbedded_ST,Interbedded_ST
1018.0,1018.0060640357884,3248.9059220314784,4933.212549797426,219.84874193548387,485.28753662109375,265.4387946856099,Interbedded_ST,Interbedded_ST
1019.0,1019.0060699925864,3247.93158917715,4932.987437627662,219.8521935483871,485.8979797363281,266.045786187941,Interbedded_ST,Interbedded_ST
1020.0,1020.0060759493846,3246.957256322821,4932.7623254578975,219.8556451612904,486.5243835449219,266.66873838363153,Interbedded_ST,Interbedded_ST
1021.0,1021.006081906182,3245.982923468493,4932.537213288134,219.85909677419355,487.1507873535156,267.2916905793221,Interbedded_ST,Interbedded_ST
1022.0,1022.0060878629804,3245.008590614164,4932.31210111837,219.8625483870968,487.7771911621094,267.91464277501257,Interbedded_ST,Interbedded_ST
1023.0,1023.0060938197782,3244.034257759836,4932.086988948606,219.866,488.4035949707031,268.53759497070314,Interbedded_ST,Interbedded_ST
1024.0,1024.006099776577,3243.0599249055067,4931.861876778841,219.86945161290325,489.0299987792969,269.1605471663936,Interbedded_ST,Interbedded_ST
1025.0,1025.006105733375,3242.0855920511785,4931.636764609075,219.87290322580645,489.6564025878906,269.78349936208417,Interbedded_ST,Interbedded_ST
1026.0,1026.0061116901732,3241.1112591968504,4931.411652439309,219.8763548387097,490.2828063964844,270.4064515577747,Interbedded_ST,Interbedded_ST
1027.0,1027.0061176469712,3240.136926342522,4931.186540269544,219.8798064516129,490.9092102050781,271.0294037534652,Interbedded_ST,Interbedded_ST
1028.0,1028.0061236037695,3239.1625934881936,4930.9614280997785,219.88325806451613,491.5356140136719,271.6523559491558,Interbedded_ST,Interbedded_ST
1029.0,1029.0061295605676,3238.1882606338654,4930.736315930013,219.88670967741936,492.1620178222656,272.27530814484624,Interbedded_ST,Interbedded_ST
1030.0,1030.006135517366,3237.213927779537,4930.511203760248,219.8901612903226,492.7884216308594,272.8982603405368,Interbedded_ST,Interbedded_ST
1031.0,1031.0061414741635,3236.239594925209,4930.286091590482,219.8936129032258,493.4148254394531,273.5212125362273,Interbedded_ST,Interbedded_ST
1032.0,1032.0061474309616,3235.265262070887,4930.06097942069,219.89706451612903,494.0412292480469,274.14416473191784,Interbedded_ST,Interbedded_ST
1033.0,1033.00615338776,3234.29092921657,4929.835867250874,219.90051612903227,494.6676330566406,274.7671169276084,Interbedded_ST,Interbedded_ST
1034.0,1034.0061593445578,3233.3165963622537,4929.6107550810575,219.9039677419355,495.2940368652344,275.3900691232989,Interbedded_ST,Interbedded_ST
1035.0,1035.0061653013558,3232.3422635079373,4929.38564291124,219.9074193548387,495.9276428222656,276.02022346742694,Interbedded_ST,Interbedded_ST
1036.0,1036.0061712581537,3231.367930653621,4929.160530741424,219.910870967742,496.486328125,276.57545715725803,Interbedded_ST,Interbedded_ST
1037.0,1037.0061772149515,3230.3935977993046,4928.935418571607,219.9143225806452,497.0269470214844,277.1126244408392,Interbedded_ST,Interbedded_ST
1038.0,1038.0061831717496,3229.4192649449883,4928.71030640179,219.9177741935484,497.5675659179688,277.6497917244203,Interbedded_ST,Interbedded_ST
1039.0,1039.006189128548,3228.4449320906715,4928.485194231974,219.9212258064516,498.1082153320313,278.18698952557963,Interbedded_ST,Interbedded_ST
1040.0,1040.0061950853458,3227.470599236354,4928.260082062164,219.92467741935485,498.6488342285156,278.7241568091608,Interbedded_ST,Interbedded_ST
1041.0,1041.006201042144,3226.496266382025,4928.0349698924,219.92812903225808,499.1894836425781,279.26135461032004,Interbedded_ST,Interbedded_ST
1042.0,1042.0062069989422,3225.5219335276965,4927.809857722636,219.9315806451613,499.7301025390625,279.79852189390124,Interbedded_ST,Interbedded_ST
1043.0,1043.0062129557402,3224.547600673368,4927.584745552872,219.93503225806447,500.2707214355469,280.33568917748244,Interbedded_ST,Interbedded_ST
1044.0,1044.006218912538,3223.57326781904,4927.359633383108,219.93848387096776,500.8113708496094,280.87288697864165,Interbedded_ST,Interbedded_ST
1045.0,1045.0062248693366,3222.5989349647107,4927.134521213344,219.94193548387096,501.35198974609375,281.4100542622228,Interbedded_ST,Interbedded_ST
1046.0,1046.0062308261347,3221.624602110382,4926.90940904358,219.9453870967742,501.89263916015625,281.94725206338205,Interbedded_ST,Interbedded_ST
1047.0,1047.0062367829337,3220.650269256053,4926.684296873816,219.94883870967743,502.4332580566406,282.4844193469632,Interbedded_ST,Interbedded_ST
1048.0,1048.006242739731,3219.675936401725,4926.459184704052,219.95229032258067,502.973876953125,283.02158663054433,Interbedded_ST,Interbedded_ST
1049.0,1049.006248696529,3218.701603547591,4926.234072533446,219.95574193548387,503.5145263671875,283.55878443170366,Interbedded_ST,Interbedded_ST
1050.0,1050.006254653327,3217.727270693518,4926.008960362574,219.9591935483871,504.0551452636719,284.09595171528474,Interbedded_ST,Interbedded_ST
1051.0,1051.006260610125,3216.7529378394456,4925.7838481917015,219.9626451612904,504.5957946777344,284.633149516444,Interbedded_ST,Interbedded_ST
1052.0,1052.0062665669232,3215.778604985373,4925.558736020829,219.9660967741936,505.099609375,285.1335126008064,Interbedded_ST,Interbedded_ST
1053.0,1053.0062725237212,3214.8042721313004,4925.333623849957,219.9695483870968,505.4612731933594,285.4917248062626,Interbedded_ST,Interbedded_ST
1054.0,1054.0062784805193,3213.829939277228,4925.108511679085,219.973,505.8229675292969,285.84996752929686,Interbedded_ST,Interbedded_ST
1055.0,1055.0062844373174,3212.855606423155,4924.883399508212,219.97645161290325,506.18463134765625,286.208179734753,Interbedded_ST,Interbedded_ST
1056.0,1056.0062903941157,3211.8812735690826,4924.65828733734,219.97990322580645,506.5552062988281,286.5753030730217,Interbedded_ST,Interbedded_ST
1057.0,1057.006296350913,3210.9069407149123,4924.433175166892,219.9833548387097,506.96533203125,286.9819771925403,Interbedded_ST,Interbedded_ST
1058.0,1058.0063023077114,3209.932607860584,4924.208062997127,219.9868064516129,507.37548828125,287.3886818296371,Interbedded_ST,Interbedded_ST
1059.0,1059.0063082645097,3208.9582750062555,4923.9829508273615,219.99025806451613,507.78564453125,287.7953864667339,Interbedded_ST,Interbedded_ST
1060.0,1060.006314221307,3207.983942151928,4923.757838657596,219.99370967741936,508.1957702636719,288.2020605862525,Interbedded_ST,Interbedded_ST
1061.0,1061.0063201781056,3207.009609297599,4923.532726487831,219.9971612903226,508.6059265136719,288.6087652233493,Interbedded_ST,Interbedded_ST
1062.0,1062.006326134904,3206.0352764432705,4923.307614318065,220.00061290322583,509.01605224609375,289.0154393428679,Interbedded_ST,Interbedded_ST
1063.0,1063.006332091702,3205.0609435889423,4923.0825021483,220.00406451612903,509.42620849609375,289.42214397996474,Interbedded_ST,Interbedded_ST
1064.0,1064.0063380485,3204.086610734614,4922.857389978534,220.00751612903227,509.83636474609375,289.82884861706145,Interbedded_ST,Interbedded_ST
1065.0,1065.0063440052982,3203.112277880286,4922.632277808768,220.0109677419355,510.2464904785156,290.2355227365801,SH_ST,SH_ST
1066.0,1066.0063499620958,3202.1379450259697,4922.407165638952,220.0144193548387,510.6566467285156,290.6422273736769,SH_ST,SH_ST
1067.0,1067.006355918894,3201.1636121716533,4922.182053469134,220.017870967742,511.0667724609375,291.0489014931956,SH_ST,SH_ST
1068.0,1068.0063618756924,3200.1892793173365,4921.956941299318,220.0213225806452,511.4769287109375,291.45560613029227,SH_ST,SH_ST
1069.0,1069.0063678324902,3199.21494646302,4921.731829129501,220.0247741935484,511.8343200683594,291.80954587481096,SH_ST,SH_ST
1070.0,1070.0063737892883,3198.240613608704,4921.506716959684,220.0282258064516,512.1251831054688,292.0969572990172,SH_ST,SH_ST
1071.0,1071.0063797460862,3197.2662807543875,4921.281604789868,220.03167741935485,512.416015625,292.3843382056451,SH_ST,SH_ST
1072.0,1072.0063857028842,3196.291947900071,4921.05649262005,220.03512903225808,512.7068481445312,292.6717191122732,SH_ST,SH_ST
1073.0,1073.006391659682,3195.317615045755,4920.831380450234,220.0385806451613,512.9976806640625,292.9591000189012,SH_ST,SH_ST
1074.0,1074.0063976164806,3194.3432821914303,4920.60626828045,220.04203225806447,513.2885131835938,293.2464809255293,SH_ST,SH_ST
1075.0,1075.0064035732787,3193.3689493371016,4920.381156110687,220.04548387096776,513.579345703125,293.53386183215724,SH_ST,SH_ST
1076.0,1076.0064095300768,3192.394616482773,4920.156043940923,220.04893548387096,513.8701782226562,293.82124273878526,SH_ST,SH_ST
1077.0,1077.006415486875,3191.4202836284444,4919.930931771159,220.0523870967742,513.9194946289062,293.8671075321321,SH_ST,SH_ST
1078.0,1078.0064214436727,3190.445950774116,4919.705819601395,220.05583870967743,513.7740478515625,293.71820914188504,SH_ST,SH_ST
1079.0,1079.0064274004706,3189.471617919788,4919.48070743163,220.0592903225807,513.628662109375,293.5693717867943,SH_ST,SH_ST
1080.0,1080.006433357269,3188.497285065459,4919.255595261867,220.06274193548387,513.4832153320312,293.4204733965474,SH_ST,SH_ST
1081.0,1081.0064393140672,3187.5229522111304,4919.030483092103,220.0661935483871,513.3378295898438,293.27163604145665,SH_ST,SH_ST
1082.0,1082.0064452708657,3186.548619356867,4918.805370922054,220.0696451612904,513.1923828125,293.1227376512096,SH_ST,SH_ST
1083.0,1083.0064512276638,3185.5742865027946,4918.580258751182,220.0730967741936,513.0469970703125,292.9739002961189,SH_ST,SH_ST
1084.0,1084.006457184462,3184.599953648722,4918.355146580309,220.0765483870968,512.9015502929688,292.82500190587194,SH_ST,SH_ST
1085.0,1085.00646314126,3183.6256207946494,4918.130034409437,220.08,512.756103515625,292.67610351562496,SH_ST,SH_ST
1086.0,1086.0064690980576,3182.6512879405773,4917.904922238565,220.08345161290325,512.6107177734375,292.5272661605343,SH_ST,SH_ST
1087.0,1087.0064750548556,3181.6769550865047,4917.679810067692,220.08690322580645,512.4652709960938,292.3783677702873,SH_ST,SH_ST
1088.0,1088.0064810116537,3180.702622232432,4917.45469789682,220.0903548387097,512.3198852539062,292.22953041519656,SH_ST,SH_ST
1089.0,1089.0064869684518,3179.7282893783595,4917.229585725948,220.0938064516129,512.1744384765625,292.08063202494964,SH_ST,SH_ST
1090.0,1090.0064929252496,3178.753956524287,4917.004473555076,220.09725806451613,512.029052734375,291.93179466985885,SH_ST,SH_ST
1091.0,1091.006498882048,3177.7796236699887,4916.77936138518,220.10070967741936,511.8836059570313,291.7828962796119,SH_ST,SH_ST
1092.0,1092.006504838846,3176.80529081566,4916.554249215416,220.1041612903226,511.7381896972656,291.634028406943,SH_ST,SH_ST
1093.0,1093.0065107956443,3175.8309579613315,4916.329137045652,220.10761290322583,511.5927734375,291.4851605342742,SH_ST,SH_ST
1094.0,1094.0065167524424,3174.856625107003,4916.104024875888,220.11106451612903,511.4473571777344,291.33629266160534,SH_ST,SH_ST
1095.0,1095.0065227092407,3173.8822922526742,4915.878912706124,220.11451612903227,511.3019104003906,291.1873942713584,SH_ST,SH_ST
1096.0,1096.0065286660388,3172.9079593983456,4915.65380053636,220.1179677419355,511.156494140625,291.0385263986895,SH_ST,SH_ST
1097.0,1097.0065346228369,3171.933626544017,4915.428688366596,220.1214193548387,511.0110778808594,290.88965852602064,SH_ST,SH_ST
1098.0,1098.0065405796352,3170.9592936896884,4915.203576196832,220.124870967742,510.462646484375,290.33777551663303,SH_ST,SH_ST
1099.0,1099.006546536433,3169.984960835366,4914.978464027041,220.1283225806452,509.8809814453125,289.7526588646673,SH_ST,SH_ST
1100.0,1100.0065524932309,3169.01062798105,4914.753351857223,220.1317741935484,509.29931640625,289.1675422127016,SH_ST,SH_ST
1101.0,1101.0065584500292,3168.036295126734,4914.5282396874045,220.1352258064516,508.7176208496094,288.5823950431578,SH_ST,SH_ST
1102.0,1102.006564406827,3167.061962272418,4914.303127517586,220.13867741935485,508.1359558105469,287.997278391192,SH_ST,SH_ST
1103.0,1103.0065703636255,3166.0876294181016,4914.078015347767,220.14212903225808,507.5542907714844,287.4121617392263,SH_ST,SH_ST
1104.0,1104.0065763204234,3165.1132965637858,4913.852903177949,220.1455806451613,506.97259521484375,286.82701456968243,SH_ST,SH_ST
1105.0,1105.0065822772212,3164.13896370947,4913.627791008131,220.14903225806447,506.3909301757813,286.2418979177168,SH_ST,SH_ST
1106.0,1106.00658823402,3163.164630855153,4913.402678838313,220.15248387096776,505.8092651367188,285.65678126575096,SH_ST,SH_ST
1107.0,1107.0065941908176,3162.190298000836,4913.177566668502,220.15593548387096,505.22760009765625,285.0716646137853,SH_ST,SH_ST
1108.0,1108.0066001476157,3161.215965146507,4912.952454498738,220.1593870967742,504.6459045410156,284.48651744424143,SH_ST,SH_ST
1109.0,1109.006606104414,3160.2416322921786,4912.7273423289735,220.16283870967743,504.0642395019531,283.9014007922757,SH_ST,SH_ST
1110.0,1110.006612061212,3159.26729943785,4912.50223015921,220.16629032258064,503.4825744628906,283.31628414031,SH_ST,SH_ST
1111.0,1111.0066180180104,3158.2929665835213,4912.277117989445,220.16974193548387,502.90087890625,282.7311369707661,SH_ST,SH_ST
1112.0,1112.0066239748085,3157.3186337291927,4912.052005819682,220.1731935483871,502.3192138671875,282.1460203188004,SH_ST,SH_ST
1113.0,1113.0066299316063,3156.344300874864,4911.826893649918,220.1766451612904,501.737548828125,281.56090366683463,SH_ST,SH_ST
1114.0,1114.0066358884048,3155.3699680205355,4911.6017814801535,220.1800967741936,501.1558532714844,280.97575649729083,SH_ST,SH_ST
1115.0,1115.006641845203,3154.395635166207,4911.37666931039,220.1835483870968,500.5741882324219,280.39063984532504,SH_ST,SH_ST
1116.0,1116.006647802001,3153.421302311878,4911.151557140626,220.187,500.0238952636719,279.83689526367186,SH_ST,SH_ST
1117.0,1117.0066537587993,3152.4469694575496,4910.926444970862,220.19045161290325,499.7032775878906,279.5128259749874,SH_ST,SH_ST
1118.0,1118.0066597155974,3151.472636603221,4910.701332801098,220.19390322580645,499.24029541015625,279.04639218434977,SH_ST,SH_ST
1119.0,1119.0066656723957,3150.4983037488923,4910.476220631334,220.19735483870969,498.4349365234375,278.23758168472784,SH_ST,SH_ST
1120.0,1120.0066716291933,3149.523970894564,4910.25110846157,220.2008064516129,497.6295776367188,277.42877118510586,SH_ST,SH_ST
1121.0,1121.0066775859918,3148.549638040235,4910.025996291806,220.20425806451613,496.82421875,276.6199606854839,SH_ST,SH_ST
1122.0,1122.00668354279,3147.5753051859065,4909.800884122042,220.20770967741936,496.0188598632813,275.8111501858619,SH_ST,SH_ST
1123.0,1123.0066894995882,3146.600972331578,4909.575771952278,220.2111612903226,495.2135009765625,275.0023396862399,SH_ST,SH_ST
1124.0,1124.0066954563863,3145.626639477346,4909.350659782095,220.21461290322583,494.4058837890625,274.1912708858367,SH_ST,SH_ST
1125.0,1125.0067014131848,3144.652306623273,4909.125547611223,220.21806451612903,493.58935546875,273.37129095262094,SH_ST,SH_ST
1126.0,1126.0067073699818,3143.6779737692013,4908.900435440351,220.22151612903227,492.7728271484375,272.55131101940526,SH_ST,SH_ST
1127.0,1127.00671332678,3142.7036409151287,4908.675323269478,220.2249677419355,491.9562683105469,271.73130056861135,SH_ST,SH_ST
1128.0,1128.006719283578,3141.729308061056,4908.450211098606,220.2284193548387,491.1397399902344,270.91132063539567,SH_ST,SH_ST
1129.0,1129.0067252403762,3140.7549752069835,4908.225098927734,220.231870967742,490.3232116699219,270.0913407021799,SH_ST,SH_ST
1130.0,1130.0067311971743,3139.780642352911,4907.999986756861,220.2353225806452,489.5066528320313,269.2713302513861,SH_ST,SH_ST
1131.0,1131.0067371539724,3138.8063094988383,4907.774874585989,220.2387741935484,488.6901245117188,268.45135031817034,SH_ST,SH_ST
1132.0,1132.0067431107702,3137.8319766447653,4907.549762415119,220.2422258064516,487.8735961914063,267.63137038495466,SH_ST,SH_ST
1133.0,1133.0067490675688,3136.857643790449,4907.3246502453,220.24567741935485,487.05706787109375,266.81139045173893,SH_ST,SH_ST
1134.0,1134.0067550243666,3135.883310936133,4907.099538075482,220.24912903225808,486.2405090332031,265.991380000945,SH_ST,SH_ST
1135.0,1135.0067609811645,3134.908978081817,4906.874425905664,220.2525806451613,485.4239807128906,265.17140006772934,SH_ST,SH_ST
1136.0,1136.0067669379628,3133.934645227501,4906.649313735846,220.2560322580645,484.6074523925781,264.35142013451366,SH_ST,SH_ST
1137.0,1137.0067728947604,3132.960312373185,4906.424201566028,220.25948387096776,483.7908935546875,263.53140968371974,SH_ST,SH_ST
1138.0,1138.006778851559,3131.9859795188686,4906.199089396209,220.262935483871,482.974365234375,262.711429750504,SH_ST,SH_ST
1139.0,1139.0067848083568,3131.0116466645527,4905.973977226391,220.2663870967742,482.350830078125,262.0844429813508,SH_ST,SH_ST
1140.0,1140.0067907651546,3130.037313810237,4905.748865056573,220.26983870967743,481.8251037597656,261.5552650500882,SH_ST,SH_ST
1141.0,1141.006796721953,3129.0629809559127,4905.523752886788,220.27329032258064,481.2994079589844,261.02611763640374,SH_ST,SH_ST
1142.0,1142.006802678751,3128.088648101584,4905.298640717025,220.27674193548387,480.7737121582031,260.49697022271926,SH_ST,SH_ST
1143.0,1143.0068086355493,3127.1143152472555,4905.07352854726,220.2801935483871,480.2138671875,259.9336736391129,SH_ST,SH_ST
1144.0,1144.0068145923474,3126.139982392927,4904.8484163774965,220.2836451612904,479.5762939453125,259.29264878402216,SH_ST,SH_ST
1145.0,1145.0068205491457,3125.1656495385982,4904.623304207733,220.2870967741936,478.9386901855469,258.6515934113533,SH_ST,SH_ST
1146.0,1146.0068265059438,3124.1913166842696,4904.398192037968,220.2905483870968,478.3011169433594,258.01056855626257,SH_ST,SH_ST
1147.0,1147.0068324627418,3123.216983829941,4904.173079868205,220.294,477.6635437011719,257.3695437011719,SH_ST,SH_ST
1148.0,1148.00683841954,3122.2426509756124,4903.947967698441,220.29745161290325,477.0259399414063,256.728488328503,SH_ST,SH_ST
1149.0,1149.0068443763378,3121.268318121284,4903.7228555286765,220.30090322580645,476.3883666992188,256.0874634734123,SH_ST,SH_ST
1150.0,1150.0068503331363,3120.293985266955,4903.497743358913,220.30435483870968,475.7507934570313,255.4464386183216,SH_ST,SH_ST
1151.0,1151.0068562899344,3119.3196524126265,4903.272631189149,220.3078064516129,475.1131896972656,254.8053832456528,SH_ST,SH_ST
1152.0,1152.006862246733,3118.345319558298,4903.047519019385,220.31125806451607,474.4756164550781,254.16435839056209,SH_ST,SH_ST
1153.0,1153.0068682035308,3117.3709867039693,4902.822406849621,220.31470967741936,473.8380126953125,253.5233030178932,SH_ST,SH_ST
1154.0,1154.006874160329,3116.3966538496406,4902.5972946798565,220.3181612903226,473.200439453125,252.8822781628024,SH_ST,SH_ST
1155.0,1155.0068801171271,3115.422320995312,4902.372182510093,220.32161290322583,472.5628662109375,252.24125330771167,SH_ST,SH_ST
1156.0,1156.0068860739252,3114.4479881409834,4902.147070340329,220.32506451612903,471.9252624511719,251.60019793504284,SH_ST,SH_ST
1157.0,1157.0068920307235,3113.473655286655,4901.921958170565,220.32851612903227,471.2876892089844,250.9591730799521,SH_ST,SH_ST
1158.0,1158.0068979875216,3112.499322432326,4901.696846000801,220.3319677419355,470.6501159667969,250.3181482248613,SH_ST,SH_ST
1159.0,1159.00690394432,3111.524989577997,4901.471733831037,220.3354193548387,469.99945068359375,249.66403132875504,SH_ST,SH_ST
1160.0,1160.006909901118,3110.550656723669,4901.246621661273,220.338870967742,468.9740905761719,248.6352196084299,SH_ST,SH_ST
1161.0,1161.006915857916,3109.5763238693403,4901.021509491509,220.3423225806452,467.94873046875,247.6064078881048,SH_ST,SH_ST
1162.0,1162.006921814714,3108.601991015012,4900.796397321745,220.3457741935484,466.9233703613281,246.5775961677797,SH_ST,SH_ST
1163.0,1163.0069277715124,3107.627658160683,4900.571285151981,220.3492258064516,465.8980102539063,245.54878444745464,SH_ST,SH_ST
1164.0,1164.0069337283103,3106.6533253063544,4900.3461729822175,220.35267741935485,464.8726501464844,244.5199727271296,SH_ST,SH_ST
1165.0,1165.0069396851088,3105.678992452026,4900.121060812453,220.35612903225808,463.8472900390625,243.4911610068044,SH_ST,SH_ST
1166.0,1166.006945641906,3104.704659597832,4899.89594864211,220.3595806451613,462.8219299316406,242.4623492864793,SH_ST,SH_ST
1167.0,1167.0069515987047,3103.730326743771,4899.670836471184,220.3630322580645,461.7965698242188,241.43353756615423,SH_ST,SH_ST
1168.0,1168.0069575555028,3102.7559938897107,4899.445724300259,220.36648387096776,460.7712097167969,240.40472584582912,SH_ST,SH_ST
1169.0,1169.006963512301,3101.7816610356504,4899.220612129334,220.369935483871,459.745849609375,239.375914125504,SH_ST,SH_ST
1170.0,1170.006969469099,3100.80732818159,4898.995499958409,220.3733870967742,458.77532958984375,238.40194249306955,SH_ST,SH_ST
1171.0,1171.0069754258975,3099.8329953275293,4898.770387787484,220.37683870967743,457.8618469238281,237.4850082141507,SH_ST,SH_ST
1172.0,1172.0069813826956,3098.858662473469,4898.545275616559,220.38029032258063,456.9483642578125,236.5680739352319,SH_ST,SH_ST
1173.0,1173.0069873394937,3097.8843296194086,4898.320163445634,220.38374193548387,456.0348815917969,235.651139656313,SH_ST,SH_ST
1174.0,1174.0069932962915,3096.909996765315,4898.095051274852,220.3871935483871,455.1213989257813,234.7342053773941,SH_ST,SH_ST
1175.0,1175.0069992530898,3095.935663910987,4897.869939105087,220.3906451612904,454.2079162597656,233.8172710984753,SH_ST,SH_ST
1176.0,1176.007005209888,3094.9613310566588,4897.644826935321,220.3940967741936,453.29443359375,232.9003368195564,SH_ST,SH_ST
1177.0,1177.007011166686,3093.9869982023306,4897.419714765556,220.3975483870968,452.3809509277344,231.9834025406376,SH_ST,SH_ST
1178.0,1178.0070171234845,3093.012665348002,4897.19460259579,220.401,451.4674682617188,231.0664682617188,SH_ST,SH_ST
1179.0,1179.0070230802826,3092.038332493674,4896.969490426024,220.40445161290324,450.5539855957031,230.14953398279988,SH_ST,SH_ST
1180.0,1180.0070290370809,3091.0639996393456,4896.744378256259,220.40790322580645,449.4839782714844,229.07607504567792,SH_ST,SH_ST
1181.0,1181.007034993879,3090.089666785017,4896.519266086493,220.41135483870968,448.1827087402344,227.7713539015247,SH_ST,SH_ST
1182.0,1182.0070409506766,3089.1153339306893,4896.294153916728,220.4148064516129,446.8814392089844,226.46663275737149,SH_ST,SH_ST
1183.0,1183.007046907475,3088.1410010763607,4896.069041746964,220.41825806451607,445.5801696777344,225.1619116132183,SH_ST,SH_ST
1184.0,1184.007052864273,3087.166668222032,4895.8439295772,220.42170967741936,444.2789001464844,223.85719046906505,SH_ST,SH_ST
1185.0,1185.007058821071,3086.1923353677034,4895.618817407436,220.4251612903226,442.9776306152344,222.55246932491173,SH_ST,SH_ST
1186.0,1186.0070647778691,3085.218002513375,4895.393705237671,220.42861290322583,441.6763610839844,221.2477481807585,SH_ST,SH_ST
1187.0,1187.0070707346674,3084.243669659046,4895.168593067908,220.43206451612903,440.3751220703125,219.94305755418347,SH_ST,SH_ST
1188.0,1188.0070766914655,3083.2693368047176,4894.943480898144,220.4355161290323,439.0738525390625,218.6383364100302,SH_ST,SH_ST
1189.0,1189.0070826482638,3082.295003950389,4894.71836872838,220.4389677419355,437.7725830078125,217.333615265877,SH_ST,SH_ST
1190.0,1190.007088605062,3081.3206710960603,4894.493256558616,220.4424193548387,436.4713134765625,216.0288941217238,SH_ST,SH_ST
1191.0,1191.0070945618595,3080.346338241732,4894.268144388852,220.445870967742,435.1700439453125,214.72417297757053,SH_ST,SH_ST
1192.0,1192.0071005186585,3079.372005387403,4894.043032219088,220.4493225806452,433.8687744140625,213.4194518334173,SH_ST,SH_ST
1193.0,1193.0071064754563,3078.3976725330745,4893.817920049324,220.4527741935484,432.5675048828125,212.1147306892641,SH_ST,SH_ST
1194.0,1194.0071124322546,3077.423339678746,4893.59280787956,220.4562258064516,431.2662353515625,210.8100095451109,SH_ST,SH_ST
1195.0,1195.0071183890527,3076.449006824417,4893.367695709796,220.45967741935485,429.9649658203125,209.50528840095765,SH_ST,SH_ST
1196.0,1196.0071243458508,3075.4746739700886,4893.142583540032,220.46312903225808,428.6637268066406,208.2005977743825,SH_ST,SH_ST
1197.0,1197.007130302649,3074.50034111576,4892.917471370268,220.4665806451613,427.5134887695313,207.04690812437,SH_ST,SH_ST
1198.0,1198.0071362594467,3073.526008261432,4892.692359200504,220.4700322580645,426.43597412109375,205.9659418630293,SH_ST,SH_ST
1199.0,1199.0071422162453,3072.5516754071027,4892.4672470307405,220.47348387096773,425.35845947265625,204.88497560168847,SH_ST,SH_ST
1200.0,1200.0071481730436,3071.577342552774,4892.242134860976,220.476935483871,424.2809448242188,203.80400934034776,SH_ST,SH_ST
1201.0,1201.007154129842,3070.603009698445,4892.017022691212,220.4803870967742,423.5033874511719,203.02300035439768,SH_ST,SH_ST
1202.0,1202.0071600866395,3069.628676844117,4891.791910521449,220.48383870967743,422.8136596679688,202.3298209582913,SH_ST,SH_ST
1203.0,1203.0071660434385,3068.654343989788,4891.566798351684,220.48729032258063,422.1239318847656,201.636641562185,SH_ST,SH_ST
1204.0,1204.0071720002356,3067.68001113546,4891.3416861819205,220.49074193548387,421.4342041015625,200.94346216607863,SH_ST,SH_ST
1205.0,1205.0071779570344,3066.705678281131,4891.116574012156,220.4941935483871,420.7444458007813,200.2502522523941,SH_ST,SH_ST
1206.0,1206.0071839138325,3065.7313454268024,4890.891461842392,220.4976451612904,420.0547180175781,199.55707285628776,SH_ST,SH_ST
1207.0,1207.0071898706306,3064.7570125724737,4890.666349672629,220.5010967741936,419.364990234375,198.8638934601814,SH_ST,SH_ST
1208.0,1208.0071958274284,3063.782679718312,4890.441237502144,220.5045483870968,418.67523193359375,198.1706835464969,SH_ST,SH_ST
1209.0,1209.007201784227,3062.8083468642512,4890.216125331219,220.508,417.9855041503906,197.47750415039064,SH_ST,SH_ST
1210.0,1210.007207741025,3061.834014010191,4889.991013160294,220.51145161290324,417.2957763671875,196.78432475428423,SH_ST,SH_ST
1211.0,1211.007213697823,3060.8596811561306,4889.765900989369,220.51490322580645,416.6060485839844,196.09114535817795,SH_ST,SH_ST
1212.0,1212.0072196546212,3059.8853483020703,4889.540788818444,220.51835483870968,415.9162902832031,195.39793544449344,SH_ST,SH_ST
1213.0,1213.0072256114192,3058.91101544801,4889.315676647519,220.5218064516129,415.2265625,194.7047560483871,SH_ST,SH_ST
1214.0,1214.007231568217,3057.9366825939496,4889.0905644765935,220.52525806451607,414.6813354492188,194.15607738470263,SH_ST,SH_ST
1215.0,1215.0072375250154,3056.9623497398893,4888.865452305668,220.52870967741936,414.1816711425781,193.6529614651588,SH_ST,SH_ST
1216.0,1216.0072434818137,3055.988016885763,4888.640340135027,220.5321612903226,413.6820068359375,193.1498455456149,SH_ST,SH_ST
1217.0,1217.0072494386118,3055.013684031435,4888.415227965262,220.53561290322585,413.1823425292969,192.64672962607105,SH_ST,SH_ST
1218.0,1218.00725539541,3054.0393511771067,4888.190115795496,220.53906451612903,412.68267822265625,192.1436137065272,SH_ST,SH_ST
1219.0,1219.007261352208,3053.0650183227785,4887.965003625731,220.54251612903224,412.1830139160156,191.6404977869834,SH_ST,SH_ST
1220.0,1220.0072673090062,3052.09068546845,4887.739891455965,220.5459677419355,411.683349609375,191.1373818674395,SH_ST,SH_ST
1221.0,1221.0072732658043,3051.1163526141218,4887.5147792862,220.5494193548387,411.2463684082031,190.6969490533644,SH_ST,SH_ST
1222.0,1222.0072792226024,3050.1420197597936,4887.289667116434,220.552870967742,411.1829528808594,190.6300819131174,SH_ST,SH_ST
1223.0,1223.0072851794005,3049.1676869054654,4887.064554946668,220.5563225806452,411.11956787109375,190.5632452904485,SH_ST,SH_ST
1224.0,1224.0072911361988,3048.193354051137,4886.839442776903,220.5597741935484,410.9920043945313,190.43223020098284,SH_ST,SH_ST
1225.0,1225.0072970929964,3047.2190211968086,4886.614330607139,220.5632258064516,410.85400390625,190.2907780997984,SH_ST,SH_ST
1226.0,1226.0073030497947,3046.24468834248,4886.389218437374,220.56667741935485,410.7160339355469,190.14935651619203,SH_ST,SH_ST
1227.0,1227.0073090065928,3045.2703554881514,4886.164106267611,220.57012903225808,410.5780334472656,190.0079044150076,SH_ST,SH_ST
1228.0,1228.0073149633909,3044.2960226338228,4885.938994097847,220.5735806451613,410.4400329589844,189.8664523138231,SH_ST,SH_ST
1229.0,1229.0073209201892,3043.321689779494,4885.713881928083,220.5770322580645,410.3020629882813,189.7250307302168,SH_ST,SH_ST
1230.0,1230.0073268769877,3042.347356925165,4885.488769758319,220.58048387096773,410.1640625,189.58357862903227,SH_ST,SH_ST
1231.0,1231.0073328337853,3041.373024070837,4885.263657588555,220.583935483871,410.0260620117188,189.44212652784776,SH_ST,SH_ST
1232.0,1232.0073387905836,3040.3986912165083,4885.038545418791,220.5873870967742,409.8880920410156,189.30070494424143,SH_ST,SH_ST
1233.0,1233.0073447473812,3039.42435836218,4884.813433249027,220.59083870967743,409.7500915527344,189.1592528430569,SH_ST,SH_ST
1234.0,1234.0073507041798,3038.450025507851,4884.588321079264,220.59429032258063,409.6121215820313,189.01783125945065,SH_ST,SH_ST
1235.0,1235.007356660978,3037.4756926535224,4884.363208909499,220.59774193548387,409.47412109375,188.87637915826613,SH_ST,SH_ST
1236.0,1236.0073626177762,3036.501359799194,4884.138096739735,220.6011935483871,409.3361206054688,188.73492705708165,SH_ST,SH_ST
1237.0,1237.0073685745745,3035.527026944865,4883.912984569971,220.6046451612904,409.1981506347656,188.5935054734753,SH_ST,SH_ST
1238.0,1238.0073745313723,3034.5526940905365,4883.687872400207,220.6080967741936,409.0601501464844,188.4520533722908,SH_ST,SH_ST
1239.0,1239.0073804881706,3033.578361236208,4883.462760230444,220.6115483870968,408.9221801757813,188.31063178868445,SH_ST,SH_ST
1240.0,1240.0073864328403,3032.60402838188,4883.237648060679,220.61499648447585,408.7841796875,188.1691832030241,SH_ST,SH_ST
1241.0,1241.0073923531172,3031.6296955275507,4883.012535890915,220.6184375,408.6461791992188,188.02774169921875,SH_ST,SH_ST
1242.0,1242.0073982613028,3030.655362673222,4882.787423721152,220.621875,408.4335021972656,187.81162719726564,SH_ST,SH_ST
1243.0,1243.0074041694886,3029.6810298188934,4882.562311551387,220.6253125,408.1501159667969,187.52480346679687,SH_ST,SH_ST
1244.0,1244.0074100776742,3028.706696964565,4882.337199381624,220.62875,407.86669921875,187.23794921875,SH_ST,SH_ST
1245.0,1245.0074159858598,3027.732364110236,4882.11208721186,220.6321875,407.5832824707031,186.9510949707032,SH_ST,SH_ST
1246.0,1246.0074218940451,3026.758031255908,4881.886975042095,220.635625,407.2998962402344,186.6642712402344,SH_ST,SH_ST
1247.0,1247.0074278022312,3025.783698401579,4881.661862872332,220.6390625,407.0164794921875,186.3774169921875,SH_ST,SH_ST
1248.0,1248.007433710417,3024.8093655472503,4881.436750702567,220.6425,406.7330627441406,186.0905627441406,SH_ST,SH_ST
1249.0,1249.0074396186026,3023.8350326929217,4881.211638532804,220.6459375,406.4496765136719,185.80373901367187,SH_ST,SH_ST
1250.0,1250.0074455267888,3022.860699838792,4880.986526362177,220.649375,406.1629028320313,185.5135278320313,SH_ST,SH_ST
1251.0,1251.0074514349735,3021.8863669847324,4880.761414191251,220.6528125,405.8049011230469,185.1520886230469,SH_ST,SH_ST
1252.0,1252.007457343159,3020.9120341306725,4880.536302020324,220.65625,405.4469299316406,184.79067993164065,SH_ST,SH_ST
1253.0,1253.007463251345,3019.9377012766126,4880.311189849397,220.6596875,405.08892822265625,184.42924072265623,SH_ST,SH_ST
1254.0,1254.007469159531,3018.9633684225523,4880.08607767847,220.663125,404.7309265136719,184.06780151367187,SH_ST,SH_ST
1255.0,1255.0074750677163,3017.9890355684925,4879.860965507544,220.6665625,404.3729553222656,183.70639282226563,SH_ST,SH_ST
1256.0,1256.007480975902,3017.0147027144326,4879.635853336617,220.67,404.0149536132813,183.3449536132813,SH_ST,SH_ST
1257.0,1257.007486884088,3016.0403698603723,4879.4107411656905,220.6734375,403.6569519042969,182.98351440429687,SH_ST,SH_ST
1258.0,1258.0074927922733,3015.066037006212,4879.185628995199,220.676875,403.2989807128906,182.62210571289063,SH_ST,SH_ST
1259.0,1259.0074987004589,3014.0917041518774,4878.960516825461,220.6803125,402.9409790039063,182.26066650390624,SH_ST,SH_ST
1260.0,1260.0075046086445,3013.117371297543,4878.735404655723,220.68375,402.5829772949219,181.89922729492187,SH_ST,SH_ST
1261.0,1261.0075105168305,3012.143038443208,4878.510292485985,220.6871875,402.2250061035156,181.53781860351563,SH_ST,SH_ST
1262.0,1262.007516425016,3011.1687055888733,4878.285180316247,220.690625,401.8670043945313,181.17637939453124,SH_ST,SH_ST
1263.0,1263.0075223332017,3010.194372734539,4878.060068146509,220.6940625,401.8087768554688,181.11471435546875,SH_ST,SH_ST
1264.0,1264.0075282413875,3009.220039880204,4877.834955976771,220.6975,401.79010009765625,181.09260009765623,SH_ST,SH_ST
1265.0,1265.0075341495726,3008.2457070258697,4877.609843807033,220.7009375,401.77142333984375,181.0704858398437,SH_ST,SH_ST
1266.0,1266.0075400577582,3007.271374171535,4877.384731637295,220.704375,401.7527160644531,181.04834106445315,SH_ST,SH_ST
1267.0,1267.0075459659438,3006.2970413172065,4877.159619467531,220.7078125,401.7340393066406,181.02622680664064,SH_ST,SH_ST
1268.0,1268.0075518741296,3005.322708462878,4876.934507297767,220.71125,401.7153625488281,181.0041125488281,SH_ST,SH_ST
1269.0,1269.0075577823152,3004.3483756085493,4876.709395128003,220.7146875,401.6966857910156,180.98199829101563,SH_ST,SH_ST
1270.0,1270.0075636905008,3003.3740427542207,4876.484282958239,220.718125,401.6780090332031,180.9598840332032,SH_ST,SH_ST
1271.0,1271.0075695986866,3002.399709899892,4876.259170788475,220.7215625,401.6593017578125,180.9377392578125,SH_ST,SH_ST
1272.0,1272.0075755068722,3001.4253770455634,4876.034058618711,220.725,401.640625,180.915625,SH_ST,SH_ST
1273.0,1273.0075814150578,3000.451044191235,4875.808946448948,220.7284375,401.6219482421875,180.8935107421875,SH_ST,SH_ST
1274.0,1274.0075873232436,2999.476711336906,4875.583834279183,220.731875,401.603271484375,180.871396484375,SH_ST,SH_ST
1275.0,1275.0075932314292,2998.5023784825776,4875.358722109419,220.7353125,401.5845947265625,180.8492822265625,SH_ST,SH_ST
1276.0,1276.0075991396147,2997.528045628249,4875.133609939656,220.73875,401.5658874511719,180.82713745117184,SH_ST,SH_ST
1277.0,1277.0076050478006,2996.5537127739203,4874.908497769891,220.7421875,401.5472106933594,180.8050231933593,SH_ST,SH_ST
1278.0,1278.0076109559857,2995.579379919592,4874.683385600128,220.745625,401.5285339355469,180.78290893554689,SH_ST,SH_ST
1279.0,1279.007616864172,2994.605047065263,4874.458273430363,220.7490625,401.5098571777344,180.7607946777344,SH_ST,SH_ST
1280.0,1280.0076227723575,2993.6307142109345,4874.233161260599,220.7525,401.4911804199219,180.73868041992188,SH_ST,SH_ST
1281.0,1281.0076286805431,2992.656381356606,4874.008049090836,220.7559375,401.4724731445313,180.7165356445313,SH_ST,SH_ST
1282.0,1282.007634588729,2991.682048502277,4873.782936921071,220.759375,401.4537963867188,180.6944213867188,SH_ST,SH_ST
1283.0,1283.0076404969143,2990.7077156479486,4873.557824751308,220.7628125,401.4720153808594,180.70920288085927,SH_ST,SH_ST
1284.0,1284.0076464051,2989.73338279362,4873.332712581544,220.76625,401.5987243652344,180.8324743652344,SH_ST,SH_ST
1285.0,1285.0076523132852,2988.759049939292,4873.10760041178,220.7696875,401.7254638671875,180.9557763671875,SH_ST,SH_ST
1286.0,1286.0076582214715,2987.7847170849627,4872.882488242016,220.773125,401.8522033691406,181.07907836914063,SH_ST,SH_ST
1287.0,1287.007664129657,2986.810384230634,4872.657376072252,220.7765625,401.97894287109375,181.2023803710937,SH_ST,SH_ST
1288.0,1288.0076700378434,2985.836051376305,4872.432263902488,220.78,402.1056823730469,181.32568237304687,SH_ST,SH_ST
1289.0,1289.0076759460285,2984.861718521977,4872.207151732724,220.7834375,402.232421875,181.448984375,SH_ST,SH_ST
1290.0,1290.0076818542143,2983.887385667648,4871.98203956296,220.786875,402.3591613769531,181.57228637695312,SH_ST,SH_ST
1291.0,1291.0076877623994,2982.91305281332,4871.756927393196,220.7903125,402.4859008789063,181.69558837890625,SH_ST,SH_ST
1292.0,1292.0076936705857,2981.9387199592225,4871.53181522243,220.79375,402.6126403808594,181.8188903808594,SH_ST,SH_ST
1293.0,1293.007699578771,2980.964387105162,4871.306703051505,220.7971875,402.7393798828125,181.9421923828125,SH_ST,SH_ST
1294.0,1294.0077054869566,2979.990054251102,4871.08159088058,220.800625,402.8661193847656,182.06549438476563,SH_ST,SH_ST
1295.0,1295.007711395143,2979.015721397041,4870.856478709654,220.8040625,402.9928283691406,182.18876586914064,SH_ST,SH_ST
1296.0,1296.007717303328,2978.041388542981,4870.631366538729,220.8075,403.11956787109375,182.3120678710937,SH_ST,SH_ST
1297.0,1297.0077232115136,2977.067055688921,4870.406254367804,220.8109375,403.2463073730469,182.43536987304688,SH_ST,SH_ST
1298.0,1298.0077291196992,2976.0927228348605,4870.181142196879,220.814375,403.373046875,182.558671875,SH_ST,SH_ST
1299.0,1299.0077350278848,2975.1183899808,4869.956030025954,220.8178125,403.4997863769531,182.68197387695312,SH_ST,SH_ST
1300.0,1300.0077409360706,2974.144057126609,4869.730917855594,220.82125,403.6265258789063,182.80527587890623,SH_ST,SH_ST
1301.0,1301.0077468442562,2973.1697242722807,4869.505805685829,220.8246875,403.7532653808594,182.92857788085936,SH_ST,SH_ST
1302.0,1302.0077527524418,2972.1953914179526,4869.280693516063,220.828125,403.8800048828125,183.0518798828125,SH_ST,SH_ST
1303.0,1303.0077586606274,2971.2210585636244,4869.055581346298,220.8315625,404.0174560546875,183.1858935546875,SH_ST,SH_ST
1304.0,1304.0077645688134,2970.246725709296,4868.8304691765325,220.835,404.0870361328125,183.2520361328125,SH_ST,SH_ST
1305.0,1305.0077704769988,2969.272392854968,4868.605357006766,220.8384375,404.1018981933594,183.2634606933593,SH_ST,SH_ST
1306.0,1306.0077763851848,2968.2980600006395,4868.380244837001,220.841875,404.1167602539063,183.27488525390623,SH_ST,SH_ST
1307.0,1307.00778229337,2967.323727146312,4868.155132667235,220.8453125,404.1316223144531,183.28630981445312,SH_ST,SH_ST
1308.0,1308.0077882015562,2966.3493942919827,4867.930020497471,220.84875,404.146484375,183.297734375,SH_ST,SH_ST
1309.0,1309.007794109742,2965.375061437654,4867.704908327706,220.8521875,404.1613464355469,183.3091589355469,SH_ST,SH_ST
1310.0,1310.0078000179274,2964.4007285833254,4867.479796157943,220.855625,404.17620849609375,183.3205834960937,SH_ST,SH_ST
1311.0,1311.0078059261134,2963.426395728997,4867.254683988178,220.8590625,404.1910705566406,183.33200805664063,SH_ST,SH_ST
1312.0,1312.0078118342983,2962.4520628746686,4867.029571818414,220.8625,404.2059326171875,183.3434326171875,SH_ST,SH_ST
1313.0,1313.007817742484,2961.47773002034,4866.804459648651,220.8659375,404.2207946777344,183.3548571777344,SH_ST,SH_ST
1314.0,1314.00782365067,2960.5033971660114,4866.579347478886,220.869375,404.2356567382813,183.3662817382813,SH_ST,SH_ST
1315.0,1315.0078295588555,2959.5290643116828,4866.3542353091225,220.8728125,404.2505187988281,183.3777062988281,SH_ST,SH_ST
1316.0,1316.007835467041,2958.554731457354,4866.129123139359,220.87625,404.2653503417969,183.38910034179688,SH_ST,SH_ST
1317.0,1317.0078413752274,2957.580398603025,4865.904010969594,220.8796875,404.28021240234375,183.40052490234376,SH_ST,SH_ST
1318.0,1318.0078472834125,2956.606065748697,4865.678898799831,220.883125,404.2950744628906,183.41194946289065,SH_ST,SH_ST
1319.0,1319.007853191598,2955.6317328943683,4865.453786630067,220.8865625,404.3099365234375,183.4233740234375,SH_ST,SH_ST
1320.0,1320.0078590997832,2954.65740004004,4865.228674460303,220.89,404.3247985839844,183.4347985839844,SH_ST,SH_ST
1321.0,1321.0078650079697,2953.683067185711,4865.003562290539,220.8934375,404.3396606445313,183.44622314453125,SH_ST,SH_ST
1322.0,1322.0078709161553,2952.7087343313824,4864.778450120774,220.896875,404.3545227050781,183.45764770507813,SH_ST,SH_ST
1323.0,1323.0078768243409,2951.734401477054,4864.553337951011,220.9003125,404.369384765625,183.469072265625,SH_ST,SH_ST
1324.0,1324.0078827325265,2950.760068622725,4864.328225781247,220.90375,404.3842468261719,183.48049682617187,SH_ST,SH_ST
1325.0,1325.0078886407125,2949.7857357683965,4864.1031136114825,220.9071875,404.5917053222656,183.68451782226563,SH_ST,SH_ST
1326.0,1326.007894548898,2948.811402914068,4863.878001441719,220.910625,404.8004760742188,183.8898510742188,SH_ST,SH_ST
1327.0,1327.007900457083,2947.83707005974,4863.652889271955,220.9140625,405.00921630859375,184.0951538085937,SH_ST,SH_ST
1328.0,1328.0079063652693,2946.8627372054107,4863.427777102191,220.9175,405.2179870605469,184.30048706054689,SH_ST,SH_ST
1329.0,1329.0079122734548,2945.888404351082,4863.202664932427,220.9209375,405.4267272949219,184.50578979492187,SH_ST,SH_ST
1330.0,1330.0079181816404,2944.9140714967534,4862.977552762663,220.924375,405.6354675292969,184.71109252929688,SH_ST,SH_ST
1331.0,1331.0079240898262,2943.939738642425,4862.752440592899,220.9278125,405.84423828125,184.91642578125,SH_ST,SH_ST
1332.0,1332.0079299980118,2942.965405788096,4862.527328423135,220.93125,406.052978515625,185.121728515625,SH_ST,SH_ST
1333.0,1333.0079359061972,2941.991072933768,4862.302216253371,220.9346875,406.2617492675781,185.32706176757813,SH_ST,SH_ST
1334.0,1334.0079418143837,2941.016740079703,4862.077104082462,220.938125,406.4704895019531,185.5323645019531,SH_ST,SH_ST
1335.0,1335.0079477225684,2940.042407225644,4861.851991911536,220.9415625,406.6792297363281,185.7376672363281,SH_ST,SH_ST
1336.0,1336.0079536307544,2939.0680743715834,4861.626879740609,220.945,406.8880004882813,185.94300048828129,SH_ST,SH_ST
1337.0,1337.00795953894,2938.0937415175235,4861.401767569682,220.9484375,407.11029052734375,186.1618530273437,SH_ST,SH_ST
1338.0,1338.0079654471258,2937.119408663463,4861.176655398756,220.951875,407.3786926269531,186.42681762695312,SH_ST,SH_ST
1339.0,1339.007971355311,2936.145075809404,4860.9515432278295,220.9553125,407.6470947265625,186.6917822265625,SH_ST,SH_ST
1340.0,1340.007977263497,2935.1707429553435,4860.726431056903,220.95875,407.9154968261719,186.95674682617187,SH_ST,SH_ST
1341.0,1341.007983171682,2934.196410101284,4860.501318885976,220.9621875,408.1839294433594,187.2217419433593,SH_ST,SH_ST
1342.0,1342.007989079868,2933.22207724706,4860.276206715757,220.965625,408.4523315429688,187.4867065429688,SH_ST,SH_ST
1343.0,1343.007994988054,2932.2477443927314,4860.051094545993,220.9690625,408.7207336425781,187.7516711425781,SH_ST,SH_ST
1344.0,1344.0080008962395,2931.273411538403,4859.825982376229,220.9725,408.9891357421875,188.0166357421875,SH_ST,SH_ST
1345.0,1345.0080068044251,2930.299078684074,4859.6008702064655,220.9759375,409.2222900390625,188.2463525390625,SH_ST,SH_ST
1346.0,1346.008012712611,2929.3247458297456,4859.375758036701,220.979375,409.3937377929688,188.4143627929688,SH_ST,SH_ST
1347.0,1347.0080186207963,2928.350412975417,4859.150645866937,220.9828125,409.5652160644531,188.5824035644532,SH_ST,SH_ST
1348.0,1348.008024528982,2927.3760801210883,4858.925533697174,220.98625,409.7366638183594,188.75041381835936,SH_ST,SH_ST
1349.0,1349.0080304371677,2926.40174726676,4858.700421527409,220.9896875,409.90814208984375,188.9184545898437,SH_ST,SH_ST
1350.0,1350.0080363453535,2925.427414412431,4858.4753093576455,220.993125,410.07958984375,189.08646484375,SH_ST,SH_ST
1351.0,1351.008042253539,2924.4530815581024,4858.250197187882,220.9965625,410.25103759765625,189.25447509765624,SH_ST,SH_ST
1352.0,1352.008048161725,2923.478748703774,4858.025085018117,221.0,410.4225158691406,189.42251586914065,SH_ST,SH_ST
1353.0,1353.0080540699105,2922.504415849445,4857.799972848354,221.0034375,410.5939636230469,189.59052612304689,SH_ST,SH_ST
1354.0,1354.0080599780958,2921.530082995117,4857.574860678589,221.006875,410.7377624511719,189.73088745117187,SH_ST,SH_ST
1355.0,1355.008065886282,2920.555750140788,4857.3497485088255,221.0103125,410.8495788574219,189.83926635742188,SH_ST,SH_ST
1356.0,1356.008071794467,2919.58141728646,4857.124636339062,221.01375,410.96136474609375,189.94761474609376,SH_ST,SH_ST
1357.0,1357.0080777026533,2918.6070844321307,4856.899524169297,221.0171875,411.07318115234375,190.0559936523437,SH_ST,SH_ST
1358.0,1358.0080836108389,2917.632751577802,4856.674411999534,221.020625,411.18499755859375,190.16437255859373,SH_ST,SH_ST
1359.0,1359.008089519025,2916.658418723473,4856.44929982977,221.0240625,411.2967834472656,190.2727209472656,SH_ST,SH_ST
1360.0,1360.0080954272105,2915.684085869145,4856.224187660006,221.0275,411.4085998535156,190.3810998535156,SH_ST,SH_ST
1361.0,1361.0081013353958,2914.709753014816,4855.999075490242,221.0309375,411.5204162597656,190.48947875976563,SH_ST,SH_ST
1362.0,1362.008107243581,2913.735420160488,4855.773963320478,221.034375,411.6322021484375,190.5978271484375,SH_ST,SH_ST
1363.0,1363.0081131517672,2912.761087306159,4855.548851150714,221.0378125,411.7440185546875,190.7062060546875,SH_ST,SH_ST
1364.0,1364.0081190599528,2911.7867544518303,4855.32373898095,221.04125,411.8558349609375,190.8145849609375,SH_ST,SH_ST
1365.0,1365.0081249681386,2910.8124215975017,4855.098626811186,221.0446875,411.9676208496094,190.92293334960937,SH_ST,SH_ST
1366.0,1366.0081308763242,2909.838088743173,4854.873514641422,221.048125,412.1505432128906,191.10241821289063,SH_ST,SH_ST
1367.0,1367.0081367845098,2908.8637558888504,4854.648402471633,221.0515625,412.3592834472656,191.30772094726564,SH_ST,SH_ST
1368.0,1368.0081426926954,2907.889423034534,4854.423290301816,221.055,412.5680541992188,191.5130541992188,SH_ST,SH_ST
1369.0,1369.0081486008812,2906.9150901802177,4854.198178131999,221.0584375,412.77679443359375,191.71835693359367,SH_ST,SH_ST
1370.0,1370.0081545090668,2905.9407573259014,4853.973065962183,221.061875,412.9855346679688,191.9236596679688,SH_ST,SH_ST
1371.0,1371.0081604172526,2904.966424471585,4853.7479537923655,221.0653125,413.4031066894531,192.33779418945312,SH_ST,SH_ST
1372.0,1372.0081663254389,2903.992091617268,4853.522841622549,221.06875,413.9101257324219,192.84137573242188,SH_ST,SH_ST
1373.0,1373.0081722336245,2903.017758762952,4853.297729452732,221.0721875,414.4171447753906,193.3449572753906,SH_ST,SH_ST
1374.0,1374.00817814181,2902.0434259086355,4853.072617282915,221.075625,414.9241638183594,193.84853881835937,SH_ST,SH_ST
1375.0,1375.0081840499954,2901.069093054345,4852.847505112987,221.0790625,415.4311828613281,194.35212036132813,SH_ST,SH_ST
1376.0,1376.0081899581814,2900.0947602002725,4852.622392942113,221.0825,415.9382019042969,194.8557019042969,SH_ST,SH_ST
1377.0,1377.008195866367,2899.1204273462004,4852.397280771239,221.0859375,416.4452209472656,195.3592834472656,SH_ST,SH_ST
1378.0,1378.0082017745526,2898.146094492128,4852.172168600366,221.089375,416.9522399902344,195.8628649902344,SH_ST,SH_ST
1379.0,1379.0082076827382,2897.171761638056,4851.947056429492,221.0928125,417.4592590332031,196.36644653320312,SH_ST,SH_ST
1380.0,1380.0082135909238,2896.197428783984,4851.721944258617,221.09625,417.9662780761719,196.87002807617188,SH_ST,SH_ST
1381.0,1381.0082194991094,2895.223095929912,4851.496832087743,221.0996875,418.4732971191406,197.37360961914064,SH_ST,SH_ST
1382.0,1382.0082254072945,2894.24876307584,4851.27171991687,221.103125,418.9803161621094,197.87719116210937,SH_ST,SH_ST
1383.0,1383.0082313154803,2893.2744302217675,4851.046607745996,221.1065625,419.4873352050781,198.38077270507813,SH_ST,SH_ST
1384.0,1384.0082372236664,2892.300097367508,4850.821495575932,221.11,419.9943542480469,198.8843542480469,SH_ST,SH_ST
1385.0,1385.0082431318515,2891.32576451318,4850.596383406169,221.1134375,420.5013732910156,199.3879357910156,SH_ST,SH_ST
1386.0,1386.0082490400375,2890.3514316588507,4850.371271236405,221.116875,420.9733276367188,199.8564526367188,SH_ST,SH_ST
1387.0,1387.008254948223,2889.377098804522,4850.14615906664,221.1203125,421.1410217285156,200.0207092285156,SH_ST,SH_ST
1388.0,1388.0082608564094,2888.402765950193,4849.921046896877,221.12375,421.6439514160156,200.5202014160156,SH_ST,SH_ST
1389.0,1389.0082667645947,2887.428433095865,4849.695934727112,221.1271875,422.1695861816406,201.04239868164063,SH_ST,SH_ST
1390.0,1390.0082726727803,2886.4541002415363,4849.470822557349,221.130625,422.6952209472656,201.5645959472656,SH_ST,SH_ST
1391.0,1391.0082785809657,2885.479767387208,4849.245710387585,221.1340625,423.2208557128906,202.08679321289063,SH_ST,SH_ST
1392.0,1392.0082844891515,2884.505434532879,4849.02059821782,221.1375,423.7464904785156,202.60899047851564,SH_ST,SH_ST
1393.0,1393.0082903973373,2883.5311016785504,4848.795486048057,221.1409375,424.2230224609375,203.0820849609375,SH_ST,SH_ST
1394.0,1394.008296305523,2882.5567688242218,4848.570373878293,221.144375,424.6927795410156,203.54840454101563,SH_ST,SH_ST
1395.0,1395.0083022137087,2881.582435969893,4848.345261708529,221.1478125,425.1625061035156,204.01469360351564,SH_ST,SH_ST
1396.0,1396.0083081218943,2880.6081031155645,4848.120149538765,221.15125,425.6322326660156,204.4809826660156,SH_ST,SH_ST
1397.0,1397.00831403008,2879.633770261236,4847.895037369,221.1546875,426.1019592285156,204.94727172851563,SH_ST,SH_ST
1398.0,1398.0083199382652,2878.659437406908,4847.669925199237,221.158125,426.5716857910156,205.4135607910156,SH_ST,SH_ST
1399.0,1399.0083258464513,2877.6851045525787,4847.444813029473,221.1615625,427.0414123535156,205.8798498535156,SH_ST,SH_ST
1400.0,1400.008331754637,2876.71077169825,4847.219700859709,221.165,427.5111389160156,206.34613891601563,SH_ST,SH_ST
1401.0,1401.0083376628224,2875.7364388439337,4846.994588689893,221.1684375,427.9808654785156,206.8124279785156,SH_ST,SH_ST
1402.0,1402.0083435710085,2874.762105989617,4846.769476520077,221.171875,428.4505920410156,207.2787170410156,SH_ST,SH_ST
1403.0,1403.008349479194,2873.7877731353005,4846.54436435026,221.1753125,428.9203186035156,207.74500610351564,SH_ST,SH_ST
1404.0,1404.00835538738,2872.813440280984,4846.319252180443,221.17875,429.2660217285156,208.0872717285156,SH_ST,SH_ST
1405.0,1405.0083612955657,2871.839107426668,4846.094140010627,221.1821875,429.0198974609375,207.8377099609375,SH_ST,SH_ST
1406.0,1406.0083672037513,2870.8647745723515,4845.869027840809,221.185625,428.7737731933594,207.5881481933594,SH_ST,SH_ST
1407.0,1407.0083731119369,2869.890441718035,4845.643915670993,221.1890625,428.2751770019531,207.08611450195312,SH_ST,SH_ST
1408.0,1408.0083790201231,2868.9161088637184,4845.418803501176,221.1925,427.4958801269531,206.3033801269532,SH_ST,SH_ST
1409.0,1409.0083849283085,2867.9417760093947,4845.193691331391,221.1959375,426.716552734375,205.520615234375,SH_ST,SH_ST
1410.0,1410.0083908364938,2866.967443155066,4844.968579161628,221.199375,425.9372253417969,204.73785034179687,SH_ST,SH_ST
1411.0,1411.0083967446803,2865.993110300737,4844.743466991863,221.2028125,425.1694641113281,203.96665161132813,SH_ST,SH_ST
1412.0,1412.0084026528657,2865.018777446409,4844.518354822099,221.20625,424.4647521972656,203.2585021972656,SH_ST,SH_ST
1413.0,1413.008408561051,2864.0444445920803,4844.293242652336,221.2096875,423.760009765625,202.550322265625,SH_ST,SH_ST
1414.0,1414.0084144692364,2863.070111737752,4844.068130482571,221.213125,423.0552673339844,201.8421423339844,SH_ST,SH_ST
1415.0,1415.0084203774222,2862.095778883423,4843.843018312808,221.2165625,422.3505554199219,201.13399291992187,SH_ST,SH_ST
1416.0,1416.0084262856085,2861.1214460290944,4843.617906143043,221.22,421.6458129882813,200.42581298828125,SH_ST,SH_ST
1417.0,1417.008432193794,2860.147113174824,4843.392793973027,221.2234375,420.9410705566406,199.71763305664064,SH_ST,SH_ST
1418.0,1418.0084381019794,2859.172780320752,4843.167681802153,221.226875,420.2363586425781,199.0094836425781,SH_ST,SH_ST
1419.0,1419.0084440101646,2858.19844746668,4842.94256963128,221.2303125,419.5316162109375,198.3013037109375,SH_ST,SH_ST
1420.0,1420.0084499183506,2857.2241146126075,4842.717457460406,221.23375,418.8268737792969,197.5931237792969,SH_ST,SH_ST
1421.0,1421.0084558265362,2856.2497817585354,4842.492345289532,221.2371875,418.1221618652344,196.8849743652344,SH_ST,SH_ST
1422.0,1422.0084617347218,2855.2754489044632,4842.267233118659,221.240625,417.41741943359375,196.17679443359376,SH_ST,SH_ST
1423.0,1423.0084676429074,2854.301116050391,4842.0421209477845,221.2440625,416.7126770019531,195.4686145019531,SH_ST,SH_ST
1424.0,1424.008473551093,2853.326783196319,4841.81700877691,221.2475,416.0079650878906,194.76046508789065,SH_ST,SH_ST
1425.0,1425.0084794592783,2852.352450342247,4841.591896606036,221.2509375,415.30322265625,194.05228515625,SH_ST,SH_ST
1426.0,1426.0084853674643,2851.378117487956,4841.366784436108,221.254375,414.5984802246094,193.34410522460936,SH_ST,SH_ST
1427.0,1427.0084912756497,2850.403784633628,4841.141672266343,221.2578125,413.8937683105469,192.63595581054688,SH_ST,SH_ST
1428.0,1428.0084971838355,2849.4294517792987,4840.91656009658,221.26125,413.3934326171875,192.1321826171875,SH_ST,SH_ST
1429.0,1429.008503092021,2848.45511892497,4840.691447926816,221.2646875,412.93109130859375,191.6664038085937,SH_ST,Fault
1430.0,1430.0085090002076,2847.480786070641,4840.466335757052,221.268125,412.4687194824219,191.20059448242188,SH_ST,Fault
1431.0,1431.0085149083927,2846.506453216313,4840.241223587288,221.2715625,412.00634765625,190.73478515625,SH_ST,Fault
1432.0,1432.0085208165783,2845.532120361984,4840.016111417524,221.275,411.5439758300781,190.2689758300781,SH_ST,Fault
1433.0,1433.0085267247637,2844.557787507656,4839.79099924776,221.2784375,411.0816040039063,189.80316650390623,SH_ST,Fault
1434.0,1434.0085326329497,2843.583454653333,4839.565887077971,221.281875,410.6192321777344,189.3373571777344,SH_ST,Fault
1435.0,1435.0085385411353,2842.6091217990165,4839.340774908154,221.2853125,410.1568603515625,188.8715478515625,SH_ST,Fault
1436.0,1436.008544449321,2841.6347889447,4839.115662738337,221.28875,409.6945190429688,188.4057690429688,SH_ST,Fault
1437.0,1437.0085503575067,2840.660456090384,4838.890550568521,221.2921875,409.2321472167969,187.9399597167969,SH_ST,Fault
1438.0,1438.0085562656925,2839.6861232360675,4838.665438398704,221.295625,408.8077697753906,187.51214477539065,SH_ST,Fault
1439.0,1439.0085621738783,2838.7117903817507,4838.440326228887,221.2990625,408.457275390625,187.158212890625,SH_ST,Fault
1440.0,1440.008568082064,2837.7374575274343,4838.215214059071,221.3025,408.1068115234375,186.8043115234375,SH_ST,Fault
1441.0,1441.00857399025,2836.763124673118,4837.990101889253,221.3059375,407.7563171386719,186.45037963867188,SH_ST,Fault
1442.0,1442.0085798984355,2835.7887918188003,4837.764989719442,221.309375,407.4058227539063,186.09644775390623,SH_ST,Fault
1443.0,1443.0085858066209,2834.814458964472,4837.539877549678,221.3128125,407.0553283691406,185.74251586914065,SH_ST,Fault
1444.0,1444.008591714807,2833.840126110143,4837.314765379914,221.31625,406.704833984375,185.388583984375,SH_ST,Fault
1445.0,1445.0085976229925,2832.8657932558144,4837.089653210151,221.3196875,406.3543395996094,185.0346520996094,SH_ST,Fault
1446.0,1446.0086035311783,2831.891460401486,4836.864541040386,221.323125,406.00384521484375,184.6807202148437,SH_ST,Fault
1447.0,1447.008609439364,2830.917127547157,4836.639428870622,221.3265625,405.6533508300781,184.32678833007813,SH_ST,Fault
1448.0,1448.008615347549,2829.942794692829,4836.414316700859,221.33,405.199462890625,183.869462890625,SH_ST,Fault
1449.0,1449.0086212557353,2828.9684618385,4836.189204531094,221.3334375,404.3642272949219,183.03078979492187,SH_ST,Fault
1450.0,1450.0086271639204,2827.994128984172,4835.964092361331,221.336875,403.5290222167969,182.19214721679688,SH_ST,Fault
1451.0,1451.0086330721065,2827.019796129843,4835.738980191565,221.3403125,402.69378662109375,181.3534741210937,SH_ST,Fault
1452.0,1452.008638980292,2826.045463275515,4835.5138680218,221.34375,401.8585510253906,180.51480102539065,SH_ST,Fault
1453.0,1453.0086448884776,2825.071130421187,4835.288755852034,221.3471875,401.0233154296875,179.6761279296875,SH_ST,Fault
1454.0,1454.0086507966637,2824.096797566858,4835.063643682269,221.350625,400.1881103515625,178.8374853515625,SH_ST,Fault
1455.0,1455.0086567048493,2823.12246471253,4834.838531512503,221.3540625,399.3528747558594,177.99881225585938,SH_ST,Fault
1456.0,1456.0086626130349,2822.148131858202,4834.613419342738,221.3575,398.51763916015625,177.16013916015626,SH_ST,Fault
1457.0,1457.0086685212204,2821.1737990038737,4834.388307172972,221.3609375,397.6824035644531,176.32146606445312,SH_ST,Fault
1458.0,1458.0086744294065,2820.199466149545,4834.163195003207,221.364375,396.84716796875,175.48279296875,SH_ST,Fault
1459.0,1459.008680337592,2819.225133295306,4833.938082833056,221.3678125,396.011962890625,174.644150390625,SH_ST,Fault
1460.0,1460.008686245778,2818.2508004412334,4833.712970662184,221.37125,395.1767272949219,173.80547729492187,SH_ST,Fault
1461.0,1461.0086921539637,2817.276467587161,4833.487858491311,221.3746875,394.3414916992188,172.96680419921876,SH_ST,Fault
1462.0,1462.0086980621495,2816.302134733088,4833.262746320439,221.378125,393.5062561035156,172.1281311035156,SH_ST,Fault
1463.0,1463.0087039703349,2815.327801879016,4833.037634149567,221.3815625,392.6710205078125,171.2894580078125,SH_ST,Fault
1464.0,1464.008709878521,2814.3534690249435,4832.812521978694,221.385,391.8358154296875,170.4508154296875,SH_ST,Fault
1465.0,1465.0087157867065,2813.379136170871,4832.587409807822,221.3884375,391.1180114746094,169.72957397460937,SH_ST,Fault
1466.0,1466.0087216948923,2812.4048033167983,4832.36229763695,221.391875,390.5065307617188,169.11465576171875,SH_ST,Fault
1467.0,1467.008727603078,2811.4304704627257,4832.137185466077,221.3953125,389.8950500488281,168.49973754882814,SH_ST,Fault
1468.0,1468.0087335112637,2810.456137608416,4831.912073296232,221.39875,389.2835998535156,167.88484985351562,SH_ST,Fault
1469.0,1469.0087394194493,2809.4818047541,4831.686961126415,221.4021875,388.672119140625,167.269931640625,SH_ST,Fault
1470.0,1470.008745327635,2808.507471899783,4831.461848956598,221.405625,388.0606689453125,166.6550439453125,SH_ST,Fault
1471.0,1471.0087512358211,2807.5331390454667,4831.236736786781,221.4090625,387.4491882324219,166.04012573242187,SH_ST,Fault
1472.0,1472.0087571440067,2806.5588061911503,4831.011624616965,221.4125,386.8377380371094,165.42523803710938,SH_ST,Fault
1473.0,1473.0087630521923,2805.584473336834,4830.786512447148,221.4159375,386.2262573242188,164.81031982421874,SH_ST,Fault
1474.0,1474.0087689603786,2804.610140482517,4830.561400277331,221.419375,385.6148071289063,164.19543212890625,SH_ST,Fault
1475.0,1475.0087748685642,2803.635807628201,4830.3362881075145,221.4228125,385.0033264160156,163.58051391601563,SH_ST,Fault
1476.0,1476.0087807767495,2802.661474773877,4830.111175937729,221.42625,384.3918762207031,162.96562622070311,SH_ST,Fault
1477.0,1477.008786684935,2801.6871419195486,4829.886063767965,221.4296875,383.7803955078125,162.3507080078125,SH_ST,Fault
1478.0,1478.0087925931211,2800.71280906522,4829.660951598201,221.433125,383.1689453125,161.7358203125,SH_ST,Fault
1479.0,1479.0087985013065,2799.738476210892,4829.435839428437,221.4365625,382.5574645996094,161.12090209960937,SH_ST,Fault
1480.0,1480.0088044094923,2798.7641433565627,4829.210727258674,221.44,381.9460144042969,160.50601440429688,SH_ST,Fault
1481.0,1481.008810317678,2797.789810502234,4828.985615088909,221.4434375,381.3345336914063,159.89109619140626,SH_ST,Fault
1482.0,1482.0088162258642,2796.815477647905,4828.760502919145,221.446875,380.75238037109375,159.30550537109374,SH_ST,Fault
1483.0,1483.0088221340495,2795.841144793577,4828.535390749381,221.4503125,380.2080078125,158.7576953125,SH_ST,Fault
1484.0,1484.0088280422356,2794.866811939248,4828.310278579617,221.45375,379.6636352539063,158.20988525390624,SH_ST,Fault
1485.0,1485.0088339504202,2793.89247908492,4828.085166409854,221.4571875,379.1192321777344,157.66204467773437,SH_ST,Fault
1486.0,1486.0088398586065,2792.918146230591,4827.860054240089,221.460625,378.5748596191406,157.11423461914063,SH_ST,Fault
1487.0,1487.008845766792,2791.9438133762624,4827.634942070325,221.4640625,378.0304870605469,156.56642456054686,SH_ST,Fault
1488.0,1488.0088516749777,2790.9694805219337,4827.409829900562,221.4675,377.486083984375,156.018583984375,SH_ST,Fault
1489.0,1489.0088575831635,2789.995147667605,4827.184717730797,221.4709375,376.9417114257813,155.47077392578126,SH_ST,Fault
1490.0,1490.008863491349,2789.0208148132765,4826.959605561034,221.474375,376.48974609375,155.01537109375,SH_ST,Fault
1491.0,1491.008869399535,2788.046481958948,4826.73449339127,221.4778125,376.0423278808594,154.56451538085938,SH_ST,Fault
1492.0,1492.00887530772,2787.07214910462,4826.5093812215055,221.48125,375.5948791503906,154.11362915039064,SH_ST,Fault
1493.0,1493.008881215906,2786.0978162505075,4826.284269050803,221.4846875,375.1474304199219,153.66274291992187,SH_ST,Fault
1494.0,1494.0088871240916,2785.1234833964354,4826.059156879929,221.488125,374.6999816894531,153.21185668945313,SH_ST,Fault
1495.0,1495.0088930322768,2784.149150542364,4825.834044709056,221.4915625,374.2525329589844,152.7609704589844,SH_ST,Fault
1496.0,1496.0088989404628,2783.174817688291,4825.608932538182,221.495,373.80511474609375,152.31011474609377,SH_ST,Fault
1497.0,1497.0089048486484,2782.200484834219,4825.383820367308,221.4984375,373.357666015625,151.859228515625,SH_ST,Fault
1498.0,1498.008910756834,2781.226151980147,4825.158708196434,221.501875,372.91021728515625,151.40834228515624,SH_ST,Fault
1499.0,1499.00891666502,2780.251819126074,4824.93359602556,221.5053125,372.4627685546875,150.9574560546875,SH_ST,Fault
1500.0,1500.0089225732056,2779.277486272002,4824.708483854686,221.50875,372.0153503417969,150.50660034179688,SH_ST,Fault
1501.0,1501.0089284813907,2778.303153417816,4824.483371684309,221.5121875,371.5679016113281,150.05571411132811,SH_ST,Fault
1502.0,1502.0089343895768,2777.328820563499,4824.258259514492,221.515625,371.1204528808594,149.60482788085938,SH_ST,Fault
1503.0,1503.0089402977628,2776.354487709182,4824.033147344676,221.5190625,370.6730041503906,149.15394165039064,SH_ST,Fault
1504.0,1504.0089462059482,2775.3801548548663,4823.808035174859,221.5225,370.2255859375,148.7030859375,SH_ST,Fault
1505.0,1505.008952114135,2774.405822000549,4823.582923005042,221.5259375,369.7781372070313,148.25219970703125,SH_ST,Fault
1506.0,1506.00895802232,2773.431489146233,4823.357810835225,221.529375,369.3306884765625,147.8013134765625,SH_ST,Fault
1507.0,1507.0089639305056,2772.457156291917,4823.1326986654085,221.5328125,368.88323974609375,147.35042724609374,SH_ST,Fault
1508.0,1508.0089698386912,2771.4828234376005,4822.907586495592,221.53625,368.435791015625,146.899541015625,SH_ST,Fault
1509.0,1509.008975746877,2770.5084905832828,4822.68247432578,221.5396875,367.9883728027344,146.44868530273436,SH_ST,Fault
1510.0,1510.0089816550628,2769.534157728954,4822.457362156016,221.543125,367.5409240722656,145.99779907226562,SH_ST,Fault
1511.0,1511.0089875632489,2768.559824874625,4822.232249986252,221.5465625,367.0934753417969,145.54691284179688,SH_ST,Fault
1512.0,1512.008993471434,2767.585492020297,4822.0071378164885,221.55,366.6460571289063,145.09605712890624,SH_ST,Fault
1513.0,1513.0089993796198,2766.6111591659683,4821.782025646724,221.5534375,366.1986083984375,144.6451708984375,SH_ST,Fault
1514.0,1514.009005287805,2765.63682631164,4821.55691347696,221.556875,365.7511901855469,144.19431518554688,SH_ST,Fault
1515.0,1515.0090111959912,2764.662493457311,4821.331801307196,221.5603125,365.3037414550781,143.74342895507812,SH_ST,Fault
1516.0,1516.0090171041768,2763.6881606029824,4821.106689137432,221.56375,364.8562927246094,143.29254272460938,SH_ST,Fault
1517.0,1517.0090230123624,2762.713827748654,4820.8815769676685,221.5671875,364.4088745117188,142.84168701171876,SH_ST,Fault
1518.0,1518.0090289205482,2761.739494894325,4820.656464797904,221.570625,363.96142578125,142.39080078125,SH_ST,Fault
1519.0,1519.0090348287338,2760.7651620399965,4820.43135262814,221.5740625,363.5140075683594,141.93994506835938,SH_ST,Fault
1520.0,1520.0090407369194,2759.790829185668,4820.206240458377,221.5775,363.0665588378906,141.48905883789064,SH_ST,Fault
1521.0,1521.0090466451047,2758.81649633134,4819.981128288612,221.5809375,362.619140625,141.038203125,SH_ST,Fault
1522.0,1522.0090525532908,2757.8421634770107,4819.7560161188485,221.584375,362.1716918945313,140.58731689453126,SH_ST,Fault
1523.0,1523.0090584614763,2756.867830622682,4819.530903949085,221.5878125,361.7242431640625,140.1364306640625,SH_ST,Fault
1524.0,1524.0090643696622,2755.8934977683534,4819.30579177932,221.59125,361.2768249511719,139.68557495117187,SH_ST,Fault
1525.0,1525.0090702778473,2754.9191649140253,4819.080679609557,221.5946875,360.8293762207031,139.23468872070313,SH_ST,Fault
1526.0,1526.009076186033,2753.9448320596966,4818.855567439792,221.598125,360.3819580078125,138.7838330078125,SH_ST,Fault
1527.0,1527.009082094219,2752.9704992053685,4818.630455270027,221.6015625,359.9345092773437,138.33294677734375,SH_ST,Fault
1528.0,1528.0090880024047,2751.99616635104,4818.405343100261,221.605,359.487060546875,137.882060546875,SH_ST,Fault
1529.0,1529.00909391059,2751.021833496712,4818.180230930496,221.6084375,359.0396423339844,137.43120483398437,SH_ST,Fault
1530.0,1530.009099818776,2750.0475006423835,4817.95511876073,221.611875,358.5921936035156,136.98031860351563,SH_ST,Fault
1531.0,1531.009105726961,2749.073167788056,4817.730006590965,221.6153125,358.1783752441406,136.56306274414064,SH_ST,Fault
1532.0,1532.0091116351475,2748.0988349337267,4817.504894421199,221.61875,357.7794189453125,136.1606689453125,SH_ST,Fault
1533.0,1533.009117543333,2747.1245020793986,4817.279782251434,221.6221875,357.3804626464844,135.75827514648438,SH_ST,Fault
1534.0,1534.0091234515187,2746.1501692250704,4817.0546700816685,221.625625,356.9814758300781,135.3558508300781,SH_ST,Fault
1535.0,1535.0091293597047,2745.175836370995,4816.829557910806,221.6290625,356.58251953125,134.95345703125,SH_ST,Fault
1536.0,1536.00913526789,2744.201503516929,4816.604445739908,221.6325,356.1835632324219,134.55106323242188,SH_ST,Fault
1537.0,1537.009141176076,2743.2271706628626,4816.379333569008,221.6359375,355.7846069335937,134.14866943359374,SH_ST,Fault
1538.0,1538.0091470842613,2742.2528378087964,4816.154221398109,221.639375,355.3856201171875,133.7462451171875,SH_ST,Fault
1539.0,1539.0091529924468,2741.27850495473,4815.92910922721,221.6428125,354.9866638183594,133.34385131835938,SH_ST,Fault
1540.0,1540.0091589006329,2740.3041721006634,4815.703997056311,221.64625,354.58770751953125,132.94145751953124,SH_ST,Fault
1541.0,1541.0091648088182,2739.329839246597,4815.478884885411,221.6496875,354.1887512207031,132.53906372070313,SH_ST,Fault
1542.0,1542.0091707170036,2738.355506392531,4815.253772714513,221.653125,353.7897644042969,132.1366394042969,SH_ST,Fault
1543.0,1543.0091766251892,2737.3811735383097,4815.028660544284,221.6565625,353.39080810546875,131.73424560546874,SH_ST,Fault
1544.0,1544.009182533375,2736.406840683981,4814.80354837452,221.66,352.9918518066406,131.33185180664063,SH_ST,Fault
1545.0,1545.0091884415606,2735.4325078296524,4814.578436204756,221.6634375,352.60772705078125,130.94428955078126,SH_ST,Fault
1546.0,1546.0091943497462,2734.458174975324,4814.3533240349925,221.666875,352.3952331542969,130.72835815429687,SH_ST,Fault
1547.0,1547.009200257932,2733.483842120995,4814.128211865228,221.6703125,352.1827392578125,130.5124267578125,SH_ST,Fault
1548.0,1548.0092061661176,2732.5095092666666,4813.903099695464,221.67375,351.9702453613281,130.2964953613281,SH_ST,Fault
1549.0,1549.0092120743034,2731.535176412338,4813.6779875257,221.6771875,351.7577209472656,130.08053344726562,SH_ST,Fault
1550.0,1550.009217982489,2730.5608435580093,4813.452875355936,221.680625,351.54522705078125,129.86460205078126,SH_ST,Fault
1551.0,1551.0092238906743,2729.5865107036807,4813.2277631861725,221.6840625,351.3572692871094,129.67320678710936,SH_ST,Fault
1552.0,1552.0092297988604,2728.612177849352,4813.002651016408,221.6875,351.5325622558594,129.84506225585938,SH_ST,Fault
1553.0,1553.009235707046,2727.6378449950234,4812.777538846644,221.6909375,351.7078552246094,130.0169177246094,SH_ST,Fault
1554.0,1554.0092416152315,2726.663512140695,4812.552426676881,221.694375,351.88311767578125,130.18874267578124,SH_ST,Fault
1555.0,1555.0092475234171,2725.689179286366,4812.327314507116,221.6978125,351.96826171875,130.27044921875,SH_ST,Fault
1556.0,1556.009253431603,2724.7148464320376,4812.1022023373525,221.70125,351.84527587890625,130.14402587890626,SH_ST,Fault
1557.0,1557.0092593397887,2723.740513577709,4811.877090167588,221.7046875,351.7222900390625,130.0176025390625,SH_ST,Fault
1558.0,1558.0092652479743,2722.7661807233803,4811.651977997824,221.708125,351.59930419921875,129.89117919921875,SH_ST,Fault
1559.0,1559.0092711561597,2721.791847869052,4811.426865828061,221.7115625,351.476318359375,129.764755859375,SH_ST,Fault
1560.0,1560.0092770643455,2720.817515014723,4811.201753658296,221.715,351.35333251953125,129.63833251953125,SH_ST,Fault
1561.0,1561.0092829725313,2719.8431821603945,4810.976641488533,221.7184375,351.2303466796875,129.5119091796875,SH_ST,Fault
1562.0,1562.009288880717,2718.868849306066,4810.751529318769,221.721875,351.1073608398437,129.38548583984374,SH_ST,Fault
1563.0,1563.0092947889027,2717.894516451737,4810.526417149004,221.7253125,350.984375,129.2590625,SH_ST,Fault
1564.0,1564.0093006970883,2716.9201835974086,4810.301304979241,221.72875,350.86138916015625,129.13263916015626,SH_ST,Fault
1565.0,1565.009306605274,2715.94585074308,4810.076192809477,221.7321875,350.7384033203125,129.0062158203125,SH_ST,Fault
1566.0,1566.0093125134592,2714.971517888752,4809.851080639713,221.735625,350.61541748046875,128.87979248046875,SH_ST,Fault
1567.0,1567.0093184216453,2713.9971850344227,4809.625968469949,221.7390625,350.492431640625,128.753369140625,SH_ST,Fault
1568.0,1568.009324329831,2713.022852180094,4809.400856300184,221.7425,350.36944580078125,128.62694580078124,SH_ST,Fault
1569.0,1569.0093302380162,2712.048519325766,4809.175744130421,221.7459375,350.2464599609375,128.5005224609375,SH_ST,Fault
1570.0,1570.0093361462018,2711.0741864714373,4808.950631960657,221.749375,350.1234741210937,128.37409912109376,SH_ST,Fault
1571.0,1571.0093420543876,2710.0998536171087,4808.725519790893,221.7528125,350.0,128.2471875,SH_ST,Fault
1572.0,1572.0093479625732,2709.12552076278,4808.500407621129,221.75625,350.0035705566406,128.24732055664063,SH_ST,Fault
1573.0,1573.0093538707588,2708.1511879084514,4808.275295451365,221.7596875,350.1714172363281,128.4117297363281,SH_ST,Fault
1574.0,1574.0093597789446,2707.176855054123,4808.050183281601,221.763125,350.3392639160156,128.57613891601562,SH_ST,Fault
1575.0,1575.0093656871302,2706.202522199794,4807.825071111837,221.7665625,350.5071105957031,128.74054809570313,SH_ST,Fault
1576.0,1576.0093715953158,2705.228189345489,4807.599958941971,221.77,350.6749572753906,128.9049572753906,SH_ST,Fault
1577.0,1577.0093775035018,2704.253856491429,4807.374846771044,221.7734375,350.8428039550781,129.06936645507812,SH_ST,Fault
1578.0,1578.0093834116872,2703.279523637369,4807.149734600118,221.776875,351.0106506347656,129.23377563476564,SH_ST,Fault
1579.0,1579.0093893198728,2702.305190783309,4806.924622429191,221.7803125,351.1784973144531,129.39818481445312,SH_ST,Fault
1580.0,1580.0093952280588,2701.330857929249,4806.699510258264,221.78375,351.3463439941406,129.56259399414063,SH_ST,Fault
1581.0,1581.0094011362444,2700.356525075189,4806.474398087337,221.7871875,351.51422119140625,129.72703369140626,SH_ST,Fault
1582.0,1582.0094070444295,2699.382192221129,4806.249285916411,221.790625,351.6820678710937,129.89144287109374,SH_ST,Fault
1583.0,1583.0094129526158,2698.407859367069,4806.024173745484,221.7940625,351.84991455078125,130.05585205078123,SH_ST,Fault
1584.0,1584.0094188608014,2697.433526513009,4805.7990615745575,221.7975,352.01776123046875,130.22026123046874,SH_ST,Fault
1585.0,1585.009424768987,2696.4591936587576,4805.573949404459,221.8009375,352.18560791015625,130.38467041015625,SH_ST,Fault
1586.0,1586.0094306771723,2695.484860804429,4805.348837234696,221.804375,352.3534545898437,130.54907958984376,SH_ST,Fault
1587.0,1587.0094365853583,2694.5105279501004,4805.123725064931,221.8078125,352.52130126953125,130.71348876953124,SH_ST,Fault
1588.0,1588.0094424935437,2693.536195095772,4804.898612895167,221.81125,352.68914794921875,130.87789794921875,SH_ST,Fault
1589.0,1589.0094484017295,2692.561862241443,4804.673500725404,221.8146875,352.6719665527344,130.85727905273438,SH_ST,Fault
1590.0,1590.009454309915,2691.5875293871145,4804.448388555639,221.818125,352.6011962890625,130.7830712890625,SH_ST,Fault
1591.0,1591.009460218101,2690.613196532786,4804.223276385876,221.8215625,352.5304260253906,130.70886352539063,SH_ST,Fault
1592.0,1592.0094661262865,2689.6388636784577,4803.998164216111,221.825,352.45965576171875,130.63465576171876,SH_ST,Fault
1593.0,1593.009472034472,2688.664530824129,4803.773052046347,221.8284375,352.1941833496094,130.36574584960937,SH_ST,Fault
1594.0,1594.0094779426574,2687.6901979698005,4803.547939876584,221.831875,351.88104248046875,130.04916748046875,SH_ST,Fault
1595.0,1595.0094838508433,2686.715865115472,4803.322827706819,221.8353125,351.56793212890625,129.73261962890626,SH_ST,Fault
1596.0,1596.0094897590288,2685.741532261143,4803.097715537056,221.83875,351.2547912597656,129.41604125976562,SH_ST,Fault
1597.0,1597.0094956672144,2684.7671994068146,4802.872603367292,221.8421875,350.941650390625,129.099462890625,SH_ST,Fault
1598.0,1598.0095015754002,2683.792866552486,4802.647491197527,221.845625,350.6285400390625,128.7829150390625,SH_ST,Fault
1599.0,1599.0095074835858,2682.8185336981574,4802.422379027764,221.8490625,350.29864501953125,128.44958251953125,SH_ST,Fault
1600.0,1600.0095133917714,2681.8442008438287,4802.197266858,221.8525,349.9482116699219,128.09571166992188,SH_ST,Fault
1601.0,1601.0095192999572,2680.8698679895,4801.972154688236,221.8559375,349.5978088378906,127.7418713378906,SH_ST,Fault
1602.0,1602.0095252081428,2679.8955351351715,4801.747042518472,221.859375,349.24737548828125,127.38800048828124,SH_ST,Fault
1603.0,1603.0095311163286,2678.921202280843,4801.521930348707,221.8628125,348.8969421386719,127.03412963867189,SH_ST,Fault
1604.0,1604.0095370245142,2677.9468694265142,4801.296818178944,221.86625,348.5465393066406,126.68028930664062,SH_ST,Fault
1605.0,1605.0095429326998,2676.9725365721856,4801.07170600918,221.8696875,348.19610595703125,126.32641845703124,SH_ST,Fault
1606.0,1606.0095488408856,2675.998203717857,4800.846593839416,221.873125,347.8456726074219,125.97254760742187,SH_ST,Fault
1607.0,1607.0095547490712,2675.0238708635284,4800.621481669652,221.8765625,347.4952697753906,125.61870727539062,SH_ST,Fault
1608.0,1608.0095606572563,2674.0495380092,4800.396369499888,221.88,347.14483642578125,125.26483642578124,SH_ST,Fault
1609.0,1609.0095665654426,2673.075205154871,4800.171257330124,221.8834375,346.7944030761719,124.91096557617186,SH_ST,Fault
1610.0,1610.0095724736282,2672.1008723005425,4799.94614516036,221.886875,346.4440002441406,124.55712524414062,SH_ST,Fault
1611.0,1611.009578381814,2671.126539446214,4799.721032990596,221.8903125,346.09356689453125,124.20325439453126,SH_ST,Fault
1612.0,1612.0095842899996,2670.1522065918853,4799.495920820832,221.89375,345.7431335449219,123.84938354492186,SH_ST,Fault
1613.0,1613.0095901981852,2669.1778737375566,4799.270808651068,221.8971875,345.3507385253906,123.45355102539062,SH_ST,Fault
1614.0,1614.009596106371,2668.203540883228,4799.045696481304,221.900625,344.7579345703125,122.85730957031252,SH_ST,Fault
1615.0,1615.0096020145563,2667.2292080288994,4798.82058431154,221.9040625,344.1651306152344,122.26106811523437,SH_ST,Fault
1616.0,1616.009607922742,2666.2548751745708,4798.595472141777,221.9075,343.5723571777344,121.66485717773438,SH_ST,Fault
1617.0,1617.009613830928,2665.280542320242,4798.370359972012,221.9109375,342.97955322265625,121.06861572265626,SH_ST,Fault
1618.0,1618.0096197391135,2664.30620946597,4798.145247802005,221.914375,342.38677978515625,120.47240478515624,SH_ST,Fault
1619.0,1619.0096256472991,2663.3318766119096,4797.920135631079,221.9178125,341.7939758300781,119.87616333007811,SH_ST,Fault
1620.0,1620.009631555485,2662.3575437578497,4797.695023460152,221.92125,341.201171875,119.279921875,SH_ST,Fault
1621.0,1621.0096374636703,2661.38321090379,4797.469911289225,221.9246875,340.6083984375,118.6837109375,SH_ST,Fault
1622.0,1622.0096433718568,2660.408878049729,4797.244799118299,221.928125,340.0155944824219,118.08746948242188,SH_ST,Fault
1623.0,1623.009649280042,2659.4345451956697,4797.019686947372,221.9315625,339.4228210449219,117.49125854492186,SH_ST,Fault
1624.0,1624.0096551882275,2658.46021234161,4796.794574776445,221.935,338.8300170898437,116.89501708984376,SH_ST,Fault
1625.0,1625.009661096413,2657.48587948755,4796.569462605518,221.9384375,338.2372131347656,116.29877563476563,SH_ST,Fault
1626.0,1626.009667004599,2656.5115466334896,4796.344350434592,221.941875,337.6444396972656,115.7025646972656,SH_ST,Fault
1627.0,1627.0096729127845,2655.537213779206,4796.119238264634,221.9453125,337.0516357421875,115.1063232421875,SH_ST,Fault
1628.0,1628.00967882097,2654.5628809248774,4795.89412609487,221.94875,336.4588317871094,114.5100817871094,SH_ST,Fault
1629.0,1629.0096847291557,2653.5885480705488,4795.669013925107,221.9521875,335.8660583496094,113.91387084960937,SH_ST,Fault
1630.0,1630.0096906373417,2652.61421521622,4795.443901755342,221.955625,335.27325439453125,113.31762939453124,SH_ST,Fault
1631.0,1631.009696545527,2651.6398823618915,4795.218789585579,221.9590625,334.68048095703125,112.72141845703126,SH_ST,Fault
1632.0,1632.0097024537126,2650.665549507563,4794.993677415815,221.9625,334.0876770019531,112.12517700195312,SH_ST,Fault
1633.0,1633.0097083618984,2649.6912166532343,4794.7685652460505,221.9659375,333.494873046875,111.528935546875,SH_ST,Fault
1634.0,1634.009714270084,2648.7168837989057,4794.543453076287,221.969375,333.0074462890625,111.03807128906249,SH_ST,Fault
1635.0,1635.0097201782698,2647.742550944577,4794.318340906522,221.9728125,332.6085510253906,110.63573852539062,SH_ST,Fault
1636.0,1636.0097260864554,2646.7682180902484,4794.093228736759,221.97625,332.20965576171875,110.23340576171876,SH_ST,Fault
1637.0,1637.009731994641,2645.79388523592,4793.868116566995,221.9796875,331.8107604980469,109.83107299804686,SH_ST,Fault
1638.0,1638.0097379028266,2644.819552381591,4793.643004397231,221.983125,331.411865234375,109.428740234375,SH_ST,Fault
1639.0,1639.0097438110124,2643.8452195272625,4793.417892227467,221.9865625,331.0129699707031,109.02640747070312,SH_ST,Fault
1640.0,1640.009749719198,2642.870886672934,4793.192780057703,221.99,330.61407470703125,108.62407470703124,SH_ST,Fault
1641.0,1641.0097556273838,2641.8965538186053,4792.967667887939,221.9934375,330.2151794433594,108.22174194335938,SH_ST,Fault
1642.0,1642.0097615355694,2640.9222209642767,4792.742555718175,221.996875,329.8162841796875,107.81940917968753,SH_ST,Fault
1643.0,1643.009767443755,2639.947888109948,4792.517443548411,222.0003125,329.4173889160156,107.41707641601562,SH_ST,Fault
1644.0,1644.0097733519408,2638.9735552556194,4792.292331378647,222.00375,329.0184936523437,107.01474365234375,SH_ST,Fault
1645.0,1645.0097792601264,2637.999222401291,4792.067219208883,222.0071875,328.6195983886719,106.61241088867187,SH_ST,Fault
1646.0,1646.0097851683122,2637.024889546962,4791.842107039119,222.010625,328.220703125,106.210078125,SH_ST,Fault
1647.0,1647.0097910764978,2636.0505566926336,4791.616994869355,222.0140625,327.8218078613281,105.80774536132812,SH_ST,Fault
1648.0,1648.0097969846834,2635.076223838305,4791.391882699591,222.0175,327.42291259765625,105.40541259765624,SH_ST,Fault
1649.0,1649.0098028928692,2634.1018909839763,4791.166770529827,222.0209375,327.0240173339844,105.00307983398436,SH_ST,Fault
1650.0,1650.0098088010543,2633.127558129648,4790.941658360063,222.024375,326.6251220703125,104.60074707031252,SH_ST,Fault
1651.0,1651.0098147092403,2632.153225275319,4790.7165461903,222.0278125,326.2262268066406,104.1984143066406,SH_ST,Fault
1652.0,1652.009820617426,2631.178892420991,4790.491434020534,222.03125,325.82733154296875,103.79608154296876,SH_ST,Fault
1653.0,1653.0098265256115,2630.2045595666627,4790.266321850769,222.0346875,325.24517822265625,103.21049072265626,SH_ST,Fault
1654.0,1654.0098324337976,2629.230226712334,4790.041209681003,222.038125,324.6225280761719,102.58440307617188,SH_ST,Fault
1655.0,1655.0098383419831,2628.255893858006,4789.816097511238,222.0415625,324.1326904296875,102.0911279296875,SH_ST,Fault
1656.0,1656.0098442501687,2627.281561003678,4789.590985341472,222.045,323.65545654296875,101.61045654296876,SH_ST,Fault
1657.0,1657.0098501583543,2626.3072281493496,4789.365873171707,222.0484375,323.17822265625,101.12978515625,SH_ST,Fault
1658.0,1658.0098560665404,2625.332895295021,4789.140761001941,222.051875,322.70098876953125,100.64911376953124,SH_ST,Fault
1659.0,1659.009861974726,2624.358562440693,4788.915648832176,222.0553125,322.2237854003906,100.1684729003906,SH_ST,Fault
1660.0,1660.0098678829115,2623.3842295864533,4788.690536662027,222.05875,321.7465515136719,99.68780151367189,SH_ST,Fault
1661.0,1661.009873791097,2622.409896732393,4788.465424491102,222.0621875,321.34405517578125,99.28186767578126,SH_ST,Fault
1662.0,1662.0098796992836,2621.435563878332,4788.240312320177,222.065625,321.0010070800781,98.93538208007811,SH_ST,Fault
1663.0,1663.0098856074685,2620.461231024272,4788.015200149252,222.0690625,320.6579284667969,98.58886596679687,SH_ST,Fault
1664.0,1664.0098915156536,2619.486898170212,4787.790087978327,222.0725,320.3148803710937,98.24238037109376,SH_ST,Fault
1665.0,1665.0098974238394,2618.512565316152,4787.564975807401,222.0759375,319.9718017578125,97.89586425781248,SH_ST,Fault
1666.0,1666.0099033320255,2617.538232462091,4787.339863636476,222.079375,319.6287536621094,97.54937866210938,SH_ST,Fault
1667.0,1667.009909240211,2616.5638996080306,4787.114751465551,222.0828125,319.2856750488281,97.20286254882814,SH_ST,Fault
1668.0,1668.0099151483969,2615.5895667539703,4786.889639294626,222.08625,318.942626953125,96.856376953125,SH_ST,Fault
1669.0,1669.0099210565822,2614.615233899654,4786.66452712481,222.0896875,318.5995788574219,96.50989135742188,SH_ST,Fault
1670.0,1670.009926964768,2613.6409010453253,4786.439414955045,222.093125,318.2565002441406,96.16337524414064,SH_ST,Fault
1671.0,1671.0099328729536,2612.6665681909967,4786.214302785282,222.0965625,317.9134521484375,95.8168896484375,SH_ST,Fault
1672.0,1672.0099387811392,2611.692235336668,4785.989190615518,222.1,317.57037353515625,95.47037353515626,SH_ST,Fault
1673.0,1673.009944689325,2610.7179024823395,4785.7640784457535,222.1034375,317.2273254394531,95.12388793945313,SH_ST,Fault
1674.0,1674.0099505975106,2609.743569628011,4785.53896627599,222.106875,316.88427734375,94.77740234375,SH_ST,Fault
1675.0,1675.0099565056962,2608.769236773682,4785.313854106226,222.1103125,316.6372985839844,94.52698608398438,SH_ST,SH_ST
1676.0,1676.009962413882,2607.7949039193536,4785.088741936462,222.11375,316.633544921875,94.519794921875,SH_ST,SH_ST
1677.0,1677.0099683220676,2606.820571065025,4784.863629766698,222.1171875,316.6297912597656,94.51260375976562,SH_ST,SH_ST
1678.0,1678.0099742302534,2605.8462382106964,4784.6385175969335,222.120625,316.62603759765625,94.50541259765626,SH_ST,SH_ST
1679.0,1679.0099801384386,2604.871905356368,4784.41340542717,222.1240625,316.6222839355469,94.49822143554688,SH_ST,SH_ST
1680.0,1680.0099860466246,2603.897572502039,4784.188293257406,222.1275,316.6185302734375,94.4910302734375,SH_ST,SH_ST
1681.0,1681.0099919548104,2602.9232396477105,4783.963181087642,222.1309375,316.6147766113281,94.48383911132814,SH_ST,SH_ST
1682.0,1682.009997862996,2601.948906793382,4783.738068917878,222.134375,316.61102294921875,94.47664794921874,SH_ST,SH_ST
1683.0,1683.010003771182,2600.974573939053,4783.512956748114,222.1378125,316.6072998046875,94.4694873046875,SH_ST,SH_ST
1684.0,1684.0100096793674,2600.0002410847246,4783.28784457835,222.14125,316.6035461425781,94.46229614257813,SH_ST,SH_ST
1685.0,1685.0099477549566,2599.027315577712,4783.05701932754,222.1446875,316.6009826660156,94.45629516601562,SH_ST,SH_ST
1686.0,1686.0099536631424,2598.0599048971644,4782.803806817655,222.148125,316.6031494140625,94.4550244140625,SH_ST,SH_ST
1687.0,1687.009959571328,2597.092494214255,4782.550594316793,222.1515625,316.6053466796875,94.45378417968747,SH_ST,SH_ST
1688.0,1688.0099654795135,2596.125083533649,4782.2973818071305,222.155,316.6075134277344,94.45251342773436,SH_ST,SH_ST
1689.0,1689.0099713876994,2595.157672850733,4782.044169306294,222.1584375,316.6578674316406,94.49942993164063,SH_ST,SH_ST
1690.0,1690.0099772958854,2594.190262170161,4781.7909567965,222.161875,316.8421630859375,94.68028808593748,SH_ST,SH_ST
1691.0,1691.0099832040707,2593.222851487277,4781.537744295543,222.1653125,317.0264587402344,94.86114624023438,SH_ST,SH_ST
1692.0,1692.0099891122568,2592.2554408043807,4781.284531794629,222.16875,317.2107238769531,95.04197387695314,SH_ST,SH_ST
1693.0,1693.0099950204424,2591.2880301238138,4781.031319284818,222.1721875,317.39501953125,95.22283203125,SH_ST,SH_ST
1694.0,1694.0100009286282,2590.320619440771,4780.778106784464,222.175625,317.5793151855469,95.40369018554688,SH_ST,SH_ST
1695.0,1695.0100068368142,2589.353208760283,4780.524894274351,222.1790625,317.7636108398437,95.58454833984376,SH_ST,SH_ST
1696.0,1696.0100127450005,2588.3857980773114,4780.2716817737255,222.1825,318.0313415527344,95.84884155273436,SH_ST,SH_ST
1697.0,1697.0100186531856,2587.418387396812,4780.018469263658,222.1859375,318.3600158691406,96.17407836914064,SH_ST,SH_ST
1698.0,1698.010024561372,2586.450976713836,4779.765256763046,222.189375,318.6886901855469,96.49931518554686,SH_ST,SH_ST
1699.0,1699.010030469558,2585.483566032454,4779.512044256348,222.1928125,319.0173645019531,96.82455200195312,SH_ST,SH_ST
1700.0,1700.0100363777435,2584.5161553503326,4779.258831752475,222.19625,319.3460388183594,97.14978881835938,SH_ST,SH_ST
1701.0,1701.010042285929,2583.5487446687275,4779.00561924663,222.1996875,319.6747131347656,97.4750256347656,SH_ST,SH_ST
1702.0,1702.0100481941151,2582.581333986877,4778.752406741723,222.203125,320.0033874511719,97.80026245117188,SH_ST,SH_ST
1703.0,1703.010054102301,2581.6139233049616,4778.499194237062,222.2065625,320.3320617675781,98.12549926757814,SH_ST,SH_ST
1704.0,1704.0100600104863,2580.6465126233543,4778.245981731226,222.21,320.6607360839844,98.45073608398437,SH_ST,SH_ST
1705.0,1705.0100659186724,2579.679101940372,4777.992769230643,222.2134375,320.9894104003906,98.77597290039064,SH_ST,SH_ST
1706.0,1706.0100718268582,2578.711691259896,4777.739556720483,222.216875,321.6063537597656,99.38947875976564,SH_ST,SH_ST
1707.0,1707.0100777350438,2577.744280576938,4777.486344219807,222.2203125,322.2992553710937,100.07894287109374,SH_ST,SH_ST
1708.0,1708.0100836432296,2576.7768698963864,4777.233131709935,222.22375,322.9921569824219,100.76840698242188,SH_ST,SH_ST
1709.0,1709.0100895514154,2575.809459213403,4776.979919209355,222.2271875,323.68505859375,101.45787109375,SH_ST,SH_ST
1710.0,1710.0100954596012,2574.842048532916,4776.726706699237,222.230625,324.3779602050781,102.14733520507812,SH_ST,SH_ST
1711.0,1711.010101367787,2573.8746378499345,4776.473494198651,222.2340625,325.07086181640625,102.83679931640626,SH_ST,SH_ST
1712.0,1712.0101072759733,2572.90722716695,4776.2202816980725,222.2375,325.7637634277344,103.52626342773436,SH_ST,SH_ST
1713.0,1713.0101131841586,2571.9398164864106,4775.967069188158,222.2409375,326.4566650390625,104.2157275390625,SH_ST,SH_ST
1714.0,1714.0097920759692,2570.976732882465,4775.699084035329,222.244375,327.15673828125,104.91236328125,SH_ST,SH_ST
1715.0,1715.009797984154,2570.02559081974,4775.390330449904,222.2478125,327.8766174316406,105.62880493164062,SH_ST,SH_ST
1716.0,1716.0098038923406,2569.0744487574443,4775.081576863149,222.25125,328.5964660644531,106.34521606445313,SH_ST,SH_ST
1717.0,1717.0098098005258,2568.1233066950745,4774.772823276628,222.2546875,329.2445983886719,106.98991088867189,SH_ST,SH_ST
1718.0,1718.0098157087118,2567.1721646328083,4774.464069689784,222.258125,329.86981201171875,107.61168701171874,SH_ST,SH_ST
1719.0,1719.0098216168974,2566.221022568691,4774.155316108645,222.2615625,330.4950561523437,108.23349365234375,SH_ST,SH_ST
1720.0,1720.0098275250832,2565.2698805065816,4773.846562521318,222.265,331.1202697753906,108.85526977539064,SH_ST,SH_ST
1721.0,1721.0098334332688,2564.318738444425,4773.537808934138,222.2684375,331.7454833984375,109.4770458984375,SH_ST,SH_ST
1722.0,1722.0098393414544,2563.3675963804994,4773.229055352408,222.271875,332.4061279296875,110.1342529296875,SH_ST,SH_ST
1723.0,1723.00984524964,2562.4164543182324,4772.920301765569,222.2753125,333.0940246582031,110.81871215820313,SH_ST,SH_ST
1724.0,1724.0098511578258,2561.465312255843,4772.611548179106,222.27875,333.7818908691406,111.50314086914062,SH_ST,SH_ST
1725.0,1725.0098570660105,2560.514170193572,4772.30279459228,222.2821875,334.4697570800781,112.18756958007812,SH_ST,SH_ST
1726.0,1726.0098629741965,2559.5630281306244,4771.994041007537,222.285625,335.1576538085937,112.87202880859374,SH_ST,SH_ST
1727.0,1727.009868882382,2558.611886068515,4771.685287420212,222.2890625,335.84552001953125,113.55645751953124,SH_ST,SH_ST
1728.0,1728.0098747905677,2557.6607440062644,4771.376533833321,222.2925,336.5334167480469,114.24091674804689,SH_ST,SH_ST
1729.0,1729.0098806987537,2556.7096019441515,4771.067780246007,222.2959375,337.2212829589844,114.92534545898437,SH_ST,SH_ST
1730.0,1730.009886606939,2555.758459879032,4770.759026667954,222.299375,337.9091491699219,115.60977416992188,SH_ST,SH_ST
1731.0,1731.0098925151246,2554.80731781683,4770.450273080914,222.3028125,338.5970458984375,116.29423339843753,SH_ST,SH_ST
1732.0,1732.0098984233098,2553.8561757547263,4770.141519493573,222.30625,339.284912109375,116.978662109375,SH_ST,SH_ST
1733.0,1733.0099043314956,2552.905033691954,4769.832765908289,222.3096875,339.9727783203125,117.6630908203125,SH_ST,SH_ST
1734.0,1734.0099102396816,2551.9538916296847,4769.524012321455,222.313125,340.6606750488281,118.34755004882813,SH_ST,SH_ST
1735.0,1735.0099161478668,2551.0027495673808,4769.215258734731,222.3165625,341.3485412597656,119.03197875976562,SH_ST,SH_ST
1736.0,1736.0099220560517,2550.051607505044,4768.906505148108,222.32,342.0364074707031,119.71640747070312,SH_ST,SH_ST
1737.0,1737.0099279642384,2549.100465440947,4768.597751566903,222.3234375,342.72430419921875,120.40086669921874,SH_ST,SH_ST
1738.0,1738.0099338724244,2548.1493233787987,4768.288997979696,222.326875,343.3188781738281,120.99200317382812,SH_ST,SH_ST
1739.0,1739.0099397806098,2547.1981813165503,4767.9802443928,222.3303125,343.8634948730469,121.53318237304688,SH_ST,SH_ST
1740.0,1740.0099456887954,2546.247039252844,4767.671490810395,222.33375,344.4080810546875,122.07433105468748,SH_ST,SH_ST
1741.0,1741.009951596981,2545.2958971904577,4767.3627372239225,222.3371875,344.95269775390625,122.61551025390624,SH_ST,SH_ST
1742.0,1742.0099575051668,2544.34475512814,4767.053983637238,222.340625,345.497314453125,123.156689453125,SH_ST,SH_ST
1743.0,1743.0098710137795,2543.3966802238274,4766.736227151683,222.3440625,346.0486145019531,123.70455200195312,SH_ST,SH_ST
1744.0,1744.0098769219655,2542.4548709348023,4766.400079471181,222.3475,346.6135559082031,124.26605590820311,SH_ST,SH_ST
1745.0,1745.009882830151,2541.5130616457777,4766.06393179068,222.3509375,347.1784973144531,124.82755981445314,SH_ST,SH_ST
1746.0,1746.0098887383367,2540.5712523567527,4765.727784110179,222.354375,347.74346923828125,125.38909423828125,SH_ST,SH_ST
1747.0,1747.009894646522,2539.629443067728,4765.391636429677,222.3578125,348.30841064453125,125.95059814453126,SH_ST,SH_ST
1748.0,1748.009900554708,2538.687633778703,4765.055488749176,222.36125,348.87335205078125,126.51210205078124,SH_ST,SH_ST
1749.0,1749.0099064628937,2537.745824489678,4764.719341068675,222.3646875,349.4383239746094,127.07363647460936,SH_ST,SH_ST
1750.0,1750.0099123710795,2536.804015201148,4764.383193386786,222.368125,350.0032653808594,127.63514038085938,SH_ST,SH_ST
1751.0,1751.0099182792646,2535.8622059126337,4764.047045704856,222.3715625,350.5682067871094,128.19664428710936,SH_ST,SH_ST
1752.0,1752.0099241874505,2534.920396624119,4763.710898022925,222.375,351.1331787109375,128.7581787109375,SH_ST,SH_ST
1753.0,1753.009930095636,2533.978587335604,4763.374750340995,222.3784375,351.6981201171875,129.3196826171875,SH_ST,SH_ST
1754.0,1754.0099360038223,2533.036778047089,4763.038602659064,222.381875,351.9599914550781,129.57811645507812,SH_ST,SH_ST
1755.0,1755.0099419120077,2532.0949687585744,4762.702454977133,222.3853125,352.1436462402344,129.75833374023438,SH_ST,SH_ST
1756.0,1756.0099478201928,2531.153159469748,4762.366307296077,222.38875,352.3273010253906,129.93855102539064,SH_ST,SH_ST
1757.0,1757.0099537283788,2530.211350180724,4762.030159615572,222.3921875,352.51092529296875,130.11873779296874,SH_ST,SH_ST
1758.0,1758.0099596365642,2529.2695408917,4761.694011935068,222.395625,352.694580078125,130.298955078125,SH_ST,SH_ST
1759.0,1759.00996554475,2528.327731602676,4761.357864254564,222.3990625,352.9410400390625,130.5419775390625,SH_ST,SH_ST
1760.0,1760.009971452936,2527.385922313652,4761.02171657406,222.4025,353.3121032714844,130.90960327148437,SH_ST,SH_ST
1761.0,1761.0099773611214,2526.444113024628,4760.685568893556,222.4059375,353.68316650390625,131.27722900390626,SH_ST,SH_ST
1762.0,1762.0099832693077,2525.502303735605,4760.349421213048,222.409375,354.0542297363281,131.6448547363281,SH_ST,SH_ST
1763.0,1763.0099891774923,2524.5604944465863,4760.013273532532,222.4128125,354.42529296875,132.01248046875,SH_ST,SH_ST
1764.0,1764.0099950856784,2523.618685157567,4759.677125852014,222.41625,354.79638671875,132.38013671875,SH_ST,SH_ST
1765.0,1765.0100009938642,2522.6768758685475,4759.340978171497,222.4196875,355.1674499511719,132.74776245117187,SH_ST,SH_ST
1766.0,1766.0100069020496,2521.7350665795284,4759.004830490981,222.423125,355.5385131835937,133.11538818359375,SH_ST,SH_ST
1767.0,1767.0100128102356,2520.793257290509,4758.668682810463,222.4265625,355.9095764160156,133.48301391601564,SH_ST,SH_ST
1768.0,1768.010018718421,2519.8514480014896,4758.332535129946,222.43,356.2806396484375,133.8506396484375,SH_ST,SH_ST
1769.0,1769.010024626607,2518.909638712465,4757.996387449443,222.4334375,356.63287353515625,134.19943603515625,SH_ST,SH_ST
1770.0,1770.0100305347923,2517.9678294234404,4757.660239768942,222.436875,356.6861877441406,134.24931274414064,SH_ST,SH_ST
1771.0,1771.0100364429777,2517.026020134416,4757.324092088441,222.4403125,356.739501953125,134.299189453125,SH_ST,SH_ST
1772.0,1772.0100423511635,2516.0842108453908,4756.98794440794,222.44375,356.7928161621094,134.34906616210938,SH_ST,SH_ST
1773.0,1773.010048259349,2515.142401556366,4756.651796727438,222.4471875,356.8461303710937,134.39894287109374,SH_ST,SH_ST
1774.0,1774.010054167535,2514.200592267341,4756.315649046936,222.450625,356.8994445800781,134.44881958007812,SH_ST,SH_ST
1775.0,1775.0100600757198,2513.25878297858,4755.9795013656985,222.4540625,356.9527587890625,134.4986962890625,SH_ST,SH_ST
1776.0,1776.010065983906,2512.3169736900422,4755.64335368383,222.4575,357.006103515625,134.548603515625,SH_ST,SH_ST
1777.0,1777.010071892092,2511.375164401505,4755.307206001961,222.4609375,357.0594177246094,134.59848022460938,SH_ST,SH_ST
1778.0,1778.0100778002777,2510.4333551129685,4754.971058320093,222.464375,357.1127319335937,134.64835693359376,SH_ST,SH_ST
1779.0,1779.0100837084628,2509.491545824432,4754.634910638225,222.4678125,357.1660461425781,134.69823364257812,SH_ST,SH_ST
1780.0,1780.0100896166489,2508.5497365358947,4754.298762956356,222.47125,357.2193603515625,134.7481103515625,SH_ST,SH_ST
1781.0,1781.0100955248352,2507.607927247273,4753.962615274723,222.4746875,357.1331481933594,134.6584606933594,SH_ST,SH_ST
1782.0,1782.01010143302,2506.666117958272,4753.6264675941575,222.478125,357.0458984375,134.5677734375,SH_ST,SH_ST
1783.0,1783.010107341206,2505.72430866927,4753.290319913591,222.4815625,356.9586486816406,134.47708618164063,SH_ST,SH_ST
1784.0,1784.010113249392,2504.7824993802683,4752.954172233024,222.485,356.87139892578125,134.38639892578124,SH_ST,SH_ST
1785.0,1785.0101191575773,2503.840690091267,4752.618024552458,222.4884375,356.7841796875,134.2957421875,SH_ST,SH_ST
1786.0,1786.0101250657633,2502.898880802265,4752.281876871892,222.491875,356.6969299316406,134.20505493164063,SH_ST,SH_ST
1787.0,1787.010130973949,2501.957071513263,4751.945729191326,222.4953125,356.60968017578125,134.11436767578124,SH_ST,SH_ST
1788.0,1788.0101368821347,2501.015262224242,4751.609581510813,222.49875,356.5224304199219,134.02368041992187,SH_ST,SH_ST
1789.0,1789.01014279032,2500.0734529352176,4751.273433830312,222.5021875,356.4351806640625,133.9329931640625,SH_ST,SH_ST
1790.0,1790.0101486985054,2499.131643646193,4750.9372861498105,222.505625,356.3479309082031,133.84230590820312,SH_ST,SH_ST
1791.0,1791.0101546066912,2498.189834357168,4750.601138469309,222.5090625,356.2606811523437,133.75161865234375,SH_ST,SH_ST
1792.0,1792.0101605148773,2497.248025068143,4750.264990788807,222.5125,356.1734313964844,133.6609313964844,SH_ST,SH_ST
1793.0,1793.0101664230626,2496.3062157791182,4749.928843108306,222.5159375,356.086181640625,133.570244140625,SH_ST,SH_ST
1794.0,1794.0101723312482,2495.364406490331,4749.592695427139,222.519375,355.9989318847656,133.47955688476563,SH_ST,SH_ST
1795.0,1795.010178239434,2494.422597201817,4749.256547745205,222.5228125,355.91168212890625,133.38886962890626,SH_ST,SH_ST
1796.0,1796.0101841476187,2493.480787913304,4748.920400063273,222.52625,355.8244323730469,133.29818237304687,SH_ST,SH_ST
1797.0,1797.010190055805,2492.5389786247897,4748.584252381339,222.5296875,355.7371826171875,133.2074951171875,SH_ST,SH_ST
1798.0,1798.0101959639908,2491.597169336276,4748.248104699405,222.533125,355.6352233886719,133.10209838867186,SH_ST,SH_ST
1799.0,1799.0102018721764,2490.6553600477623,4747.911957017472,222.5365625,355.481201171875,132.944638671875,SH_ST,SH_ST
1800.0,1800.010207780362,2489.713550759194,4747.575809335692,222.54,355.3271484375,132.7871484375,SH_ST,SH_ST
1801.0,1801.0102136885475,2488.7717414701688,4747.239661655191,222.5434375,355.1731262207031,132.62968872070311,SH_ST,SH_ST
1802.0,1802.010219596733,2487.829932181144,4746.903513974689,222.546875,354.8363647460937,132.28948974609375,SH_ST,SH_ST
1803.0,1803.010225504919,2486.888122892119,4746.567366294188,222.5503125,354.40118408203125,131.85087158203126,SH_ST,SH_ST
1804.0,1804.010231413105,2485.946313603094,4746.231218613686,222.55375,353.9254150390625,131.3716650390625,SH_ST,SH_ST
1805.0,1805.0102373212908,2485.004504314069,4745.895070933185,222.5571875,353.429931640625,130.872744140625,SH_ST,SH_ST
1806.0,1806.010243229476,2484.0626950250444,4745.558923252684,222.560625,352.9344482421875,130.3738232421875,SH_ST,SH_ST
1807.0,1807.0102491376613,2483.12088573602,4745.222775572181,222.5640625,352.43896484375,129.87490234375,SH_ST,SH_ST
1808.0,1808.0102550458475,2482.1790764469965,4744.886627891676,222.5675,351.9434814453125,129.3759814453125,SH_ST,SH_ST
1809.0,1809.010260954033,2481.2372671579724,4744.550480211172,222.5709375,351.447998046875,128.877060546875,SH_ST,SH_ST
1810.0,1810.0102668622187,2480.2954578689487,4744.214332530668,222.574375,350.9525146484375,128.3781396484375,SH_ST,SH_ST
1811.0,1811.0102727704043,2479.353648579925,4743.878184850163,222.5778125,350.45703125,127.87921875,SH_ST,SH_ST
1812.0,1812.0102786785903,2478.411839290901,4743.542037169659,222.58125,349.9615478515625,127.38029785156247,SH_ST,SH_ST
1813.0,1813.010284586776,2477.47003000187,4743.205889489175,222.5846875,349.466064453125,126.881376953125,SH_ST,SH_ST
1814.0,1814.010290494962,2476.528220712827,4742.869741808723,222.588125,348.9705810546875,126.38245605468752,SH_ST,SH_ST
1815.0,1815.0102964031475,2475.5864114237847,4742.533594128271,222.5915625,348.47509765625,125.88353515625,SH_ST,SH_ST
1816.0,1816.010302311333,2474.6446021347424,4742.197446447819,222.595,347.9796142578125,125.3846142578125,SH_ST,SH_ST
1817.0,1817.0103082195187,2473.7027928457,4741.861298767367,222.5984375,347.484130859375,124.885693359375,SH_ST,SH_ST
1818.0,1818.0103141277048,2472.7609835566573,4741.525151086915,222.601875,346.9886474609375,124.3867724609375,SH_ST,SH_ST
1819.0,1819.0103200358903,2471.819174267632,4741.189003406414,222.6053125,346.4931640625,123.8878515625,SH_ST,SH_ST
1820.0,1820.010325944076,2470.8773649791174,4740.852855724484,222.60875,345.9976806640625,123.38893066406251,SH_ST,SH_ST
1821.0,1821.010331852262,2469.9355556906025,4740.516708042553,222.6121875,345.5021667480469,122.88997924804688,SH_ST,SH_ST
1822.0,1822.010337760447,2468.993746402088,4740.180560360623,222.615625,345.0066833496094,122.39105834960938,SH_ST,SH_ST
1823.0,1823.010343668633,2468.0519371135733,4739.844412678692,222.6190625,344.4246826171875,121.80562011718747,SH_ST,SH_ST
1824.0,1824.0103495768185,2467.1101278250585,4739.508264996762,222.6225,343.6481018066406,121.02560180664062,SH_ST,SH_ST
1825.0,1825.010355485004,2466.168318536544,4739.172117314831,222.6259375,342.8714904785156,120.24555297851563,SH_ST,SH_ST
1826.0,1826.01036139319,2465.2265092476846,4738.835969633865,222.629375,342.0948791503906,119.4655041503906,SH_ST,SH_ST
1827.0,1827.010367301376,2464.2846999586595,4738.499821953364,222.6328125,341.3182678222656,118.68545532226562,SH_ST,SH_ST
1828.0,1828.0103732095613,2463.3428906696345,4738.163674272862,222.63625,340.5416564941406,117.90540649414064,SH_ST,SH_ST
1829.0,1829.0103791177469,2462.40108138061,4737.827526592361,222.6396875,339.7650756835937,117.12538818359374,SH_ST,SH_ST
1830.0,1830.0103850259327,2461.459272091585,4737.49137891186,222.643125,338.98846435546875,116.34533935546877,SH_ST,SH_ST
1831.0,1831.010390934118,2460.51746280256,4737.155231231359,222.6465625,338.2118530273437,115.56529052734376,SH_ST,SH_ST
1832.0,1832.0103968423032,2459.575653513536,4736.819083550857,222.65,337.43524169921875,114.78524169921874,SH_ST,SH_ST
1833.0,1833.0104027504897,2458.6338442245114,4736.482935870352,222.6534375,336.6586303710937,114.00519287109375,SH_ST,SH_ST
1834.0,1834.0104086586744,2457.692034935488,4736.146788189848,222.656875,335.88201904296875,113.22514404296874,SH_ST,SH_ST
1835.0,1835.0104145668604,2456.750225646464,4735.810640509344,222.6603125,335.1054382324219,112.44512573242189,SH_ST,SH_ST
1836.0,1836.0104204750464,2455.80841635744,4735.474492828839,222.66375,334.3288269042969,111.66507690429688,SH_ST,SH_ST
1837.0,1837.010426383232,2454.866607068416,4735.138345148335,222.6671875,333.5989685058594,110.93178100585936,SH_ST,SH_ST
1838.0,1838.0104322914176,2453.924797779392,4734.802197467831,222.670625,332.912841796875,110.242216796875,SH_ST,SH_ST
1839.0,1839.0104381996032,2452.9829884908568,4734.466049785959,222.6740625,332.2267150878906,109.55265258789063,SH_ST,SH_ST
1840.0,1840.010444107789,2452.041179202342,4734.129902104028,222.6775,331.54058837890625,108.86308837890624,SH_ST,SH_ST
1841.0,1841.0104500159744,2451.099369913827,4733.793754422098,222.6809375,330.8544616699219,108.17352416992188,SH_ST,SH_ST
1842.0,1842.0104559241604,2450.1575606253123,4733.457606740167,222.684375,330.1683349609375,107.48395996093753,SH_ST,SH_ST
1843.0,1843.0104618323464,2449.215751336797,4733.121459058237,222.6878125,329.4822082519531,106.79439575195312,SH_ST,SH_ST
1844.0,1844.010467740532,2448.2739420482826,4732.785311376306,222.69125,328.79608154296875,106.10483154296875,SH_ST,SH_ST
1845.0,1845.0104736487176,2447.3321327594617,4732.4491636952325,222.6946875,328.2456359863281,105.55094848632814,SH_ST,SH_ST
1846.0,1846.010479556903,2446.390323470438,4732.113016014729,222.698125,327.7000732421875,105.0019482421875,SH_ST,SH_ST
1847.0,1847.0104854650888,2445.448514181414,4731.776868334225,222.7015625,327.1545104980469,104.45294799804688,SH_ST,SH_ST
1848.0,1848.0104913732744,2444.50670489239,4731.44072065372,222.705,326.60894775390625,103.90394775390624,SH_ST,SH_ST
1849.0,1849.01049728146,2443.5648956033665,4731.104572973216,222.7084375,326.0633850097656,103.35494750976562,SH_ST,SH_ST
1850.0,1850.0105031896453,2442.6230863143423,4730.768425292712,222.711875,325.517822265625,102.805947265625,SH_ST,SH_ST
1851.0,1851.010509097832,2441.681277025314,4730.43227761222,222.7153125,324.9722595214844,102.25694702148436,SH_ST,SH_ST
1852.0,1852.0105150060167,2440.739467736272,4730.096129931768,222.71875,324.4266967773437,101.70794677734376,SH_ST,SH_ST
1853.0,1853.0105209142032,2439.797658447229,4729.759982251316,222.7221875,323.8811340332031,101.15894653320314,SH_ST,SH_ST
1854.0,1854.0105268223888,2438.855849158186,4729.4238345708645,222.725625,323.3355712890625,100.60994628906248,SH_ST,SH_ST
1855.0,1855.0105327305744,2437.914039869144,4729.087686890412,222.7290625,322.7900085449219,100.06094604492188,SH_ST,SH_ST
1856.0,1856.0105386387604,2436.972230580101,4728.75153920996,222.7325,322.24444580078125,99.51194580078126,SH_ST,SH_ST
1857.0,1857.0105445469453,2436.030421291059,4728.415391529508,222.7359375,321.6988830566406,98.96294555664062,SH_ST,SH_ST
1858.0,1858.010550455132,2435.0886120020527,4728.079243848954,222.739375,321.1317138671875,98.3923388671875,SH_ST,SH_ST
1859.0,1859.0105563633167,2434.146802713051,4727.743096168389,222.7428125,320.5193786621094,97.77656616210936,SH_ST,SH_ST
1860.0,1860.0105622715032,2433.204993424049,4727.406948487822,222.74625,319.90704345703125,97.16079345703125,SH_ST,SH_ST
1861.0,1861.010568179688,2432.263184135048,4727.070800807256,222.7496875,319.2947082519531,96.54502075195312,SH_ST,SH_ST
1862.0,1862.0105740878744,2431.3213748460457,4726.734653126689,222.753125,318.6823425292969,95.92921752929686,SH_ST,SH_ST
1863.0,1863.01057999606,2430.379565557044,4726.398505446124,222.7565625,318.07000732421875,95.31344482421876,SH_ST,SH_ST
1864.0,1864.010585904245,2429.437756268287,4726.062357764872,222.76,317.4576721191406,94.69767211914063,SH_ST,SH_ST
1865.0,1865.0105918124311,2428.495946979749,4725.726210083007,222.7634375,316.8453369140625,94.08189941406248,SH_ST,SH_ST
1866.0,1866.0105977206167,2427.554137691211,4725.39006240114,222.766875,316.20379638671875,93.43692138671877,SH_ST,SH_ST
1867.0,1867.0106036288028,2426.612328402673,4725.053914719275,222.7703125,315.5445861816406,92.77427368164064,SH_ST,SH_ST
1868.0,1868.0106095369883,2425.670519114135,4724.717767037409,222.77375,314.8853759765625,92.1116259765625,SH_ST,SH_ST
1869.0,1869.010615445174,2424.728709825597,4724.381619355544,222.7771875,314.2261657714844,91.44897827148438,SH_ST,SH_ST
1870.0,1870.0106213533595,2423.7869005369807,4724.045471673898,222.780625,313.58868408203125,90.80805908203126,SH_ST,SH_ST
1871.0,1871.010627261545,2422.84509124798,4723.709323993329,222.7840625,312.98980712890625,90.20574462890625,SH_ST,SH_ST
1872.0,1872.0106331697305,2421.90328195898,4723.37317631276,222.7875,312.3908996582031,89.60339965820313,SH_ST,SH_ST
1873.0,1873.0106390779165,2420.961472669979,4723.03702863219,222.7909375,311.7920227050781,89.00108520507811,SH_ST,SH_ST
1874.0,1874.010644986102,2420.0196633809783,4722.700880951621,222.794375,311.1931457519531,88.39877075195312,SH_ST,SH_ST
1875.0,1875.010650894288,2419.0778540919773,4722.3647332710525,222.7978125,310.5942687988281,87.79645629882813,SH_ST,SH_ST
1876.0,1876.0106568024728,2418.136044802977,4722.028585590483,222.80125,309.995361328125,87.19411132812499,SH_ST,SH_ST
1877.0,1877.0106627106595,2417.1942355139563,4721.692437909969,222.8046875,309.396484375,86.591796875,SH_ST,SH_ST
1878.0,1878.0106686188444,2416.252426224932,4721.356290229467,222.808125,308.797607421875,85.98948242187501,SH_ST,SH_ST
1879.0,1879.0106745270311,2415.310616935906,4721.020142548966,222.8115625,308.1986999511719,85.38713745117187,SH_ST,SH_ST
1880.0,1880.0106772464155,2414.368807646882,4720.683994868465,222.81389461875,307.5998229980469,84.78592837929688,SH_ST,SH_ST
1881.0,1881.010677251968,2413.426998357857,4720.347847187963,222.814,307.0009460449219,84.18694604492188,SH_ST,SH_ST
1882.0,1882.010677751968,2412.485189068832,4720.011699507462,222.813,306.4020690917969,83.58906909179689,SH_ST,SH_ST
1883.0,1883.010678251968,2411.543379780028,4719.675551826343,222.812,305.8031616210937,82.99116162109374,SH_ST,SH_ST
1884.0,1884.010678751968,2410.60157049149,4719.339404144476,222.811,305.20428466796875,82.39328466796874,SH_ST,SH_ST
1885.0,1885.0106792519675,2409.6597612029523,4719.003256462611,222.81,304.6054077148437,81.79540771484375,SH_ST,SH_ST
1886.0,1886.010679751968,2408.7179519144142,4718.667108780745,222.809,304.0065002441406,81.19750024414063,SH_ST,SH_ST
1887.0,1887.010680251968,2407.776142625876,4718.33096109888,222.808,303.4076232910156,80.59962329101563,SH_ST,SH_ST
1888.0,1888.010680751967,2406.834333337338,4717.994813417015,222.807,302.8087463378906,80.00174633789064,SH_ST,SH_ST
1889.0,1889.010681251967,2405.892524048756,4717.658665735273,222.806,302.2098693847656,79.40386938476561,SH_ST,SH_ST
1890.0,1890.0106817519663,2404.950714759756,4717.322518054703,222.805,301.6109924316406,78.80599243164062,SH_ST,SH_ST
1891.0,1891.010682251967,2404.0089054707546,4716.986370374134,222.804,301.0121154785156,78.20811547851562,SH_ST,SH_ST
1892.0,1892.0106827519664,2403.067096181754,4716.650222693565,222.803,300.4132385253906,77.61023852539063,SH_ST,SH_ST
1893.0,1893.0106832519664,2402.125286892753,4716.314075012996,222.802,299.8143615722656,77.01236157226563,SH_ST,SH_ST
1894.0,1894.0106837519663,2401.1834776037526,4715.977927332427,222.801,299.2154846191406,76.41448461914064,SH_ST,SH_ST
1895.0,1895.010684251966,2400.241668314752,4715.641779651857,222.8,298.6165771484375,75.81657714843749,SH_ST,SH_ST
1896.0,1896.0106847519664,2399.299859025733,4715.305631971339,222.799,298.0177001953125,75.2187001953125,SH_ST,SH_ST
1897.0,1897.0106852519657,2398.3580497367084,4714.9694842908375,222.798,297.4188232421875,74.6208232421875,SH_ST,SH_ST
1898.0,1898.0106857519656,2397.416240447684,4714.633336610335,222.797,296.8199462890625,74.0229462890625,SH_ST,SH_ST
1899.0,1899.0106862519656,2396.4744311586587,4714.297188929834,222.796,296.2210693359375,73.42506933593751,SH_ST,SH_ST
1900.0,1900.010686751965,2395.532621869634,4713.961041249333,222.795,295.6221923828125,72.82719238281251,SH_ST,SH_ST
1901.0,1901.010687251965,2394.590812580609,4713.624893568832,222.794,295.0233154296875,72.22931542968749,SH_ST,SH_ST
1902.0,1902.010687751965,2393.6490032915776,4713.288745888349,222.793,294.4244384765625,71.6314384765625,SH_ST,SH_ST
1903.0,1903.010688251965,2392.707194002535,4712.952598207897,222.792,293.8255615234375,71.0335615234375,SH_ST,SH_ST
1904.0,1904.0106887519648,2391.7653847134925,4712.6164505274455,222.791,293.2266845703125,70.4356845703125,SH_ST,SH_ST
1905.0,1905.0106892519643,2390.82357542445,4712.280302846993,222.79,292.6278076171875,69.83780761718751,SH_ST,SH_ST
1906.0,1906.010689751964,2389.881766135408,4711.944155166541,222.789,292.0289306640625,69.23993066406251,SH_ST,SH_ST
1907.0,1907.010690251964,2388.939956846365,4711.608007486089,222.788,291.4300231933594,68.64202319335936,SH_ST,SH_ST
1908.0,1908.010690751964,2387.998147557334,4711.271859805604,222.787,290.8311462402344,68.04414624023437,SH_ST,SH_ST
1909.0,1909.010691251964,2387.05633826882,4710.935712123672,222.786,290.6717529296875,67.8857529296875,SH_ST,SH_ST
1910.0,1910.010691751964,2386.1145289803067,4710.599564441738,222.785,290.5414123535156,67.75641235351563,SH_ST,SH_ST
1911.0,1911.010692251964,2385.1727196917927,4710.263416759804,222.784,290.4110717773437,67.62707177734376,SH_ST,SH_ST
1912.0,1912.010692751964,2384.230910403279,4709.927269077871,222.783,290.28076171875,67.49776171875001,SH_ST,SH_ST
1913.0,1913.010693251964,2383.2891011147653,4709.591121395937,222.782,290.1504211425781,67.36842114257811,SH_ST,SH_ST
1914.0,1914.010693751964,2382.3472918262514,4709.254973714004,222.781,290.02008056640625,67.23908056640624,SH_ST,SH_ST
1915.0,1915.010694251963,2381.4054825373987,4708.918826033021,222.78,289.8897705078125,67.1097705078125,SH_ST,SH_ST
1916.0,1916.010694751963,2380.4636732483737,4708.58267835252,222.779,289.7594299316406,66.98042993164063,SH_ST,SH_ST
1917.0,1917.010695251963,2379.5218639593486,4708.246530672019,222.778,289.62908935546875,66.85108935546876,SH_ST,SH_ST
1918.0,1918.0106957519624,2378.580054670324,4707.9103829915175,222.777,289.53436279296875,66.75736279296876,SH_ST,SH_ST
1919.0,1919.0106962519624,2377.638245381299,4707.574235311016,222.776,289.4875183105469,66.71151831054686,SH_ST,SH_ST
1920.0,1920.0106967519623,2376.6964360922743,4707.238087630514,222.775,289.4406433105469,66.66564331054687,SH_ST,SH_ST
1921.0,1921.0106972519625,2375.7546268032493,4706.901939950013,222.774,289.393798828125,66.619798828125,SH_ST,SH_ST
1922.0,1922.0106977519624,2374.812817514224,4706.565792269512,222.773,289.3469543457031,66.57395434570313,SH_ST,SH_ST
1923.0,1923.0106982519608,2373.8710082252,4706.229644589011,222.772,289.3000793457031,66.52807934570313,SH_ST,SH_ST
1924.0,1924.0106987519616,2372.9291989361745,4705.893496908509,222.771,289.25323486328125,66.48223486328126,SH_ST,SH_ST
1925.0,1925.010699251962,2371.987389647149,4705.557349228008,222.77,289.2063903808594,66.43639038085936,SH_ST,SH_ST
1926.0,1926.010699751961,2371.045580358125,4705.221201547507,222.769,289.1595153808594,66.39051538085937,SH_ST,SH_ST
1927.0,1927.010700251961,2370.1037710691,4704.885053867006,222.768,289.3362121582031,66.56821215820312,SH_ST,SH_ST
1928.0,1928.010700751961,2369.161961780076,4704.548906186501,222.767,289.60711669921875,66.84011669921875,SH_ST,SH_ST
1929.0,1929.0107012519609,2368.220152491052,4704.212758505997,222.766,289.8780212402344,67.11202124023438,SH_ST,SH_ST
1930.0,1930.0107017519608,2367.2783432020283,4703.876610825493,222.765,290.1488952636719,67.38389526367189,SH_ST,SH_ST
1931.0,1931.010702251961,2366.336533913004,4703.540463144988,222.764,290.4197998046875,67.65579980468749,SH_ST,SH_ST
1932.0,1932.0107027519607,2365.3947246239804,4703.204315464484,222.763,290.6907043457031,67.92770434570312,SH_ST,SH_ST
1933.0,1933.0107032519604,2364.4529153349567,4702.86816778398,222.762,290.96160888671875,68.19960888671875,SH_ST,SH_ST
1934.0,1934.0107037519604,2363.511106046233,4702.532020102634,222.761,291.23248291015625,68.47148291015625,SH_ST,SH_ST
1935.0,1935.01070425196,2362.5692967577183,4702.195872420704,222.76,291.5033874511719,68.74338745117188,SH_ST,SH_ST
1936.0,1936.01070475196,2361.6274874692035,4701.859724738773,222.759,291.7742919921875,69.01529199218751,SH_ST,SH_ST
1937.0,1937.01070525196,2360.6856781806887,4701.523577056843,222.758,292.0451965332031,69.28719653320312,SH_ST,SH_ST
1938.0,1938.01070575196,2359.743868892174,4701.187429374912,222.757,292.31610107421875,69.55910107421874,SH_ST,SH_ST
1939.0,1939.01070625196,2358.802059603659,4700.8512816929815,222.756,292.58697509765625,69.83097509765625,SH_ST,SH_ST
1940.0,1940.0107067519589,2357.8602503150264,4700.515134011383,222.755,292.8578796386719,70.10287963867188,SH_ST,SH_ST
1941.0,1941.0107072519595,2356.9184410260023,4700.178986330878,222.754,293.1287841796875,70.37478417968751,SH_ST,SH_ST
1942.0,1942.010707751959,2355.9766317369786,4699.842838650374,222.753,293.3996887207031,70.64668872070314,SH_ST,SH_ST
1943.0,1943.010708251959,2355.0348224479544,4699.50669096987,222.752,293.8551330566406,71.10313305664062,SH_ST,SH_ST
1944.0,1944.0107087519589,2354.0930131589307,4699.170543289365,222.751,294.3166809082031,71.56568090820312,SH_ST,SH_ST
1945.0,1945.0107092519584,2353.151203869907,4698.834395608861,222.75,294.7782287597656,72.02822875976562,SH_ST,SH_ST
1946.0,1946.0107097519583,2352.209394580883,4698.498247928357,222.749,295.2397766113281,72.49077661132813,SH_ST,SH_ST
1947.0,1947.0107102519587,2351.267585291843,4698.162100247898,222.748,295.7013244628906,72.95332446289063,SH_ST,SH_ST
1948.0,1948.0107107519584,2350.3257760028005,4697.825952567446,222.747,296.1628723144531,73.41587231445311,SH_ST,SH_ST
1949.0,1949.0107112519584,2349.3839667137577,4697.489804886994,222.746,296.6244506835937,73.87845068359374,SH_ST,SH_ST
1950.0,1950.0107117519576,2348.442157424716,4697.153657206542,222.745,297.08599853515625,74.34099853515625,SH_ST,SH_ST
1951.0,1951.0107122519576,2347.500348135673,4696.81750952609,222.744,297.5831298828125,74.8391298828125,SH_ST,SH_ST
1952.0,1952.010712751958,2346.55853884663,4696.481361845638,222.743,298.18524169921875,75.44224169921876,SH_ST,SH_ST
1953.0,1953.0107132519577,2345.6167295578603,4696.145214164423,222.742,298.787353515625,76.04535351562501,SH_ST,SH_ST
1954.0,1954.0107137519576,2344.6749202693454,4695.809066482492,222.741,299.38946533203125,76.64846533203124,SH_ST,SH_ST
1955.0,1955.010714251957,2343.7331109808306,4695.472918800562,222.74,299.9915771484375,77.25157714843749,SH_ST,SH_ST
1956.0,1956.010714751957,2342.791301692316,4695.136771118631,222.739,300.5936584472656,77.85465844726562,SH_ST,SH_ST
1957.0,1957.0107152519568,2341.849492403801,4694.800623436701,222.738,301.1957702636719,78.45777026367188,SH_ST,SH_ST
1958.0,1958.0107157519567,2340.907683115286,4694.46447575477,222.737,301.7388000488281,79.00180004882813,SH_ST,SH_ST
1959.0,1959.0107162519569,2339.9658738266908,4694.128328073066,222.736,302.0867004394531,79.35070043945314,SH_ST,SH_ST
1960.0,1960.0107167519564,2339.024064537666,4693.792180392565,222.735,302.4346008300781,79.69960083007811,SH_ST,SH_ST
1961.0,1961.0107172519567,2338.082255248641,4693.456032712063,222.734,302.78253173828125,80.04853173828124,SH_ST,SH_ST
1962.0,1962.0107177519567,2337.140445959616,4693.119885031561,222.733,303.13043212890625,80.39743212890625,SH_ST,SH_ST
1963.0,1963.010718251956,2336.1986366705914,4692.78373735106,222.732,303.47833251953125,80.74633251953125,SH_ST,SH_ST
1964.0,1964.010718751956,2335.2568273815664,4692.447589670559,222.731,303.8262634277344,81.09526342773438,SH_ST,SH_ST
1965.0,1965.010719251956,2334.315018092542,4692.111441990058,222.73,304.1741638183594,81.44416381835939,SH_ST,SH_ST
1966.0,1966.010719751956,2333.373208803536,4691.775294309502,222.729,304.5220642089844,81.79306420898436,SH_ST,SH_ST
1967.0,1967.0107202519555,2332.431399514536,4691.439146628933,222.728,304.8699951171875,82.14199511718749,SH_ST,SH_ST
1968.0,1968.0107207519552,2331.489590225535,4691.102998948364,222.727,305.2178955078125,82.4908955078125,SH_ST,SH_ST
1969.0,1969.010721251956,2330.547780936534,4690.766851267795,222.726,305.5657958984375,82.8397958984375,SH_ST,SH_ST
1970.0,1970.010721751955,2329.6059716475334,4690.430703587225,222.725,305.9137268066406,83.18872680664063,SH_ST,SH_ST
1971.0,1971.0107222519548,2328.664162358533,4690.094555906656,222.724,306.2616271972656,83.53762719726564,SH_ST,SH_ST
1972.0,1972.010722751955,2327.722353069521,4689.758408226117,222.723,306.6095275878906,83.88652758789061,SH_ST,SH_ST
1973.0,1973.010723251955,2326.7805437804964,4689.422260545615,222.722,306.9147644042969,84.19276440429687,SH_ST,SH_ST
1974.0,1974.0107237519544,2325.838734491472,4689.086112865114,222.721,307.1526794433594,84.43167944335937,SH_ST,SH_ST
1975.0,1975.0107242519543,2324.8969252024467,4688.749965184613,222.72,307.3266296386719,84.60662963867188,SH_ST,SH_ST
1976.0,1976.0107247519545,2323.9551159134217,4688.413817504112,222.719,307.5005798339844,84.78157983398438,SH_ST,SH_ST
1977.0,1977.010725251953,2323.013306624397,4688.07766982361,222.718,307.6745300292969,84.95653002929689,SH_ST,SH_ST
1978.0,1978.010725751954,2322.071497335413,4687.741522142994,222.717,307.875,85.15799999999999,SH_ST,SH_ST
1979.0,1979.0107262519527,2321.1296880468763,4687.405374461126,222.716,308.0990600585937,85.38306005859374,SH_ST,SH_ST
1980.0,1980.0107267519527,2320.187878758339,4687.069226779257,222.715,308.3230895996094,85.60808959960937,SH_ST,SH_ST
1981.0,1981.010727251953,2319.2460694698025,4686.733079097388,222.714,308.547119140625,85.833119140625,SH_ST,SH_ST
1982.0,1982.010727751953,2318.3042601812654,4686.39693141552,222.713,308.77117919921875,86.05817919921876,SH_ST,SH_ST
1983.0,1983.0107282519527,2317.362450892728,4686.060783733652,222.712,308.9952087402344,86.28320874023439,SH_ST,SH_ST
1984.0,1984.0107287519525,2316.420641604192,4685.724636051783,222.711,309.21923828125,86.50823828124999,SH_ST,SH_ST
1985.0,1985.0107292519529,2315.478832315317,4685.388488370861,222.71,309.4432983398437,86.73329833984374,SH_ST,SH_ST
1986.0,1986.0107297519528,2314.537023026315,4685.052340690294,222.709,309.6673278808594,86.95832788085937,SH_ST,SH_ST
1987.0,1987.0107302519525,2313.5952137373138,4684.716193009728,222.708,309.8913879394531,87.18338793945313,SH_ST,SH_ST
1988.0,1988.0107307519525,2312.653404448312,4684.3800453291615,222.707,310.11541748046875,87.40841748046876,SH_ST,SH_ST
1989.0,1989.010731251952,2311.7115951593105,4684.043897648595,222.706,310.3394470214844,87.63344702148439,SH_ST,SH_ST
1990.0,1990.010731751952,2310.7697858703086,4683.707749968029,222.705,310.6602478027344,87.95524780273436,SH_ST,SH_ST
1991.0,1991.010732251952,2309.827976581292,4683.371602287505,222.704,311.0113830566406,88.30738305664062,SH_ST,SH_ST
1992.0,1992.010732751952,2308.8861672922494,4683.035454607053,222.703,311.362548828125,88.659548828125,SH_ST,SH_ST
1993.0,1993.010733251952,2307.944358003207,4682.699306926601,222.702,311.71368408203125,89.01168408203125,SH_ST,SH_ST
1994.0,1994.010733751952,2307.0025487141643,4682.363159246149,222.701,312.3310241699219,89.63002416992188,SH_ST,SH_ST
1995.0,1995.010734251952,2306.060739425122,4682.027011565697,222.7,313.15069580078125,90.45069580078126,SH_ST,SH_ST
1996.0,1996.0107347519515,2305.118930136079,4681.690863885245,222.699,313.97039794921875,91.27139794921874,SH_ST,SH_ST
1997.0,1997.0107352519512,2304.1771208470423,4681.354716204777,222.698,314.79010009765625,92.09210009765624,SH_ST,SH_ST
1998.0,1998.010735751951,2303.2353115585274,4681.018568522847,222.697,315.6098022460937,92.91280224609376,SH_ST,SH_ST
1999.0,1999.010736251951,2302.2935022700126,4680.682420840916,222.696,316.42950439453125,93.73350439453124,SH_ST,SH_ST
2000.0,2000.0107367519508,2301.3516929814978,4680.346273158985,222.695,317.24920654296875,94.55420654296876,SH_ST,SH_ST
2001.0,2001.0107372519503,2300.409883692983,4680.010125477055,222.694,318.06890869140625,95.37490869140626,SH_ST,SH_ST
2002.0,2002.0107377519496,2299.468074404469,4679.673977795124,222.693,318.8885803222656,96.1955803222656,SH_ST,SH_ST
2003.0,2003.01073825195,2298.5262651159537,4679.337830113194,222.692,319.7082824707031,97.01628247070312,SH_ST,SH_ST
2004.0,2004.01073875195,2297.584455827107,4679.001682432194,222.691,320.5279846191406,97.83698461914062,SH_ST,SH_ST
2005.0,2005.0107392519496,2296.6426465380828,4678.66553475169,222.69,321.3427734375,98.6527734375,SH_ST,SH_ST
2006.0,2006.0107397519496,2295.700837249059,4678.329387071185,222.689,321.9718322753906,99.28283227539065,SH_ST,SH_ST
2007.0,2007.0107402519493,2294.759027960035,4677.993239390681,222.688,322.6008605957031,99.91286059570314,SH_ST,SH_ST
2008.0,2008.0107407519488,2293.8172186710112,4677.657091710177,222.687,323.2299194335937,100.54291943359374,SH_ST,SH_ST
2009.0,2009.0107412519487,2292.8754093819875,4677.320944029672,222.686,323.85894775390625,101.17294775390624,SH_ST,SH_ST
2010.0,2010.0107417519496,2291.933600092963,4676.984796349169,222.685,324.4880065917969,101.80300659179689,SH_ST,SH_ST
2011.0,2011.010742251949,2290.9917908039383,4676.648648668668,222.684,325.1170349121094,102.43303491210938,SH_ST,SH_ST
2012.0,2012.010742751949,2290.0499815149133,4676.312500988167,222.683,325.74609375,103.06309375,SH_ST,SH_ST
2013.0,2013.0107432519485,2289.1081722258887,4675.976353307666,222.682,326.3751525878906,103.69315258789064,SH_ST,SH_ST
2014.0,2014.0107437519484,2288.166362936864,4675.640205627164,222.681,327.0041809082031,104.32318090820311,SH_ST,SH_ST
2015.0,2015.0107442519488,2287.2245536478385,4675.304057946662,222.68,327.6226501464844,104.94265014648435,SH_ST,SH_ST
2016.0,2016.0107447519483,2286.282744358814,4674.967910266161,222.679,328.204833984375,105.525833984375,SH_ST,SH_ST
2017.0,2017.0107452519485,2285.34093506979,4674.631762585657,222.678,328.7870178222656,106.10901782226564,SH_ST,SH_ST
2018.0,2018.010745751948,2284.399125780766,4674.295614905153,222.677,329.36920166015625,106.69220166015626,SH_ST,SH_ST
2019.0,2019.0107462519484,2283.457316491742,4673.9594672246485,222.676,329.9513854980469,107.27538549804687,SH_ST,SH_ST
2020.0,2020.010746751948,2282.5155072027183,4673.623319544145,222.675,330.5335693359375,107.85856933593747,SH_ST,SH_ST
2021.0,2021.010747251948,2281.5736979136946,4673.287171863641,222.674,331.1341857910156,108.46018579101562,SH_ST,SH_ST
2022.0,2022.010747751948,2280.6318886246704,4672.951024183136,222.673,331.7799377441406,109.10693774414062,SH_ST,SH_ST
2023.0,2023.010748251948,2279.690079335941,4672.614876501807,222.672,332.4256591796875,109.7536591796875,SH_ST,SH_ST
2024.0,2024.010748751948,2278.748270047426,4672.278728819876,222.671,333.0714111328125,110.40041113281252,SH_ST,SH_ST
2025.0,2025.010749251947,2277.806460758912,4671.942581137946,222.67,333.7171325683594,111.0471325683594,SH_ST,SH_ST
2026.0,2026.010749751947,2276.864651470397,4671.606433456015,222.669,334.3628845214844,111.69388452148436,SH_ST,SH_ST
2027.0,2027.0107502519468,2275.922842181882,4671.270285774085,222.668,335.00860595703125,112.34060595703124,SH_ST,SH_ST
2028.0,2028.0107507519467,2274.9810328933672,4670.934138092154,222.667,335.6543273925781,112.98732739257812,SH_ST,SH_ST
2029.0,2029.0107512519464,2274.03922360474,4670.597990410539,222.666,336.3000793457031,113.63407934570311,SH_ST,SH_ST
2030.0,2030.0107517519464,2273.097414315715,4670.261842730038,222.665,336.94580078125,114.28080078125,SH_ST,SH_ST
2031.0,2031.0107522519456,2272.1556050266904,4669.925695049536,222.664,337.591552734375,114.927552734375,SH_ST,SH_ST
2032.0,2032.0107527519456,2271.2137957376654,4669.589547369035,222.663,338.2372741699219,115.57427416992186,SH_ST,SH_ST
2033.0,2033.0107532519464,2270.2719864486403,4669.253399688533,222.662,338.88299560546875,116.22099560546874,SH_ST,SH_ST
2034.0,2034.0107537519448,2269.330177159616,4668.917252008032,222.661,339.5287475585937,116.86774755859376,SH_ST,SH_ST
2035.0,2035.010754251946,2268.38836787059,4668.581104327531,222.66,340.1744689941406,117.51446899414064,SH_ST,SH_ST
2036.0,2036.010754751945,2267.4465585815506,4668.244956647072,222.659,340.8202209472656,118.16122094726563,SH_ST,SH_ST
2037.0,2037.010755251945,2266.504749292508,4667.90880896662,222.658,341.1164245605469,118.45842456054687,SH_ST,SH_ST
2038.0,2038.0107557519457,2265.562940003465,4667.572661286168,222.657,341.4374084472656,118.7804084472656,SH_ST,SH_ST
2039.0,2039.010756251945,2264.621130714423,4667.236513605716,222.656,341.7583923339844,119.10239233398435,SH_ST,SH_ST
2040.0,2040.0107567519449,2263.6793214253807,4666.900365925264,222.655,342.0793762207031,119.42437622070312,SH_ST,SH_ST
2041.0,2041.0107572519448,2262.737512136338,4666.564218244812,222.654,342.4003601074219,119.74636010742188,SH_ST,SH_ST
2042.0,2042.0107577519443,2261.7957028475626,4666.228070563612,222.653,342.7213134765625,120.06831347656252,SH_ST,SH_ST
2043.0,2043.0107582519445,2260.8538935590486,4665.891922881679,222.652,343.04229736328125,120.39029736328126,SH_ST,SH_ST
2044.0,2044.0107587519444,2259.9120842705347,4665.555775199746,222.651,343.36328125,120.71228125,SH_ST,SH_ST
2045.0,2045.0107592519448,2258.970274982021,4665.219627517812,222.65,343.68426513671875,121.03426513671874,SH_ST,SH_ST
2046.0,2046.010759751944,2258.028465693508,4664.883479835879,222.649,344.0052490234375,121.3562490234375,SH_ST,SH_ST
2047.0,2047.010760251944,2257.086656404994,4664.547332153945,222.648,344.32623291015625,121.67823291015624,SH_ST,SH_ST
2048.0,2048.010760751944,2256.144847116405,4664.211184472221,222.647,344.647216796875,122.000216796875,SH_ST,SH_ST
2049.0,2049.010761251944,2255.2030378273803,4663.87503679172,222.646,344.9682006835937,122.32220068359376,SH_ST,SH_ST
2050.0,2050.010761751944,2254.261228538355,4663.538889111219,222.645,345.2891845703125,122.64418457031248,SH_ST,SH_ST
2051.0,2051.010762251944,2253.31941924933,4663.202741430718,222.644,345.61016845703125,122.96616845703124,SH_ST,SH_ST
2052.0,2052.010762751944,2252.3776099603056,4662.866593750216,222.643,345.93115234375,123.28815234375,SH_ST,SH_ST
2053.0,2053.010763251944,2251.4358006712805,4662.530446069715,222.642,346.1480407714844,123.50604077148438,SH_ST,SH_ST
2054.0,2054.010763751944,2250.493991382256,4662.194298389214,222.641,346.3419189453125,123.70091894531252,SH_ST,SH_ST
2055.0,2055.010764251944,2249.552182093232,4661.85815070871,222.64,346.5357971191406,123.89579711914064,SH_ST,SH_ST
2056.0,2056.0107647519435,2248.610372804208,4661.522003028206,222.639,346.72967529296875,124.09067529296874,SH_ST,SH_ST
2057.0,2057.010765251944,2247.668563515184,4661.185855347701,222.638,346.9235534667969,124.28555346679688,SH_ST,SH_ST
2058.0,2058.0107657519434,2246.72675422616,4660.849707667197,222.637,347.0414123535156,124.40441235351562,SH_ST,SH_ST
2059.0,2059.010766251944,2245.784944937136,4660.5135599866935,222.636,347.0947265625,124.4587265625,SH_ST,SH_ST
2060.0,2060.010766751944,2244.8431356481124,4660.177412306189,222.635,347.1480407714844,124.51304077148438,SH_ST,SH_ST
2061.0,2061.010767251943,2243.9013263590978,4659.841264625658,222.634,347.20135498046875,124.56735498046876,SH_ST,SH_ST
2062.0,2062.0107677519427,2242.9595170700964,4659.505116945092,222.633,347.25469970703125,124.62169970703124,SH_ST,SH_ST
2063.0,2063.010768251943,2242.0177077810945,4659.168969264525,222.632,347.3080139160156,124.67601391601562,SH_ST,SH_ST
2064.0,2064.0107687519426,2241.0758984920926,4658.832821583959,222.631,347.361328125,124.730328125,SH_ST,SH_ST
2065.0,2065.0107692519423,2240.134089203091,4658.496673903393,222.63,347.4146423339844,124.78464233398438,SH_ST,SH_ST
2066.0,2066.010769751942,2239.1922799140893,4658.160526222827,222.629,347.46795654296875,124.83895654296876,SH_ST,SH_ST
2067.0,2067.010770251942,2238.250470625121,4657.8243785421655,222.628,347.5212707519531,124.89327075195314,SH_ST,SH_ST
2068.0,2068.010770751941,2237.308661336584,4657.4882308603,222.627,347.5745849609375,124.94758496093748,SH_ST,SH_ST
2069.0,2069.0107712519416,2236.366852048045,4657.152083178435,222.626,347.6026306152344,124.97663061523436,SH_ST,SH_ST
2070.0,2070.010771751941,2235.4250427595075,4656.815935496569,222.625,347.5956115722656,124.97061157226562,SH_ST,SH_ST
2071.0,2071.010772251941,2234.483233470969,4656.479787814704,222.624,347.588623046875,124.964623046875,SH_ST,SH_ST
2072.0,2072.0107727519403,2233.5414241824315,4656.143640132838,222.623,347.58160400390625,124.95860400390626,SH_ST,SH_ST
2073.0,2073.010773251941,2232.599614893893,4655.807492450972,222.622,347.5746154785156,124.9526154785156,SH_ST,SH_ST
2074.0,2074.01077375194,2231.657805605025,4655.471344770033,222.621,347.5675964355469,124.94659643554688,SH_ST,SH_ST
2075.0,2075.0107742519403,2230.715996316024,4655.135197089464,222.62,347.56060791015625,124.94060791015625,SH_ST,SH_ST
2076.0,2076.01077475194,2229.774187027024,4654.799049408895,222.619,347.5535888671875,124.9345888671875,SH_ST,SH_ST
2077.0,2077.01077525194,2228.8323777380224,4654.462901728326,222.618,347.5466003417969,124.92860034179688,SH_ST,SH_ST
2078.0,2078.01077575194,2227.890568449022,4654.126754047757,222.617,347.5395812988281,124.92258129882812,SH_ST,SH_ST
2079.0,2079.01077625194,2226.948759160021,4653.790606367187,222.616,347.5325927734375,124.91659277343749,SH_ST,SH_ST
2080.0,2080.01077675194,2226.0069498710054,4653.45445868666,222.615,347.52557373046875,124.91057373046874,SH_ST,SH_ST
2081.0,2081.010777251939,2225.065140581963,4653.118311006208,222.614,347.5185852050781,124.90458520507812,SH_ST,SH_ST
2082.0,2082.01077775194,2224.1233312929207,4652.782163325755,222.613,347.5115661621094,124.89856616210938,SH_ST,SH_ST
2083.0,2083.010778251939,2223.181522003878,4652.446015645304,222.612,347.50457763671875,124.89257763671876,SH_ST,SH_ST
2084.0,2084.0107787519382,2222.239712714836,4652.109867964852,222.611,347.49755859375,124.88655859375,SH_ST,SH_ST
2085.0,2085.0107792519384,2221.2979034257933,4651.7737202844,222.61,347.4905700683594,124.88057006835936,SH_ST,SH_ST
2086.0,2086.0107797519386,2220.3560941367505,4651.437572603948,222.609,347.4835510253906,124.87455102539062,SH_ST,SH_ST
2087.0,2087.0107802519387,2219.414284848212,4651.101424922083,222.608,347.4765625,124.8685625,SH_ST,SH_ST
2088.0,2088.0107807519385,2218.472475559674,4650.765277240218,222.607,347.4695739746094,124.86257397460938,SH_ST,SH_ST
2089.0,2089.010781251938,2217.530666271136,4650.4291295583525,222.606,347.4625549316406,124.85655493164064,SH_ST,SH_ST
2090.0,2090.010781751938,2216.588856982598,4650.092981876487,222.605,347.45556640625,124.85056640625,SH_ST,SH_ST
2091.0,2091.0107822519376,2215.64704769406,4649.756834194622,222.604,347.44854736328125,124.84454736328124,SH_ST,SH_ST
2092.0,2092.0107827519378,2214.705238405522,4649.420686512755,222.603,347.4415588378906,124.83855883789062,SH_ST,SH_ST
2093.0,2093.010783251937,2213.763429116687,4649.084538831723,222.602,347.4345397949219,124.83253979492189,SH_ST,SH_ST
2094.0,2094.0107837519377,2212.821619827685,4648.748391151156,222.601,347.42755126953125,124.82655126953124,SH_ST,SH_ST
2095.0,2095.0107842519365,2211.879810538684,4648.412243470591,222.6,347.4205322265625,124.8205322265625,SH_ST,SH_ST
2096.0,2096.010784751937,2210.9380012496817,4648.076095790024,222.599,347.4135437011719,124.81454370117189,SH_ST,SH_ST
2097.0,2097.010785251937,2209.99619196068,4647.739948109458,222.598,347.40655517578125,124.80855517578124,SH_ST,SH_ST
2098.0,2098.010785751937,2209.0543826716785,4647.403800428891,222.597,347.3627319335937,124.76573193359374,SH_ST,SH_ST
2099.0,2099.010786251937,2208.1125733826702,4647.067652748343,222.596,347.3056335449219,124.70963354492189,SH_ST,SH_ST
2100.0,2100.010786751937,2207.1707640936465,4646.731505067838,222.595,347.24853515625,124.65353515625,SH_ST,SH_ST
2101.0,2101.010787251937,2206.2289548046224,4646.395357387334,222.594,347.1112365722656,124.51723657226565,SH_ST,SH_ST
2102.0,2102.0107877519367,2205.2871455155987,4646.05920970683,222.593,346.9683532714844,124.3753532714844,SH_ST,SH_ST
2103.0,2103.0107882519364,2204.345336226575,4645.723062026325,222.592,346.84771728515625,124.25571728515624,SH_ST,SH_ST
2104.0,2104.0107887519366,2203.403526937551,4645.386914345821,222.591,346.7270812988281,124.13608129882812,SH_ST,SH_ST
2105.0,2105.0107892519363,2202.461717648527,4645.0507666653175,222.59,346.6064453125,124.0164453125,SH_ST,SH_ST
2106.0,2106.0107897519365,2201.519908359502,4644.714618984815,222.589,346.4858093261719,123.89680932617188,SH_ST,SH_ST
2107.0,2107.0107902519367,2200.578099070477,4644.378471304314,222.588,346.3651733398437,123.77717333984376,SH_ST,SH_ST
2108.0,2108.0107907519364,2199.6362897814524,4644.042323623813,222.587,346.2445373535156,123.65753735351564,SH_ST,SH_ST
2109.0,2109.010791251936,2198.694480492428,4643.706175943312,222.586,346.1239013671875,123.53790136718747,SH_ST,SH_ST
2110.0,2110.0107917519363,2197.7526712034028,4643.370028262811,222.585,346.0032653808594,123.41826538085937,SH_ST,SH_ST
2111.0,2111.0107922519364,2196.8108619143777,4643.033880582309,222.584,345.88262939453125,123.29862939453125,SH_ST,SH_ST
2112.0,2112.010792751936,2195.869052625643,4642.697732900996,222.583,345.761962890625,123.178962890625,SH_ST,SH_ST
2113.0,2113.0107932519363,2194.927243337129,4642.361585219062,222.582,345.6413269042969,123.05932690429688,SH_ST,SH_ST
2114.0,2114.010793751936,2193.9854340486154,4642.025437537129,222.581,345.52069091796875,122.93969091796876,SH_ST,SH_ST
2115.0,2115.010794251936,2193.043624760101,4641.689289855196,222.58,345.4000549316406,122.8200549316406,SH_ST,SH_ST
2116.0,2116.0107947519355,2192.101815471588,4641.353142173262,222.579,345.2794189453125,122.70041894531248,SH_ST,SH_ST
2117.0,2117.010795251936,2191.160006183074,4641.016994491329,222.578,345.1587829589844,122.58078295898436,SH_ST,SH_ST
2118.0,2118.010795751936,2190.2181968944533,4640.680846809694,222.577,345.03814697265625,122.46114697265624,SH_ST,SH_ST
2119.0,2119.0107962519355,2189.2763876054287,4640.344699129193,222.576,344.9175109863281,122.34151098632812,SH_ST,SH_ST
2120.0,2120.0107967519352,2188.334578316404,4640.008551448692,222.575,344.796875,122.221875,SH_ST,SH_ST
2121.0,2121.0107972519354,2187.392769027379,4639.672403768191,222.574,344.6762390136719,122.10223901367186,SH_ST,SH_ST
2122.0,2122.010797751936,2186.450959738354,4639.336256087689,222.573,344.5556030273437,121.98260302734374,SH_ST,SH_ST
2123.0,2123.010798251936,2185.509150449329,4639.000108407188,222.572,344.4349670410156,121.86296704101562,SH_ST,SH_ST
2124.0,2124.0107987519355,2184.5673411603043,4638.663960726687,222.571,344.3143005371094,121.74330053710938,SH_ST,SH_ST
2125.0,2125.010799251936,2183.6255318712792,4638.327813046185,222.57,344.19366455078125,121.62366455078126,SH_ST,SH_ST
2126.0,2126.010799751936,2182.683722582254,4637.991665365684,222.569,344.0730285644531,121.50402856445314,SH_ST,SH_ST
2127.0,2127.010800251935,2181.7419132932296,4637.655517685183,222.568,343.952392578125,121.384392578125,SH_ST,SH_ST
2128.0,2128.010800751935,2180.8001040042045,4637.319370004681,222.567,343.8317565917969,121.26475659179688,SH_ST,SH_ST
2129.0,2129.010801251935,2179.85829471518,4636.98322232418,222.566,343.71112060546875,121.14512060546876,SH_ST,SH_ST
2130.0,2130.010801751935,2178.916485426155,4636.647074643679,222.565,343.5904846191406,121.02548461914064,SH_ST,SH_ST
2131.0,2131.010802251936,2177.9746761373726,4636.310926962497,222.564,343.4698181152344,120.90581811523438,SH_ST,SH_ST
2132.0,2132.010802751935,2177.0328668488405,4635.974779280616,222.563,343.34918212890625,120.78618212890626,SH_ST,SH_ST
2133.0,2133.0108032519347,2176.091057560308,4635.638631598735,222.562,343.2285461425781,120.66654614257811,SH_ST,SH_ST
2134.0,2134.0108037519344,2175.149248271776,4635.302483916853,222.561,343.10791015625,120.54691015625,SH_ST,SH_ST
2135.0,2135.010804251934,2174.207438983244,4634.966336234972,222.56,342.9936218261719,120.43362182617189,SH_ST,SH_ST
2136.0,2136.010804751934,2173.265629694711,4634.630188553091,222.559,342.9333190917969,120.37431909179688,SH_ST,SH_ST
2137.0,2137.010805251934,2172.323820406112,4634.294040871396,222.558,342.8729858398437,120.31498583984376,SH_ST,SH_ST
2138.0,2138.0108057519337,2171.3820111170885,4633.957893190891,222.557,342.81268310546875,120.25568310546876,SH_ST,SH_ST
2139.0,2139.010806251934,2170.4402018280643,4633.621745510387,222.556,342.7523498535156,120.1963498535156,SH_ST,SH_ST
2140.0,2140.0108067519336,2169.4983925390407,4633.285597829883,222.555,342.6920471191406,120.13704711914062,SH_ST,SH_ST
2141.0,2141.0108072519333,2168.556583250017,4632.949450149378,222.554,342.6317138671875,120.0777138671875,SH_ST,SH_ST
2142.0,2142.010807751933,2167.614773960993,4632.613302468874,222.553,342.5713806152344,120.01838061523438,SH_ST,SH_ST
2143.0,2143.010808251933,2166.672964671969,4632.27715478837,222.552,342.5110778808594,119.95907788085938,SH_ST,SH_ST
2144.0,2144.010808751933,2165.7311553829445,4631.941007107868,222.551,342.45074462890625,119.89974462890626,SH_ST,SH_ST
2145.0,2145.010809251933,2164.7893460939194,4631.604859427367,222.55,342.39044189453125,119.84044189453124,SH_ST,SH_ST
2146.0,2146.0108097519333,2163.8475368048944,4631.268711746866,222.549,342.3301086425781,119.78110864257812,SH_ST,SH_ST
2147.0,2147.010810251933,2162.90572751587,4630.932564066365,222.548,342.2698059082031,119.72180590820312,SH_ST,SH_ST
2148.0,2148.010810751933,2161.9639182268447,4630.596416385863,222.547,342.20947265625,119.66247265625,SH_ST,SH_ST
2149.0,2149.010811251933,2161.02210893782,4630.260268705361,222.546,342.149169921875,119.603169921875,SH_ST,SH_ST
2150.0,2150.0108117519326,2160.0802996487955,4629.924121024859,222.545,342.0888366699219,119.54383666992187,SH_ST,SH_ST
2151.0,2151.0108122519323,2159.138490359772,4629.587973344354,222.544,342.0285339355469,119.48453393554686,SH_ST,SH_ST
2152.0,2152.010812751932,2158.196681070748,4629.2518256638505,222.543,341.9682006835937,119.42520068359374,SH_ST,SH_ST
2153.0,2153.010813251932,2157.254871781724,4628.9156779833465,222.542,341.90789794921875,119.36589794921876,SH_ST,SH_ST
2154.0,2154.0108137519323,2156.3130624927,4628.579530302843,222.541,341.8475646972656,119.30656469726564,SH_ST,SH_ST
2155.0,2155.010814251932,2155.371253203676,4628.243382622338,222.54,341.7872314453125,119.24723144531252,SH_ST,SH_ST
2156.0,2156.010814751932,2154.429443914684,4627.9072349417465,222.539,341.7269287109375,119.18792871093753,SH_ST,SH_ST
2157.0,2157.010815251932,2153.4876346261685,4627.571087259816,222.538,341.6665954589844,119.12859545898436,SH_ST,SH_ST
2158.0,2158.010815751932,2152.5458253376537,4627.234939577886,222.537,341.6202697753906,119.08326977539062,SH_ST,SH_ST
2159.0,2159.010816251931,2151.60401604914,4626.898791895955,222.536,341.57666015625,119.04066015625,SH_ST,SH_ST
2160.0,2160.010816751931,2150.6622067606245,4626.562644214025,222.535,341.53302001953125,118.99802001953124,SH_ST,SH_ST
2161.0,2161.010817251932,2149.7203974721097,4626.226496532094,222.534,341.4894104003906,118.95541040039063,SH_ST,SH_ST
2162.0,2162.0108177519314,2148.778588183595,4625.890348850163,222.533,341.4457702636719,118.91277026367187,SH_ST,SH_ST
2163.0,2163.010818251931,2147.836778894721,4625.554201169238,222.532,341.40216064453125,118.87016064453124,SH_ST,SH_ST
2164.0,2164.010818751931,2146.8949696056966,4625.218053488737,222.531,341.3585205078125,118.8275205078125,SH_ST,SH_ST
2165.0,2165.010819251931,2145.9531603166715,4624.881905808235,222.53,341.3537292480469,118.82372924804687,SH_ST,SH_ST
2166.0,2166.010819751931,2145.0113510276465,4624.545758127734,222.529,341.3569641113281,118.82796411132811,SH_ST,SH_ST
2167.0,2167.010820251931,2144.069541738622,4624.209610447232,222.528,341.3601989746094,118.83219897460938,SH_ST,SH_ST
2168.0,2168.010820751931,2143.127732449597,4623.873462766731,222.527,341.3634338378906,118.83643383789064,SH_ST,SH_ST
2169.0,2169.010821251931,2142.1859231605804,4623.537315086206,222.526,341.3666687011719,118.84066870117186,SH_ST,SH_ST
2170.0,2170.01082175193,2141.24411387158,4623.2011674056375,222.525,341.3699035644531,118.84490356445312,SH_ST,SH_ST
2171.0,2171.01082225193,2140.302304582579,4622.865019725068,222.524,341.3731384277344,118.84913842773436,SH_ST,SH_ST
2172.0,2172.01082275193,2139.3604952935784,4622.528872044499,222.523,341.3763427734375,118.8533427734375,SH_ST,SH_ST
2173.0,2173.0108232519306,2138.418686004577,4622.192724363929,222.522,341.37957763671875,118.85757763671876,SH_ST,SH_ST
2174.0,2174.01082375193,2137.476876715577,4621.856576683361,222.521,341.3828125,118.8618125,SH_ST,SH_ST
2175.0,2175.01082425193,2136.535067426576,4621.520429002791,222.52,341.38604736328125,118.86604736328124,SH_ST,SH_ST
2176.0,2176.0108247519297,2135.593258138015,4621.184281320991,222.519,341.3892822265625,118.8702822265625,SH_ST,SH_ST
2177.0,2177.01082525193,2134.6514488494595,4620.848133639174,222.518,341.3925170898437,118.87451708984376,SH_ST,SH_ST
2178.0,2178.0108257519296,2133.709639560904,4620.511985957358,222.517,341.395751953125,118.878751953125,SH_ST,SH_ST
2179.0,2179.0108262519298,2132.7678302723484,4620.1758382755415,222.516,341.39898681640625,118.88298681640626,SH_ST,SH_ST
2180.0,2180.01082675193,2131.8260209837927,4619.839690593725,222.515,341.4021911621094,118.8871911621094,SH_ST,SH_ST
2181.0,2181.0108272519296,2130.8842116952374,4619.503542911909,222.514,341.4054260253906,118.8914260253906,SH_ST,SH_ST
2182.0,2182.0108277519294,2129.942402406401,4619.167395230879,222.513,341.4086608886719,118.89566088867188,SH_ST,SH_ST
2183.0,2183.010828251929,2129.000593117399,4618.8312475503135,222.512,341.4118957519531,118.89989575195312,SH_ST,SH_ST
2184.0,2184.010828751929,2128.0587838283977,4618.495099869747,222.511,341.4151306152344,118.90413061523438,SH_ST,SH_ST
2185.0,2185.0108292519285,2127.116974539396,4618.158952189181,222.51,341.4183654785156,118.90836547851563,SH_ST,SH_ST
2186.0,2186.0108297519287,2126.175165250394,4617.822804508614,222.509,341.4443664550781,118.93536645507814,SH_ST,SH_ST
2187.0,2187.010830251928,2125.2333559613926,4617.486656828049,222.508,341.49444580078125,118.98644580078124,SH_ST,SH_ST
2188.0,2188.010830751928,2124.291546672385,4617.150509147499,222.507,341.5445556640625,119.0375556640625,SH_ST,SH_ST
2189.0,2189.010831251928,2123.3497373833607,4616.814361466994,222.506,341.5946350097656,119.08863500976562,SH_ST,SH_ST
2190.0,2190.0108317519275,2122.407928094337,4616.47821378649,222.505,341.64471435546875,119.13971435546875,SH_ST,SH_ST
2191.0,2191.0108322519272,2121.4661188053133,4616.1420661059865,222.504,341.6947937011719,119.19079370117188,SH_ST,SH_ST
2192.0,2192.0108327519274,2120.524309516289,4615.805918425482,222.503,341.744873046875,119.241873046875,SH_ST,SH_ST
2193.0,2193.010833251928,2119.582500227265,4615.469770744978,222.502,341.79498291015625,119.29298291015624,SH_ST,SH_ST
2194.0,2194.010833751928,2118.6406909382413,4615.133623064474,222.501,341.8576965332031,119.35669653320312,SH_ST,SH_ST
2195.0,2195.010834251927,2117.6988816492167,4614.797475383972,222.5,341.9713439941406,119.47134399414062,SH_ST,SH_ST
2196.0,2196.0108347519263,2116.757072360192,4614.461327703471,222.499,342.0849609375,119.5859609375,SH_ST,SH_ST
2197.0,2197.0108352519264,2115.815263071167,4614.125180022969,222.498,342.1986083984375,119.70060839843752,SH_ST,SH_ST
2198.0,2198.0108357519266,2114.873453782142,4613.789032342468,222.497,342.312255859375,119.815255859375,SH_ST,SH_ST
2199.0,2199.010836251927,2113.931644493117,4613.452884661967,222.496,342.4258728027344,119.92987280273437,SH_ST,SH_ST
2200.0,2200.0108367519265,2112.9898352040923,4613.116736981466,222.495,342.5395202636719,120.04452026367188,SH_ST,SH_ST
2201.0,2201.0108372519267,2112.0480259153505,4612.78058930017,222.494,342.6531677246094,120.15916772460938,SH_ST,SH_ST
2202.0,2202.010837751926,2111.106216626836,4612.44444161824,222.493,342.76678466796875,120.27378466796876,SH_ST,SH_ST
2203.0,2203.010838251926,2110.1644073383213,4612.108293936309,222.492,342.88043212890625,120.38843212890626,SH_ST,SH_ST
2204.0,2204.010838751926,2109.2225980498065,4611.772146254379,222.491,342.9940795898437,120.50307958984374,SH_ST,SH_ST
2205.0,2205.010839251925,2108.280788761292,4611.435998572448,222.49,343.1076965332031,120.61769653320312,SH_ST,SH_ST
2206.0,2206.0108397519257,2107.338979472777,4611.099850890518,222.489,343.2213439941406,120.73234399414062,SH_ST,SH_ST
2207.0,2207.010840251926,2106.397170184161,4610.763703208869,222.488,343.3349914550781,120.84699145507813,SH_ST,SH_ST
2208.0,2208.010840751925,2105.455360895138,4610.427555528365,222.487,343.4486083984375,120.9616083984375,SH_ST,SH_ST
2209.0,2209.0108412519253,2104.5135516061137,4610.09140784786,222.486,343.562255859375,121.076255859375,SH_ST,SH_ST
2210.0,2210.010841751925,2103.57174231709,4609.755260167356,222.485,343.8231506347656,121.3381506347656,SH_ST,SH_ST
2211.0,2211.0108422519247,2102.6299330280663,4609.419112486852,222.484,344.2545471191406,121.77054711914062,SH_ST,SH_ST
2212.0,2212.010842751925,2101.688123739042,4609.082964806347,222.483,344.6859130859375,122.2029130859375,SH_ST,SH_ST
2213.0,2213.0108432519246,2100.7463144500184,4608.746817125843,222.482,345.1173095703125,122.6353095703125,SH_ST,SH_ST
2214.0,2214.0108437519243,2099.804505160994,4608.410669445341,222.481,345.5487060546875,123.0677060546875,SH_ST,SH_ST
2215.0,2215.0108442519245,2098.8626958719688,4608.07452176484,222.48,345.9800720214844,123.5000720214844,SH_ST,SH_ST
2216.0,2216.010844751924,2097.920886582944,4607.738374084339,222.479,346.4114685058594,123.93246850585936,SH_ST,SH_ST
2217.0,2217.0108452519244,2096.979077293919,4607.402226403838,222.478,346.8428649902344,124.36486499023437,SH_ST,SH_ST
2218.0,2218.0108457519245,2096.037268004894,4607.066078723336,222.477,347.3684997558594,124.89149975585936,SH_ST,SH_ST
2219.0,2219.010846251924,2095.0954587158694,4606.729931042835,222.476,347.9000549316406,125.42405493164064,SH_ST,SH_ST
2220.0,2220.010846751924,2094.1536494270817,4606.393783361669,222.475,348.4316101074219,125.95661010742188,SH_ST,SH_ST
2221.0,2221.010847251924,2093.211840138549,4606.057635679787,222.474,348.9631652832031,126.48916528320314,SH_ST,SH_ST
2222.0,2222.010847751924,2092.270030850017,4605.7214879979065,222.473,349.4947509765625,127.02175097656249,SH_ST,SH_ST
2223.0,2223.010848251924,2091.3282215614845,4605.385340316025,222.472,350.0263061523437,127.55430615234374,SH_ST,SH_ST
2224.0,2224.010848751924,2090.386412272952,4605.049192634144,222.471,350.557861328125,128.086861328125,SH_ST,SH_ST
2225.0,2225.0108492519234,2089.44460298442,4604.713044952263,222.47,351.0894470214844,128.61944702148438,SH_ST,SH_ST
2226.0,2226.010849751923,2088.5027936958268,4604.376897270552,222.469,351.06591796875,128.59691796875,SH_ST,SH_ST
2227.0,2227.010850251924,2087.5609844068026,4604.040749590047,222.468,350.8348693847656,128.36686938476564,SH_ST,SH_ST
2228.0,2228.010850751923,2086.619175117779,4603.704601909543,222.467,350.60382080078125,128.13682080078124,SH_ST,SH_ST
2229.0,2229.010851251923,2085.677365828755,4603.368454229039,222.466,350.4478759765625,127.98187597656248,SH_ST,SH_ST
2230.0,2230.010851751923,2084.735556539731,4603.032306548535,222.465,350.310546875,127.845546875,SH_ST,SH_ST
2231.0,2231.010852251922,2083.7937472507074,4602.696158868031,222.464,350.1732177734375,127.7092177734375,SH_ST,SH_ST
2232.0,2232.010852751923,2082.8519379616832,4602.360011187527,222.463,350.035888671875,127.572888671875,SH_ST,SH_ST
2233.0,2233.010853251923,2081.910128672658,4602.0238635070245,222.462,349.8985595703125,127.43655957031253,SH_ST,SH_ST
2234.0,2234.0108537519227,2080.9683193836336,4601.687715826523,222.461,349.76123046875,127.30023046875,SH_ST,SH_ST
2235.0,2235.0108542519224,2080.026510094609,4601.351568146021,222.46,349.68133544921875,127.22133544921874,SH_ST,SH_ST
2236.0,2236.0108547519226,2079.084700805584,4601.01542046552,222.459,349.63446044921875,127.17546044921876,SH_ST,SH_ST
2237.0,2237.010855251922,2078.14289151656,4600.679272785019,222.458,349.5876159667969,127.12961596679688,SH_ST,SH_ST
2238.0,2238.0108557519225,2077.2010822275342,4600.343125104518,222.457,349.540771484375,127.083771484375,SH_ST,SH_ST
2239.0,2239.010856251922,2076.259272938509,4600.006977424016,222.456,349.493896484375,127.037896484375,SH_ST,SH_ST
2240.0,2240.010856749841,2075.3174636494846,4599.670829743515,222.4550020832475,349.4470520019531,126.99204991870562,SH_ST,SH_ST
2241.0,2241.0108572435806,2074.3756543604595,4599.334682063014,222.45400836309707,349.40020751953125,126.94619915643418,SH_ST,SH_ST
2242.0,2242.010857735252,2073.433845071435,4598.998534382513,222.4530167261941,349.35333251953125,126.90031579333714,SH_ST,SH_ST
2243.0,2243.0108582269245,2072.49203578241,4598.662386702011,222.4520250892912,349.3064880371094,126.85446294781818,SH_ST,SH_ST
2244.0,2244.0108587185964,2071.550226493385,4598.3262390215095,222.4510334523883,349.2596435546875,126.8086101022992,SH_ST,SH_ST
2245.0,2245.010859210268,2070.6084172043857,4597.990091340937,222.4500418154853,349.2127685546875,126.76272673920218,SH_ST,SH_ST
2246.0,2246.01085970194,2069.666607915872,4597.653943659004,222.4490501785824,349.1659240722656,126.7168738936832,SH_ST,SH_ST
2247.0,2247.010860193612,2068.7247986273583,4597.31779597707,222.44805854167947,349.1190490722656,126.67099053058617,SH_ST,SH_ST
2248.0,2248.010860685283,2067.7829893388443,4596.981648295136,222.44706690477653,349.0722045898437,126.62513768506722,SH_ST,SH_ST
2249.0,2249.0108611769547,2066.8411800503304,4596.645500613204,222.4460752678736,349.0253601074219,126.57928483954828,SH_ST,SH_ST
2250.0,2250.010861668626,2065.899370761817,4596.30935293127,222.4450836309707,348.8924865722656,126.44740294129494,SH_ST,SH_ST
2251.0,2251.010862160298,2064.957561473303,4595.973205249336,222.4440919940677,348.6582336425781,126.2141416485104,SH_ST,SH_ST
2252.0,2252.010862651969,2064.015752184436,4595.637057568394,222.4431003571648,348.4239501953125,125.98084983814768,SH_ST,SH_ST
2253.0,2253.010863143641,2063.0739428954107,4595.300909887893,222.44210872026187,348.1896667480469,125.747558027785,SH_ST,SH_ST
2254.0,2254.010863635313,2062.132133606386,4594.964762207392,222.44111708335893,347.95538330078125,125.51426621742232,SH_ST,SH_ST
2255.0,2255.0108641269853,2061.190324317361,4594.62861452689,222.440125446456,347.7210998535156,125.28097440705965,SH_ST,SH_ST
2256.0,2256.0108646186573,2060.248515028336,4594.292466846388,222.43913380955308,347.4868469238281,125.04771311427504,SH_ST,SH_ST
2257.0,2257.0108651103287,2059.3067057393114,4593.956319165887,222.4381421726501,347.2525634765625,124.81442130391238,SH_ST,SH_ST
2258.0,2258.0108656020006,2058.3648964502863,4593.620171485386,222.4371505357472,347.0182800292969,124.58112949354968,SH_ST,SH_ST
2259.0,2259.010866093672,2057.4230871612617,4593.284023804885,222.43615889884427,346.78399658203125,124.34783768318698,SH_ST,SH_ST
2260.0,2260.010866585344,2056.4812778722367,4592.947876124384,222.43516726194133,346.5497131347656,124.1145458728243,SH_ST,SH_ST
2261.0,2261.0108670770155,2055.539468583212,4592.611728443882,222.4341756250384,346.3154602050781,123.88128458003972,SH_ST,SH_ST
2262.0,2262.0108675686874,2054.597659294187,4592.275580763381,222.43318398813548,346.0811767578125,123.64799276967702,SH_ST,SH_ST
2263.0,2263.01086806036,2053.655850005162,4591.939433082879,222.4321923512325,345.8468933105469,123.41470095931436,SH_ST,SH_ST
2264.0,2264.010868552032,2052.714040716137,4591.603285402378,222.4312007143296,345.61260986328125,123.18140914895164,SH_ST,SH_ST
2265.0,2265.010869043703,2051.772231427594,4591.267137720527,222.43020907742667,345.3783569335937,122.94814785616708,SH_ST,SH_ST
2266.0,2266.010869535375,2050.830422139062,4590.930990038643,222.42921744052373,345.1440734863281,122.7148560458044,SH_ST,SH_ST
2267.0,2267.010870027047,2049.888612850531,4590.594842356759,222.4282258036208,344.9097900390625,122.48156423544172,SH_ST,SH_ST
2268.0,2268.010870518719,2048.946803562,4590.258694674874,222.42723416671788,344.7043151855469,122.277081018829,SH_ST,SH_ST
2269.0,2269.0108710103905,2048.0049942734686,4589.922546992991,222.4262425298149,344.5303649902344,122.10412246041946,SH_ST,SH_ST
2270.0,2270.010871502063,2047.0631849849367,4589.586399311106,222.425250892912,344.3564147949219,121.93116390200989,SH_ST,SH_ST
2271.0,2271.0108719937343,2046.1213756961008,4589.2502516300765,222.4242592560091,344.1278076171875,121.7035483611784,SH_ST,SH_ST
2272.0,2272.010872485406,2045.179566407076,4588.914103949575,222.42326761910613,343.4853210449219,121.06205342581576,SH_ST,SH_ST
2273.0,2273.0108729770777,2044.237757118051,4588.577956269074,222.4222759822032,342.8428039550781,120.42052797287494,SH_ST,SH_ST
2274.0,2274.010873468749,2043.295947829026,4588.241808588573,222.42128434530028,342.2002868652344,119.7790025199341,SH_ST,SH_ST
2275.0,2275.0108739604207,2042.3541385400013,4587.905660908072,222.4202927083973,341.55780029296875,119.13750758457144,SH_ST,SH_ST
2276.0,2276.010874452092,2041.4123292509764,4587.5695132275705,222.4193010714944,340.915283203125,118.4959821316306,SH_ST,SH_ST
2277.0,2277.010874943764,2040.4705199619573,4587.233365547052,222.41830943459144,340.2705383300781,117.85222889548668,SH_ST,SH_ST
2278.0,2278.0108754354355,2039.528710672956,4586.897217866485,222.41731779768853,339.57794189453125,117.16062409684272,SH_ST,SH_ST
2279.0,2279.0108759271075,2038.586901383954,4586.56107018592,222.4163261607856,338.8853454589844,116.4690192981988,SH_ST,SH_ST
2280.0,2280.0108764187794,2037.6450920949524,4586.224922505353,222.41533452388268,338.1927490234375,115.77741449955482,SH_ST,SH_ST
2281.0,2281.010876910451,2036.7032828059507,4585.888774824787,222.4143428869797,337.50018310546875,115.08584021848904,SH_ST,SH_ST
2282.0,2282.010877402123,2035.7614735169489,4585.55262714422,222.4133512500768,336.8075866699219,114.39423541984507,SH_ST,SH_ST
2283.0,2283.0108778937943,2034.8196642279472,4585.216479463655,222.41235961317383,336.114990234375,113.70263062120117,SH_ST,SH_ST
2284.0,2284.010878385466,2033.8778549389256,4584.880331783143,222.41136797627087,335.4223937988281,113.01102582255726,SH_ST,SH_ST
2285.0,2285.0108788771377,2032.9360456499016,4584.54418410264,222.410376339368,334.7298278808594,112.31945154149136,SH_ST,SH_ST
2286.0,2286.01087936881,2031.9942363608773,4584.208036422136,222.40938470246508,334.0372314453125,111.62784674284742,SH_ST,SH_ST
2287.0,2287.010879860482,2031.0524270718536,4583.871888741632,222.4083930655621,333.3446350097656,110.93624194420352,SH_ST,SH_ST
2288.0,2288.010880352154,2030.1106177828296,4583.535741061127,222.4074014286592,332.65203857421875,110.24463714555957,SH_ST,SH_ST
2289.0,2289.010880843825,2029.1688084938064,4583.199593380623,222.40640979175623,331.95947265625,109.55306286449375,SH_ST,SH_ST
2290.0,2290.010881335497,2028.2269992050467,4582.863445699378,222.4054181548533,331.2668762207031,108.86145806584985,SH_ST,SH_ST
2291.0,2291.0108818271683,2027.285189916509,4582.527298017512,222.4044265179504,330.57427978515625,108.16985326720584,SH_ST,SH_ST
2292.0,2292.0108823188407,2026.3433806279704,4582.191150335647,222.40343488104747,329.8816833496094,107.4782484685619,SH_ST,SH_ST
2293.0,2293.010882810512,2025.4015713394328,4581.855002653781,222.4024432441445,329.33416748046875,106.93172423632424,SH_ST,SH_ST
2294.0,2294.0108833021845,2024.4597620508944,4581.518854971915,222.4014516072416,328.8290100097656,106.42755840252404,SH_ST,SH_ST
2295.0,2295.010883793856,2023.5179527623568,4581.18270729005,222.40045997033863,328.3238220214844,105.92336205114574,SH_ST,SH_ST
2296.0,2296.010884285528,2022.5761434737324,4580.846559608426,222.3994683334357,327.81866455078125,105.41919621734556,SH_ST,SH_ST
2297.0,2297.0108847772,2021.6343341847307,4580.510411927859,222.3984766965328,327.3134765625,104.9149998659672,SH_ST,SH_ST
2298.0,2298.010885268872,2020.6925248957289,4580.174264247294,222.39748505962987,326.8083190917969,104.410834032167,SH_ST,SH_ST
2299.0,2299.010885760544,2019.7507156067272,4579.838116566727,222.39649342272693,326.3031311035156,103.90663768078868,SH_ST,SH_ST
2300.0,2300.010886252215,2018.8089063177256,4579.501968886161,222.395501785824,325.7979736328125,103.4024718469885,SH_ST,SH_ST
2301.0,2301.010886743887,2017.867097028724,4579.1658212055945,222.39451014892103,325.3314819335937,102.93697178467272,SH_ST,SH_ST
2302.0,2302.010887235559,2016.925287739722,4578.829673525029,222.3935185120181,324.94696044921875,102.55344193720066,SH_ST,SH_ST
2303.0,2303.010887727231,2015.983478450702,4578.493525844514,222.3925268751152,324.5624084472656,102.16988157215042,SH_ST,SH_ST
2304.0,2304.010888218903,2015.041669161678,4578.157378164009,222.39153523821227,324.1778869628906,101.78635172467835,SH_ST,SH_ST
2305.0,2305.0108887105744,2014.0998598726544,4577.821230483505,222.39054360130933,323.7933349609375,101.40279135962815,SH_ST,SH_ST
2306.0,2306.0108892022463,2013.1580505836305,4577.485082803001,222.3895519644064,323.4088134765625,101.0192615121561,SH_ST,SH_ST
2307.0,2307.0108896939187,2012.2162412946063,4577.148935122496,222.38856032750343,323.0242919921875,100.63573166468407,SH_ST,SH_ST
2308.0,2308.0108901855906,2011.2744320055824,4576.812787441992,222.3875686906005,322.6397399902344,100.25217129963389,SH_ST,SH_ST
2309.0,2309.010890677262,2010.33262271679,4576.476639760841,222.3865770536976,322.2552185058594,99.86864145216175,SH_ST,SH_ST
2310.0,2310.0108911689344,2009.3908134282567,4576.140492078959,222.38558541679467,321.8706970214844,99.4851116046897,SH_ST,SH_ST
2311.0,2311.010891660606,2008.449004139725,4575.804344397078,222.38459377989173,321.48614501953125,99.10155123963952,SH_ST,SH_ST
2312.0,2312.010892152278,2007.5071948511927,4575.468196715196,222.3836021429888,321.10162353515625,98.71802139216746,SH_ST,SH_ST
2313.0,2313.0108926439493,2006.5653855626604,4575.132049033316,222.38261050608585,320.7170715332031,98.33446102711729,SH_ST,SH_ST
2314.0,2314.010893135621,2005.623576274128,4574.795901351435,222.3816188691829,320.2920837402344,97.91046487105147,SH_ST,SH_ST
2315.0,2315.0108936272927,2004.6817669855404,4574.459753669708,222.38062723228,319.8138427734375,97.4332155411575,SH_ST,SH_ST
2316.0,2316.010894118964,2003.739957696516,4574.123605989206,222.37963559537707,319.3356018066406,96.95596621126356,SH_ST,SH_ST
2317.0,2317.010894610637,2002.7981484074903,4573.787458308705,222.37864395847413,318.8573608398437,96.47871688136962,SH_ST,SH_ST
2318.0,2318.010895102308,2001.8563391184657,4573.451310628204,222.3776523215712,318.3791198730469,96.00146755147568,SH_ST,SH_ST
2319.0,2319.0108955939795,2000.9145298294409,4573.115162947703,222.37666068466825,317.90087890625,95.52421822158176,SH_ST,SH_ST
2320.0,2320.010896085651,1999.972720540416,4572.779015267201,222.3756690477653,317.4226379394531,95.0469688916878,SH_ST,SH_ST
2321.0,2321.010896577323,1999.030911251391,4572.4428675867,222.3746774108624,316.94439697265625,94.56971956179385,SH_ST,SH_ST
2322.0,2322.010897068995,1998.089101962367,4572.106719906196,222.3736857739595,316.4661560058594,94.09247023189988,SH_ST,SH_ST
2323.0,2323.0108975606668,1997.1472926733431,4571.770572225692,222.37269413705653,315.9879150390625,93.61522090200596,SH_ST,SH_ST
2324.0,2324.0108980523387,1996.2054833843192,4571.434424545188,222.3717025001536,315.5096740722656,93.13797157211204,SH_ST,SH_ST
2325.0,2325.0108985440106,1995.2636740952955,4571.098276864684,222.37071086325065,315.03143310546875,92.6607222422181,SH_ST,SH_ST
2326.0,2326.0108990356825,1994.321864806272,4570.76212918418,222.3697192263477,314.5531616210937,92.18344239474604,SH_ST,SH_ST
2327.0,2327.010899527354,1993.380055517248,4570.425981503676,222.3687275894448,314.0749206542969,91.70619306485209,SH_ST,SH_ST
2328.0,2328.010900019026,1992.4382462282235,4570.089833823173,222.36773595254184,313.5966796875,91.22894373495816,SH_ST,SH_ST
2329.0,2329.0109005106983,1991.4964369391985,4569.753686142671,222.36674431563893,313.1184387207031,90.7516944050642,SH_ST,SH_ST
2330.0,2330.01090100237,1990.5546276501736,4569.417538462169,222.365752678736,312.64019775390625,90.27444507517026,SH_ST,SH_ST
2331.0,2331.0109014940413,1989.6128183611488,4569.081390781668,222.36476104183305,312.1619567871094,89.79719574527633,SH_ST,SH_ST
2332.0,2332.0109019857127,1988.671009072124,4568.745243101167,222.3637694049301,311.6837158203125,89.31994641538239,SH_ST,SH_ST
2333.0,2333.0109024773847,1987.729199783099,4568.409095420666,222.3627777680272,311.2054748535156,88.84269708548842,SH_ST,SH_ST
2334.0,2334.010902969056,1986.7873904940936,4568.07294774011,222.36178613112423,310.7074584960937,88.34567236496952,SH_ST,SH_ST
2335.0,2335.010903460728,1985.8455812055788,4567.736800058179,222.36079449422127,310.1504211425781,87.78962664835686,SH_ST,SH_ST
2336.0,2336.0109039524,1984.903771917064,4567.400652376248,222.3598028573184,310.02008056640625,87.66027770908784,SH_ST,SH_ST
2337.0,2337.0109044440715,1983.9619626285487,4567.064504694318,222.35881122041545,309.9045715332031,87.54576031278768,SH_ST,SH_ST
2338.0,2338.0109049357434,1983.0201533400343,4566.728357012387,222.3578195835125,309.8744201660156,87.51660058250312,SH_ST,SH_ST
2339.0,2339.0109054274144,1982.07834405152,4566.392209330457,222.3568279466096,309.8442687988281,87.48744085221853,SH_ST,SH_ST
2340.0,2340.0109059190863,1981.136534763005,4566.056061648526,222.35583630970663,309.8140869140625,87.45825060435587,SH_ST,SH_ST
2341.0,2341.010906410758,1980.194725474144,4565.719913967567,222.3548446728037,309.783935546875,87.4290908740713,SH_ST,SH_ST
2342.0,2342.0109069024297,1979.25291618512,4565.383766287062,222.3538530359008,309.7537841796875,87.39993114378669,SH_ST,SH_ST
2343.0,2343.0109073941017,1978.311106896096,4565.047618606558,222.35286139899785,309.7236328125,87.37077141350215,SH_ST,SH_ST
2344.0,2344.0109078857736,1977.369297607072,4564.711470926054,222.3518697620949,309.6934509277344,87.34158116563947,SH_ST,SH_ST
2345.0,2345.010908377445,1976.4274883180483,4564.375323245549,222.350878125192,309.6632995605469,87.31242143535488,SH_ST,SH_ST
2346.0,2346.010908869117,1975.4856790290248,4564.039175565045,222.34988648828903,309.6331481933594,87.28326170507034,SH_ST,SH_ST
2347.0,2347.0109093607894,1974.54386974,4563.703027884542,222.3488948513861,309.6029968261719,87.25410197478578,SH_ST,SH_ST
2348.0,2348.0109098524604,1973.602060450976,4563.366880204041,222.3479032144832,309.57281494140625,87.22491172692304,SH_ST,SH_ST
2349.0,2349.0109103441328,1972.6602511619503,4563.030732523539,222.34691157758024,309.54266357421875,87.1957519966385,SH_ST,SH_ST
2350.0,2350.010910835804,1971.7184418729253,4562.694584843038,222.3459199406773,309.51251220703125,87.16659226635394,SH_ST,SH_ST
2351.0,2351.010911327476,1970.776632583901,4562.358437162537,222.3449283037744,309.4823303222656,87.13740201849123,SH_ST,SH_ST
2352.0,2352.010911819147,1969.834823294876,4562.022289482035,222.34393666687143,309.4521789550781,87.1082422882067,SH_ST,SH_ST
2353.0,2353.010912310819,1968.893014005851,4561.686141801534,222.3429450299685,309.4220275878906,87.07908255792213,SH_ST,SH_ST
2354.0,2354.010912802491,1967.9512047168485,4561.34999412097,222.3419533930656,309.3918762207031,87.04992282763752,SH_ST,SH_ST
2355.0,2355.0109132941625,1967.0093954278468,4561.013846440404,222.34096175616264,309.3616943359375,87.02073257977486,SH_ST,SH_ST
2356.0,2356.010913785835,1966.0675861388447,4560.677698759838,222.3399701192597,309.33154296875,86.9915728494903,SH_ST,SH_ST
2357.0,2357.0109142775063,1965.1257768498435,4560.341551079271,222.3389784823568,309.4763488769531,87.13737039459633,SH_ST,SH_ST
2358.0,2358.0109147691783,1964.1839675608417,4560.005403398705,222.33798684545383,309.6804504394531,87.3424635939993,SH_ST,SH_ST
2359.0,2359.01091526085,1963.24215827184,4559.669255718139,222.3369952085509,309.88458251953125,87.54758731098036,SH_ST,SH_ST
2360.0,2360.010915752522,1962.3003489831087,4559.3331080368125,222.336003571648,310.08868408203125,87.75268051038324,SH_ST,SH_ST
2361.0,2361.0109162441936,1961.358539694555,4558.9969603549935,222.33501193474504,310.2928161621094,87.95780422736433,SH_ST,SH_ST
2362.0,2362.010916735865,1960.4167304060004,4558.660812673174,222.3340202978421,310.4969177246094,88.16289742676727,SH_ST,SH_ST
2363.0,2363.010917227538,1959.474921117445,4558.324664991354,222.3330286609392,310.7010192871094,88.36799062617018,SH_ST,SH_ST
2364.0,2364.010917719209,1958.533111828892,4557.988517309535,222.33203702403625,310.9051513671875,88.57311434315125,SH_ST,SH_ST
2365.0,2365.010918210881,1957.5913025403368,4557.652369627716,222.3310453871333,311.1092529296875,88.77820754255421,SH_ST,SH_ST
2366.0,2366.0109187025528,1956.6494932516653,4557.316221946225,222.3300537502304,311.3133850097656,88.98333125953522,SH_ST,SH_ST
2367.0,2367.010919194224,1955.7076839626404,4556.980074265724,222.32906211332744,311.5381164550781,89.20905434175069,SH_ST,SH_ST
2368.0,2368.010919685896,1954.765874673616,4556.643926585222,222.3280704764245,311.9328918457031,89.60482136927862,SH_ST,SH_ST
2369.0,2369.010920177568,1953.8240653845908,4556.307778904721,222.3270788395216,312.32763671875,90.00055787922841,SH_ST,SH_ST
2370.0,2370.010920669239,1952.882256095566,4555.97163122422,222.32608720261865,312.722412109375,90.39632490675636,SH_ST,SH_ST
2371.0,2371.0109211609115,1951.9404468065409,4555.635483543718,222.3250955657157,313.1171875,90.79209193428429,SH_ST,SH_ST
2372.0,2372.010921652583,1950.998637517516,4555.299335863217,222.3241039288128,313.5119323730469,91.18782844423409,SH_ST,SH_ST
2373.0,2373.0109221442544,1950.056828228512,4554.963188182658,222.32311229190984,313.9067077636719,91.58359547176204,SH_ST,SH_ST
2374.0,2374.0109226359264,1949.11501893951,4554.627040502091,222.3221206550069,314.3014831542969,91.97936249928998,SH_ST,SH_ST
2375.0,2375.0109231275983,1948.1732096505084,4554.290892821525,222.321129018104,314.6962585449219,92.37512952681789,SH_ST,SH_ST
2376.0,2376.0109236192698,1947.2314003615068,4553.954745140959,222.32013738120105,315.09100341796875,92.7708660367677,SH_ST,SH_ST
2377.0,2377.0109241109417,1946.289591072505,4553.618597460392,222.3191457442981,315.4857788085937,93.16663306429564,SH_ST,SH_ST
2378.0,2378.0109246026127,1945.347781783504,4553.2824497798265,222.3181541073952,315.80474853515625,93.48659442776103,SH_ST,SH_ST
2379.0,2379.010925094285,1944.4059724947488,4552.946302098567,222.31716247049224,316.0121154785156,93.6949530080234,SH_ST,SH_ST
2380.0,2380.010925585957,1943.4641632062123,4552.610154416698,222.3161708335893,316.2194519042969,93.90328107070758,SH_ST,SH_ST
2381.0,2381.0109260776285,1942.5223539176752,4552.2740067348295,222.3151791966864,316.4267883300781,94.11160913339174,SH_ST,SH_ST
2382.0,2382.0109265693,1941.5805446291383,4551.937859052961,222.31418755978345,316.6341552734375,94.31996771365404,SH_ST,SH_ST
2383.0,2383.010927060972,1940.6387353406008,4551.601711371092,222.3131959228805,316.9361877441406,94.62299182126011,SH_ST,SH_ST
2384.0,2384.010927552643,1939.6969260520648,4551.265563689224,222.3122042859776,317.3977355957031,95.08553130972552,SH_ST,SH_ST
2385.0,2385.010928044315,1938.7551167634465,4550.929416007583,222.31121264907463,317.8592834472656,95.548070798191,SH_ST,SH_ST
2386.0,2386.0109285359867,1937.8133074744449,4550.593268327017,222.3102210121717,318.3208312988281,96.01061028665644,SH_ST,SH_ST
2387.0,2387.0109290276587,1936.871498185443,4550.257120646451,222.3092293752688,318.7823791503906,96.4731497751218,SH_ST,SH_ST
2388.0,2388.0109295193306,1935.929688896441,4549.920972965884,222.30823773836585,319.2439270019531,96.93568926358728,SH_ST,SH_ST
2389.0,2389.010930011002,1934.98787960744,4549.5848252853175,222.3072461014629,319.7054748535156,97.39822875205272,SH_ST,SH_ST
2390.0,2390.010930502674,1934.0460703184376,4549.248677604752,222.30625446456,320.1670227050781,97.86076824051813,SH_ST,SH_ST
2391.0,2391.010930994346,1933.104261029436,4548.912529924185,222.30526282765703,320.6285705566406,98.3233077289836,SH_ST,SH_ST
2392.0,2392.0109314860174,1932.162451740416,4548.576382243672,222.3042711907541,321.0901184082031,98.78584721744905,SH_ST,SH_ST
2393.0,2393.0109319776893,1931.2206424513904,4548.240234563171,222.3032795538512,321.5516662597656,99.2483867059144,SH_ST,SH_ST
2394.0,2394.010932469361,1930.2788331623656,4547.90408688267,222.30228791694825,322.0132141113281,99.71092619437988,SH_ST,SH_ST
2395.0,2395.0109329610323,1929.337023873341,4547.567939202168,222.3012962800453,322.4747619628906,100.17346568284532,SH_ST,SH_ST
2396.0,2396.010933452704,1928.395214584316,4547.231791521667,222.3003046431424,322.9363098144531,100.63600517131071,SH_ST,SH_ST
2397.0,2397.010933944376,1927.453405295291,4546.895643841165,222.29931300623943,323.3978576660156,101.0985446597762,SH_ST,SH_ST
2398.0,2398.010934436048,1926.511596006482,4546.559496160059,222.2983213693365,323.8594055175781,101.56108414824163,SH_ST,SH_ST
2399.0,2399.0109349277195,1925.569786717928,4546.22334847824,222.29732973243355,324.2196655273437,101.9223357949102,SH_ST,SH_ST
2400.0,2400.0109354193914,1924.627977429373,4545.887200796421,222.2963380955306,324.22613525390625,101.92979715837566,SH_ST,SH_ST
2401.0,2401.010935911064,1923.6861681408184,4545.551053114602,222.2953464586277,324.23260498046875,101.93725852184104,SH_ST,SH_ST
2402.0,2402.010936402735,1922.744358852264,4545.214905432783,222.2943548217248,324.2390441894531,101.94468936772832,SH_ST,SH_ST
2403.0,2403.0109368944068,1921.802549563709,4544.878757750964,222.29336318482183,324.2455139160156,101.9521507311938,SH_ST,SH_ST
2404.0,2404.0109373860787,1920.8607402751093,4544.54261006927,222.2923715479189,324.2519836425781,101.95961209465924,SH_ST,SH_ST
2405.0,2405.01093787775,1919.918930986108,4544.2064623887045,222.29137991101595,324.2584533691406,101.96707345812467,SH_ST,SH_ST
2406.0,2406.010938369422,1918.9771216971064,4543.870314708138,222.290388274113,324.264892578125,101.974504304012,SH_ST,SH_ST
2407.0,2407.0109388610936,1918.0353124081048,4543.534167027572,222.2893966372101,324.2713623046875,101.9819656674774,SH_ST,SH_ST
2408.0,2408.010939352765,1917.093503119103,4543.198019347005,222.2884050003072,324.27783203125,101.9894270309428,SH_ST,SH_ST
2409.0,2409.010939844437,1916.1516938301013,4542.86187166644,222.28741336340423,324.2843017578125,101.99688839440827,SH_ST,SH_ST
2410.0,2410.010940336109,1915.2098845411,4542.525723985873,222.2864217265013,324.2907409667969,102.0043192402956,SH_ST,SH_ST
2411.0,2411.010940827781,1914.2680752520805,4542.189576305355,222.28543008959835,324.2972106933594,102.01178060376104,SH_ST,SH_ST
2412.0,2412.0109413194527,1913.326265963056,4541.853428624853,222.2844384526954,324.3036804199219,102.01924196722646,SH_ST,SH_ST
2413.0,2413.0109418111247,1912.3844566740308,4541.517280944352,222.2834468157925,324.3101501464844,102.02670333069187,SH_ST,SH_ST
2414.0,2414.010942302796,1911.442647385006,4541.181133263851,222.2824551788896,324.31658935546875,102.03413417657916,SH_ST,SH_ST
2415.0,2415.010942794468,1910.500838095981,4540.84498558335,222.28146354198665,324.4949035644531,102.21344002246649,SH_ST,SH_ST
2416.0,2416.01094328614,1909.559028806956,4540.508837902848,222.2804719050837,324.6920166015625,102.4115446964788,SH_ST,SH_ST
2417.0,2417.010943777811,1908.617219517932,4540.172690222346,222.27948026818075,324.8891296386719,102.60964937049113,SH_ST,SH_ST
2418.0,2418.010944269483,1907.675410228908,4539.8365425418415,222.2784886312778,325.08624267578125,102.80775404450344,SH_ST,SH_ST
2419.0,2419.010944761155,1906.733600939884,4539.500394861338,222.2774969943749,325.2833557128906,103.00585871851573,SH_ST,SH_ST
2420.0,2420.010945252827,1905.79179165086,4539.164247180834,222.276505357472,325.48046875,103.203963392528,SH_ST,SH_ST
2421.0,2421.0109457444987,1904.849982361836,4538.828099500329,222.27551372056905,325.2730712890625,102.99755756849343,SH_ST,SH_ST
2422.0,2422.01094623617,1903.9081730728124,4538.491951819825,222.27452208366608,324.90789794921875,102.63337586555268,SH_ST,SH_ST
2423.0,2423.010946727842,1902.966363783802,4538.155804139282,222.27353044676315,324.5427551269531,102.26922468018998,SH_ST,SH_ST
2424.0,2424.0109472195136,1902.0245544952872,4537.819656457352,222.2725388098602,324.1776123046875,101.90507349482728,SH_ST,SH_ST
2425.0,2425.010947711185,1901.0827452067729,4537.483508775421,222.2715471729573,323.8124694824219,101.54092230946458,SH_ST,SH_ST
2426.0,2426.010948202857,1900.1409359182576,4537.147361093491,222.2705555360544,323.44732666015625,101.17677112410186,SH_ST,SH_ST
2427.0,2427.0109486945285,1899.1991266297432,4536.81121341156,222.26956389915145,323.0821838378906,100.81261993873918,SH_ST,SH_ST
2428.0,2428.0109491862004,1898.2573173412284,4536.475065729629,222.26857226224848,322.7170104980469,100.4484382357984,SH_ST,SH_ST
2429.0,2429.0109496778723,1897.3155080527133,4536.138918047699,222.2675806253456,322.35186767578125,100.08428705043568,SH_ST,SH_ST
2430.0,2430.010950169544,1896.3736987638576,4535.802770366725,222.2665889884426,321.9867248535156,99.72013586507302,SH_ST,SH_ST
2431.0,2431.010950661216,1895.4318894748328,4535.466622686223,222.2655973515397,321.62158203125,99.3559846797103,SH_ST,SH_ST
2432.0,2432.010951152887,1894.490080185808,4535.130475005722,222.2646057146368,321.2564392089844,98.9918334943476,SH_ST,SH_ST
2433.0,2433.010951644559,1893.548270896783,4534.79432732522,222.26361407773385,320.8912658691406,98.62765179140678,SH_ST,SH_ST
2434.0,2434.0109521362306,1892.606461607758,4534.458179644719,222.26262244083088,320.5052185058594,98.2425960650285,SH_ST,SH_ST
2435.0,2435.010952627902,1891.6646523187333,4534.122031964218,222.261630803928,320.10992431640625,97.84829351247828,SH_ST,SH_ST
2436.0,2436.010953119573,1890.7228430297089,4533.785884283716,222.260639167025,319.714599609375,97.45396044235,SH_ST,SH_ST
2437.0,2437.010953611246,1889.7810337406847,4533.449736603211,222.2596475301221,319.3193054199219,97.05965788979978,SH_ST,SH_ST
2438.0,2438.010954102918,1888.8392244516608,4533.113588922707,222.2586558932192,318.9239807128906,96.6653248196714,SH_ST,SH_ST
2439.0,2439.0109545945897,1887.897415162637,4532.777441242203,222.25766425631625,318.5286865234375,96.27102226712124,SH_ST,SH_ST
2440.0,2440.010955086262,1886.9556058736127,4532.441293561698,222.25667261941328,318.13336181640625,95.87668919699296,SH_ST,SH_ST
2441.0,2441.0109555779336,1886.0137965845893,4532.105145881194,222.2556809825104,317.7380676269531,95.48238664444276,SH_ST,SH_ST
2442.0,2442.010956069605,1885.071987295565,4531.7689982006905,222.2546893456074,317.4310913085937,95.17640196298636,SH_ST,SH_ST
2443.0,2443.010956561277,1884.1301780065403,4531.432850520189,222.2536977087045,317.2700500488281,95.01635234012365,SH_ST,SH_ST
2444.0,2444.0109570529485,1883.188368717516,4531.096702839687,222.25270607180155,317.1090393066406,94.85633323483908,SH_ST,SH_ST
2445.0,2445.010957544621,1882.2465594284904,4530.760555159186,222.25171443489864,316.947998046875,94.69628361197636,SH_ST,SH_ST
2446.0,2446.0109580362923,1881.3047501394656,4530.424407478685,222.25072279799568,316.7869567871094,94.5362339891137,SH_ST,SH_ST
2447.0,2447.010958527964,1880.362940850441,4530.088259798184,222.2497311610928,316.6259155273437,94.37618436625098,SH_ST,SH_ST
2448.0,2448.010959019636,1879.421131561416,4529.752112117682,222.2487395241898,316.46490478515625,94.21616526096643,SH_ST,SH_ST
2449.0,2449.010959511307,1878.4793222726844,4529.41596443636,222.2477478872869,316.3038635253906,94.05611563810372,SH_ST,SH_ST
2450.0,2450.010960002979,1877.537512984152,4529.079816754478,222.24675625038395,316.142822265625,93.89606601524105,SH_ST,SH_ST
2451.0,2451.0109604946506,1876.59570369562,4528.743669072597,222.245764613481,315.9818115234375,93.73604690995651,SH_ST,SH_ST
2452.0,2452.0109609863225,1875.6538944070871,4528.407521390716,222.24477297657808,315.8207702636719,93.5759972870938,SH_ST,SH_ST
2453.0,2453.0109614779944,1874.7120851185548,4528.0713737088345,222.2437813396752,315.65972900390625,93.41594766423108,SH_ST,SH_ST
2454.0,2454.010961969666,1873.7702758300225,4527.735226026954,222.2427897027722,315.4986877441406,93.25589804136844,SH_ST,SH_ST
2455.0,2455.0109624613383,1872.8284665413728,4527.399078345398,222.2417980658693,315.3376770019531,93.09587893608384,SH_ST,SH_ST
2456.0,2456.0109629530098,1871.8866572523496,4527.062930664894,222.24080642896635,315.1766357421875,92.93582931322116,SH_ST,SH_ST
2457.0,2457.0109634446817,1870.9448479633256,4526.72678298439,222.2398147920634,314.98016357421875,92.74034878215534,SH_ST,SH_ST
2458.0,2458.0109639363536,1870.003038674302,4526.390635303886,222.23882315516047,314.7189636230469,92.4801404678864,SH_ST,SH_ST
2459.0,2459.010964428025,1869.061229385278,4526.054487623382,222.2378315182576,314.457763671875,92.21993215361744,SH_ST,SH_ST
2460.0,2460.010964919697,1868.119420096254,4525.718339942878,222.2368398813546,314.1965637207031,91.95972383934853,SH_ST,SH_ST
2461.0,2461.010965411369,1867.1776108072304,4525.382192262374,222.2358482444517,313.9353332519531,91.69948500750144,SH_ST,SH_ST
2462.0,2462.010965903041,1866.2358015182056,4525.046044581872,222.23485660754875,313.67413330078125,91.4392766932325,SH_ST,SH_ST
2463.0,2463.0109663947123,1865.2939922291807,4524.7098969013705,222.2338649706458,313.4259338378906,91.1920688672448,SH_ST,SH_ST
2464.0,2464.010966886384,1864.352182940156,4524.373749220869,222.23287333374287,313.5395812988281,91.30670796508524,SH_ST,SH_ST
2465.0,2465.010967378056,1863.4103736511308,4524.037601540368,222.23188169684,313.6531982421875,91.42131654534754,SH_ST,SH_ST
2466.0,2466.010967869728,1862.468564362106,4523.701453859866,222.230890059937,313.766845703125,91.535955643188,SH_ST,SH_ST
2467.0,2467.0109683614,1861.5267550730807,4523.365306179365,222.2298984230341,313.8804931640625,91.6505947410284,SH_ST,SH_ST
2468.0,2468.010968853071,1860.584945784322,4523.029158498119,222.22890678613115,313.9941101074219,91.76520332129073,SH_ST,SH_ST
2469.0,2469.010969344742,1859.6431364958075,4522.693010816189,222.2279151492282,314.1077575683594,91.87984241913117,SH_ST,SH_ST
2470.0,2470.010969836414,1858.7013272072927,4522.356863134258,222.22692351232527,314.22137451171875,91.99445099939348,SH_ST,SH_ST
2471.0,2471.010970328086,1857.7595179187776,4522.020715452327,222.2259318754224,314.33502197265625,92.10909009723387,SH_ST,SH_ST
2472.0,2472.0109708197574,1856.817708630263,4521.684567770397,222.2249402385194,314.4486694335937,92.22372919507436,SH_ST,SH_ST
2473.0,2473.0109713114293,1855.8758993417484,4521.348420088466,222.22394860161648,314.5622863769531,92.33833777533664,SH_ST,SH_ST
2474.0,2474.0109718031013,1854.9340900531504,4521.012272406769,222.22295696471355,314.6759338378906,92.45297687317708,SH_ST,SH_ST
2475.0,2475.010972294773,1853.9922807641267,4520.676124726264,222.2219653278106,314.7895812988281,92.56761597101752,SH_ST,SH_ST
2476.0,2476.010972786445,1853.0504714751028,4520.33997704576,222.22097369090767,314.9031982421875,92.68222455127984,SH_ST,SH_ST
2477.0,2477.010973278117,1852.1086621860788,4520.003829365256,222.2199820540048,315.016845703125,92.79686364912024,SH_ST,SH_ST
2478.0,2478.010973769789,1851.166852897055,4519.667681684751,222.2189904171018,315.0085754394531,92.78958502235132,SH_ST,SH_ST
2479.0,2479.0109742614604,1850.2250436080312,4519.331534004247,222.21799878019883,314.9951171875,92.77711840730116,SH_ST,SH_ST
2480.0,2480.010974753132,1849.2832343190075,4518.995386323743,222.217007143296,314.98162841796875,92.76462127467278,SH_ST,SH_ST
2481.0,2481.0109752448043,1848.341425030001,4518.659238643189,222.216015506393,314.9681701660156,92.75215465962262,SH_ST,SH_ST
2482.0,2482.010975736476,1847.399615741,4518.323090962623,222.21502386949007,314.9547119140625,92.73968804457245,SH_ST,SH_ST
2483.0,2483.010976228148,1846.4578064519976,4517.986943282056,222.2140322325872,314.9412536621094,92.72722142952222,SH_ST,SH_ST
2484.0,2484.01097671982,1845.515997162996,4517.65079560149,222.2130405956842,314.92779541015625,92.71475481447206,SH_ST,SH_ST
2485.0,2485.0109772114915,1844.5741878739943,4517.314647920924,222.21204895878125,315.4007873535156,93.18873839473436,SH_ST,SH_ST
2486.0,2486.010977703163,1843.6323785849927,4516.978500240358,222.2110573218784,316.09014892578125,93.87909160390288,SH_ST,SH_ST
2487.0,2487.0109781948345,1842.6905692959808,4516.64235255982,222.2100656849754,316.7795104980469,94.56944481307148,SH_ST,SH_ST
2488.0,2488.010978686506,1841.748760006956,4516.306204879319,222.20907404807247,317.4688720703125,95.25979802224003,SH_ST,SH_ST
2489.0,2489.010979178178,1840.806950717931,4515.970057198818,222.2080824111696,318.1582336425781,95.95015123140855,SH_ST,SH_ST
2490.0,2490.01097966985,1839.8651414289056,4515.633909518317,222.2070907742666,318.8475952148437,96.64050444057716,SH_ST,SH_ST
2491.0,2491.0109801615213,1838.923332139881,4515.297761837815,222.20609913736365,319.5369567871094,97.33085764974572,SH_ST,SH_ST
2492.0,2492.0109806531937,1837.981522850856,4514.961614157313,222.2051075004608,320.226318359375,98.02121085891424,SH_ST,SH_ST
2493.0,2493.010981144865,1837.0397135618728,4514.625466476695,222.2041158635578,320.7878112792969,98.58369541573909,SH_ST,SH_ST
2494.0,2494.0109816365366,1836.0979042733188,4514.289318794876,222.2031242266549,320.9052124023437,98.70208817568886,SH_ST,SH_ST
2495.0,2495.010982128209,1835.156094984764,4513.953171113056,222.20213258975195,321.0226135253906,98.82048093563868,SH_ST,SH_ST
2496.0,2496.0109826198805,1834.2142856962096,4513.617023431237,222.201140952849,321.1400146484375,98.93887369558853,SH_ST,SH_ST
2497.0,2497.010983111552,1833.2724764076552,4513.280875749418,222.20014931594605,321.2574462890625,99.05729697311644,SH_ST,SH_ST
2498.0,2498.0109836032234,1832.3306671191008,4512.944728067599,222.1991576790432,321.3748474121094,99.1756897330662,SH_ST,SH_ST
2499.0,2499.010984094895,1831.3888578305464,4512.60858038578,222.1981660421402,321.49224853515625,99.29408249301603,SH_ST,SH_ST
2500.0,2500.0109845865672,1830.4470485416648,4512.272432704876,222.1971744052373,321.6096496582031,99.41247525296583,SH_ST,SH_ST
2501.0,2501.010985078239,1829.505239252663,4511.936285024311,222.19618276833432,321.7270812988281,99.5308985304938,SH_ST,SH_ST
2502.0,2502.010985569911,1828.563429963661,4511.600137343744,222.1951911314314,321.844482421875,99.6492912904436,SH_ST,SH_ST
2503.0,2503.0109860615826,1827.62162067466,4511.263989663178,222.19419949452845,321.9618835449219,99.76768405039344,SH_ST,SH_ST
2504.0,2504.010986553255,1826.6798113856576,4510.927841982611,222.1932078576256,322.07928466796875,99.88607681034318,SH_ST,SH_ST
2505.0,2505.010987044927,1825.738002096656,4510.591694302045,222.1922162207226,322.1967163085937,100.00450008787116,SH_ST,SH_ST
2506.0,2506.010987536598,1824.7961928076456,4510.255546621504,222.1912245838197,322.4288330078125,100.2376084239928,SH_ST,SH_ST
2507.0,2507.0109880282703,1823.8543835186208,4509.919398941001,222.19023294691672,322.8742370605469,100.68400411363017,SH_ST,SH_ST
2508.0,2508.0109885199417,1822.912574229596,4509.5832512605,222.18924131001376,323.3196105957031,101.13036928568935,SH_ST,SH_ST
2509.0,2509.0109890116137,1821.970764940571,4509.247103579999,222.18824967311085,323.60992431640625,101.4216746432954,SH_ST,SH_ST
2510.0,2510.010989503285,1821.028955651546,4508.910955899498,222.187258036208,323.7375793457031,101.55032130949516,SH_ST,SH_ST
2511.0,2511.0109899949566,1820.0871463625213,4508.574808218997,222.186266399305,323.865234375,101.678967975695,SH_ST,SH_ST
2512.0,2512.010990486629,1819.145337073504,4508.238660538473,222.1852747624021,323.99285888671875,101.80758412431666,SH_ST,SH_ST
2513.0,2513.0109909783005,1818.2035277849905,4507.90251285654,222.18428312549912,324.1205139160156,101.9362307905165,SH_ST,SH_ST
2514.0,2514.0109914699724,1817.2617184964768,4507.566365174606,222.18329148859613,324.2481384277344,102.06484693913822,SH_ST,SH_ST
2515.0,2515.0109919616443,1816.319909207963,4507.230217492673,222.18229985169324,324.37579345703125,102.193493605338,SH_ST,SH_ST
2516.0,2516.010992453316,1815.3780999194487,4506.894069810739,222.1813082147904,324.50341796875,102.32210975395964,SH_ST,SH_ST
2517.0,2517.010992944988,1814.436290630936,4506.557922128805,222.1803165778874,324.6996765136719,102.51935993578448,SH_ST,SH_ST
2518.0,2518.01099343666,1813.4944813424213,4506.221774446873,222.1793249409845,324.97760009765625,102.79827515667176,SH_ST,SH_ST
2519.0,2519.010993928331,1812.552672053572,4505.88562676588,222.17833330408152,325.2554931640625,103.07715985998098,SH_ST,SH_ST
2520.0,2520.0109944200026,1811.6108627645472,4505.549479085379,222.17734166717847,325.53338623046875,103.3560445632902,SH_ST,SH_ST
2521.0,2521.0109949116745,1810.669053475522,4505.213331404878,222.17635003027564,325.811279296875,103.63492926659936,SH_ST,SH_ST
2522.0,2522.010995403346,1809.7272441864973,4504.877183724377,222.1753583933728,326.0892028808594,103.9138444874866,SH_ST,SH_ST
2523.0,2523.010995895017,1808.7854348974724,4504.541036043876,222.1743667564698,326.3670959472656,104.19272919079584,SH_ST,SH_ST
2524.0,2524.010996386689,1807.843625608448,4504.204888363374,222.17337511956688,326.6449890136719,104.471613894105,SH_ST,SH_ST
2525.0,2525.0109968783613,1806.9018163194223,4503.868740682873,222.17238348266392,326.9228820800781,104.7504985974142,SH_ST,SH_ST
2526.0,2526.010997370033,1805.9600070303973,4503.532593002371,222.1713918457609,327.2007751464844,105.02938330072342,SH_ST,SH_ST
2527.0,2527.0109978617047,1805.018197741373,4503.19644532187,222.17040020885804,327.47869873046875,105.30829852161072,SH_ST,SH_ST
2528.0,2528.010998353376,1804.076388452348,4502.860297641369,222.1694085719552,327.756591796875,105.58718322491984,SH_ST,SH_ST
2529.0,2529.010998845048,1803.1345791633232,4502.524149960867,222.1684169350522,328.03448486328125,105.86606792822906,SH_ST,SH_ST
2530.0,2530.010999336719,1802.1927698742984,4502.188002280366,222.16742529814923,328.3123779296875,106.14495263153827,SH_ST,SH_ST
2531.0,2531.010999828391,1801.250960585273,4501.851854599865,222.16643366124632,328.5903015136719,106.42386785242556,SH_ST,SH_ST
2532.0,2532.0110003200625,1800.3091512962494,4501.515706919361,222.1654420243433,328.8681945800781,106.70275255573478,SH_ST,SH_ST
2533.0,2533.0110008117344,1799.3673420072255,4501.179559238856,222.16445038744044,329.1460876464844,106.98163725904394,SH_ST,SH_ST
2534.0,2534.0110013034064,1798.4255327182016,4500.843411558352,222.1634587505376,329.4239807128906,107.26052196235308,SH_ST,SH_ST
2535.0,2535.011001795078,1797.483723429178,4500.507263877848,222.1624671136346,329.7018737792969,107.53940666566228,SH_ST,SH_ST
2536.0,2536.0110022867498,1796.541914140154,4500.171116197344,222.16147547673165,329.97979736328125,107.8183218865496,SH_ST,SH_ST
2537.0,2537.0110027784217,1795.60010485113,4499.83496851684,222.16048383982871,330.2576904296875,108.0972065898588,SH_ST,SH_ST
2538.0,2538.0110032700936,1794.658295562393,4499.498820835532,222.1594922029257,330.5355834960937,108.376091293168,SH_ST,SH_ST
2539.0,2539.011003761765,1793.7164862738607,4499.162673153651,222.15850056602284,330.8134765625,108.65497599647716,SH_ST,SH_ST
2540.0,2540.011004253437,1792.7746769853284,4498.826525471769,222.15750892912,331.0946350097656,108.93712608064568,SH_ST,SH_ST
2541.0,2541.0110047451085,1791.832867696796,4498.490377789888,222.156517292217,331.56317138671875,109.40665409450176,SH_ST,SH_ST
2542.0,2542.0110052367804,1790.8910584082637,4498.154230108006,222.15552565531405,332.0317077636719,109.87618210835782,SH_ST,SH_ST
2543.0,2543.0110057284523,1789.9492491197311,4497.818082426125,222.1545340184111,332.5002746582031,110.345740639792,SH_ST,SH_ST
2544.0,2544.011006220124,1789.0074398310876,4497.481934744556,222.1535423815081,332.96881103515625,110.8152686536481,SH_ST,SH_ST
2545.0,2545.011006711796,1788.0656305420628,4497.145787064054,222.15255074460524,333.4373779296875,111.28482718508226,SH_ST,SH_ST
2546.0,2546.011007203467,1787.123821253038,4496.809639383553,222.1515591077023,333.9059143066406,111.75435519893831,SH_ST,SH_ST
2547.0,2547.0110076951387,1786.182011964013,4496.473491703052,222.1505674707994,334.3744812011719,112.22391373037247,SH_ST,SH_ST
2548.0,2548.01100818681,1785.2402026749885,4496.137344022551,222.14957583389645,334.843017578125,112.69344174422856,SH_ST,SH_ST
2549.0,2549.0110086784825,1784.2983933859632,4495.801196342049,222.1485841969935,335.1246337890625,112.976049592069,SH_ST,SH_ST
2550.0,2550.011009170154,1783.3565840969384,4495.465048661547,222.14759256009057,335.3120422363281,113.16444967623757,SH_ST,SH_ST
2551.0,2551.011009661826,1782.4147748079145,4495.128900981043,222.14660092318763,335.4994812011719,113.35288027798424,SH_ST,SH_ST
2552.0,2552.0110101534974,1781.4729655188903,4494.79275330054,222.1456092862847,335.6868896484375,113.5412803621528,SH_ST,SH_ST
2553.0,2553.0110106451693,1780.5311562298666,4494.456605620036,222.1446176493818,335.8742980957031,113.72968044632134,SH_ST,SH_ST
2554.0,2554.0110111368413,1779.5893469408427,4494.120457939531,222.14362601247885,336.0617370605469,113.91811104806804,SH_ST,SH_ST
2555.0,2555.011011628513,1778.6475376518188,4493.784310259027,222.1426343755759,336.2491455078125,114.1065111322366,SH_ST,SH_ST
2556.0,2556.0110121201847,1777.705728362795,4493.448162578523,222.14164273867297,336.36505126953125,114.22340853085828,SH_ST,SH_ST
2557.0,2557.0110126118566,1776.7639190740306,4493.112014897291,222.14065110177003,336.2982482910156,114.1575971892456,SH_ST,SH_ST
2558.0,2558.0110131035285,1775.822109785516,4492.77586721536,222.1396594648671,336.2314758300781,114.09181636521105,SH_ST,SH_ST
2559.0,2559.0110135952,1774.8803004970011,4492.43971953343,222.13866782796416,336.1647033691406,114.02603554117648,SH_ST,SH_ST
2560.0,2560.0110140868715,1773.9384912084863,4492.1035718515,222.13767619106125,336.097900390625,113.96022419956375,SH_ST,SH_ST
2561.0,2561.0110145785434,1772.9966819199717,4491.7674241695695,222.1366845541583,336.0311279296875,113.8944433755292,SH_ST,SH_ST
2562.0,2562.011015070216,1772.0548726314569,4491.431276487639,222.13569291725537,335.96435546875,113.82866255149465,SH_ST,SH_ST
2563.0,2563.011015561887,1771.1130633428647,4491.095128805925,222.13470128035243,335.8975830078125,113.76288172746008,SH_ST,SH_ST
2564.0,2564.0110160535583,1770.17125405384,4490.758981125424,222.1337096434495,335.8307800292969,113.69707038584738,SH_ST,SH_ST
2565.0,2565.01101654523,1769.2294447648148,4490.422833444923,222.13271800654653,335.7640075683594,113.63128956181282,SH_ST,SH_ST
2566.0,2566.0110170369016,1768.28763547579,4490.086685764421,222.13172636964364,335.6972351074219,113.56550873777825,SH_ST,SH_ST
2567.0,2567.011017528573,1767.3458261867652,4489.75053808392,222.1307347327407,335.63043212890625,113.49969739616554,SH_ST,SH_ST
2568.0,2568.011018020245,1766.4040168977403,4489.414390403418,222.12974309583777,335.56365966796875,113.43391657213098,SH_ST,SH_ST
2569.0,2569.0110185119165,1765.4622076087155,4489.078242722917,222.12875145893483,335.49688720703125,113.36813574809642,SH_ST,SH_ST
2570.0,2570.011019003588,1764.5203983196914,4488.742095042414,222.1277598220319,335.3243408203125,113.1965809982806,SH_ST,SH_ST
2571.0,2571.01101949526,1763.5785890306674,4488.405947361909,222.12676818512887,334.9295654296875,112.80279724455856,SH_ST,SH_ST
2572.0,2572.011019986932,1762.6367797416435,4488.069799681405,222.12577654822604,334.5347900390625,112.40901349083646,SH_ST,SH_ST
2573.0,2573.011020478604,1761.6949704526196,4487.733652000901,222.1247849113231,334.1400451660156,112.01526025469252,SH_ST,SH_ST
2574.0,2574.011020970276,1760.753161163596,4487.397504320396,222.12379327442017,333.7452697753906,111.62147650097046,SH_ST,SH_ST
2575.0,2575.011021461948,1759.811351874572,4487.061356639892,222.12280163751723,333.3504943847656,111.2276927472484,SH_ST,SH_ST
2576.0,2576.0110219536195,1758.8695425855576,4486.725208959361,222.1218100006143,332.95574951171875,110.83393951110446,SH_ST,SH_ST
2577.0,2577.0110224452915,1757.927733296556,4486.3890612787945,222.1208183637113,332.54229736328125,110.4214789995699,SH_ST,SH_ST
2578.0,2578.011022936963,1756.9859240075543,4486.052913598229,222.11982672680844,332.1141357421875,109.99430901537906,SH_ST,SH_ST
2579.0,2579.011023428635,1756.0441147185527,4485.716765917662,222.1188350899055,331.6859741210937,109.56713903118823,SH_ST,SH_ST
2580.0,2580.011023920307,1755.1023054295508,4485.380618237096,222.11784345300256,331.2578125,109.13996904699744,SH_ST,SH_ST
2581.0,2581.0110244119787,1754.1604961405492,4485.04447055653,222.11685181609965,330.82965087890625,108.7127990628066,SH_ST,SH_ST
2582.0,2582.0110249036507,1753.2186868515823,4484.708322875866,222.1158601791967,330.4014892578125,108.2856290786158,SH_ST,SH_ST
2583.0,2583.0110253953226,1752.2768775630268,4484.372175194049,222.1148685422937,329.97332763671875,107.858459094425,SH_ST,SH_ST
2584.0,2584.0110258869945,1751.3350682744713,4484.036027512233,222.11387690539084,329.5451965332031,107.43131962781229,SH_ST,SH_ST
2585.0,2585.011026378666,1750.3932589859155,4483.699879830418,222.1128852684879,329.1170349121094,107.00414964362147,SH_ST,SH_ST
2586.0,2586.011026870337,1749.4514496973602,4483.363732148601,222.11189363158496,328.6888732910156,106.57697965943066,SH_ST,SH_ST
2587.0,2587.011027362009,1748.509640408805,4483.027584466785,222.110901994682,328.2607116699219,106.14980967523988,SH_ST,SH_ST
2588.0,2588.011027853681,1747.5678311202491,4482.691436784969,222.10991035777909,327.8325500488281,105.72263969104904,SH_ST,SH_ST
2589.0,2589.0110283453528,1746.626021831373,4482.35528910405,222.1089187208761,327.4043884277344,105.29546970685824,SH_ST,SH_ST
2590.0,2590.011028837024,1745.6842125423725,4482.0191414234805,222.10792708397324,326.9762268066406,104.8682997226674,SH_ST,SH_ST
2591.0,2591.011029328696,1744.7424032533715,4481.682993742911,222.1069354470703,326.548095703125,104.4411602560547,SH_ST,SH_ST
2592.0,2592.011029820368,1743.8005939643708,4481.346846062343,222.10594381016736,325.9821472167969,103.87620340662951,SH_ST,SH_ST
2593.0,2593.01103031204,1742.85878467537,4481.010698381773,222.1049521732644,325.4134521484375,103.3084999751731,SH_ST,SH_ST
2594.0,2594.0110308037115,1741.9169753863694,4480.674550701204,222.10396053636148,324.8447265625,102.74076602613852,SH_ST,SH_ST
2595.0,2595.0110312953834,1740.97516609736,4480.338403020659,222.10296889945857,324.2760009765625,102.17303207710393,SH_ST,SH_ST
2596.0,2596.011031787055,1740.0333568083352,4480.002255340158,222.10197726255564,323.707275390625,101.60529812806936,SH_ST,SH_ST
2597.0,2597.0110322787264,1739.0915475193103,4479.6661076596565,222.1009856256527,323.1385498046875,101.0375641790348,SH_ST,SH_ST
2598.0,2598.0110327703983,1738.1497382302853,4479.329959979155,222.09999398874976,322.56982421875,100.46983023000024,SH_ST,SH_ST
2599.0,2599.0110332620698,1737.2079289412604,4478.993812298654,222.0990023518468,322.0010986328125,99.90209628096572,SH_ST,SH_ST
2600.0,2600.011033753741,1736.2661196522356,4478.657664618153,222.09801071494388,321.6243896484375,99.52637893349362,SH_ST,SH_ST
2601.0,2601.011034245413,1735.3243103632126,4478.321516937645,222.09701907804097,321.26678466796875,99.16976558992778,SH_ST,SH_ST
2602.0,2602.0110347370846,1734.3825010746748,4477.98536925578,222.09602744113803,320.9091796875,98.81315224636197,SH_ST,SH_ST
2603.0,2603.011035228757,1733.4406917861368,4477.6492215739145,222.0950358042351,320.55157470703125,98.45653890279615,SH_ST,SH_ST
2604.0,2604.0110357204285,1732.4988824975987,4477.313073892049,222.09404416733216,320.1939697265625,98.09992555923034,SH_ST,SH_ST
2605.0,2605.0110362121004,1731.5570732090607,4476.976926210184,222.0930525304292,319.8363647460937,97.74331221566456,SH_ST,SH_ST
2606.0,2606.0110367037723,1730.6152639205227,4476.640778528318,222.09206089352628,319.478759765625,97.38669887209872,SH_ST,SH_ST
2607.0,2607.0110371954443,1729.673454631985,4476.304630846452,222.09106925662337,319.12115478515625,97.03008552853288,SH_ST,SH_ST
2608.0,2608.011037687116,1728.731645343148,4475.968483165424,222.09007761972043,318.7635498046875,96.67347218496708,SH_ST,SH_ST
2609.0,2609.011038178787,1727.7898360541471,4475.632335484856,222.0890859828175,318.40594482421875,96.31685884140126,SH_ST,SH_ST
2610.0,2610.01103867046,1726.8480267651464,4475.296187804286,222.08809434591456,318.04833984375,95.96024549783544,SH_ST,SH_ST
2611.0,2611.0110391621315,1725.9062174761457,4474.960040123717,222.0871027090116,317.69073486328125,95.60363215426966,SH_ST,SH_ST
2612.0,2612.0110396538034,1724.964408187145,4474.623892443147,222.08611107210868,317.3331298828125,95.24701881070382,SH_ST,SH_ST
2613.0,2613.011040145476,1724.0225988981442,4474.287744762578,222.08511943520577,317.1249084472656,95.03978901205986,SH_ST,SH_ST
2614.0,2614.011040637147,1723.080789609137,4473.9515970820285,222.08412779830283,317.0015869140625,94.91745911575968,SH_ST,SH_ST
2615.0,2615.0110411288188,1722.1389803201116,4473.615449401527,222.0831361613999,316.8782653808594,94.79512921945948,SH_ST,SH_ST
2616.0,2616.0110416204902,1721.1971710310868,4473.279301721026,222.08214452449693,316.75494384765625,94.67279932315932,SH_ST,SH_ST
2617.0,2617.0110421121617,1720.255361742062,4472.943154040525,222.081152887594,316.631591796875,94.550438909281,SH_ST,SH_ST
2618.0,2618.011042603833,1719.3135524530371,4472.607006360024,222.08016125069108,316.5082702636719,94.4281090129808,SH_ST,SH_ST
2619.0,2619.011043095505,1718.371743164012,4472.2708586795225,222.07916961378817,316.38494873046875,94.30577911668058,SH_ST,SH_ST
2620.0,2620.011043587177,1717.4299338749872,4471.93471099902,222.07817797688523,316.2616271972656,94.1834492203804,SH_ST,SH_ST
2621.0,2621.0110440788485,1716.4881245859624,4471.598563318519,222.0771863399823,316.1382751464844,94.06108880650208,SH_ST,SH_ST
2622.0,2622.01104457052,1715.5463152969376,4471.262415638018,222.07619470307927,316.01495361328125,93.93875891020193,SH_ST,SH_ST
2623.0,2623.0110450621914,1714.6045060079127,4470.926267957517,222.0752030661764,315.8916320800781,93.81642901390173,SH_ST,SH_ST
2624.0,2624.011045553864,1713.6626967188877,4470.590120277016,222.07421142927348,315.768310546875,93.69409911760152,SH_ST,SH_ST
2625.0,2625.011046045535,1712.7208874298628,4470.253972596514,222.07321979237057,315.6449584960937,93.57173870372318,SH_ST,SH_ST
2626.0,2626.0110465372063,1711.779078140838,4469.917824916013,222.07222815546763,315.5216369628906,93.449408807423,SH_ST,SH_ST
2627.0,2627.0110470288782,1710.8372688520956,4469.58167723472,222.0712365185647,315.3983154296875,93.3270789111228,SH_ST,SH_ST
2628.0,2628.01104752055,1709.895459563564,4469.245529552836,222.0702448816617,315.2749938964844,93.20474901482264,SH_ST,SH_ST
2629.0,2629.011048012222,1708.9536502750327,4468.909381870952,222.0692532447588,315.1516418457031,93.08238860094433,SH_ST,SH_ST
2630.0,2630.0110485038936,1708.0118409865015,4468.573234189068,222.06826160785587,315.0283203125,92.96005870464413,SH_ST,SH_ST
2631.0,2631.011048995565,1707.07003169797,4468.237086507183,222.06726997095296,314.9049987792969,92.83772880834393,SH_ST,SH_ST
2632.0,2632.0110494872374,1706.1282224094386,4467.900938825299,222.06627833405005,314.7816772460937,92.7153989120437,SH_ST,SH_ST
2633.0,2633.011049978909,1705.1864131208015,4467.564791143712,222.0652866971471,314.6129455566406,92.54765885949354,SH_ST,SH_ST
2634.0,2634.0110504705804,1704.2446038317769,4467.228643463211,222.0642950602441,314.4707946777344,92.40649961749024,SH_ST,SH_ST
2635.0,2635.0110509622527,1703.3027945427518,4466.8924957827085,222.0633034233412,314.4277038574219,92.36440043408066,SH_ST,SH_ST
2636.0,2636.011051453924,1702.360985253727,4466.556348102207,222.06231178643827,314.3846130371094,92.3223012506711,SH_ST,SH_ST
2637.0,2637.011051945596,1701.4191759647022,4466.220200421706,222.06132014953536,314.35260009765625,92.29127994812087,SH_ST,SH_ST
2638.0,2638.011052437268,1700.477366675677,4465.884052741205,222.0603285126324,314.3262023925781,92.26587387994572,SH_ST,SH_ST
2639.0,2639.011052928939,1699.5355573866525,4465.547905060704,222.05933687572949,314.2998046875,92.24046781177051,SH_ST,SH_ST
2640.0,2640.011053420611,1698.5937480976274,4465.2117573802025,222.0583452388265,314.2734375,92.21509226117348,SH_ST,SH_ST
2641.0,2641.0110539122825,1697.6519388086026,4464.875609699701,222.0573536019236,314.2470397949219,92.18968619299828,SH_ST,SH_ST
2642.0,2642.011054403954,1696.7101295195778,4464.5394620192,222.05636196502067,314.2206420898437,92.16428012482308,SH_ST,SH_ST
2643.0,2643.0110548956263,1695.7683202305527,4464.203314338698,222.05537032811776,314.1942749023437,92.138904574226,SH_ST,SH_ST
2644.0,2644.011055387298,1694.826510941528,4463.867166658197,222.0543786912148,314.1678771972656,92.11349850605085,SH_ST,SH_ST
2645.0,2645.0110558789697,1693.884701652503,4463.531018977696,222.05338705431188,314.1414794921875,92.08809243787562,SH_ST,SH_ST
2646.0,2646.0110563706417,1692.9428923637329,4463.19487129648,222.0523954174089,314.1151123046875,92.06271688727858,SH_ST,SH_ST
2647.0,2647.0110568623136,1692.0010830752192,4462.858723614547,222.051403780506,314.0887145996094,92.03731081910335,SH_ST,SH_ST
2648.0,2648.011057353985,1691.0592737867055,4462.522575932614,222.05041214360307,314.06231689453125,92.01190475092818,SH_ST,SH_ST
2649.0,2649.011057845657,1690.1174644981916,4462.18642825068,222.04942050670013,314.03594970703125,91.98652920033112,SH_ST,SH_ST
2650.0,2650.0110583373284,1689.175655209678,4461.850280568747,222.0484288697972,314.0095520019531,91.96112313215592,SH_ST,SH_ST
2651.0,2651.0110588290004,1688.2338459211642,4461.514132886813,222.04743723289428,313.983154296875,91.93571706398072,SH_ST,SH_ST
2652.0,2652.011059320672,1687.2920366325786,4461.177985205081,222.0464455959913,313.956787109375,91.91034151338368,SH_ST,SH_ST
2653.0,2653.011059812344,1686.3502273435538,4460.84183752458,222.0454539590884,313.9303894042969,91.88493544520848,SH_ST,SH_ST
2654.0,2654.0110603040152,1685.408418054529,4460.505689844078,222.04446232218547,313.90399169921875,91.85952937703328,SH_ST,SH_ST
2655.0,2655.011060795687,1684.466608765504,4460.169542163577,222.04347068528253,313.87762451171875,91.83415382643622,SH_ST,SH_ST
2656.0,2656.011061287358,1683.524799476479,4459.833394483076,222.0424790483796,313.8958740234375,91.85339497505792,SH_ST,SH_ST
2657.0,2657.01106177903,1682.5829901874542,4459.497246802574,222.04148741147668,313.91632080078125,91.87483338930456,SH_ST,SH_ST
2658.0,2658.0110622707016,1681.6411808984294,4459.161099122073,222.0404957745737,313.9367980957031,91.8963023211294,SH_ST,SH_ST
2659.0,2659.011062762373,1680.6993716094044,4458.824951441572,222.0395041376708,313.957275390625,91.9177712529542,SH_ST,SH_ST
2660.0,2660.011063254045,1679.7575623203795,4458.488803761071,222.0385125007679,313.9777526855469,91.93924018477898,SH_ST,SH_ST
2661.0,2661.0110637457165,1678.8157530313547,4458.15265608057,222.03752086386493,313.9981994628906,91.9606785990257,SH_ST,SH_ST
2662.0,2662.011064237388,1677.87394374233,4457.816508400068,222.036529226962,314.0186767578125,91.98214753085053,SH_ST,SH_ST
2663.0,2663.0110647290603,1676.932134453305,4457.480360719566,222.03553759005908,314.0391540527344,92.0036164626753,SH_ST,SH_ST
2664.0,2664.011065220732,1675.99032516428,4457.144213039065,222.0345459531561,314.0596008300781,92.025054876922,SH_ST,SH_ST
2665.0,2665.011065712404,1675.0485158752654,4456.808065358535,222.0335543162532,314.080078125,92.0465238087468,SH_ST,SH_ST
2666.0,2666.011066204076,1674.1067065862646,4456.471917677966,222.03256267935024,314.1005554199219,92.06799274057164,SH_ST,SH_ST
2667.0,2667.011066695748,1673.164897297264,4456.135769997397,222.03157104244733,314.1210021972656,92.0894311548183,SH_ST,SH_ST
2668.0,2668.011067187419,1672.2230880082634,4455.799622316828,222.0305794055444,314.1414794921875,92.11090008664311,SH_ST,SH_ST
2669.0,2669.011067679091,1671.281278719263,4455.463474636258,222.02958776864148,314.1619567871094,92.1323690184679,SH_ST,SH_ST
2670.0,2670.011068170763,1670.339469430262,4455.12732695569,222.0285961317385,314.1824035644531,92.1538074327146,SH_ST,SH_ST
2671.0,2671.011068662435,1669.397660141292,4454.791179275034,222.0276044948356,314.202880859375,92.1752763645394,SH_ST,SH_ST
2672.0,2672.0110691541063,1668.455850852754,4454.455031593168,222.02661285793263,314.2233581542969,92.19674529636424,SH_ST,SH_ST
2673.0,2673.011069645778,1667.514041564216,4454.118883911303,222.02562122102967,314.2438049316406,92.21818371061096,SH_ST,SH_ST
2674.0,2674.01107013745,1666.572232275678,4453.7827362294365,222.0246295841268,314.2642822265625,92.23965264243569,SH_ST,SH_ST
2675.0,2675.011070629122,1665.63042298714,4453.446588547571,222.02363794722388,314.2847595214844,92.2611215742605,SH_ST,SH_ST
2676.0,2676.011071120794,1664.688613698602,4453.110440865706,222.0226463103209,314.3052062988281,92.28255998850722,SH_ST,SH_ST
2677.0,2677.011071612466,1663.746804410064,4452.77429318384,222.021654673418,314.32568359375,92.304028920332,SH_ST,SH_ST
2678.0,2678.011072104138,1662.8049951211683,4452.438145502976,222.02066303651503,314.3461608886719,92.32549785215684,SH_ST,SH_ST
2679.0,2679.0110725958093,1661.863185832126,4452.101997822524,222.0196713996121,314.3666076660156,92.34693626640352,SH_ST,SH_ST
2680.0,2680.011073087481,1660.9213765430836,4451.765850142072,222.0186797627092,314.3870849609375,92.36840519822827,SH_ST,SH_ST
2681.0,2681.0110735791527,1659.979567254041,4451.42970246162,222.01768812580627,314.4075622558594,92.3898741300531,SH_ST,SH_ST
2682.0,2682.0110740708246,1659.0377579649985,4451.093554781168,222.0166964889033,314.503662109375,92.4869656204717,SH_ST,SH_ST
2683.0,2683.011074562496,1658.0959486759562,4450.757407100716,222.0157048520004,314.7147827148437,92.69907786284335,SH_ST,SH_ST
2684.0,2684.011075054168,1657.1541393869284,4450.421259420223,222.01471321509743,314.9259033203125,92.91119010521508,SH_ST,SH_ST
2685.0,2685.0110755458395,1656.2123300979276,4450.085111739653,222.0137215781945,315.13702392578125,93.12330234758676,SH_ST,SH_ST
2686.0,2686.011076037511,1655.270520808927,4449.748964059085,222.0127299412916,315.34814453125,93.3354145899584,SH_ST,SH_ST
2687.0,2687.011076529183,1654.3287115199262,4449.412816378515,222.01173830438867,315.55926513671875,93.54752683233008,SH_ST,SH_ST
2688.0,2688.011077020855,1653.3869022309254,4449.076668697946,222.01074666748573,315.7703857421875,93.75963907470177,SH_ST,SH_ST
2689.0,2689.0110775125268,1652.4450929419247,4448.7405210173765,222.0097550305828,315.98150634765625,93.97175131707344,SH_ST,SH_ST
2690.0,2690.011078004198,1651.503283652924,4448.404373336808,222.00876339367983,316.1925964355469,94.18383304186705,SH_ST,SH_ST
2691.0,2691.01107849587,1650.5614743643823,4448.068225654952,222.0077717567769,316.4037170410156,94.39594528423872,SH_ST,SH_ST
2692.0,2692.011078987542,1649.6196650758443,4447.732077973086,222.006780119874,316.6148376464844,94.60805752661037,SH_ST,SH_ST
2693.0,2693.011079479213,1648.6778557873067,4447.395930291221,222.00578848297107,316.8259582519531,94.82016976898204,SH_ST,SH_ST
2694.0,2694.011079970885,1647.7360464987687,4447.059782609354,222.00479684606813,317.0370788574219,95.03228201135374,SH_ST,SH_ST
2695.0,2695.011080462557,1646.794237210231,4446.723634927489,222.0038052091652,317.2481994628906,95.24439425372545,SH_ST,SH_ST
2696.0,2696.011080954229,1645.8524279216929,4446.387487245624,222.00281357226223,317.4593200683594,95.45650649609716,SH_ST,SH_ST
2697.0,2697.011081445901,1644.9106186328604,4446.051339564583,222.0018219353593,317.6321105957031,95.63028866034384,SH_ST,SH_ST
2698.0,2698.0110819375727,1643.9688093438588,4445.715191884016,222.0008302984564,317.73419189453125,95.73336159607484,SH_ST,SH_ST
2699.0,2699.0110824292447,1643.027000054857,4445.379044203451,221.99983866155347,317.86181640625,95.86197774469652,SH_ST,SH_ST
2700.0,2700.0110829209166,1642.0851907658553,4445.042896522884,221.99884702465053,317.9894714355469,95.99062441089634,SH_ST,SH_ST
2701.0,2701.0110834125885,1641.1433814768536,4444.706748842317,221.9978553877476,318.1170959472656,96.11924055951803,SH_ST,SH_ST
2702.0,2702.0110839042604,1640.2015721878518,4444.370601161751,221.99686375084465,318.2447509765625,96.24788722571785,SH_ST,SH_ST
2703.0,2703.0110843959324,1639.259762898844,4444.034453481202,221.9958721139417,318.3724060058594,96.37653389191767,SH_ST,SH_ST
2704.0,2704.0110848876043,1638.31795360982,4443.698305800698,221.9948804770388,318.5000305175781,96.50515004053932,SH_ST,SH_ST
2705.0,2705.0110853792767,1637.376144320796,4443.362158120193,221.99388884013587,318.627685546875,96.63379670673912,SH_ST,SH_ST
2706.0,2706.011085870948,1636.4343350317724,4443.026010439689,221.99289720323293,318.7553100585937,96.76241285536082,SH_ST,SH_ST
2707.0,2707.01108636262,1635.4925257427485,4442.689862759185,221.99190556633,318.8829650878906,96.89105952156063,SH_ST,SH_ST
2708.0,2708.011086854292,1634.5507164537246,4442.3537150786815,221.99091392942705,319.0106201171875,97.01970618776043,SH_ST,SH_ST
2709.0,2709.011087345964,1633.608907164701,4442.017567398177,221.9899222925241,319.13824462890625,97.14832233638214,SH_ST,SH_ST
2710.0,2710.011087837636,1632.6670978756758,4441.681419717675,221.9889306556212,319.2658996582031,97.27696900258192,SH_ST,SH_ST
2711.0,2711.011088329308,1631.725288586651,4441.345272037174,221.9879390187183,319.3935241699219,97.40558515120358,SH_ST,SH_ST
2712.0,2712.011088820979,1630.7834792976262,4441.009124356673,221.98694738181533,319.52117919921875,97.53423181740342,SH_ST,SH_ST
2713.0,2713.011089312651,1629.841670008601,4440.672976676171,221.9859557449124,319.6488037109375,97.66284796602513,SH_ST,SH_ST
2714.0,2714.011089804322,1628.8998607195765,4440.33682899567,221.98496410800945,319.5999755859375,97.61501147792804,SH_ST,SH_ST
2715.0,2715.0110902959946,1627.9580514305514,4440.000681315169,221.9839724711065,319.5369567871094,97.55298431600286,SH_ST,SH_ST
2716.0,2716.011090787666,1627.0162421418129,4439.664533633866,221.9829808342036,319.4739685058594,97.49098767165576,SH_ST,SH_ST
2717.0,2717.011091279338,1626.0744328532978,4439.328385951935,221.98198919730063,319.41094970703125,97.42896050973062,SH_ST,SH_ST
2718.0,2718.011091771009,1625.1326235647832,4438.992238270005,221.98099756039773,319.3479309082031,97.3669333478054,SH_ST,SH_ST
2719.0,2719.0110922626814,1624.1908142762684,4438.656090588074,221.9800059234948,319.2849426269531,97.30493670345834,SH_ST,SH_ST
2720.0,2720.0110927543533,1623.2490049877538,4438.319942906143,221.97901428659185,319.1351928710937,97.1561785845019,SH_ST,SH_ST
2721.0,2721.0110932460248,1622.307195699239,4437.983795224213,221.9780226496889,318.9784851074219,97.00046245773297,SH_ST,SH_ST
2722.0,2722.0110937376967,1621.3653864106172,4437.647647542582,221.977031012786,318.8217468261719,96.84471581338587,SH_ST,SH_ST
2723.0,2723.011094229368,1620.4235771215758,4437.311499862127,221.97603937588303,318.6650390625,96.68899968661697,SH_ST,SH_ST
2724.0,2724.01109472104,1619.4817678325346,4436.975352181672,221.97504773898007,318.5083312988281,96.53328355984806,SH_ST,SH_ST
2725.0,2725.011095212711,1618.5399585434932,4436.639204501217,221.9740561020772,318.3515930175781,96.37753691550093,SH_ST,SH_ST
2726.0,2726.0110957043826,1617.5981492544518,4436.303056820762,221.97306446517425,318.19488525390625,96.221820788732,SH_ST,SH_ST
2727.0,2727.011096196054,1616.6563399654103,4435.966909140308,221.9720728282713,318.03814697265625,96.06607414438494,SH_ST,SH_ST
2728.0,2728.011096687726,1615.714530676369,4435.630761459853,221.9710811913684,317.8814392089844,95.91035801761598,SH_ST,SH_ST
2729.0,2729.0110971793983,1614.772721387341,4435.294613779358,221.97008955446543,317.7247314453125,95.75464189084708,SH_ST,SH_ST
2730.0,2730.01109767107,1613.8309120983165,4434.958466098857,221.9690979175625,317.5679931640625,95.5988952465,SH_ST,SH_ST
2731.0,2731.0110981627413,1612.8891028092917,4434.622318418356,221.9681062806596,317.4112854003906,95.443179119731,SH_ST,SH_ST
2732.0,2732.0110986544137,1611.9472935202666,4434.286170737854,221.96711464375664,317.237548828125,95.27043418436836,SH_ST,SH_ST
2733.0,2733.011099146085,1611.0054842312418,4433.950023057353,221.9661230068537,317.0205078125,95.0543848056463,SH_ST,SH_ST
2734.0,2734.0110996377566,1610.063674942217,4433.613875376852,221.9651313699508,316.803466796875,94.8383354269242,SH_ST,SH_ST
2735.0,2735.0111001294285,1609.1218656534404,4433.277727695654,221.96413973304783,316.58642578125,94.62228604820216,SH_ST,SH_ST
2736.0,2736.0111006211,1608.1800563649258,4432.941580013724,221.9631480961449,316.369384765625,94.40623666948012,SH_ST,SH_ST
2737.0,2737.011101112772,1607.238247076411,4432.605432331793,221.962156459242,316.15234375,94.190187290758,SH_ST,SH_ST
2738.0,2738.011101604444,1606.296437787896,4432.269284649863,221.96116482233904,315.935302734375,93.97413791203596,SH_ST,SH_ST
2739.0,2739.011102096116,1605.3546284993815,4431.933136967932,221.9601731854361,315.71826171875,93.7580885333139,SH_ST,SH_ST
2740.0,2740.011102587787,1604.4128192108667,4431.596989286002,221.9591815485332,315.501220703125,93.5420391545918,SH_ST,SH_ST
2741.0,2741.0111030794587,1603.4710099222864,4431.260841604255,221.95818991163023,315.1749267578125,93.21673684618229,SH_ST,SH_ST
2742.0,2742.0111035711307,1602.5292006332625,4430.924693923751,221.9571982747273,314.7704467773437,92.81324850261646,SH_ST,SH_ST
2743.0,2743.0111040628026,1601.5873913442383,4430.588546243247,221.9562066378244,314.3659973144531,92.40979067662872,SH_ST,SH_ST
2744.0,2744.0111045544745,1600.6455820552146,4430.252398562742,221.95521500092144,313.9615478515625,92.00633285064106,SH_ST,SH_ST
2745.0,2745.0111050461464,1599.7037727661907,4429.916250882238,221.9542233640185,313.5570678710937,91.60284450707525,SH_ST,SH_ST
2746.0,2746.011105537818,1598.761963477167,4429.580103201734,221.9532317271156,313.1526184082031,91.19938668108752,SH_ST,SH_ST
2747.0,2747.01110602949,1597.820154188143,4429.2439555212295,221.95224009021263,312.7481689453125,90.79592885509987,SH_ST,SH_ST
2748.0,2748.0111065211618,1596.8783448991185,4428.907807840727,221.9512484533097,312.3437194824219,90.3924710291122,SH_ST,SH_ST
2749.0,2749.0111070128337,1595.9365356100934,4428.571660160226,221.9502568164068,311.9392395019531,89.98898268554632,SH_ST,SH_ST
2750.0,2750.011107504505,1594.9947263210686,4428.235512479725,221.94926517950384,311.5347900390625,89.58552485955866,SH_ST,SH_ST
2751.0,2751.0111079961766,1594.0529170320438,4427.899364799224,221.9482735426009,311.1303405761719,89.18206703357097,SH_ST,SH_ST
2752.0,2752.011108487848,1593.111107743019,4427.563217118723,221.947281905698,310.72589111328125,88.77860920758326,SH_ST,SH_ST
2753.0,2753.01110897952,1592.169298453994,4427.227069438221,221.94629026879505,310.3214111328125,88.37512086401745,SH_ST,SH_ST
2754.0,2754.0111094711915,1591.227489164969,4426.89092175772,221.9452986318921,309.9169616699219,87.97166303802979,SH_ST,SH_ST
2755.0,2755.011109962863,1590.2856798759442,4426.554774077219,221.9443069949892,309.51251220703125,87.56820521204205,SH_ST,SH_ST
2756.0,2756.011110454535,1589.3438705869194,4426.218626396717,221.94331535808624,309.1080322265625,87.16471686847626,SH_ST,SH_ST
2757.0,2757.011110946207,1588.4020612978943,4425.882478716216,221.9423237211833,308.71807861328125,86.77575489209795,SH_ST,SH_ST
2758.0,2758.0111114378783,1587.4602520088697,4425.5463310357145,221.9413320842804,308.330322265625,86.38899018134461,SH_ST,SH_ST
2759.0,2759.01111192955,1586.5184427198446,4425.210183355213,221.94034044737745,307.94256591796875,86.0022254705913,SH_ST,SH_ST
2760.0,2760.0111124212217,1585.576633430848,4424.874035674633,221.9393488104745,307.5547790527344,85.61543024225986,SH_ST,SH_ST
2761.0,2761.0111129128936,1584.6348241423343,4424.537887992699,221.9383571735716,307.1670227050781,85.22866553150652,SH_ST,SH_ST
2762.0,2762.011113404565,1583.6930148538204,4424.201740310767,221.93736553666864,306.7567138671875,84.81934833051886,SH_ST,SH_ST
2763.0,2763.011113896237,1582.7512055653067,4423.865592628833,221.9363738997657,306.2752380371094,84.33886413734368,SH_ST,SH_ST
2764.0,2764.011114387909,1581.809396276793,4423.529444946899,221.9353822628628,305.79376220703125,83.85837994416846,SH_ST,SH_ST
2765.0,2765.011114879581,1580.8675869882793,4423.193297264966,221.93439062595985,305.3160705566406,83.38167993068078,SH_ST,SH_ST
2766.0,2766.0111153712523,1579.9257776997654,4422.857149583033,221.9333989890569,304.8647766113281,82.93137762227121,SH_ST,SH_ST
2767.0,2767.011115862924,1578.983968410883,4422.521001902132,221.932407352154,304.4134521484375,82.4810447962835,SH_ST,SH_ST
2768.0,2768.011116354596,1578.0421591218403,4422.184854221679,221.93141571525103,303.9621276855469,82.03071197029584,SH_ST,SH_ST
2769.0,2769.011116846268,1577.1003498327982,4421.848706541227,221.9304240783481,303.5108337402344,81.58040966188628,SH_ST,SH_ST
2770.0,2770.01111733794,1576.1585405437556,4421.512558860775,221.9294324414452,303.0595092773437,81.13007683589856,SH_ST,SH_ST
2771.0,2771.0111178296115,1575.216731254713,4421.176411180323,221.92844080454225,302.6081848144531,80.67974400991088,SH_ST,SH_ST
2772.0,2772.011118321283,1574.2749219656707,4420.840263499871,221.9274491676393,302.1568908691406,80.22944170150132,SH_ST,SH_ST
2773.0,2773.011118812955,1573.333112676634,4420.504115819403,221.9264575307364,301.70556640625,79.7791088755136,SH_ST,SH_ST
2774.0,2774.0111193046264,1572.3913033876092,4420.167968138901,221.92546589383343,301.2542419433594,79.32877604952594,SH_ST,SH_ST
2775.0,2775.011119796298,1571.4494940985844,4419.8318204584,221.9244742569305,300.8029479980469,78.87847374111638,SH_ST,SH_ST
2776.0,2776.0111202879693,1570.5076848095596,4419.495672777899,221.9234826200276,300.35162353515625,78.42814091512864,SH_ST,SH_ST
2777.0,2777.0111207796413,1569.5658755205343,4419.159525097398,221.92249098312465,299.9002990722656,77.97780808914098,SH_ST,SH_ST
2778.0,2778.011121271313,1568.6240662315097,4418.823377416896,221.9214993462217,299.4490051269531,77.52750578073142,SH_ST,SH_ST
2779.0,2779.0111217629847,1567.6822569424849,4418.4872297363945,221.9205077093188,298.9976806640625,77.0771729547437,SH_ST,SH_ST
2780.0,2780.0111222546566,1566.7404476539614,4418.151082054488,221.91951607241583,298.5463562011719,76.62684012875604,SH_ST,SH_ST
2781.0,2781.0111227463285,1565.7986383654477,4417.8149343725545,221.9185244355129,298.0950622558594,76.17653782034648,SH_ST,SH_ST
2782.0,2782.011123238,1564.856829076934,4417.478786690622,221.91753279860995,297.64373779296875,75.7262049943588,SH_ST,SH_ST
2783.0,2783.011123729672,1563.9150197884203,4417.142639008688,221.91654116170704,297.1924133300781,75.27587216837108,SH_ST,SH_ST
2784.0,2784.011124221344,1562.9732104999066,4416.806491326754,221.9155495248041,296.9515075683594,75.03595804355527,SH_ST,SH_ST
2785.0,2785.011124713016,1562.031401211393,4416.470343644821,221.9145578879012,296.7344970703125,74.8199391824113,SH_ST,SH_ST
2786.0,2786.011125204688,1561.0895919225604,4416.13419596378,221.91356625099823,296.5174560546875,74.60388980368927,SH_ST,SH_ST
2787.0,2787.011125696359,1560.1477826335356,4415.798048283279,221.9125746140953,296.3004150390625,74.38784042496721,SH_ST,SH_ST
2788.0,2788.01112618803,1559.2059733445108,4415.461900602778,221.91158297719235,296.0833740234375,74.17179104624515,SH_ST,SH_ST
2789.0,2789.0111266797026,1558.2641640554857,4415.125752922277,221.91059134028944,295.8663330078125,73.95574166752306,SH_ST,SH_ST
2790.0,2790.0111271713745,1557.3223547664609,4414.789605241775,221.9095997033865,295.6492919921875,73.739692288801,SH_ST,SH_ST
2791.0,2791.011127663046,1556.380545477436,4414.453457561273,221.9086080664836,295.4322509765625,73.5236429100789,SH_ST,SH_ST
2792.0,2792.0111281547174,1555.4387361884174,4414.117309880755,221.90761642958063,295.2152099609375,73.30759353135687,SH_ST,SH_ST
2793.0,2793.011128646389,1554.4969268994157,4413.781162200189,221.9066247926777,294.9981689453125,73.09154415263481,SH_ST,SH_ST
2794.0,2794.011129138061,1553.5551176104138,4413.445014519622,221.90563315577475,294.7811279296875,72.87549477391275,SH_ST,SH_ST
2795.0,2795.0111296297323,1552.6133083214122,4413.108866839057,221.90464151887184,294.5640869140625,72.65944539519066,SH_ST,SH_ST
2796.0,2796.011130121404,1551.6714990324106,4412.77271915849,221.9036498819689,294.3470458984375,72.4433960164686,SH_ST,SH_ST
2797.0,2797.011130613076,1550.7296897434087,4412.436571477923,221.902658245066,294.1300048828125,72.2273466377465,SH_ST,SH_ST
2798.0,2798.011131104748,1549.787880454407,4412.1004237973575,221.90166660816303,293.9129638671875,72.01129725902447,SH_ST,SH_ST
2799.0,2799.0111315964195,1548.8460711653852,4411.764276116847,221.9006749712601,293.63751220703125,71.73683723577116,SH_ST,SH_ST
2800.0,2800.0111320880915,1547.9042618763613,4411.428128436343,221.89968333435715,293.36016845703125,71.4604851226741,SH_ST,SH_ST
2801.0,2801.011132579763,1546.9624525873376,4411.091980755839,221.89869169745424,293.0827941894531,71.18410249199889,SH_ST,SH_ST
2802.0,2802.011133071435,1546.0206432983136,4410.755833075335,221.8977000605513,292.8054504394531,70.90775037890182,SH_ST,SH_ST
2803.0,2803.011133563108,1545.0788340092895,4410.419685394831,221.8967084236484,292.528076171875,70.63136774822661,SH_ST,SH_ST
2804.0,2804.0111340547787,1544.1370247202658,4410.083537714327,221.89571678674545,292.250732421875,70.35501563512955,SH_ST,SH_ST
2805.0,2805.01113454645,1543.1952154315088,4409.747390033074,221.8947251498425,291.94732666015625,70.05260151031376,SH_ST,SH_ST
2806.0,2806.0111350381226,1542.2534061429708,4409.411242351209,221.89373351293955,291.62310791015625,69.7293743972167,SH_ST,SH_ST
2807.0,2807.011135529794,1541.311596854433,4409.075094669343,221.89274187603664,291.29888916015625,69.40614728411961,SH_ST,SH_ST
2808.0,2808.011136021466,1540.369787565895,4408.738946987477,221.8917502391337,290.9747009277344,69.08295068860068,SH_ST,SH_ST
2809.0,2809.011136513138,1539.427978277357,4408.402799305612,221.8907586022308,290.6504821777344,68.75972357550359,SH_ST,SH_ST
2810.0,2810.01113700481,1538.486168988819,4408.066651623746,221.88976696532785,290.3262634277344,68.43649646240652,SH_ST,SH_ST
2811.0,2811.0111374964813,1537.5443597001888,4407.730503942139,221.88877532842488,290.0020446777344,68.11326934930949,SH_ST,SH_ST
2812.0,2812.011137988153,1536.6025504111694,4407.394356261621,221.88778369152195,289.6778259277344,67.79004223621243,SH_ST,SH_ST
2813.0,2813.011138479825,1535.66074112215,4407.058208581105,221.88679205461904,289.3536376953125,67.46684564069346,SH_ST,SH_ST
2814.0,2814.0111389714966,1534.718931833131,4406.722060900588,221.8858004177161,289.0294189453125,67.1436185275964,SH_ST,SH_ST
2815.0,2815.0111394631685,1533.7771225441115,4406.385913220071,221.8848087808132,288.7052001953125,66.82039141449931,SH_ST,SH_ST
2816.0,2816.0111399548405,1532.8353132550922,4406.049765539554,221.88381714391025,288.3809814453125,66.49716430140225,SH_ST,SH_ST
2817.0,2817.0111404465124,1531.8935039660728,4405.713617859036,221.88282550700728,288.0243530273437,66.14152752033647,SH_ST,SH_ST
2818.0,2818.011140938184,1530.9516946770498,4405.3774701785305,221.8818338701044,287.666748046875,65.78491417677063,SH_ST,SH_ST
2819.0,2819.011141429856,1530.009885388026,4405.041322498026,221.88084223320143,287.3091125488281,65.42827031562669,SH_ST,SH_ST
2820.0,2820.011141921528,1529.068076099002,4404.705174817522,221.8798505962985,286.9515075683594,65.07165697206088,SH_ST,SH_ST
2821.0,2821.0111424132,1528.126266809978,4404.369027137018,221.8788589593956,286.5939025878906,64.71504362849504,SH_ST,SH_ST
2822.0,2822.011142904872,1527.1844575209543,4404.032879456513,221.87786732249265,286.2362976074219,64.35843028492923,SH_ST,SH_ST
2823.0,2823.0111433965435,1526.2426482319304,4403.696731776009,221.87687568558968,285.8786926269531,64.00181694136344,SH_ST,SH_ST
2824.0,2824.0111438882154,1525.3008389431486,4403.360584094827,221.8758840486868,285.5210876464844,63.6452035977976,SH_ST,SH_ST
2825.0,2825.011144379888,1524.3590296546338,4403.024436412896,221.87489241178383,285.1634826660156,63.28859025423179,SH_ST,SH_ST
2826.0,2826.011144871559,1523.417220366119,4402.688288730966,221.8739007748809,284.77587890625,62.90197813136911,SH_ST,SH_ST
2827.0,2827.0111453632308,1522.4754110776043,4402.352141049035,221.872909137978,284.2777099609375,62.40480082295949,SH_ST,SH_ST
2828.0,2828.011145854902,1521.5336017890895,4402.015993367105,221.87191750107505,283.779541015625,61.907623514549954,SH_ST,SH_ST
2829.0,2829.011146346574,1520.591792500575,4401.679845685174,221.87092586417208,283.2813720703125,61.41044620614042,SH_ST,SH_ST
2830.0,2830.011146838246,1519.649983212,4401.343698003411,221.8699342272692,282.783203125,60.91326889773083,SH_ST,SH_ST
2831.0,2831.011147329917,1518.7081739229752,4401.00755032291,221.86894259036623,282.2850341796875,60.41609158932127,SH_ST,SH_ST
2832.0,2832.011147821589,1517.7663646339504,4400.671402642409,221.8679509534633,281.8113098144531,59.94335886098983,SH_ST,SH_ST
2833.0,2833.0111483132605,1516.8245553449256,4400.335254961908,221.86695931656035,281.3432922363281,59.47633291976777,SH_ST,SH_ST
2834.0,2834.0111488049324,1515.8827460559005,4399.999107281406,221.86596767965744,280.8752746582031,59.00930697854568,SH_ST,SH_ST
2835.0,2835.011149296604,1514.9409367668757,4399.662959600905,221.86497604275448,280.40728759765625,58.54231155490177,SH_ST,SH_ST
2836.0,2836.011149788276,1513.9991274778508,4399.326811920404,221.8639844058516,279.93927001953125,58.07528561367968,SH_ST,SH_ST
2837.0,2837.011150279948,1513.057318188827,4398.9906642399,221.86299276894863,279.47125244140625,57.60825967245762,SH_ST,SH_ST
2838.0,2838.011150771619,1512.1155088998028,4398.654516559396,221.8620011320457,279.00323486328125,57.14123373123556,SH_ST,SH_ST
2839.0,2839.011151263291,1511.1736996107788,4398.318368878891,221.86100949514275,278.53521728515625,56.6742077900135,SH_ST,SH_ST
2840.0,2840.0111517549626,1510.2318903217551,4397.982221198387,221.8600178582398,278.06719970703125,56.20718184879146,SH_ST,SH_ST
2841.0,2841.0111522466345,1509.2900810327312,4397.646073517883,221.85902622133688,277.59918212890625,55.740155907569374,SH_ST,SH_ST
2842.0,2842.0111527383065,1508.3482717437073,4397.309925837379,221.858034584434,277.13116455078125,55.27312996634728,SH_ST,SH_ST
2843.0,2843.0111532299784,1507.406462454683,4396.973778156876,221.85704294753103,276.66314697265625,54.80610402512522,SH_ST,SH_ST
2844.0,2844.01115372165,1506.464653165658,4396.637630476374,221.8560513106281,276.19512939453125,54.33907808390316,SH_ST,SH_ST
2845.0,2845.0111542133213,1505.5228438766333,4396.301482795873,221.85505967372515,275.72711181640625,53.8720521426811,SH_ST,SH_ST
2846.0,2846.011154704993,1504.5810345876084,4395.965335115372,221.8540680368222,275.25909423828125,53.40502620145904,SH_ST,SH_ST
2847.0,2847.0111551966643,1503.6392252985836,4395.629187434871,221.85307639991927,274.79107666015625,52.938000260236976,SH_ST,SH_ST
2848.0,2848.011155688336,1502.6974160095583,4395.29303975437,221.8520847630164,274.1190490722656,52.26696430924926,SH_ST,SH_ST
2849.0,2849.011156180008,1501.755606720556,4394.956892073806,221.85109312611343,273.4167785644531,51.5656854383397,SH_ST,SH_ST
2850.0,2850.01115667168,1500.8137974320423,4394.620744391872,221.8501014892105,272.7144775390625,50.86437604985201,SH_ST,SH_ST
2851.0,2851.0111571633515,1499.8719881435286,4394.284596709938,221.84910985230755,272.0121765136719,50.163066661364326,SH_ST,SH_ST
2852.0,2852.011157655023,1498.930178855015,4393.948449028006,221.8481182154046,271.3099060058594,49.46178779045477,SH_ST,SH_ST
2853.0,2853.011158146695,1497.988369566501,4393.612301346072,221.84712657850167,270.60760498046875,48.76047840196708,SH_ST,SH_ST
2854.0,2854.011158638367,1497.0465602779873,4393.276153664138,221.8461349415988,269.9053039550781,48.05916901347936,SH_ST,SH_ST
2855.0,2855.011159130039,1496.1047509894736,4392.940005982205,221.84514330469585,269.2030334472656,47.35789014256977,SH_ST,SH_ST
2856.0,2856.0111596217107,1495.1629417005972,4392.603858301287,221.8441516677929,268.500732421875,46.656580754082114,SH_ST,SH_ST
2857.0,2857.011160113382,1494.221132411555,4392.267710620835,221.84316003088995,267.7984313964844,45.95527136559443,SH_ST,SH_ST
2858.0,2858.011160605054,1493.2793231225123,4391.931562940383,221.842168393987,267.0961608886719,45.25399249468487,SH_ST,SH_ST
2859.0,2859.011161096726,1492.3375138334698,4391.595415259931,221.84117675708407,266.39385986328125,44.55268310619718,SH_ST,SH_ST
2860.0,2860.011161588398,1491.3957045444272,4391.259267579479,221.8401851201812,265.6915588378906,43.85137371770946,SH_ST,SH_ST
2861.0,2861.0111620800694,1490.4538952553849,4390.9231198990265,221.8391934832782,264.9892883300781,43.15009484679993,SH_ST,SH_ST
2862.0,2862.011162571741,1489.512085966348,4390.586972218559,221.83820184637528,264.2869873046875,42.448785458312216,SH_ST,SH_ST
2863.0,2863.0111630634124,1488.5702766773231,4390.250824538058,221.83721020947235,263.5846862792969,41.74747606982453,SH_ST,SH_ST
2864.0,2864.0111635550843,1487.6284673882983,4389.914676857556,221.8362185725694,262.8824157714844,41.04619719891497,SH_ST,SH_ST
2865.0,2865.011164046756,1486.6866580992737,4389.578529177054,221.83522693566647,262.23931884765625,40.40409191198978,SH_ST,SH_ST
2866.0,2866.011164538428,1485.7448488102486,4389.242381496553,221.8342352987636,261.62750244140625,39.79326714264269,SH_ST,SH_ST
2867.0,2867.0111650301,1484.8030395212236,4388.906233816052,221.8332436618606,261.01568603515625,39.18244237329566,SH_ST,SH_ST
2868.0,2868.011165521771,1483.8612302321987,4388.570086135551,221.83225202495768,260.40386962890625,38.57161760394857,SH_ST,SH_ST
2869.0,2869.0111660134426,1482.9194209431964,4388.233938454987,221.8312603880548,259.7177734375,37.88651304944523,SH_ST,SH_ST
2870.0,2870.0111665051145,1481.9776116541946,4387.89779077442,221.8302687511518,258.9654235839844,37.13515483283257,SH_ST,SH_ST
2871.0,2871.0111669967864,1481.035802365193,4387.5616430938535,221.82927711424887,258.2130432128906,36.38376609864176,SH_ST,SH_ST
2872.0,2872.011167488458,1480.0939930761913,4387.225495413288,221.828285477346,257.4606628417969,35.63237736445092,SH_ST,SH_ST
2873.0,2873.01116798013,1479.1521837871894,4386.889347732721,221.827293840443,256.7082824707031,34.880988630260134,SH_ST,SH_ST
2874.0,2874.0111684718013,1478.2103744981878,4386.553200052155,221.82630220354008,255.95591735839844,34.12961515485836,SH_ST,SH_ST
2875.0,2875.011168963473,1477.2685652094704,4386.217052370792,221.8253105666372,255.2035369873047,33.37822642066752,SH_ST,SH_ST
2876.0,2876.0111694551447,1476.3267559209337,4385.880904688924,221.8243189297342,254.4700469970703,32.64572806733611,SH_ST,SH_ST
2877.0,2877.011169946816,1475.3849466323966,4385.544757007056,221.82332729283127,253.9681091308593,32.14478183802811,SH_ST,SH_ST
2878.0,2878.0111704384885,1474.4431373438597,4385.208609325186,221.8223356559284,253.46617126464844,31.64383560872008,SH_ST,SH_ST
2879.0,2879.01117093016,1473.5013280553228,4384.872461643318,221.8213440190254,252.9642333984375,31.14288937941211,SH_ST,SH_ST
2880.0,2880.0111714218315,1472.559518766786,4384.53631396145,221.82035238212248,252.46229553222656,30.641943150104083,SH_ST,SH_ST
2881.0,2881.0111719135034,1471.617709478125,4384.200166279928,221.8193607452196,251.96034240722656,30.140981662007,SH_ST,SH_ST
2882.0,2882.011172405175,1470.6759001891005,4383.864018599427,221.8183691083166,251.4584045410156,29.640035432699023,SH_ST,SH_ST
2883.0,2883.011172896847,1469.7340909000752,4383.527870918926,221.8173774714137,250.9564666748047,29.139089203390995,SH_ST,SH_ST
2884.0,2884.0111733885187,1468.7922816110504,4383.191723238424,221.81638583451075,250.4545288085937,28.638142974083,SH_ST,SH_ST
2885.0,2885.01117388019,1467.8504723220256,4382.855575557923,221.8153941976078,249.9525909423828,28.137196744775025,SH_ST,SH_ST
2886.0,2886.0111743718617,1466.9086630330007,4382.519427877422,221.81440256070488,249.45065307617188,27.636250515467,SH_ST,SH_ST
2887.0,2887.011174863533,1465.966853743976,4382.18328019692,221.813410923802,248.9487152099609,27.13530428615897,SH_ST,SH_ST
2888.0,2888.0111753552046,1465.0250444549729,4381.847132516358,221.812419286899,248.44677734375,26.634358056851,SH_ST,SH_ST
2889.0,2889.0111758468765,1464.083235165972,4381.510984835789,221.8114276499961,247.94483947753903,26.13341182754297,SH_ST,SH_ST
2890.0,2890.011176338548,1463.1414258769712,4381.17483715522,221.81043601309312,247.52130126953125,25.71086525643813,SH_ST,SH_ST
2891.0,2891.01117683022,1462.1996165879705,4380.838689474651,221.80944437619016,247.4410552978516,25.631610921661405,SH_ST,SH_ST
2892.0,2892.011177321892,1461.2578072989695,4380.5025417940815,221.80845273928728,247.36080932617188,25.5523565868846,SH_ST,SH_ST
2893.0,2893.011177813564,1460.315998009969,4380.166394113512,221.8074611023844,247.2805633544922,25.47310225210782,SH_ST,SH_ST
2894.0,2894.011178305235,1459.3741887212173,4379.830246432246,221.8064694654814,247.2003173828125,25.3938479173311,SH_ST,SH_ST
2895.0,2895.0111787969067,1458.4323794326792,4379.4940987503805,221.8054778285785,247.1200714111328,25.314593582554323,SH_ST,SH_ST
2896.0,2896.0111792885787,1457.4905701441412,4379.157951068514,221.80448619167552,247.03982543945312,25.235339247777603,SH_ST,SH_ST
2897.0,2897.0111797802506,1456.5487608556032,4378.821803386649,221.80349455477256,246.95957946777344,25.15608491300088,SH_ST,SH_ST
2898.0,2898.011180271922,1455.6069515670654,4378.485655704783,221.80250291786967,246.7743530273437,24.97185010947408,SH_ST,SH_ST
2899.0,2899.011180763594,1454.6651422785274,4378.149508022918,221.8015112809668,246.4830017089844,24.68149042801761,SH_ST,SH_ST
2900.0,2900.011181255265,1453.723332989906,4377.813360341286,221.8005196440638,246.191635131836,24.39111548777214,SH_ST,SH_ST
2901.0,2901.0111817469374,1452.781523700904,4377.47721266072,221.7995280071609,245.9002685546875,24.100740547526613,SH_ST,SH_ST
2902.0,2902.0111822386093,1451.8397144119024,4377.141064980154,221.79853637025792,245.60890197753903,23.810365607281145,SH_ST,SH_ST
2903.0,2903.011182730281,1450.8979051229007,4376.804917299587,221.79754473335493,245.31753540039065,23.51999066703567,SH_ST,SH_ST
2904.0,2904.0111832219527,1449.956095833899,4376.468769619021,221.79655309645207,245.0261688232422,23.229615726790115,SH_ST,SH_ST
2905.0,2905.0111837136246,1449.0142865448972,4376.132621938455,221.7955614595492,244.7348022460937,22.939240786544588,SH_ST,SH_ST
2906.0,2906.011184205297,1448.0724772558956,4375.796474257888,221.7945698226462,244.4434509277344,22.64888110508818,SH_ST,SH_ST
2907.0,2907.0111846969685,1447.1306679668603,4375.460326577416,221.79357818574329,244.152084350586,22.35850616484265,SH_ST,SH_ST
2908.0,2908.0111851886404,1446.1888586778175,4375.124178896964,221.79258654884032,243.8607177734375,22.06813122459718,SH_ST,SH_ST
2909.0,2909.011185680312,1445.2470493887754,4374.788031216512,221.79159491193727,243.56935119628903,21.77775628435171,SH_ST,SH_ST
2910.0,2910.011186171984,1444.3052400997328,4374.45188353606,221.79060327503447,243.27798461914065,21.487381344106154,SH_ST,SH_ST
2911.0,2911.011186663656,1443.3634308106905,4374.115735855607,221.7896116381316,242.9866180419922,21.197006403860627,SH_ST,SH_ST
2912.0,2912.011187155327,1442.421621521648,4373.779588175155,221.7886200012286,243.16954040527344,21.380920404044844,SH_ST,SH_ST
2913.0,2913.0111876469987,1441.479812232614,4373.44344049468,221.78762836432568,243.44044494628903,21.65281658196338,SH_ST,SH_ST
2914.0,2914.0111881386706,1440.53800294359,4373.107292814175,221.78663672742272,243.7113342285156,21.924697501092908,SH_ST,SH_ST
2915.0,2915.0111886303425,1439.5961936545662,4372.771145133671,221.7856450905197,243.98223876953125,22.1965936790115,SH_ST,SH_ST
2916.0,2916.011189122014,1438.6543843655425,4372.434997453167,221.78465345361687,244.2531280517578,22.468474598140943,SH_ST,SH_ST
2917.0,2917.0111896136864,1437.7125750765183,4372.098849772662,221.783661816714,244.52403259277344,22.74037077605948,SH_ST,SH_ST
2918.0,2918.011190105358,1436.7707657874946,4371.762702092158,221.782670179811,244.95672607421875,23.17405589440776,SH_ST,SH_ST
2919.0,2919.01119059703,1435.8289564985248,4371.426554411502,221.78167854290805,245.6724853515625,23.89080680865445,SH_ST,SH_ST
2920.0,2920.0111910887013,1434.88714721001,4371.090406729572,221.78068690600512,246.3882293701172,24.607542464112072,SH_ST,SH_ST
2921.0,2921.011191580373,1433.9453379214951,4370.754259047641,221.7796952691021,247.10397338867188,25.32427811956973,SH_ST,SH_ST
2922.0,2922.0111920720447,1433.0035286329803,4370.418111365711,221.77870363219927,247.8197326660156,26.04102903381636,SH_ST,SH_ST
2923.0,2923.0111925637166,1432.0617193444657,4370.0819636837805,221.7777119952964,248.5354766845703,26.757764689273955,SH_ST,SH_ST
2924.0,2924.011193055388,1431.119910055951,4369.7458160018505,221.7767203583934,249.2512359619141,27.474515603520672,SH_ST,SH_ST
2925.0,2925.01119354706,1430.1781007674365,4369.40966831992,221.77572872149045,249.96697998046875,28.191251258978298,SH_ST,SH_ST
2926.0,2926.011194038732,1429.23629147854,4369.073520639058,221.7747370845875,250.68272399902344,28.907986914435924,SH_ST,SH_ST
2927.0,2927.011194530404,1428.294482189515,4368.737372958557,221.7737454476845,251.3984832763672,29.62473782868264,SH_ST,SH_ST
2928.0,2928.011195022076,1427.35267290049,4368.401225278056,221.7727538107817,252.11422729492188,30.34147348414018,SH_ST,SH_ST
2929.0,2929.0111955137468,1426.4108636114652,4368.065077597555,221.7717621738788,252.82997131347656,31.058209139597807,SH_ST,SH_ST
2930.0,2930.0111960054182,1425.4690543224403,4367.728929917053,221.7707705369758,253.5457305908203,31.774960053844524,SH_ST,SH_ST
2931.0,2931.01119649709,1424.5272450334155,4367.392782236551,221.76977890007285,254.261474609375,32.49169570930215,SH_ST,SH_ST
2932.0,2932.011196988762,1423.585435744391,4367.056634556049,221.7687872631699,254.9772186279297,33.208431364759775,SH_ST,SH_ST
2933.0,2933.011197480434,1422.643626455367,4366.720486875545,221.76779562626697,255.5990447998047,33.831249173537714,SH_ST,SH_ST
2934.0,2934.011197972106,1421.7018171663433,4366.38433919504,221.7668039893641,256.00762939453125,34.24082540516716,SH_ST,SH_ST
2935.0,2935.011198463778,1420.7600078773194,4366.0481915145365,221.76581235246115,256.3453063964844,34.57949404402322,SH_ST,SH_ST
2936.0,2936.01119895545,1419.8181985882954,4365.712043834033,221.7648207155582,256.6710510253906,34.90623030983244,SH_ST,SH_ST
2937.0,2937.0111994471217,1418.8763892992715,4365.375896153528,221.76382907865525,256.94195556640625,35.178126487751,SH_ST,SH_ST
2938.0,2938.011199938793,1417.934580010264,4365.039748472978,221.7628374417523,257.2128601074219,35.450022665669565,SH_ST,SH_ST
2939.0,2939.011200430465,1416.9927707217494,4364.703600791047,221.76184580484937,257.4837646484375,35.72191884358813,SH_ST,SH_ST
2940.0,2940.011200922137,1416.0509614332343,4364.3674531091165,221.7608541679465,257.754638671875,35.99378450392851,SH_ST,SH_ST
2941.0,2941.011201413808,1415.10915214472,4364.031305427186,221.75986253104352,258.0255432128906,36.2656806818471,SH_ST,SH_ST
2942.0,2942.0112019054795,1414.167342856205,4363.695157745256,221.75887089414056,258.29644775390625,36.53757685976569,SH_ST,SH_ST
2943.0,2943.0112023971515,1413.2255335676905,4363.3590100633255,221.75787925723765,258.5673217773437,36.8094425201061,SH_ST,SH_ST
2944.0,2944.0112028888234,1412.2837242791757,4363.022862381395,221.7568876203347,258.8382263183594,37.081338698024666,SH_ST,SH_ST
2945.0,2945.011203380496,1411.3419149903175,4362.686714700426,221.75589598343177,259.109130859375,37.35323487594323,SH_ST,SH_ST
2946.0,2946.0112038721672,1410.4001057012936,4362.350567019922,221.7549043465289,259.3800048828125,37.62510053628361,SH_ST,SH_ST
2947.0,2947.0112043638387,1409.45829641227,4362.014419339417,221.75391270962592,259.6509094238281,37.8969967142022,SH_ST,SH_ST
2948.0,2948.01120485551,1408.516487123246,4361.678271658913,221.75292107272296,259.9218139648437,38.1688928921208,SH_ST,SH_ST
2949.0,2949.0112053471826,1407.574677834222,4361.342123978409,221.75192943582005,260.1927185058594,38.44078907003933,SH_ST,SH_ST
2950.0,2950.0112058388545,1406.632868545198,4361.005976297904,221.7509377989171,260.17999267578125,38.42905487686414,SH_ST,SH_ST
2951.0,2951.011206330526,1405.6910592561685,4360.669828617417,221.74994616201417,260.13311767578125,38.38317151376708,SH_ST,SH_ST
2952.0,2952.011206822198,1404.749249967126,4360.333680936965,221.7489545251113,260.0862731933594,38.33731866824809,SH_ST,SH_ST
2953.0,2953.01120731387,1403.8074406780834,4359.997533256513,221.74796288820832,260.0394287109375,38.29146582272918,SH_ST,SH_ST
2954.0,2954.0112078055417,1402.8656313890408,4359.661385576061,221.74697125130533,259.8959655761719,38.14899432486652,SH_ST,SH_ST
2955.0,2955.011208297213,1401.9238220999985,4359.325237895609,221.74597961440244,259.239990234375,37.49401061997256,SH_ST,SH_ST
2956.0,2956.011208788885,1400.982012810956,4358.9890902151565,221.7449879774995,258.5840148925781,36.83902691507862,SH_ST,SH_ST
2957.0,2957.011209280557,1400.040203521913,4358.652942534704,221.74399634059657,257.92803955078125,36.18404321018468,SH_ST,SH_ST
2958.0,2958.0112097722285,1399.0983942328878,4358.316794854205,221.74300470369369,257.2720642089844,35.52905950529069,SH_ST,SH_ST
2959.0,2959.0112102639,1398.156584943863,4357.980647173704,221.74201306679072,256.6160888671875,34.87407580039678,SH_ST,SH_ST
2960.0,2960.011210755572,1397.214775654838,4357.644499493203,221.74102142988767,255.9601287841797,34.219107354291936,SH_ST,SH_ST
2961.0,2961.0112112472434,1396.272966365813,4357.308351812701,221.74002979298484,255.3041534423828,33.56412364939797,SH_ST,SH_ST
2962.0,2962.011211738915,1395.3311570767885,4356.9722041322,221.7390381560819,254.648178100586,32.909139944504034,SH_ST,SH_ST
2963.0,2963.011212230587,1394.3893477877634,4356.636056451699,221.73804651917897,253.99221801757807,32.25417149839916,SH_ST,SH_ST
2964.0,2964.0112127222587,1393.4475384990449,4356.299908770339,221.73705488227603,253.3417816162109,31.60472673393491,SH_ST,SH_ST
2965.0,2965.01121321393,1392.50572921053,4355.963761088409,221.73606324537312,252.71597290039065,30.979909655017508,SH_ST,SH_ST
2966.0,2966.011213705602,1391.5639199220152,4355.627613406478,221.7350716084701,252.09014892578125,30.3550773173111,SH_ST,SH_ST
2967.0,2967.0112141972736,1390.6221106335006,4355.291465724548,221.73407997156724,251.4643402099609,29.730260238393697,SH_ST,SH_ST
2968.0,2968.011214688945,1389.6803013449858,4354.955318042617,221.7330883346643,250.83853149414065,29.105443159476323,SH_ST,SH_ST
2969.0,2969.011215180617,1388.738492056471,4354.619170360686,221.73209669776136,250.2127227783203,28.48062608055895,SH_ST,SH_ST
2970.0,2970.011215672289,1387.7966827678329,4354.283022679102,221.73110506085845,249.5869140625,27.855809001641543,SH_ST,SH_ST
2971.0,2971.011216163961,1386.854873478809,4353.946874998598,221.73011342395552,248.96109008789065,27.23097666393511,SH_ST,SH_ST
2972.0,2972.011216655633,1385.913064189785,4353.610727318093,221.7291217870525,248.3352813720703,26.606159585017764,SH_ST,SH_ST
2973.0,2973.0112171473047,1384.971254900761,4353.274579637589,221.72813015014964,247.70947265625,25.98134250610036,SH_ST,SH_ST
2974.0,2974.011217638976,1384.0294456117374,4352.938431957085,221.7271385132467,247.0836639404297,25.356525427182987,SH_ST,SH_ST
2975.0,2975.011218130648,1383.0876363227137,4352.602284276581,221.72614687634376,246.4578552246093,24.731708348265613,SH_ST,SH_ST
2976.0,2976.01121862232,1382.1458270336896,4352.266136596077,221.7251552394408,246.02325439453125,24.29809915509045,SH_ST,SH_ST
2977.0,2977.0112191139915,1381.2040177446647,4351.929988915575,221.7241636025379,245.63172912597656,23.90756552343865,SH_ST,SH_ST
2978.0,2978.0112196056634,1380.26220845564,4351.593841235073,221.7231719656349,245.2401885986328,23.517016632997866,SH_ST,SH_ST
2979.0,2979.011220097335,1379.320399166615,4351.257693554572,221.72218032873204,244.84864807128903,23.126467742557026,SH_ST,SH_ST
2980.0,2980.0112205890064,1378.3785898775902,4350.921545874071,221.7211886918291,244.4571075439453,22.73591885211621,SH_ST,SH_ST
2981.0,2981.011221080678,1377.4367805885654,4350.58539819357,221.72019705492616,244.60125732421875,22.88106026929259,SH_ST,SH_ST
2982.0,2982.0112215723498,1376.4949712995403,4350.249250513069,221.7192054180232,245.48074340820312,23.76153799017993,SH_ST,SH_ST
2983.0,2983.011222064021,1375.5531620107847,4349.913102831813,221.7182137811203,246.36021423339844,24.64200045227813,SH_ST,SH_ST
2984.0,2984.011222555693,1374.6113527222708,4349.57695514988,221.71722214421737,247.2396850585937,25.522462914376376,SH_ST,SH_ST
2985.0,2985.011223047365,1373.669543433757,4349.240807467946,221.71623050731444,248.11915588378903,26.402925376474627,SH_ST,SH_ST
2986.0,2986.011223539037,1372.7277341452434,4348.904659786012,221.7152388704115,248.9986267089844,27.28338783857288,SH_ST,SH_ST
2987.0,2987.0112240307085,1371.7859248567297,4348.56851210408,221.71424723350856,249.8780975341797,28.16385030067113,SH_ST,SH_ST
2988.0,2988.0112245223804,1370.844115568216,4348.232364422146,221.7132555966056,250.757568359375,29.044312762769408,SH_ST,SH_ST
2989.0,2989.0112250140523,1369.902306279616,4347.896216740453,221.7122639597027,251.6370391845703,29.9247752248676,SH_ST,SH_ST
2990.0,2990.011225505724,1368.960496990591,4347.560069059952,221.71127232279977,252.5165100097656,30.805237686965853,SH_ST,SH_ST
2991.0,2991.011225997396,1368.0186877015665,4347.223921379451,221.71028068589683,253.3959808349609,31.685700149064104,SH_ST,SH_ST
2992.0,2992.011226489067,1367.0768784125414,4346.88777369895,221.7092890489939,254.27545166015625,32.566162611162355,SH_ST,SH_ST
2993.0,2993.0112269807387,1366.1350691235166,4346.551626018449,221.70829741209096,255.1549224853516,33.446625073260606,SH_ST,SH_ST
2994.0,2994.0112274724106,1365.1932598344915,4346.215478337947,221.707305775188,256.0343933105469,34.327087535358885,SH_ST,SH_ST
2995.0,2995.011227964082,1364.2514505454667,4345.879330657446,221.7063141382851,256.91387939453125,35.20756525624614,SH_ST,SH_ST
2996.0,2996.0112284557536,1363.3096412564464,4345.543182976932,221.70532250138217,257.70416259765625,35.99884009627408,SH_ST,SH_ST
2997.0,2997.011228947425,1362.367831967427,4345.207035296415,221.70433086447923,257.8462219238281,36.14189105934889,SH_ST,SH_ST
2998.0,2998.0112294390974,1361.4260226784077,4344.870887615898,221.7033392275763,257.5785522460937,35.87521301851746,SH_ST,SH_ST
2999.0,2999.0112299307693,1360.4842133893883,4344.5347399353805,221.70234759067336,257.3108825683594,35.60853497768602,SH_ST,SH_ST
3000.0,3000.011230422441,1359.5424041003691,4344.198592254864,221.7013559537704,257.043212890625,35.34185693685461,SH_ST,SH_ST
3001.0,3001.0112309141127,1358.6005948113498,4343.862444574347,221.7003643168675,256.7755432128906,35.07517889602312,SH_ST,SH_ST
3002.0,3002.0112314057847,1357.658785522328,4343.526296893837,221.69937267996457,256.50787353515625,34.80850085519168,SH_ST,SH_ST
3003.0,3003.011231897456,1356.716976233303,4343.190149213336,221.69838104306163,256.2402038574219,34.541822814360245,SH_ST,SH_ST
3004.0,3004.011232389128,1355.7751669442782,4342.854001532834,221.6973894061587,255.97254943847656,34.27516003231787,SH_ST,SH_ST
3005.0,3005.0112328807995,1354.8333576552532,4342.517853852333,221.69639776925573,255.7048797607422,34.00848199148646,SH_ST,SH_ST
3006.0,3006.011233372471,1353.8915483662283,4342.181706171832,221.6954061323528,255.43722534179688,33.74181920944409,SH_ST,SH_ST
3007.0,3007.011233864143,1352.9497390772035,4341.84555849133,221.6944144954499,255.1695556640625,33.475141168612595,SH_ST,SH_ST
3008.0,3008.011234355815,1352.0079297882269,4341.509410810693,221.69342285854697,254.90188598632807,33.20846312778116,SH_ST,SH_ST
3009.0,3009.011234847487,1351.0661204997132,4341.17326312876,221.69243122164403,254.6342163085937,32.94178508694972,SH_ST,SH_ST
3010.0,3010.0112353391582,1350.1243112111997,4340.837115446827,221.6914395847411,254.36656188964844,32.67512230490735,SH_ST,SH_ST
3011.0,3011.01123583083,1349.1825019226858,4340.500967764893,221.69044794783807,254.0988922119141,32.40844426407594,SH_ST,SH_ST
3012.0,3012.0112363225016,1348.240692634172,4340.16482008296,221.6894563109352,253.8312225341797,32.141766223244474,SH_ST,SH_ST
3013.0,3013.011236814174,1347.2988833456582,4339.828672401026,221.6884646740323,254.1675262451172,32.479061571084884,SH_ST,SH_ST
3014.0,3014.011237305845,1346.3570740571445,4339.492524719093,221.68747303712937,254.53536987304688,32.84789683591751,SH_ST,SH_ST
3015.0,3015.011237797517,1345.4152647682542,4339.156377038215,221.68648140022643,254.9031982421875,33.21671684196107,SH_ST,SH_ST
3016.0,3016.011238289189,1344.4734554792294,4338.820229357713,221.6854897633235,255.2710418701172,33.5855521067937,SH_ST,SH_ST
3017.0,3017.011238780861,1343.5316461902044,4338.484081677212,221.6844981264205,255.63888549804688,33.95438737162635,SH_ST,SH_ST
3018.0,3018.0112392725327,1342.5898369011795,4338.14793399671,221.6835064895176,255.9697723388672,34.286265849349576,SH_ST,SH_ST
3019.0,3019.011239764204,1341.6480276121547,4337.811786316209,221.6825148526147,256.0564880371094,34.37397318449467,SH_ST,SH_ST
3020.0,3020.011240255876,1340.70621832313,4337.475638635708,221.68152321571176,256.1431884765625,34.46166526085074,SH_ST,SH_ST
3021.0,3021.0112406884427,1339.764318887652,4337.139743808065,221.68053157880885,256.22979736328125,34.5492657844724,SH_ST,SH_ST
3022.0,3022.0112411801147,1338.8222715754282,4336.804263761665,221.6795399419059,256.31622314453125,34.63668320262536,SH_ST,SH_ST
3023.0,3023.0112416717866,1337.8802242654135,4336.468783709062,221.6785483050029,256.40264892578125,34.72410062077833,SH_ST,SH_ST
3024.0,3024.011242163458,1336.9381769536567,4336.133303661352,221.6775566681,256.48907470703125,34.81151803893124,SH_ST,SH_ST
3025.0,3025.01124265513,1335.9961296412662,4335.79782361542,221.6765650311971,256.57550048828125,34.89893545708415,SH_ST,SH_ST
3026.0,3026.011243146801,1335.0540823290844,4335.462343568904,221.67557339429416,256.66192626953125,34.98635287523709,SH_ST,SH_ST
3027.0,3027.0112436384734,1334.11203501907,4335.126863516301,221.6745817573912,256.74835205078125,35.073770293390055,SH_ST,SH_ST
3028.0,3028.0112441301453,1333.1699877073363,4334.791383468525,221.67359012048829,256.8348083496094,35.16121822912109,SH_ST,SH_ST
3029.0,3029.0112446218177,1332.22794039496,4334.455903422553,221.6725984835853,256.9212341308594,35.24863564727406,SH_ST,SH_ST
3030.0,3030.011245113489,1331.2858930825416,4334.120423376701,221.6716068466824,257.0076599121094,35.33605306542697,SH_ST,SH_ST
3031.0,3031.011245605161,1330.3438457701998,4333.784943330633,221.6706152097795,257.0673828125,35.3967676027205,SH_ST,SH_ST
3032.0,3032.011246096833,1329.4017984596142,4333.449463279633,221.66962357287656,257.12359619140625,35.45397261852969,SH_ST,SH_ST
3033.0,3033.011246588505,1328.4597511486068,4333.113983229818,221.6686319359736,257.1798400878906,35.51120815191703,SH_ST,SH_ST
3034.0,3034.0112470801764,1327.517703836257,4332.778503183773,221.66764029907068,257.2360534667969,35.56841316772619,SH_ST,SH_ST
3035.0,3035.0112475718483,1326.5756565238314,4332.44302313794,221.6666486621677,257.29229736328125,35.62564870111353,SH_ST,SH_ST
3036.0,3036.0112480635207,1325.6336092132635,4332.10754308689,221.6656570252648,257.3485107421875,35.68285371692269,SH_ST,SH_ST
3037.0,3037.0112485551927,1324.691561902221,4331.772063037173,221.6646653883619,257.4047241210937,35.74005873273185,SH_ST,SH_ST
3038.0,3038.011249046864,1323.7495145898845,4331.436582991092,221.66367375145896,257.4609680175781,35.79729426611917,SH_ST,SH_ST
3039.0,3039.011249538536,1322.8074672775424,4331.101102945025,221.662682114556,257.5171813964844,35.85449928192838,SH_ST,SH_ST
3040.0,3040.011250030208,1321.8654199669652,4330.765622894001,221.66169047765308,257.5362243652344,35.87453388758129,SH_ST,SH_ST
3041.0,3041.01125052188,1320.9233726558382,4330.430142844522,221.6606988407501,257.5455627441406,35.88486390339051,SH_ST,SH_ST
3042.0,3042.011251013552,1319.9813253434963,4330.094662798454,221.6597072038472,257.554931640625,35.895224436777795,SH_ST,SH_ST
3043.0,3043.011251505224,1319.0392780311547,4329.759182752386,221.6587155669443,257.5643005371094,35.90558497016508,SH_ST,SH_ST
3044.0,3044.011251996896,1318.097230718813,4329.423702706317,221.65772393004136,257.5736389160156,35.91591498597427,SH_ST,SH_ST
3045.0,3045.011252488568,1317.1551834075358,4329.08822265726,221.6567322931384,257.5830078125,35.92627551936161,SH_ST,SH_ST
3046.0,3046.0112529802395,1316.2131360971086,4328.752742605815,221.65574065623548,257.5923767089844,35.936636052748895,SH_ST,SH_ST
3047.0,3047.0112534719115,1315.271088784767,4328.417262559747,221.6547490193325,257.6017150878906,35.94696606855811,SH_ST,SH_ST
3048.0,3048.0112539635834,1314.3290414724252,4328.081782513678,221.6537573824296,257.611083984375,35.9573266019454,SH_ST,SH_ST
3049.0,3049.011254455256,1313.386994161225,4327.746302464405,221.6527657455267,257.6204528808594,35.96768713533268,SH_ST,SH_ST
3050.0,3050.011254946927,1312.4449468508187,4327.410822412902,221.65177410862373,257.6297912597656,35.9780171511419,SH_ST,SH_ST
3051.0,3051.0112554385987,1311.502899538393,4327.075342367069,221.6507824717208,257.63916015625,35.98837768452921,SH_ST,SH_ST
3052.0,3052.01125593027,1310.5608522260418,4326.739862321028,221.64979083481788,257.6485290527344,35.9987382179165,SH_ST,SH_ST
3053.0,3053.011256421942,1309.6188049148811,4326.404382271644,221.6487991979149,257.6578674316406,36.00906823372571,SH_ST,SH_ST
3054.0,3054.011256913614,1308.6767576044513,4326.068902220207,221.647807561012,257.667236328125,36.019428767113,SH_ST,SH_ST
3055.0,3055.011257405286,1307.7347102921096,4325.7334221741385,221.6468159241091,257.6766052246094,36.02978930050028,SH_ST,SH_ST
3056.0,3056.011257896958,1306.7926629796966,4325.39794212827,221.64582428720607,257.68072509765625,36.034900810450125,SH_ST,SH_ST
3057.0,3057.01125838863,1305.8506156673147,4325.062462082315,221.6448326503032,257.67340087890625,36.02856822860306,SH_ST,SH_ST
3058.0,3058.0112588803017,1304.9085683554256,4324.726982034976,221.64384101340028,257.6661071777344,36.0222661643341,SH_ST,SH_ST
3059.0,3059.0112593719737,1303.966521045411,4324.391501982373,221.6428493764973,257.6588134765625,36.01596410006519,SH_ST,SH_ST
3060.0,3060.011259863645,1303.02447373338,4324.056021935432,221.6418577395944,257.6514892578125,36.0096315182181,SH_ST,SH_ST
3061.0,3061.011260355317,1302.0824264209932,4323.72054188949,221.6408661026915,257.55859375,35.91772764730851,SH_ST,SH_ST
3062.0,3062.011260846989,1301.140379109075,4323.385061842233,221.63987446578847,257.36383056640625,35.72395610061773,SH_ST,SH_ST
3063.0,3063.011261338661,1300.1983317990605,4323.04958178963,221.6388828288856,257.1690673828125,35.53018455392689,SH_ST,SH_ST
3064.0,3064.0112618303324,1299.256284486997,4322.714101742781,221.63789119198267,257.0212097167969,35.3833185248142,SH_ST,SH_ST
3065.0,3065.0112623220043,1298.3142371746574,4322.378621696706,221.6368995550797,256.8868408203125,35.24994126523279,SH_ST,SH_ST
3066.0,3066.011262813676,1297.3721898628237,4322.043141649212,221.6359079181768,256.7524719238281,35.11656400565133,SH_ST,SH_ST
3067.0,3067.011263305348,1296.430142552725,4321.707661596844,221.63491628127383,256.6181335449219,34.983217263648044,SH_ST,SH_ST
3068.0,3068.01126379702,1295.4880952406113,4321.372181550136,221.6339246443709,256.4837646484375,34.84984000406658,SH_ST,SH_ST
3069.0,3069.011264288692,1294.5460479282697,4321.036701504067,221.632933007468,256.3493957519531,34.71646274448511,SH_ST,SH_ST
3070.0,3070.011264780364,1293.604000616492,4320.701221456416,221.63194137056507,256.21502685546875,34.58308548490368,SH_ST,SH_ST
3071.0,3071.011265272036,1292.6619533064772,4320.3657414038125,221.6309497336621,256.0806884765625,34.449738742900394,SH_ST,SH_ST
3072.0,3072.011265763708,1291.7199059942584,4320.0302613574,221.6299580967592,255.94631958007807,34.31636148331893,SH_ST,SH_ST
3073.0,3073.01126625538,1290.777858681882,4319.694781311429,221.62896645985623,255.8119506835937,34.18298422373752,SH_ST,SH_ST
3074.0,3074.011266747052,1289.83581136954,4319.359301265361,221.6279748229533,255.67759704589844,34.04962222294512,SH_ST,SH_ST
3075.0,3075.011267238723,1288.8937640571985,4319.023821219293,221.6269831860504,255.5432281494141,33.91624496336365,SH_ST,SH_ST
3076.0,3076.011267730395,1287.9517167470217,4318.688341167145,221.62599154914747,255.40887451171875,33.78288296257128,SH_ST,SH_ST
3077.0,3077.0112682220665,1287.0096694356089,4318.352861118469,221.62499991224453,255.2745056152344,33.64950570298984,SH_ST,SH_ST
3078.0,3078.011268713738,1286.0676221232477,4318.017381072456,221.6240082753416,255.14013671875,33.516128443408405,SH_ST,SH_ST
3079.0,3079.01126920541,1285.1255748108222,4317.681901026623,221.62301663843863,255.0057830810547,33.38276644261606,SH_ST,SH_ST
3080.0,3080.011269697082,1284.183527500678,4317.346420974383,221.6220250015357,254.8714141845703,33.249389183034594,SH_ST,SH_ST
3081.0,3081.0112701887538,1283.2414801892246,4317.01094092582,221.6210333646328,254.737060546875,33.11602718224219,SH_ST,SH_ST
3082.0,3082.0112706804257,1282.2994328768827,4316.675460879752,221.62004172772987,254.5858764648437,32.96583473711388,SH_ST,SH_ST
3083.0,3083.011271172097,1281.3573855645411,4316.339980833684,221.61905009082693,254.3109130859375,32.69186299511057,SH_ST,SH_ST
3084.0,3084.011271663769,1280.415338254358,4316.004500781554,221.618058453924,254.0359649658203,32.41790651189632,SH_ST,SH_ST
3085.0,3085.011272155441,1279.473290942837,4315.669020733182,221.61706681702103,253.7610015869141,32.14393476989304,SH_ST,SH_ST
3086.0,3086.0112726471125,1278.531243630495,4315.333540687114,221.6160751801181,253.4860382080078,31.869963027889696,SH_ST,SH_ST
3087.0,3087.0112731387844,1277.5891963181534,4314.998060641045,221.6150835432152,253.2110748291016,31.59599128588636,SH_ST,SH_ST
3088.0,3088.0112736304563,1276.6471490058116,4314.662580594977,221.61409190631227,252.9361114501953,31.322019543883044,SH_ST,SH_ST
3089.0,3089.0112741221283,1275.7051016949283,4314.327100544813,221.61310026940933,252.66116333007807,31.048063060668795,SH_ST,SH_ST
3090.0,3090.0112746138,1274.7630543841074,4313.991620494475,221.6121086325064,252.38619995117188,30.774091318665484,SH_ST,SH_ST
3091.0,3091.011275105472,1273.8210070717655,4313.656140448406,221.61111699560345,252.1112365722656,30.50011957666217,SH_ST,SH_ST
3092.0,3092.011275597144,1272.878959759429,4313.320660402324,221.6101253587005,251.8362731933593,30.22614783465886,SH_ST,SH_ST
3093.0,3093.0112760888155,1271.936912448639,4312.985180351899,221.6091337217976,251.56130981445312,29.95217609265552,SH_ST,SH_ST
3094.0,3094.011276580487,1270.9948651378097,4312.649700301585,221.60814208489467,251.286361694336,29.67821960944127,SH_ST,SH_ST
3095.0,3095.011277072159,1270.0528178253846,4312.31422025575,221.60715044799173,251.0113983154297,29.40424786743796,SH_ST,SH_ST
3096.0,3096.011277563831,1269.110770513043,4311.978740209682,221.6061588110888,250.73643493652344,29.130276125434648,SH_ST,SH_ST
3097.0,3097.0112780555028,1268.1687232022884,4311.643260159156,221.60516717418585,250.4614715576172,28.856304383431336,SH_ST,SH_ST
3098.0,3098.0112785471747,1267.22667589145,4311.307780108867,221.6041755372829,250.1865081787109,28.582332641428025,SH_ST,SH_ST
3099.0,3099.0112790388466,1266.284628579106,4310.972300062805,221.60318390038,249.9115447998047,28.308360899424684,SH_ST,SH_ST
3100.0,3100.0112795305186,1265.3425812666806,4310.636820016972,221.60219226347704,249.6365966796875,28.034404416210464,SH_ST,SH_ST
3101.0,3101.0112800221905,1264.4005339559378,4310.301339966413,221.60120062657413,249.36163330078125,27.760432674207124,SH_ST,SH_ST
3102.0,3102.0112805138624,1263.4584866450623,4309.965859916228,221.6002089896712,249.086669921875,27.48646093220381,SH_ST,SH_ST
3103.0,3103.011281005534,1262.516439332721,4309.630379870159,221.59921735276825,248.81170654296875,27.2124891902005,SH_ST,SH_ST
3104.0,3104.011281497206,1261.574392020384,4309.294899824077,221.5982257158653,248.2800445556641,26.68181883979875,SH_ST,SH_ST
3105.0,3105.0112819888777,1260.632344707984,4308.959419778173,221.5972340789624,247.6770172119141,26.07978313295166,SH_ST,SH_ST
3106.0,3106.0112824805497,1259.690297396489,4308.623939729727,221.59624244205943,247.073974609375,25.477732167315565,SH_ST,SH_ST
3107.0,3107.0112829722216,1258.7482500863396,4308.288459677503,221.59525080515647,246.470947265625,24.87569646046853,SH_ST,SH_ST
3108.0,3108.011283463893,1257.806202773998,4307.952979631435,221.5942591682536,245.867919921875,24.273660753621414,SH_ST,SH_ST
3109.0,3109.011283955565,1256.864155461656,4307.617499585366,221.59326753135065,245.264877319336,23.67160978798529,SH_ST,SH_ST
3110.0,3110.0112844472374,1255.9221081502162,4307.282019536766,221.5922758944477,244.661849975586,23.069574081138228,SH_ST,SH_ST
3111.0,3111.0112849389093,1254.980060839952,4306.946539484864,221.5912842575448,244.058822631836,22.46753837429113,SH_ST,SH_ST
3112.0,3112.0112854305817,1254.03801352761,4306.611059438796,221.59029262064183,243.455795288086,21.865502667444105,SH_ST,SH_ST
3113.0,3113.0112859222536,1253.0959662152684,4306.275579392727,221.58930098373887,242.85275268554688,21.26345170180801,SH_ST,SH_ST
3114.0,3114.011286413925,1252.1539189038992,4305.9400993439285,221.588309346836,242.24972534179688,20.661415994960866,SH_ST,SH_ST
3115.0,3115.011286905597,1251.211871593668,4305.604619291934,221.58731770993305,241.64669799804688,20.05938028811383,SH_ST,SH_ST
3116.0,3116.011287397269,1250.2698242812423,4305.269139246101,221.5863260730301,241.01882934570312,19.432503272673017,SH_ST,SH_ST
3117.0,3117.011287888941,1249.3277769688807,4304.933659200089,221.5853344361272,240.33248901367188,18.74715457754468,SH_ST,SH_ST
3118.0,3118.0112883806128,1248.3857296565411,4304.598179154014,221.58434279922423,239.64614868164065,18.0618058824164,SH_ST,SH_ST
3119.0,3119.011288872284,1247.4436823444505,4304.262699107242,221.5833511623213,238.9598083496093,17.376457187288082,SH_ST,SH_ST
3120.0,3120.011289363956,1246.5016350344358,4303.927219054639,221.5823595254184,238.27346801757807,16.691108492159714,SH_ST,SH_ST
3121.0,3121.011289855628,1245.5595877225458,4303.591739007302,221.58136788851544,237.58712768554688,16.00575979703143,SH_ST,SH_ST
3122.0,3122.0112903473,1244.617540410158,4303.256258961364,221.5803762516125,236.90077209472656,15.320395843114056,SH_ST,SH_ST
3123.0,3123.0112908389715,1243.6754930981,4302.920778914499,221.5793846147096,236.2144317626953,14.635047147985716,SH_ST,SH_ST
3124.0,3124.011291330644,1242.7334457880852,4302.585298861896,221.57839297780663,235.5280914306641,13.949698452857431,SH_ST,SH_ST
3125.0,3125.0112918223163,1241.791398476223,4302.24981881448,221.5774013409037,235.17579650878903,13.598395167885371,SH_ST,SH_ST
3126.0,3126.011292313988,1240.8493511638426,4301.914338768522,221.5764097040008,235.2393341064453,13.662924402444505,SH_ST,SH_ST
3127.0,3127.01129280566,1239.9073038517492,4301.578858721756,221.57541806709784,235.3028564453125,13.727438378214655,SH_ST,SH_ST
3128.0,3128.011293297332,1238.9652565417346,4301.243378669153,221.57442643019493,235.36639404296875,13.791967612773815,SH_ST,SH_ST
3129.0,3129.011293789003,1238.0232092298356,4300.907898621842,221.573434793292,235.429916381836,13.856481588543945,SH_ST,SH_ST
3130.0,3130.0112942806745,1237.0811619174965,4300.572418575767,221.57244315638903,235.4425201416016,13.870076985212537,SH_ST,SH_ST
3131.0,3131.0112947723464,1236.139114605146,4300.236938529723,221.5714515194861,235.4154357910156,13.843984271529536,SH_ST,SH_ST
3132.0,3132.0112952640184,1235.1970672927205,4299.901458483891,221.5704598825832,235.3883514404297,13.81789155784648,SH_ST,SH_ST
3133.0,3133.0112957556903,1234.2550199822858,4299.565978432467,221.56946824568024,235.3612670898437,13.791798844163509,SH_ST,SH_ST
3134.0,3134.011296247362,1233.312972671113,4299.230498383116,221.56847660877733,235.3341827392578,13.76570613048048,SH_ST,SH_ST
3135.0,3135.011296739034,1232.370925358771,4298.895018337048,221.5674849718744,235.30709838867188,13.739613416797482,SH_ST,SH_ST
3136.0,3136.011297230706,1231.4288780464294,4298.55953829098,221.56649333497143,235.280014038086,13.713520703114511,SH_ST,SH_ST
3137.0,3137.011297722377,1230.4868307360466,4298.224058239412,221.5655016980685,235.2529296875,13.687427989431512,SH_ST,SH_ST
3138.0,3138.01129821405,1229.5447834247934,4297.888578190286,221.5645100611656,235.2258453369141,13.661335275748456,SH_ST,SH_ST
3139.0,3139.011298705722,1228.6027361123834,4297.55309814441,221.56351842426264,235.19874572753903,13.635227303276425,SH_ST,SH_ST
3140.0,3140.011299197394,1227.6606888000415,4297.2176180983415,221.56252678735973,235.17166137695312,13.609134589593396,SH_ST,SH_ST
3141.0,3141.0112996890657,1226.718641489696,4296.882138046668,221.5615351504568,235.1445770263672,13.583041875910396,SH_ST,SH_ST
3142.0,3142.0113001807376,1225.7765941784487,4296.546657997526,221.56054351355385,235.11749267578125,13.556949162227395,SH_ST,SH_ST
3143.0,3143.0113006724096,1224.83454686609,4296.211177951505,221.5595518766509,235.0904083251953,13.530856448544426,SH_ST,SH_ST
3144.0,3144.011301164081,1223.8924995536645,4295.8756979056725,221.558560239748,235.0633239746093,13.50476373486137,SH_ST,SH_ST
3145.0,3145.011301655753,1222.9504522433497,4295.540217853913,221.55756860284504,235.03623962402344,13.4786710211784,SH_ST,SH_ST
3146.0,3146.011302147425,1222.0084049320678,4295.204737804869,221.55657696594213,235.10574340820312,13.549166442260995,SH_ST,SH_ST
3147.0,3147.011302639097,1221.066357619726,4294.869257758801,221.5555853290392,235.96913146972656,14.413546140687371,SH_ST,SH_ST
3148.0,3148.0113031307687,1220.1243103073843,4294.533777712732,221.55459369213625,236.83251953125,15.277925839113747,SH_ST,SH_ST
3149.0,3149.0113036224407,1219.182262994968,4294.198297666874,221.5536020552333,237.6958923339844,16.142290278751062,SH_ST,SH_ST
3150.0,3150.0113041141126,1218.2402156838964,4293.862817617239,221.5526104183304,238.5592803955078,17.00666997717741,SH_ST,SH_ST
3151.0,3151.011304605784,1217.2981683733385,4293.527337566163,221.55161878142744,239.4226531982422,17.87103441681475,SH_ST,SH_ST
3152.0,3152.011305097456,1216.3561210609969,4293.191857520094,221.55062714452453,240.2860412597656,18.7354141152411,SH_ST,SH_ST
3153.0,3153.0113055891284,1215.4140737486548,4292.856377474026,221.5496355076216,241.14942932128903,19.599793813667475,SH_ST,SH_ST
3154.0,3154.0113060808003,1214.4720264376087,4292.52089742432,221.54864387071865,241.9765167236328,20.427872852914163,SH_ST,SH_ST
3155.0,3155.011306572472,1213.5299791269506,4292.185417373524,221.5476522338157,242.7128448486328,21.1651926148171,SH_ST,SH_ST
3156.0,3156.011307064144,1212.5879318146087,4291.849937327455,221.5466605969128,243.4491577148437,21.90249711793095,SH_ST,SH_ST
3157.0,3157.011307555816,1211.645884502272,4291.514457281374,221.54566896000983,244.1854858398437,22.63981687983392,SH_ST,SH_ST
3158.0,3158.0113080474875,1210.7038371913134,4291.178977231422,221.54467732310687,244.9218139648437,23.37713664173688,SH_ST,SH_ST
3159.0,3159.0113085391595,1209.7617898806586,4290.843497180616,221.543685686204,245.6581420898437,24.114456403639764,SH_ST,SH_ST
3160.0,3160.0113090308314,1208.819742568233,4290.508017134784,221.54269404930105,246.3944549560547,24.85176090675364,SH_ST,SH_ST
3161.0,3161.011309522503,1207.8776952558862,4290.172537088731,221.5417024123981,247.1307830810547,25.58908066865657,SH_ST,SH_ST
3162.0,3162.011310014175,1206.9356479435444,4289.837057042662,221.5407107754952,247.8671112060547,26.326400430559488,SH_ST,SH_ST
3163.0,3163.0113105058467,1205.9936006318578,4289.501576994754,221.53971913859223,248.6034393310547,27.06372019246245,SH_ST,SH_ST
3164.0,3164.011310997518,1205.0515533218431,4289.166096942151,221.53872750168927,249.3397521972656,27.80102469557636,SH_ST,SH_ST
3165.0,3165.0113114891906,1204.1095060095297,4288.830616896003,221.5377358647864,250.0760803222656,28.53834445747921,SH_ST,SH_ST
3166.0,3166.0113119808625,1203.1674586971567,4288.495136850023,221.53674422788345,250.8124084472656,29.27566421938218,SH_ST,SH_ST
3167.0,3167.0113124725344,1202.2254113855072,4288.159656802011,221.5357525909805,251.54872131347656,30.01296872249605,SH_ST,SH_ST
3168.0,3168.0113129642064,1201.2833640754925,4287.824176749408,221.5347609540776,252.0319976806641,30.497236726586465,SH_ST,SH_ST
3169.0,3169.0113134558783,1200.341316763222,4287.48869670314,221.53376931717463,252.4402618408203,30.90649252364568,SH_ST,SH_ST
3170.0,3170.01131394755,1199.3992694508263,4287.153216657223,221.5327776802717,252.9523468017578,31.41956912148612,SH_ST,SH_ST
3171.0,3171.011314439222,1198.457222139158,4286.817736609264,221.5317860433688,253.5511932373047,32.01940719393588,SH_ST,SH_ST
3172.0,3172.0113149308936,1197.5151748291487,4286.482256556647,221.53079440646584,254.1500396728516,32.61924526638572,SH_ST,SH_ST
3173.0,3173.011315422565,1196.573127516841,4286.146776510484,221.5298027695629,254.74888610839844,33.21908333883553,SH_ST,SH_ST
3174.0,3174.011315914237,1195.6310802044993,4285.811296464415,221.52881113266,255.3477325439453,33.81892141128532,SH_ST,SH_ST
3175.0,3175.0113164059094,1194.6890328928964,4285.475816416271,221.52781949575703,255.9465789794922,34.41875948373516,SH_ST,SH_ST
3176.0,3176.011316897581,1193.746985582795,4285.140336363913,221.5268278588541,256.5407409667969,35.013913107942784,SH_ST,SH_ST
3177.0,3177.011317389253,1192.8049382704532,4284.8048563178445,221.5258362219512,257.1229248046875,35.59708858273629,SH_ST,SH_ST
3178.0,3178.0113178809247,1191.8628909581116,4284.469376271776,221.52484458504824,257.7051086425781,36.18026405752988,SH_ST,SH_ST
3179.0,3179.0113183725966,1190.9208436457698,4284.133896225708,221.5238529481453,258.28729248046875,36.763439532323446,SH_ST,SH_ST
3180.0,3180.011318864269,1189.9787963334684,4283.798416179527,221.5228613112424,258.8694763183594,37.34661500711698,SH_ST,SH_ST
3181.0,3181.01131935594,1189.036749023454,4283.462936126924,221.52186967433943,259.45166015625,37.92979048191057,SH_ST,SH_ST
3182.0,3182.0113198476124,1188.0947017117774,4283.127456078987,221.5208780374365,260.0338439941406,38.512965956704136,SH_ST,SH_ST
3183.0,3183.0113203392843,1187.152654399384,4282.791976033064,221.5198864005336,260.61602783203125,39.09614143149764,SH_ST,SH_ST
3184.0,3184.011320830956,1186.2106070871248,4282.456495986765,221.51889476363064,261.1982116699219,39.679316906291234,SH_ST,SH_ST
3185.0,3185.011321322628,1185.26855977711,4282.121015934162,221.5179031267277,261.7803955078125,40.2624923810848,SH_ST,SH_ST
3186.0,3186.0113218143,1184.3265124653951,4281.7855358863335,221.5169114898248,262.2093505859375,40.69243909611271,SH_ST,SH_ST
3187.0,3187.011322305971,1183.3844651530012,4281.4500558404125,221.51591985292183,262.6009521484375,41.08503229551568,SH_ST,SH_ST
3188.0,3188.011322797643,1182.4424178407742,4281.114575794022,221.5149282160189,262.9925537109375,41.47762549491861,SH_ST,SH_ST
3189.0,3189.011323289315,1181.5003705307597,4280.779095741419,221.513936579116,263.2823791503906,41.76844257127462,SH_ST,SH_ST
3190.0,3190.011323780987,1180.5583232190666,4280.443615693529,221.51294494221304,263.43963623046875,41.92669128825571,SH_ST,SH_ST
3191.0,3191.011324272659,1179.6162759067247,4280.108135647461,221.5119533053101,263.5968933105469,42.08494000523677,SH_ST,SH_ST
3192.0,3192.0113247643308,1178.6742285943776,4279.772655601408,221.5109616684072,263.754150390625,42.24318872221781,SH_ST,SH_ST
3193.0,3193.0113252560027,1177.732181281952,4279.437175555575,221.50997003150425,263.91143798828125,42.401467956777,SH_ST,SH_ST
3194.0,3194.0113257476746,1176.790133971304,4279.101695504751,221.5089783946013,264.0686950683594,42.55971667375809,SH_ST,SH_ST
3195.0,3195.011326239346,1175.848086660337,4278.766215454823,221.5079867576984,264.2259521484375,42.717965390739096,SH_ST,SH_ST
3196.0,3196.0113267310185,1174.9060393479956,4278.430735408753,221.50699512079544,264.3832092285156,42.87621410772019,SH_ST,SH_ST
3197.0,3197.01132722269,1173.9639920356592,4278.095255362671,221.5060034838925,264.5404663085937,43.03446282470125,SH_ST,SH_ST
3198.0,3198.011327714362,1173.0219447250083,4277.759775311854,221.5050118469896,264.69775390625,43.19274205926041,SH_ST,SH_ST
3199.0,3199.011328206034,1172.079897413956,4277.424295262165,221.50402021008665,264.8550109863281,43.350990776241474,SH_ST,SH_ST
3200.0,3200.0113286977053,1171.1378501016145,4277.088815216097,221.50302857318368,265.01226806640625,43.509239493222566,SH_ST,SH_ST
3201.0,3201.011329189377,1170.1958027892726,4276.753335170029,221.5020369362808,265.2015991210937,43.69956218481295,SH_ST,SH_ST
3202.0,3202.011329681049,1169.253755478721,4276.417855118934,221.50104529937784,265.8670959472656,44.36605064788779,SH_ST,SH_ST
3203.0,3203.011330172721,1168.3117081676426,4276.082375069318,221.5000536624749,266.5325927734375,45.0325391109626,SH_ST,SH_ST
3204.0,3204.011330664393,1167.3696608552266,4275.746895023458,221.499062025572,267.1980895996094,45.69902757403739,SH_ST,SH_ST
3205.0,3205.0113311560644,1166.427613542885,4275.41141497739,221.49807038866905,267.86358642578125,46.3655160371122,SH_ST,SH_ST
3206.0,3206.0113316477364,1165.485566230543,4275.075934931322,221.49707875176608,268.5290832519531,47.03200450018704,SH_ST,SH_ST
3207.0,3207.0113321394083,1164.5435189192651,4274.740454882266,221.4960871148632,269.194580078125,47.6984929632618,SH_ST,SH_ST
3208.0,3208.01133263108,1163.6014716089394,4274.404974830537,221.49509547796023,269.86004638671875,48.36495090875852,SH_ST,SH_ST
3209.0,3209.011333122752,1162.659424296514,4274.069494784704,221.4941038410573,270.5255432128906,49.03143937183333,SH_ST,SH_ST
3210.0,3210.011333614424,1161.7173769841595,4273.734014738672,221.4931122041544,271.1089172363281,49.61580503217374,SH_ST,SH_ST
3211.0,3211.0113341060955,1160.775329672921,4273.398534689505,221.49212056725145,270.9308166503906,49.43869608313918,SH_ST,SH_ST
3212.0,3212.0113345977675,1159.8332823625692,4273.06305463785,221.49112893034848,270.7527160644531,49.26158713410464,SH_ST,SH_ST
3213.0,3213.0113350894394,1158.8912350502276,4272.727574591781,221.4901372934456,270.5746154785156,49.084478185070026,SH_ST,SH_ST
3214.0,3214.011335581112,1157.9491877378173,4272.392094545906,221.48914565654263,270.3965148925781,48.90736923603549,SH_ST,SH_ST
3215.0,3215.011336072783,1157.007140426571,4272.056614496762,221.4881540196397,270.2183837890625,48.730229769422806,SH_ST,SH_ST
3216.0,3216.0113365644547,1156.0650931161815,4271.721134445212,221.4871623827368,270.040283203125,48.55312082038819,SH_ST,SH_ST
3217.0,3217.011337056126,1155.1230458038397,4271.385654399143,221.48617074583385,269.8621826171875,48.37601187135365,SH_ST,SH_ST
3218.0,3218.0113375477986,1154.180998491498,4271.050174353075,221.48517910893088,269.68408203125,48.19890292231912,SH_ST,SH_ST
3219.0,3219.0113380394705,1153.2389511802892,4270.714694303825,221.484187472028,269.5059509277344,48.02176345570638,SH_ST,SH_ST
3220.0,3220.0113385311424,1152.2969038697936,4270.379214252573,221.48319583512503,269.3278503417969,47.84465450667184,SH_ST,SH_ST
3221.0,3221.0113390228144,1151.354856557452,4270.043734206504,221.4822041982221,269.1497497558594,47.66754555763728,SH_ST,SH_ST
3222.0,3222.0113395144863,1150.4128092451103,4269.708254160436,221.48121256131915,268.9716491699219,47.49043660860272,SH_ST,SH_ST
3223.0,3223.011340006158,1149.4707619327712,4269.37277411436,221.48022092441624,268.7935485839844,47.31332765956813,SH_ST,SH_ST
3224.0,3224.0113404978297,1148.5287146208666,4269.037294067066,221.47922928751328,268.61541748046875,47.13618819295547,SH_ST,SH_ST
3225.0,3225.0113409895016,1147.586667310768,4268.701814014698,221.4782376506104,268.43731689453125,46.95907924392085,SH_ST,SH_ST
3226.0,3226.011341481173,1146.6446199987292,4268.366333967779,221.47724601370743,268.2592163085937,46.78197029488632,SH_ST,SH_ST
3227.0,3227.011341972845,1145.7025726863876,4268.03085392171,221.4762543768045,268.08111572265625,46.60486134585176,SH_ST,SH_ST
3228.0,3228.0113424645174,1144.760525374532,4267.695373874277,221.47526273990155,267.9029846191406,46.42772187923907,SH_ST,SH_ST
3229.0,3229.0113429561893,1143.8184780645174,4267.359893821674,221.4742711029986,267.7611083984375,46.286837295438886,SH_ST,SH_ST
3230.0,3230.011343447861,1142.876430752379,4267.024413775035,221.47327946609568,267.7340087890625,46.26072932296682,SH_ST,SH_ST
3231.0,3231.0113439395327,1141.93438344,4266.688933729072,221.4722878291928,267.7069396972656,46.23465186807283,SH_ST,SH_ST
3232.0,3232.0113444312046,1140.9923361281817,4266.353453681534,221.47129619228983,267.5373229980469,46.06602680575705,SH_ST,SH_ST
3233.0,3233.011344922877,1140.0502888181668,4266.017973628931,221.4703045553869,267.3227844238281,45.85247986844124,SH_ST,SH_ST
3234.0,3234.011345414549,1139.108241506065,4265.682493582189,221.46931291848395,267.10821533203125,45.6389024135473,SH_ST,SH_ST
3235.0,3235.0113459062204,1138.1661941937264,4265.347013536113,221.468321281581,266.8936767578125,45.42535547623149,SH_ST,SH_ST
3236.0,3236.0113463978923,1137.2241468813672,4265.011533490094,221.46732964467807,266.6348876953125,45.167558050634426,SH_ST,SH_ST
3237.0,3237.011346889564,1136.282099568937,4264.676053444276,221.4663380077752,266.2536926269531,44.78735461917793,SH_ST,SH_ST
3238.0,3238.011347381236,1135.3400522587162,4264.340573392251,221.46534637087225,265.8725280761719,44.40718170529962,SH_ST,SH_ST
3239.0,3239.011347872907,1134.398004947343,4264.005093343464,221.4643547339693,265.4913635253906,44.02700879142134,SH_ST,SH_ST
3240.0,3240.011348364579,1133.4559576350011,4263.669613297396,221.46336309706635,265.1101989746094,43.64683587754303,SH_ST,SH_ST
3241.0,3241.011348856251,1132.5139103226595,4263.334133251327,221.4623714601634,264.72900390625,43.26663244608659,SH_ST,SH_ST
3242.0,3242.011349347923,1131.5718630124013,4262.998653199408,221.46137982326047,264.34783935546875,42.88645953220828,SH_ST,SH_ST
3243.0,3243.011349839595,1130.629815700955,4262.663173150825,221.4603881863576,263.9666748046875,42.50628661832991,SH_ST,SH_ST
3244.0,3244.011350331267,1129.6877683886134,4262.327693104757,221.45939654945465,263.5854797363281,42.12608318687347,SH_ST,SH_ST
3245.0,3245.0113508229388,1128.7457210762718,4261.992213058688,221.45840491255169,263.2043151855469,41.74591027299519,SH_ST,SH_ST
3246.0,3246.0113513146102,1127.803673766129,4261.656733006446,221.45741327564875,262.8231506347656,41.36573735911688,SH_ST,SH_ST
3247.0,3247.0113518062826,1126.861626454627,4261.321252958019,221.4564216387458,262.44195556640625,40.98553392766044,SH_ST,SH_ST
3248.0,3248.011352297954,1125.9195791422258,4260.985772912119,221.45543000184287,262.060791015625,40.60536101378213,SH_ST,SH_ST
3249.0,3249.011352789626,1124.977531829884,4260.65029286605,221.45443836494,261.6796264648437,40.22518809990376,SH_ST,SH_ST
3250.0,3250.011353281298,1124.0354845198892,4260.314812813391,221.45344672803705,261.2984313964844,39.84498466844733,SH_ST,SH_ST
3251.0,3251.0113537729694,1123.0934372083748,4259.979332765,221.45245509113408,260.9172668457031,39.46481175456904,SH_ST,SH_ST
3252.0,3252.011354264641,1122.1513898959306,4259.64385271922,221.4514634542312,260.5361022949219,39.0846388406907,SH_ST,SH_ST
3253.0,3253.011354756313,1121.209342583505,4259.308372673388,221.4504718173282,260.25408935546875,38.80361753814054,SH_ST,SH_ST
3254.0,3254.0113552479847,1120.2672952711614,4258.972892627325,221.44948018042527,260.10723876953125,38.65775858910598,SH_ST,SH_ST
3255.0,3255.0113557396567,1119.325247960329,4258.637412577017,221.4484885435224,259.9604187011719,38.51193015764949,SH_ST,SH_ST
3256.0,3256.0113562313286,1118.3832006495684,4258.3019325265095,221.44749690661945,259.8135681152344,38.366071208614926,SH_ST,SH_ST
3257.0,3257.011356723001,1117.4411533372263,4257.966452480441,221.44650526971648,259.6667175292969,38.22021225958039,SH_ST,SH_ST
3258.0,3258.0113572146724,1116.4991060248017,4257.630972434607,221.4455136328136,259.5198974609375,38.07438382812393,SH_ST,SH_ST
3259.0,3259.011357706344,1115.557058713979,4257.295492384274,221.4445219959106,259.373046875,37.9285248790894,SH_ST,SH_ST
3260.0,3260.011358198016,1114.6150114031807,4256.960012333871,221.44353035900767,259.2261962890625,37.78266593005483,SH_ST,SH_ST
3261.0,3261.011358689688,1113.6729640908388,4256.624532287803,221.4425387221048,259.0793762207031,37.63683749859831,SH_ST,SH_ST
3262.0,3262.0113591813592,1112.7309167785022,4256.289052241721,221.44154708520185,258.9205322265625,37.47898514136065,SH_ST,SH_ST
3263.0,3263.011359673031,1111.788869467761,4255.953572191158,221.44055544829888,258.6830749511719,37.242519502873,SH_ST,SH_ST
3264.0,3264.011360164703,1110.8468221569028,4255.618092140924,221.439563811396,258.44561767578125,37.00605386438528,SH_ST,SH_ST
3265.0,3265.011360656375,1109.904774844458,4255.282612095146,221.438572174493,258.2081604003906,36.76958822589762,SH_ST,SH_ST
3266.0,3266.011361148047,1108.962727532116,4254.9471320490775,221.4375805375901,257.9707336425781,36.53315310498803,SH_ST,SH_ST
3267.0,3267.011361639719,1108.0206802197745,4254.611652003009,221.4365889006872,257.7332763671875,36.29668746650029,SH_ST,SH_ST
3268.0,3268.0113621313903,1107.0786329082596,4254.27617195462,221.43559726378425,257.4958190917969,36.06022182801263,SH_ST,SH_ST
3269.0,3269.0113626230623,1106.1365855980705,4253.940691902507,221.43460562688128,257.25836181640625,35.82375618952497,SH_ST,SH_ST
3270.0,3270.011363114734,1105.1945382857284,4253.605211856439,221.4336139899784,257.0209045410156,35.587290551037256,SH_ST,SH_ST
3271.0,3271.011363606406,1104.2524909733868,4253.269731810371,221.4326223530754,256.783447265625,35.3508249125496,SH_ST,SH_ST
3272.0,3272.011364098078,1103.3104436619826,4252.93425176167,221.4316307161725,256.5459899902344,35.11435927406188,SH_ST,SH_ST
3273.0,3273.011364589749,1102.3683963519302,4252.598771709174,221.43063907926955,256.3085327148437,34.8778936355742,SH_ST,SH_ST
3274.0,3274.011365081421,1101.426349039394,4252.263291663652,221.42964744236664,256.0912780761719,34.66163063380523,SH_ST,SH_ST
3275.0,3275.011365573094,1100.484301726999,4251.927811617732,221.42865580546368,256.0881652832031,34.65950947773945,SH_ST,SH_ST
3276.0,3276.0113660647653,1099.542254415636,4251.592331568917,221.4276641685608,256.0850524902344,34.65738832167361,SH_ST,SH_ST
3277.0,3277.011366556437,1098.600207105552,4251.2568515165085,221.4266725316578,256.0819396972656,34.655267165607825,SH_ST,SH_ST
3278.0,3278.011367048109,1097.6581597930997,4250.921371470751,221.4256808947549,256.07879638671875,34.65311549196386,SH_ST,SH_ST
3279.0,3279.011367539781,1096.716112480667,4250.5858914249375,221.42468925785192,256.07568359375,34.65099433589808,SH_ST,SH_ST
3280.0,3280.0113680314525,1095.7740651682768,4250.250411379007,221.423697620949,256.07257080078125,34.64887317983224,SH_ST,SH_ST
3281.0,3281.0113685231245,1094.832017856141,4249.9149313323605,221.42270598404608,256.0694580078125,34.646752023766425,SH_ST,SH_ST
3282.0,3282.0113690147964,1093.8899705461265,4249.579451279757,221.4217143471432,256.0663452148437,34.644630867700585,SH_ST,SH_ST
3283.0,3283.0113695064683,1092.947923234342,4249.243971232124,221.4207227102402,256.0632019042969,34.64247919405668,SH_ST,SH_ST
3284.0,3284.01136999814,1092.0058759219642,4248.908491186157,221.4197310733373,256.0600891113281,34.64035803799084,SH_ST,SH_ST
3285.0,3285.011370489812,1091.063828609802,4248.573011139585,221.41873943643432,256.0569763183594,34.63823688192505,SH_ST,SH_ST
3286.0,3286.011370981484,1090.1217812998982,4248.237531086671,221.4177477995314,256.0538635253906,34.63611572585921,SH_ST,SH_ST
3287.0,3287.011371473155,1089.179733988016,4247.902051039314,221.41675616262847,256.0507202148437,34.63396405221528,SH_ST,SH_ST
3288.0,3288.011258518371,1088.2333249225694,4247.579432067945,221.4157645257256,256.0497436523437,34.633979126618186,SH_ST,SH_ST
3289.0,3289.0112590100443,1087.281550220036,4247.272634226329,221.4147728888226,256.0513916015625,34.6366187127399,SH_ST,SH_ST
3290.0,3290.011259501716,1086.3297755174117,4246.965836384999,221.4137812519197,256.0530090332031,34.63922778128344,SH_ST,SH_ST
3291.0,3291.0112599933896,1085.378000817732,4246.659038534529,221.41278961501672,256.0546569824219,34.641867367405155,SH_ST,SH_ST
3292.0,3292.011260485062,1084.4262261151025,4246.352240693213,221.4117979781138,256.0563049316406,34.644506953526815,SH_ST,SH_ST
3293.0,3293.0112609767352,1083.4744514154277,4246.045442842729,221.41080634121087,256.05792236328125,34.64711602207038,SH_ST,SH_ST
3294.0,3294.011261468408,1082.5226767128352,4245.738645001298,221.409814704308,256.0595703125,34.64975560819204,SH_ST,SH_ST
3295.0,3295.011261960081,1081.570902010268,4245.431847159788,221.408823067405,256.06121826171875,34.652395194313755,SH_ST,SH_ST
3296.0,3296.0112624517537,1080.6191273105578,4245.125049309414,221.40783143050209,255.90606689453125,34.498235464029165,SH_ST,SH_ST
3297.0,3297.011262943427,1079.6673526079262,4244.818251468102,221.40683979359912,255.68153381347656,34.274694019877444,SH_ST,SH_ST
3298.0,3298.011263435099,1078.7155779082807,4244.511453617531,221.4058481566962,255.4175720214844,34.011723864788166,SH_ST,SH_ST
3299.0,3299.0112639267727,1077.7638032055822,4244.204655776425,221.40485651979327,255.15362548828125,33.74876896848798,SH_ST,SH_ST
3300.0,3300.010835432353,1076.805754113536,4243.919552025743,221.4038648828904,254.89735412597656,33.4934892430862,SH_ST,SH_ST
3301.0,3301.010835924024,1075.8371519160069,4243.670936292249,221.4028732459874,254.6540069580078,33.25113371202042,SH_ST,SH_ST
3302.0,3302.0108364156954,1074.8685497202991,4243.422320551658,221.40188160908448,254.41065979003903,33.00877818095458,SH_ST,SH_ST
3303.0,3303.010836907367,1073.8999475249573,4243.173704809642,221.40088997218152,254.1673126220703,32.7664226498888,SH_ST,SH_ST
3304.0,3304.0108373990383,1072.9313453276477,4242.925089075292,221.3998983352786,253.9239654541016,32.52406711882296,SH_ST,SH_ST
3305.0,3305.01083789071,1071.962743131741,4242.676473335476,221.39890669837567,253.6806182861328,32.281711587757144,SH_ST,SH_ST
3306.0,3306.0108383823813,1070.994140936348,4242.42785759366,221.3979150614728,253.4372711181641,32.039356056691304,SH_ST,SH_ST
3307.0,3307.0108388740528,1070.0255387409145,4242.179241852,221.3969234245698,253.1939239501953,31.79700052562552,SH_ST,SH_ST
3308.0,3308.010839365723,1069.0569365431372,4241.930626119477,221.39593178766685,252.95057678222656,31.55464499455971,SH_ST,SH_ST
3309.0,3309.0108398573943,1068.0883343477935,4241.682010377467,221.39494015076392,252.7072296142578,31.312289463493897,SH_ST,SH_ST
3310.0,3310.0108403490663,1067.119732152337,4241.433394635895,221.393948513861,252.46388244628903,31.069933932428057,SH_ST,SH_ST
3311.0,3311.0108408407373,1066.1511299545623,4241.184778903359,221.39295687695807,252.2205352783203,30.82757840136225,SH_ST,SH_ST
3312.0,3312.010458055884,1065.1785808743,4240.953733713074,221.3919652400552,251.98358154296875,30.5916163029136,SH_ST,SH_ST
3313.0,3313.0104585475565,1064.1967043283605,4240.764212082288,221.3909736031522,251.76173400878903,30.370760405636872,SH_ST,SH_ST
3314.0,3314.0104590392284,1063.214827781975,4240.574690453816,221.38998196624925,251.5398864746093,30.149904508360123,SH_ST,SH_ST
3315.0,3315.010459530901,1062.2329512365889,4240.385168820162,221.3889903293463,251.3180389404297,29.92904861108337,SH_ST,SH_ST
3316.0,3316.0104600225736,1061.2510746896494,4240.195647194559,221.3879986924434,251.09893798828125,29.710939295837846,SH_ST,SH_ST
3317.0,3317.0104605142465,1060.269198142911,4240.006125567912,221.3870070555405,250.9259490966797,29.5389420411392,SH_ST,SH_ST
3318.0,3318.010461005919,1059.2873215973398,4239.81660393522,221.3860154186376,250.75294494628903,29.366929527651507,SH_ST,SH_ST
3319.0,3319.010461497591,1058.3054450511397,4239.627082305786,221.3850237817346,250.57994079589844,29.19491701416385,SH_ST,SH_ST
3320.0,3320.010461989264,1057.3235685050756,4239.437560675644,221.38403214483165,250.40695190429688,29.022919759465225,SH_ST,SH_ST
3321.0,3321.0104624809364,1056.3416919579263,4239.248039051128,221.3830405079287,250.23394775390625,28.85090724597753,SH_ST,SH_ST
3322.0,3322.0104629726093,1055.35981541276,4239.058517416336,221.3820488710258,250.04879760742188,28.66674873639608,SH_ST,SH_ST
3323.0,3323.0104634642817,1054.37793886569,4238.868995791409,221.3810572341229,249.6786193847656,28.297562150642733,SH_ST,SH_ST
3324.0,3324.010147323372,1053.3939169781547,4238.692735303402,221.38006559721995,249.30967712402344,27.929611526803484,SH_ST,SH_ST
3325.0,3325.010147815043,1052.4023679208017,4238.5630030142,221.379073960317,248.94503784179688,27.565963881479888,SH_ST,SH_ST
3326.0,3326.010148306715,1051.4108188647483,4238.433270715061,221.37808232341405,248.5803985595703,27.202316236156264,SH_ST,SH_ST
3327.0,3327.010148798387,1050.419269807864,4238.303538422272,221.3770906865111,248.2157592773437,26.83866859083264,SH_ST,SH_ST
3328.0,3328.0101492900585,1049.4277207509238,4238.173806129915,221.3760990496082,247.8511199951172,26.475020945508987,SH_ST,SH_ST
3329.0,3329.01014978173,1048.436171694033,4238.044073837178,221.3751074127053,247.48648071289065,26.11137330018533,SH_ST,SH_ST
3330.0,3330.010150273402,1047.4446226378177,4237.914341539277,221.37411577580232,247.1218414306641,25.74772565486174,SH_ST,SH_ST
3331.0,3331.0101507650734,1046.4530735814603,4237.784609242465,221.37312413889936,246.7572021484375,25.384078009538143,SH_ST,SH_ST
3332.0,3332.0101512567453,1045.4615245245452,4237.654876949913,221.37213250199645,246.3925628662109,25.02043036421449,SH_ST,SH_ST
3333.0,3333.010151748417,1044.4699754676592,4237.525144657141,221.3711408650935,246.02793884277344,24.65679797767993,SH_ST,SH_ST
3334.0,3334.010152240088,1043.4784264109464,4237.395412363044,221.3701492281906,245.66329956054688,24.29315033235628,SH_ST,SH_ST
3335.0,3335.0101527317606,1042.4868773548503,4237.265680064228,221.3691575912877,245.2986602783203,23.929502687032624,SH_ST,SH_ST
3336.0,3336.009924163968,1041.4944455668692,4237.144762408289,221.36816595438472,244.93502807617188,23.56686212178716,SH_ST,SH_ST
3337.0,3337.0099246556383,1040.4968613209498,4237.075295349246,221.36717431748173,244.7536773681641,23.386503050682308,SH_ST,SH_ST
3338.0,3338.0099251473093,1039.4992770751653,4237.005828288264,221.36618268057885,244.64407348632807,23.27789080574928,SH_ST,SH_ST
3339.0,3339.009925638981,1038.501692829047,4236.93636123207,221.3651910436759,244.53445434570312,23.16926330202722,SH_ST,SH_ST
3340.0,3340.0099261306523,1037.5041085834332,4236.866894168633,221.364199406773,244.4248504638672,23.06065105709419,SH_ST,SH_ST
3341.0,3341.009926622323,1036.5065243371148,4236.797427115325,221.3632077698701,244.3152313232422,22.9520235533721,SH_ST,SH_ST
3342.0,3342.009927113993,1035.5089400915124,4236.727960051744,221.36221613296712,244.20562744140625,22.84341130843913,SH_ST,SH_ST
3343.0,3343.009927605664,1034.51135584521,4236.658492998205,221.36122449606407,244.0960235595703,22.73479906350616,SH_ST,SH_ST
3344.0,3344.009928097335,1033.51377159959,4236.589025934863,221.36023285916124,243.9864044189453,22.62617155978407,SH_ST,SH_ST
3345.0,3345.009928589006,1032.5161873539653,4236.519558871589,221.3592412222583,243.81280517578125,22.453563953522945,SH_ST,SH_ST
3346.0,3346.009929080677,1031.5186031076666,4236.450091817988,221.3582495853554,243.4722900390625,22.114040453707105,SH_ST,SH_ST
3347.0,3347.0099295723485,1030.5210188620424,4236.380624754705,221.35725794845249,243.1317901611328,21.774532212680327,SH_ST,SH_ST
3348.0,3348.009809501984,1029.523266580034,4236.315438298357,221.35626631154952,242.7907867431641,21.434520431614544,SH_ST,SH_ST
3349.0,3349.009809993654,1028.523306605205,4236.306491302393,221.35527467464647,242.4434509277344,21.088176253087823,SH_ST,SH_ST
3350.0,3350.009810485324,1027.5233466303766,4236.297544306433,221.35428303774364,242.0960998535156,20.741816815771983,SH_ST,SH_ST
3351.0,3351.009810976994,1026.5233866555477,4236.288597310475,221.3532914008407,241.74874877929688,20.39545737845617,SH_ST,SH_ST
3352.0,3352.0098114686634,1025.523426680719,4236.279650314512,221.3522997639378,241.40139770507807,20.04909794114033,SH_ST,SH_ST
3353.0,3353.009811960333,1024.5234667058885,4236.270703318736,221.35130812703488,241.05406188964844,19.70275376261356,SH_ST,SH_ST
3354.0,3354.009812452003,1023.5235067310574,4236.261756323059,221.35031649013192,240.7067108154297,19.35639432529777,SH_ST,SH_ST
3355.0,3355.0098129436733,1022.5235467562286,4236.252809327096,221.3493248532289,240.3593597412109,19.010034887981988,SH_ST,SH_ST
3356.0,3356.0098134353434,1021.5235867813998,4236.243862331132,221.34833321632604,240.0120086669922,18.663675450666148,SH_ST,SH_ST
3357.0,3357.009813927013,1020.5236268065712,4236.234915335169,221.3473415794231,239.7804718017578,18.43313022233471,SH_ST,SH_ST
3358.0,3358.0098144186827,1019.5236668317424,4236.225968339214,221.3463499425202,239.63211059570312,18.285760653182933,SH_ST,SH_ST
3359.0,3359.009814910353,1018.5237068569136,4236.217021343251,221.34535830561725,239.4837646484375,18.138406342820247,SH_ST,SH_ST
3360.0,3360.009815402023,1017.5237468820848,4236.208074347287,221.34436666871431,239.3354034423828,17.991036773668498,SH_ST,SH_ST
3361.0,3361.0098071254647,1016.5250731450486,4236.259389360324,221.3433750318113,239.18125915527344,17.83788412346209,SH_ST,SH_ST
3362.0,3362.009807617136,1015.5264056168716,4236.310995253048,221.34238339490844,239.02706909179688,17.684685696888437,SH_ST,SH_ST
3363.0,3363.009808108808,1014.527738088166,4236.362601135557,221.3413917580055,238.8728942871093,17.531502529103875,SH_ST,SH_ST
3364.0,3364.00980860048,1013.5290705597376,4236.414207023428,221.3404001211026,238.71871948242188,17.378319361319285,SH_ST,SH_ST
3365.0,3365.009809092151,1012.5304030313092,4236.465812911282,221.33940848419965,238.5380096435547,17.198601159355036,SH_ST,SH_ST
3366.0,3366.009809583823,1011.5317355026036,4236.517418793792,221.3384168472967,238.0703582763672,16.731941429070474,SH_ST,SH_ST
3367.0,3367.009810075495,1010.533067974426,4236.569024686512,221.3374252103937,237.60269165039065,16.26526643999688,SH_ST,SH_ST
3368.0,3368.009810567167,1009.534400445744,4236.620630569479,221.33643357349084,237.13504028320312,15.798606709712288,SH_ST,SH_ST
3369.0,3369.0098110588383,1008.5357329174226,4236.67223645941,221.3354419365879,236.6673889160156,15.331946979427729,SH_ST,SH_ST
3370.0,3370.0098115505093,1007.537065388862,4236.723842344703,221.334450299685,236.19972229003903,14.865271990354074,SH_ST,SH_ST
3371.0,3371.009812042181,1006.5383978601895,4236.77544822785,221.33345866278205,235.7320709228516,14.398612260069513,SH_ST,SH_ST
3372.0,3372.009812533852,1005.5397303319966,4236.82705412025,221.3324670258791,235.264404296875,13.931937270995888,SH_ST,SH_ST
3373.0,3373.00976199373,1004.5434607964754,4236.912756813087,221.33147538897617,234.7842712402344,13.452795851258202,SH_ST,SH_ST
3374.0,3374.009762485403,1003.5474007376536,4237.001438035573,221.33048375207323,234.3030548095703,12.972571057497078,SH_ST,SH_ST
3375.0,3375.009762977076,1002.5513406788264,4237.090119257997,221.3294921151703,233.82183837890625,12.492346263735952,SH_ST,SH_ST
3376.0,3376.0097634687468,1001.5552806208564,4237.178800490037,221.3285004782674,233.3406219482422,12.0121214699748,SH_ST,SH_ST
3377.0,3377.0097639604187,1000.5592205620248,4237.267481712405,221.32750884136445,232.9037475585937,11.576238717229302,SH_ST,SH_ST
3378.0,3378.00976445209,999.56316050406,4237.356162944505,221.3265172044615,232.52163696289065,11.195119758429117,SH_ST,SH_ST
3379.0,3379.009764943762,998.5671004452256,4237.444844166844,221.32552556755857,232.1395263671875,10.814000799628928,SH_ST,SH_ST
3380.0,3380.0097650818734,997.57104038637,4237.533525388949,221.325,231.7574005126953,10.432400512695324,SH_ST,SH_ST
3381.0,3381.009765081873,996.5749803126608,4237.622206444207,221.325,231.3752899169922,10.0502899169922,SH_ST,SH_ST
3382.0,3382.009765081873,995.578920146686,4237.71088646314,221.325,230.99317932128903,9.668179321289074,SH_ST,SH_ST
3383.0,3383.009765081873,994.5828599798092,4237.799566471943,221.325,230.611068725586,9.286068725585949,SH_ST,SH_ST
3384.0,3384.009765081873,993.586799813839,4237.888246490928,221.325,230.21144104003903,8.886441040039074,SH_ST,SH_ST
3385.0,3385.0097650818725,992.5907396475286,4237.97692650609,221.325,229.77536010742188,8.450360107421886,SH_ST,SH_ST
3386.0,3386.0097650818725,991.5946794809788,4238.065606518567,221.325,229.3392944335937,8.014294433593761,SH_ST,SH_ST
3387.0,3387.0097650818725,990.5986193149756,4238.154286537185,221.325,228.90321350097656,7.578213500976574,SH_ST,SH_ST
3388.0,3388.0097650818725,989.602559148098,4238.242966545978,221.325,228.46714782714844,7.142147827148449,SH_ST,SH_ST
3389.0,3389.0097650818725,988.6064989821286,4238.331646564974,221.325,228.03106689453125,6.706066894531261,SH_ST,SH_ST
3390.0,3390.009765081873,987.6104388159014,4238.420326581076,221.325,227.59500122070312,6.270001220703136,SH_ST,SH_ST
3391.0,3391.009765081873,986.6143786492656,4238.509006592589,221.325,227.158920288086,5.833920288085949,SH_ST,SH_ST
3392.0,3392.009765081873,985.6183184832648,4238.597686611232,221.325,226.7228546142578,5.397854614257824,SH_ST,SH_ST
3393.0,3393.0097650818734,984.622258316386,4238.686366620016,221.325,226.2867889404297,4.961788940429699,SH_ST,SH_ST
3394.0,3394.009765081874,983.6261981504172,4238.775046639022,221.325,225.8507080078125,4.525708007812511,SH_ST,SH_ST
3395.0,3395.009765081874,982.6301379842764,4238.863726656094,221.325,225.4146423339844,4.089642333984386,SH_ST,SH_ST
3396.0,3396.009765081874,981.6340778175628,4238.95240666673,221.325,224.9785614013672,3.653561401367199,SH_ST,SH_ST
3397.0,3397.009765081874,980.6380176515538,4239.04108668528,221.325,224.4894561767578,3.164456176757824,SH_ST,SH_ST
3398.0,3398.0097650818734,979.6419574846748,4239.129766694054,221.325,223.85516357421875,2.5301635742187614,SH_ST,SH_ST
3399.0,3399.0097650818734,978.6458973187068,4239.218446713065,221.325,223.22088623046875,1.8958862304687607,SH_ST,SH_ST
3400.0,3400.0097650818734,977.649837151827,4239.307126721836,221.325,222.5865936279297,1.2615936279296989,SH_ST,SH_ST
3401.0,3401.009765081873,976.6537769858523,4239.395806740768,221.325,221.95230102539065,0.6273010253906364,SH_ST,SH_ST
3402.0,3402.0097650818725,975.6577168198442,4239.484486759322,221.325,221.31802368164065,0.0,SH_ST,SH_ST
3403.0,3403.009765081872,974.6616566529648,4239.573166768093,221.325,220.98280334472656,0.0,SH_ST,SH_ST
3404.0,3404.009765081872,973.6655964869974,4239.661846787108,221.325,220.72622680664065,0.0,SH_ST,SH_ST
3405.0,3405.009765081871,972.6695363201666,4239.750526796421,221.325,220.4696502685547,0.0,SH_ST,SH_ST
3406.0,3406.009765081871,971.6734761541436,4239.839206814812,221.325,,0.0,SH_ST,SH_ST
3407.0,3407.0097650818707,970.6774159881348,4239.92788683336,221.325,,0.0,SH_ST,SH_ST
3408.0,3408.0097650818702,969.681355821256,4240.016566842135,221.325,,0.0,SH_ST,SH_ST
3409.0,3409.00976508187,968.6852956552816,4240.10524686107,221.325,,0.0,SH_ST,SH_ST
3410.0,3410.00976508187,967.6892354885496,4240.193926871497,221.325,,0.0,SH_ST,SH_ST
3411.0,3411.00976508187,966.6931753224344,4240.282606888855,221.325,,0.0,SH_ST,SH_ST
3412.0,3412.00976508187,965.6971151564248,4240.371286907398,221.325,,0.0,SH_ST,SH_ST
3413.0,3413.00976508187,964.7010549895466,4240.459966916183,221.325,,0.0,SH_ST,SH_ST
3414.0,3414.0097650818693,963.704994823572,4240.548646935116,221.325,,0.0,SH_ST,SH_ST
3415.0,3415.0097650818693,962.7089346569292,4240.63732694655,221.325,,0.0,SH_ST,SH_ST
3416.0,3416.0097650818693,961.7128744907244,4240.726006962902,221.325,,0.0,SH_ST,SH_ST
3417.0,3417.00976508187,960.7168143247136,4240.814686981435,221.325,,0.0,SH_ST,SH_ST
3418.0,3418.00976508187,959.7207541578358,4240.903366990229,221.325,,0.0,SH_ST,SH_ST
3419.0,3419.0097650818702,958.7246939918604,4240.99204700916,221.325,,0.0,SH_ST,SH_ST
3420.0,3420.0097650818702,957.7286338253076,4241.080727021605,221.325,,0.0,SH_ST,SH_ST
3421.0,3421.0097650818702,956.732573659013,4241.169407036949,221.325,,0.0,SH_ST,SH_ST
3422.0,3422.0097650818702,955.7365134930016,4241.258087055474,221.325,,0.0,SH_ST,SH_ST
3423.0,3423.0097650818702,954.7404533261245,4241.346767064275,221.325,,0.0,SH_ST,SH_ST
3424.0,3424.0097650818707,953.7443931601492,4241.435447083208,221.325,,0.0,SH_ST,SH_ST
3425.0,3425.0097650818707,952.7483329936864,4241.524127096659,221.325,,0.0,SH_ST,SH_ST
3426.0,3426.0097650818707,951.752272827302,4241.612807110994,221.325,,0.0,SH_ST,SH_ST
3427.0,3427.0097650818702,950.7562126612862,4241.701487129465,221.325,,0.0,SH_ST,SH_ST
3428.0,3428.0097650818702,949.7601524944102,4241.790167138276,221.325,,0.0,SH_ST,SH_ST
3429.0,3429.00976508187,948.7640923284396,4241.878847157254,221.325,,0.0,SH_ST,SH_ST
3430.0,3430.00976508187,947.768032162066,4241.967527171712,221.325,,0.0,SH_ST,SH_ST
