parameter_set_id,formation,rock_class,material_group,used_in_stage1_geometry,parameter_level,E,E_GPa,cohesion,cohesion_MPa,friction,sigma_ci,sigma_ci_MPa,mi,GSI,disturbance_D,hb_mb,hb_s,hb_a,tension,poisson,density,dilation,plastic_zone,plastic_radius_estimate_m,settlement_filter_metric,plastic_zone_filter_metric,n_segment_points,segment_p95_crown_settlement_mm,segment_p95_wall_convergence_mm,segment_p95_plastic_zone_thickness_estimate_m,segment_p95_plastic_zone_ratio_to_radius,mean_crown_settlement_mm,mean_wall_convergence_mm,mean_plastic_zone_thickness_estimate_m,mean_plastic_zone_ratio_to_radius,max_plastic_zone_thickness_estimate_m,max_plastic_zone_ratio_to_radius,crown_settlement_mm,wall_convergence_mm,radial_convergence_hydrostatic_equiv_mm,diametral_convergence_hydrostatic_equiv_mm,displacement_model,failure_criterion,stability_index,yield_state_control,failure_flag_formation,pass_stage1_formation,reject_reason_formation,score_2d_formation,rank_2d_formation,failure_flag,score_2d,rank_2d,pass_stage1,reject_reason,failed_formations,danger_mileage,danger_formation,plastic_zone_penalty,crown_settlement_penalty,wall_convergence_penalty,convergence_penalty,parameter_prior_penalty,stability_penalty,notes
P0001,Fault,Fault,Fault,True,min_max_sweep_100_lhs,240404040.4040404,0.2404040404040404,28888.888888888887,0.028888888888888888,19.595959595959595,6111111.111111111,6.111111111111111,3.6969696969696972,27.424242424242422,0.5,0.11666193481455747,6.272392044580957e-05,0.5265694380424889,,0.3090909090909091,2490.0,,6.044338425097896,9.044338425097896,segment_p95,segment_p95,246.0,,,6.044338425097896,2.014779475032632,,,5.711173606965697,1.9037245356552324,6.073807992547143,2.024602664182381,,,,,disabled_plastic_zone_only,generalized_hoek_brown,324.24509628450255,plastic_estimate,True,False,segment_p95_plastic_zone_ratio_to_radius too large,1.9352925158940413,49.0,True,2.1875600344732513,29.0,False,Interbedded_ST: segment_p95_plastic_zone_ratio_to_radius too large; Fault: segment_p95_plastic_zone_ratio_to_radius too large,Interbedded_ST; Fault,1429.0,Fault,1.007389737516316,,,0.0,0.4566880930517295,5.784579040521089,"All-results row format: one parameter_set_id x formation row; main metrics are segment_p95 values within that formation. Displacement is CCM hydrostatic-equivalent estimate, not directional K0 crown/wall solution."
P0001,Interbedded_ST,Interbedded_ST,Interbedded_ST,True,min_max_sweep_100_lhs,1852401490.9090912,1.8524014909090913,103183.36363636365,0.10318336363636364,21.572727272727274,1618650.0,1.61865,9.373737373737374,39.54545454545455,0.5,0.5268307201718317,0.0003157353925201957,0.511724767277194,,0.24838383838383837,2520.0,,6.896341530118363,9.896341530118363,segment_p95,segment_p95,924.0,,,6.896341530118363,2.2987805100394545,,,6.5874110578034974,2.1958036859344987,6.915106241620947,2.305035413873649,,,,,disabled_plastic_zone_only,generalized_hoek_brown,723.7418106674447,plastic_estimate,True,False,segment_p95_plastic_zone_ratio_to_radius too large,2.1875600344732513,36.0,True,2.1875600344732513,29.0,False,Interbedded_ST: segment_p95_plastic_zone_ratio_to_radius too large; Fault: segment_p95_plastic_zone_ratio_to_radius too large,Interbedded_ST; Fault,767.0,Interbedded_ST,1.1493902550197272,,,0.0,0.16708499132741558,6.585815468210425,"All-results row format: one parameter_set_id x formation row; main metrics are segment_p95 values within that formation. Displacement is CCM hydrostatic-equivalent estimate, not directional K0 crown/wall solution."
P0001,SH_ST,SH_ST,SH_ST,True,min_max_sweep_100_lhs,2964680100.0,2.9646801,201054.46363636362,0.20105446363636362,23.757373737373737,10929707.454545453,10.929707454545452,7.91919191919192,28.939393939393938,0.5,0.2685953750890561,7.676609591309484e-05,0.523996371835586,,0.38,2505.8585858585857,,5.529031241125629,8.52903124112563,segment_p95,segment_p95,2261.0,,,5.529031241125629,1.8430104137085428,,,4.286003973720626,1.428667991240209,5.78147459252428,1.9271581975080934,,,,,disabled_plastic_zone_only,generalized_hoek_brown,245.20543242457458,plastic_estimate,False,True,,1.803074333086938,57.0,True,2.1875600344732513,29.0,False,Interbedded_ST: segment_p95_plastic_zone_ratio_to_radius too large; Fault: segment_p95_plastic_zone_ratio_to_radius too large,Interbedded_ST; Fault,1077.0,SH_ST,0.9215052068542714,,,0.0,0.21424344454647484,5.506166278594553,"All-results row format: one parameter_set_id x formation row; main metrics are segment_p95 values within that formation. Displacement is CCM hydrostatic-equivalent estimate, not directional K0 crown/wall solution."
P0001,SS_NC,SS_NC,SS_NC,False,min_max_sweep_100_lhs,1314156518.1818185,1.3141565181818184,403594.3,0.40359429999999996,37.8869696969697,1196820.0,1.19682,12.606060606060606,40.75757575757576,0.5,0.7505941978905639,0.0003711182180830607,0.5107981161304207,,0.1598989898989899,2596.6666666666665,,,,,,,,,,,,,,,,,,,,,,generalized_hoek_brown,,,,,,,,True,2.1875600344732513,29.0,False,Interbedded_ST: segment_p95_plastic_zone_ratio_to_radius too large; Fault: segment_p95_plastic_zone_ratio_to_radius too large,Interbedded_ST; Fault,,,,,,,,,"All-results row format: one parameter_set_id x formation row; main metrics are segment_p95 values within that formation. Displacement is CCM hydrostatic-equivalent estimate, not directional K0 crown/wall solution."
P0001,SS_NK,SS_NK,SS_NK,False,min_max_sweep_100_lhs,461364300.0,0.4613643,138737.18181818182,0.13873718181818182,27.6969696969697,213293.18181818182,0.21329318181818183,14.525252525252526,35.0,0.5,0.6574744289010905,0.00017223225596081014,0.5159498890105109,,0.38,2390.0,,,,,,,,,,,,,,,,,,,,,,generalized_hoek_brown,,,,,,,,True,2.1875600344732513,29.0,False,Interbedded_ST: segment_p95_plastic_zone_ratio_to_radius too large; Fault: segment_p95_plastic_zone_ratio_to_radius too large,Interbedded_ST; Fault,,,,,,,,,"All-results row format: one parameter_set_id x formation row; main metrics are segment_p95 values within that formation. Displacement is CCM hydrostatic-equivalent estimate, not directional K0 crown/wall solution."
P0002,Fault,Fault,Fault,True,min_max_sweep_100_lhs,268686868.68686867,0.26868686868686864,26161.61616161616,0.02616161616161616,18.98989898989899,9848484.848484848,9.848484848484848,4.878787878787879,18.03030303030303,0.5,0.09842877391828804,1.7925380770222155e-05,0.5498856198601928,,0.3419191919191919,2490.0,,6.503358405888858,9.503358405888857,segment_p95,segment_p95,246.0,,,6.503358405888858,2.167786135296286,,,6.170193587756659,2.056731195918886,6.5328279733381045,2.177609324446035,,,,,disabled_plastic_zone_only,generalized_hoek_brown,502.579163889638,plastic_estimate,True,False,segment_p95_plastic_zone_ratio_to_radius too large,2.0691484064991106,76.0,True,2.2803045196442744,48.0,False,Interbedded_ST: segment_p95_plastic_zone_ratio_to_radius too large; Fault: segment_p95_plastic_zone_ratio_to_radius too large,Interbedded_ST; Fault,1429.0,Fault,1.083893067648143,,,0.0,0.23760840730537708,6.221740926988671,"All-results row format: one parameter_set_id x formation row; main metrics are segment_p95 values within that formation. Displacement is CCM hydrostatic-equivalent estimate, not directional K0 crown/wall solution."
P0002,Interbedded_ST,Interbedded_ST,Interbedded_ST,True,min_max_sweep_100_lhs,1949470945.4545455,1.9494709454545456,131672.0,0.131672,21.855555555555558,1618650.0,1.61865,7.505050505050505,36.06060606060606,0.5,0.3573080978685392,0.00019839461110480523,0.5148465869643258,,0.3097979797979798,2520.0,,7.173946205534774,10.173946205534774,segment_p95,segment_p95,924.0,,,7.173946205534774,2.391315401844925,,,6.8650157332199075,2.288338577739969,7.192710917037358,2.3975703056791193,,,,,disabled_plastic_zone_only,generalized_hoek_brown,943.0705262532778,plastic_estimate,True,False,segment_p95_plastic_zone_ratio_to_radius too large,2.2803045196442744,60.0,True,2.2803045196442744,48.0,False,Interbedded_ST: segment_p95_plastic_zone_ratio_to_radius too large; Fault: segment_p95_plastic_zone_ratio_to_radius too large,Interbedded_ST; Fault,767.0,Interbedded_ST,1.1956577009224625,,,0.0,0.27042138557290085,6.850200873368912,"All-results row format: one parameter_set_id x formation row; main metrics are segment_p95 values within that formation. Displacement is CCM hydrostatic-equivalent estimate, not directional K0 crown/wall solution."
P0002,SH_ST,SH_ST,SH_ST,True,min_max_sweep_100_lhs,2964680100.0,2.9646801,206991.0,0.206991,18.81030303030303,6737349.454545453,6.737349454545453,4.363636363636363,40.0,0.5,0.2506150658950575,0.00033546262790251185,0.5113684695702436,,0.38,2423.4343434343436,,5.084447234410894,8.084447234410895,segment_p95,segment_p95,2261.0,,,5.084447234410894,1.6948157448036314,,,3.84874732579452,1.28291577526484,5.336890585809545,1.7789635286031817,,,,,disabled_plastic_zone_only,generalized_hoek_brown,160.2172668622453,plastic_estimate,False,True,,1.6770539464160021,30.0,True,2.2803045196442744,48.0,False,Interbedded_ST: segment_p95_plastic_zone_ratio_to_radius too large; Fault: segment_p95_plastic_zone_ratio_to_radius too large,Interbedded_ST; Fault,1077.0,SH_ST,0.8474078724018157,,,0.0,0.49894908682787464,5.082752938866234,"All-results row format: one parameter_set_id x formation row; main metrics are segment_p95 values within that formation. Displacement is CCM hydrostatic-equivalent estimate, not directional K0 crown/wall solution."
P0002,SS_NC,SS_NC,SS_NC,False,min_max_sweep_100_lhs,2394314809.0909095,2.3943148090909094,217264.74545454545,0.21726474545454547,25.403030303030306,39957220.0,39.95722,14.525252525252526,43.93939393939394,0.5,1.0063561336201625,0.0005672289891977492,0.508693695529403,,0.16696969696969696,2509.3939393939395,,,,,,,,,,,,,,,,,,,,,,generalized_hoek_brown,,,,,,,,True,2.2803045196442744,48.0,False,Interbedded_ST: segment_p95_plastic_zone_ratio_to_radius too large; Fault: segment_p95_plastic_zone_ratio_to_radius too large,Interbedded_ST; Fault,,,,,,,,,"All-results row format: one parameter_set_id x formation row; main metrics are segment_p95 values within that formation. Displacement is CCM hydrostatic-equivalent estimate, not directional K0 crown/wall solution."
P0002,SS_NK,SS_NK,SS_NK,False,min_max_sweep_100_lhs,461364300.0,0.4613643,113746.45454545454,0.11374645454545454,29.62727272727273,285589.9090909091,0.28558990909090914,13.212121212121213,50.95959595959596,0.5,1.278742721812431,0.0014463378489571995,0.5053651086112381,,0.38,2390.0,,,,,,,,,,,,,,,,,,,,,,generalized_hoek_brown,,,,,,,,True,2.2803045196442744,48.0,False,Interbedded_ST: segment_p95_plastic_zone_ratio_to_radius too large; Fault: segment_p95_plastic_zone_ratio_to_radius too large,Interbedded_ST; Fault,,,,,,,,,"All-results row format: one parameter_set_id x formation row; main metrics are segment_p95 values within that formation. Displacement is CCM hydrostatic-equivalent estimate, not directional K0 crown/wall solution."
P0003,Fault,Fault,Fault,True,min_max_sweep_100_lhs,486868686.8686869,0.4868686868686869,22525.252525252523,0.022525252525252525,16.88888888888889,5808080.808080808,5.808080808080808,6.0,27.12121212121212,0.5,0.18662407097044043,6.024013597996088e-05,0.527115981380768,,0.3242424242424242,2490.0,,6.125655470928153,9.125655470928153,segment_p95,segment_p95,246.0,,,6.125655470928153,2.0418851569760514,,,5.792490652795954,1.9308302175986516,6.155125038377401,2.0517083461258,,,,,disabled_plastic_zone_only,generalized_hoek_brown,350.4346744613423,plastic_estimate,True,False,segment_p95_plastic_zone_ratio_to_radius too large,1.945543597785384,51.0,True,2.375859439400359,77.0,False,Interbedded_ST: segment_p95_plastic_zone_ratio_to_radius too large; Fault: segment_p95_plastic_zone_ratio_to_radius too large,Interbedded_ST; Fault,1429.0,Fault,1.0209425784880257,,,0.0,0.14863789409243958,5.862023846073715,"All-results row format: one parameter_set_id x formation row; main metrics are segment_p95 values within that formation. Displacement is CCM hydrostatic-equivalent estimate, not directional K0 crown/wall solution."
P0003,Interbedded_ST,Interbedded_ST,Interbedded_ST,True,min_max_sweep_100_lhs,1925203581.8181818,1.9252035818181819,136230.1818181818,0.1362301818181818,19.592929292929295,1618650.0,1.61865,9.424242424242424,32.27272727272727,0.5,0.3746275770354471,0.0001197262070055988,0.5191725277436547,,0.328989898989899,2520.0,,7.487988694678038,10.487988694678037,segment_p95,segment_p95,924.0,,,7.487988694678038,2.4959962315593462,,,7.179058222363172,2.3930194074543905,7.506753406180621,2.5022511353935406,,,,,disabled_plastic_zone_only,generalized_hoek_brown,1272.2003346725312,plastic_estimate,True,False,segment_p95_plastic_zone_ratio_to_radius too large,2.375859439400359,84.0,True,2.375859439400359,77.0,False,Interbedded_ST: segment_p95_plastic_zone_ratio_to_radius too large; Fault: segment_p95_plastic_zone_ratio_to_radius too large,Interbedded_ST; Fault,767.0,Interbedded_ST,1.2479981157796731,,,0.0,0.20006121824303652,7.149288958267259,"All-results row format: one parameter_set_id x formation row; main metrics are segment_p95 values within that formation. Displacement is CCM hydrostatic-equivalent estimate, not directional K0 crown/wall solution."
P0003,SH_ST,SH_ST,SH_ST,True,min_max_sweep_100_lhs,2964680100.0,2.9646801,195117.92727272725,0.19511792727272725,20.974646464646465,15312627.18181818,15.31262718181818,6.181818181818182,29.09090909090909,0.5,0.21118707134513864,7.83326971081007e-05,0.5237530726127502,,0.38,2526.4646464646466,,5.170046952698488,8.170046952698488,segment_p95,segment_p95,2261.0,,,5.170046952698488,1.7233489842328296,,,3.932908393354592,1.3109694644515306,5.42249030409714,1.80749676803238,,,,,disabled_plastic_zone_only,generalized_hoek_brown,173.91086128931488,plastic_estimate,False,True,,1.6912680878687973,34.0,True,2.375859439400359,77.0,False,Interbedded_ST: segment_p95_plastic_zone_ratio_to_radius too large; Fault: segment_p95_plastic_zone_ratio_to_radius too large,Interbedded_ST; Fault,1077.0,SH_ST,0.8616744921164148,,,0.0,0.24313845525966743,5.164276480092514,"All-results row format: one parameter_set_id x formation row; main metrics are segment_p95 values within that formation. Displacement is CCM hydrostatic-equivalent estimate, not directional K0 crown/wall solution."
P0003,SS_NC,SS_NC,SS_NC,False,min_max_sweep_100_lhs,2587200218.1818185,2.5872002181818186,186932.02727272728,0.18693202727272729,38.52717171717172,25560499.999999996,25.560499999999998,12.1010101010101,49.24242424242424,0.5,1.0792447721903493,0.0011503641118999592,0.5060415583348563,,0.28434343434343434,2508.181818181818,,,,,,,,,,,,,,,,,,,,,,generalized_hoek_brown,,,,,,,,True,2.375859439400359,77.0,False,Interbedded_ST: segment_p95_plastic_zone_ratio_to_radius too large; Fault: segment_p95_plastic_zone_ratio_to_radius too large,Interbedded_ST; Fault,,,,,,,,,"All-results row format: one parameter_set_id x formation row; main metrics are segment_p95 values within that formation. Displacement is CCM hydrostatic-equivalent estimate, not directional K0 crown/wall solution."
P0003,SS_NK,SS_NK,SS_NK,False,min_max_sweep_100_lhs,461364300.0,0.4613643,186796.27272727274,0.18679627272727273,23.093939393939394,302534.4545454546,0.3025344545454546,13.919191919191919,48.333333333333336,0.5,1.1888080198385167,0.0010190454849489836,0.5064322890037308,,0.38,2390.0,,,,,,,,,,,,,,,,,,,,,,generalized_hoek_brown,,,,,,,,True,2.375859439400359,77.0,False,Interbedded_ST: segment_p95_plastic_zone_ratio_to_radius too large; Fault: segment_p95_plastic_zone_ratio_to_radius too large,Interbedded_ST; Fault,,,,,,,,,"All-results row format: one parameter_set_id x formation row; main metrics are segment_p95 values within that formation. Displacement is CCM hydrostatic-equivalent estimate, not directional K0 crown/wall solution."
P0004,Fault,Fault,Fault,True,min_max_sweep_100_lhs,507070707.070707,0.507070707070707,25151.515151515152,0.02515151515151515,18.262626262626263,6616161.616161616,6.616161616161616,5.696969696969697,29.545454545454547,0.5,0.19888192866900437,8.322694587016918e-05,0.5230377480784557,,0.3323232323232323,2490.0,,5.7697508366099575,8.769750836609958,segment_p95,segment_p95,246.0,,,5.7697508366099575,1.9232502788699857,,,5.436586018477757,1.812195339492586,5.799220404059204,1.9330734680197346,,,,,disabled_plastic_zone_only,generalized_hoek_brown,249.40185603653538,plastic_estimate,False,True,,1.8297379887789598,30.0,True,2.355325626569353,73.0,False,Interbedded_ST: segment_p95_plastic_zone_ratio_to_radius too large,Interbedded_ST,1429.0,Fault,0.9616251394349928,,,0.0,0.07811447811447816,5.523067051484956,"All-results row format: one parameter_set_id x formation row; main metrics are segment_p95 values within that formation. Displacement is CCM hydrostatic-equivalent estimate, not directional K0 crown/wall solution."
P0004,Interbedded_ST,Interbedded_ST,Interbedded_ST,True,min_max_sweep_100_lhs,2090221654.5454547,2.090221654545455,54182.909090909096,0.054182909090909094,18.461616161616163,1618650.0,1.61865,9.727272727272727,33.78787878787879,0.5,0.41560308728045986,0.0001465296401273793,0.5173101278133356,,0.3923232323232323,2520.0,,7.360597305802579,10.360597305802578,segment_p95,segment_p95,924.0,,,7.360597305802579,2.4535324352675265,,,7.051666833487713,2.3505556111625707,7.379362017305162,2.459787339101721,,,,,disabled_plastic_zone_only,generalized_hoek_brown,1126.732012211138,plastic_estimate,True,False,segment_p95_plastic_zone_ratio_to_radius too large,2.355325626569353,79.0,True,2.355325626569353,73.0,False,Interbedded_ST: segment_p95_plastic_zone_ratio_to_radius too large,Interbedded_ST,767.0,Interbedded_ST,1.2267662176337633,,,0.0,0.5931639628609326,7.027963826004917,"All-results row format: one parameter_set_id x formation row; main metrics are segment_p95 values within that formation. Displacement is CCM hydrostatic-equivalent estimate, not directional K0 crown/wall solution."
P0004,SH_ST,SH_ST,SH_ST,True,min_max_sweep_100_lhs,2964680100.0,2.9646801,171371.7818181818,0.1713717818181818,18.19191919191919,18361614.818181816,18.361614818181817,4.242424242424242,34.54545454545455,0.5,0.1879182491370683,0.0001621039556043436,0.5164471425173605,,0.38,2560.808080808081,,4.526654415129551,7.526654415129551,segment_p95,segment_p95,2261.0,,,4.526654415129551,1.5088848050431838,,,3.301078061707725,1.1003593539025749,4.779097766528203,1.5930325888427341,,,,,disabled_plastic_zone_only,generalized_hoek_brown,93.77651840295123,plastic_estimate,False,True,,1.4908642273432695,9.0,True,2.355325626569353,73.0,False,Interbedded_ST: segment_p95_plastic_zone_ratio_to_radius too large,Interbedded_ST,1077.0,SH_ST,0.7544424025215919,,,0.0,0.29456177941026435,4.551521682407812,"All-results row format: one parameter_set_id x formation row; main metrics are segment_p95 values within that formation. Displacement is CCM hydrostatic-equivalent estimate, not directional K0 crown/wall solution."
P0004,SS_NC,SS_NC,SS_NC,False,min_max_sweep_100_lhs,3975975163.636365,3.975975163636365,143599.57272727272,0.14359957272727272,40.767878787878786,11163780.0,11.16378,14.222222222222221,40.90909090909091,0.5,0.8529561605271403,0.0003786917990633352,0.5106874615714201,,0.20515151515151514,2493.6363636363635,,,,,,,,,,,,,,,,,,,,,,generalized_hoek_brown,,,,,,,,True,2.355325626569353,73.0,False,Interbedded_ST: segment_p95_plastic_zone_ratio_to_radius too large,Interbedded_ST,,,,,,,,,"All-results row format: one parameter_set_id x formation row; main metrics are segment_p95 values within that formation. Displacement is CCM hydrostatic-equivalent estimate, not directional K0 crown/wall solution."
P0004,SS_NK,SS_NK,SS_NK,False,min_max_sweep_100_lhs,461364300.0,0.4613643,227165.90909090906,0.22716590909090906,36.75454545454546,241534.0909090909,0.24153409090909092,16.242424242424242,43.888888888888886,0.5,1.1226241407854465,0.0005634220975675709,0.5087237319298591,,0.38,2390.0,,,,,,,,,,,,,,,,,,,,,,generalized_hoek_brown,,,,,,,,True,2.355325626569353,73.0,False,Interbedded_ST: segment_p95_plastic_zone_ratio_to_radius too large,Interbedded_ST,,,,,,,,,"All-results row format: one parameter_set_id x formation row; main metrics are segment_p95 values within that formation. Displacement is CCM hydrostatic-equivalent estimate, not directional K0 crown/wall solution."
P0005,Fault,Fault,Fault,True,min_max_sweep_100_lhs,272727272.7272727,0.2727272727272727,23232.323232323233,0.023232323232323233,16.04040404040404,9040404.040404042,9.040404040404042,4.151515151515151,19.545454545454547,0.5,0.0900225155819489,2.193838474548913e-05,0.5450724258908712,,0.3318181818181818,2490.0,,6.422396375417145,9.422396375417145,segment_p95,segment_p95,246.0,,,6.422396375417145,2.1407987918057154,,,6.089231557284945,2.0297438524283153,6.451865942866391,2.1506219809554636,,,,,disabled_plastic_zone_only,generalized_hoek_brown,465.20909317966516,plastic_estimate,True,False,segment_p95_plastic_zone_ratio_to_radius too large,2.0473696948913163,71.0,True,2.0835792313107633,6.0,False,Interbedded_ST: segment_p95_plastic_zone_ratio_to_radius too large; Fault: segment_p95_plastic_zone_ratio_to_radius too large,Interbedded_ST; Fault,1429.0,Fault,1.0703993959028577,,,0.0,0.31286603407815533,6.144634231301326,"All-results row format: one parameter_set_id x formation row; main metrics are segment_p95 values within that formation. Displacement is CCM hydrostatic-equivalent estimate, not directional K0 crown/wall solution."
P0005,Interbedded_ST,Interbedded_ST,Interbedded_ST,True,min_max_sweep_100_lhs,1939764000.0000002,1.9397640000000003,96346.09090909091,0.09634609090909091,18.38080808080808,1618650.0,1.61865,8.767676767676768,43.93939393939394,0.5,0.6074527983187072,0.0005672289891977492,0.508693695529403,,0.28101010101010104,2520.0,,6.557763943500033,9.557763943500033,segment_p95,segment_p95,924.0,,,6.557763943500033,2.1859213145000114,,,6.248833471185166,2.0829444903950556,6.576528655002615,2.1921762183342053,,,,,disabled_plastic_zone_only,generalized_hoek_brown,523.9802400125791,plastic_estimate,True,False,segment_p95_plastic_zone_ratio_to_radius too large,2.0835792313107633,8.0,True,2.0835792313107633,6.0,False,Interbedded_ST: segment_p95_plastic_zone_ratio_to_radius too large; Fault: segment_p95_plastic_zone_ratio_to_radius too large,Interbedded_ST; Fault,767.0,Interbedded_ST,1.0929606572500057,,,0.0,0.22373227221712072,6.263360623812016,"All-results row format: one parameter_set_id x formation row; main metrics are segment_p95 values within that formation. Displacement is CCM hydrostatic-equivalent estimate, not directional K0 crown/wall solution."
P0005,SH_ST,SH_ST,SH_ST,True,min_max_sweep_100_lhs,2964680100.0,2.9646801,113985.26363636363,0.11398526363636363,30.25040404040404,7880719.8181818165,7.8807198181818165,4.646464646464646,35.75757575757576,0.5,0.21804443213792216,0.00019053844634871417,0.5151538966632034,,0.38,2584.848484848485,,5.325329995936119,8.32532999593612,segment_p95,segment_p95,2261.0,,,5.325329995936119,1.775109998645373,,,4.085610451229381,1.3618701504097939,5.577773347334771,1.8592577824449237,,,,,disabled_plastic_zone_only,generalized_hoek_brown,201.78881000403183,plastic_estimate,False,True,,1.7369504056709877,44.0,True,2.0835792313107633,6.0,False,Interbedded_ST: segment_p95_plastic_zone_ratio_to_radius too large; Fault: segment_p95_plastic_zone_ratio_to_radius too large,Interbedded_ST; Fault,1077.0,SH_ST,0.8875549993226866,,,0.0,0.17702275278032856,5.312165092699782,"All-results row format: one parameter_set_id x formation row; main metrics are segment_p95 values within that formation. Displacement is CCM hydrostatic-equivalent estimate, not directional K0 crown/wall solution."
P0005,SS_NC,SS_NC,SS_NC,False,min_max_sweep_100_lhs,3435896018.1818194,3.4358960181818192,368928.33636363636,0.36892833636363637,19.001010101010102,17254700.0,17.2547,17.656565656565657,51.36363636363636,0.5,1.7420984460467923,0.001526392020645441,0.5052168858461141,,0.191010101010101,2490.0,,,,,,,,,,,,,,,,,,,,,,generalized_hoek_brown,,,,,,,,True,2.0835792313107633,6.0,False,Interbedded_ST: segment_p95_plastic_zone_ratio_to_radius too large; Fault: segment_p95_plastic_zone_ratio_to_radius too large,Interbedded_ST; Fault,,,,,,,,,"All-results row format: one parameter_set_id x formation row; main metrics are segment_p95 values within that formation. Displacement is CCM hydrostatic-equivalent estimate, not directional K0 crown/wall solution."
P0005,SS_NK,SS_NK,SS_NK,False,min_max_sweep_100_lhs,461364300.0,0.4613643,248311.90909090906,0.24831190909090906,36.30909090909091,251700.8181818182,0.2517008181818182,12.202020202020202,37.02020202020202,0.5,0.6080875135111886,0.00022547384390382525,0.5139134037896315,,0.38,2390.0,,,,,,,,,,,,,,,,,,,,,,generalized_hoek_brown,,,,,,,,True,2.0835792313107633,6.0,False,Interbedded_ST: segment_p95_plastic_zone_ratio_to_radius too large; Fault: segment_p95_plastic_zone_ratio_to_radius too large,Interbedded_ST; Fault,,,,,,,,,"All-results row format: one parameter_set_id x formation row; main metrics are segment_p95 values within that formation. Displacement is CCM hydrostatic-equivalent estimate, not directional K0 crown/wall solution."
P0006,Fault,Fault,Fault,True,min_max_sweep_100_lhs,228282828.2828283,0.2282828282828283,27171.717171717173,0.027171717171717173,19.717171717171716,11161616.161616163,11.161616161616163,4.9393939393939394,22.87878787878788,0.5,0.1255318166900377,3.421562034860295e-05,0.536048912531618,,0.30808080808080807,2490.0,,5.849286902573834,8.849286902573834,segment_p95,segment_p95,246.0,,,5.849286902573834,1.9497623008579446,,,5.516122084441634,1.8387073614805445,5.878756470023079,1.9595854900076932,,,,,disabled_plastic_zone_only,generalized_hoek_brown,269.10632714977817,plastic_estimate,False,True,,1.8721340805730027,39.0,True,2.6221024336858685,97.0,False,SH_ST: segment_p95_plastic_zone_ratio_to_radius too large; Interbedded_ST: segment_p95_plastic_zone_ratio_to_radius too large,SH_ST; Interbedded_ST,1429.0,Fault,0.9748811504289723,,,0.0,0.4242016120804,5.598815685736267,"All-results row format: one parameter_set_id x formation row; main metrics are segment_p95 values within that formation. Displacement is CCM hydrostatic-equivalent estimate, not directional K0 crown/wall solution."
P0006,Interbedded_ST,Interbedded_ST,Interbedded_ST,True,min_max_sweep_100_lhs,1968884836.3636365,1.9688848363636364,140788.36363636362,0.14078836363636363,19.51212121212121,1618650.0,1.61865,7.404040404040404,43.484848484848484,0.5,0.5019916266319133,0.0005338724872960556,0.5089676988908144,,0.3980808080808081,2520.0,,6.592303308296284,9.592303308296284,segment_p95,segment_p95,924.0,,,6.592303308296284,2.1974344360987614,,,6.2833728359814165,2.0944576119938056,6.611068019798866,2.2036893399329553,,,,,disabled_plastic_zone_only,generalized_hoek_brown,541.5364417825643,plastic_estimate,True,False,segment_p95_plastic_zone_ratio_to_radius too large,2.1053316136366114,13.0,True,2.6221024336858685,97.0,False,SH_ST: segment_p95_plastic_zone_ratio_to_radius too large; Interbedded_ST: segment_p95_plastic_zone_ratio_to_radius too large,SH_ST; Interbedded_ST,767.0,Interbedded_ST,1.0987172180493807,,,0.0,0.44085297418630753,6.2962552569513015,"All-results row format: one parameter_set_id x formation row; main metrics are segment_p95 values within that formation. Displacement is CCM hydrostatic-equivalent estimate, not directional K0 crown/wall solution."
P0006,SH_ST,SH_ST,SH_ST,True,min_max_sweep_100_lhs,2964680100.0,2.9646801,50662.20909090909,0.05066220909090909,20.356262626262627,1020497.6363636362,1.0204976363636362,5.5353535353535355,27.87878787878788,0.5,0.17849619446205622,6.664292848877709e-05,0.525770049235076,,0.38,2540.2020202020203,,8.128792184939563,11.128792184939563,segment_p95,segment_p95,2261.0,,,8.128792184939563,2.7095973949798546,,,6.848783730355454,2.2829279101184845,8.381235536338215,2.793745178779405,,,,,disabled_plastic_zone_only,generalized_hoek_brown,2927.1587228244384,plastic_estimate,True,False,segment_p95_plastic_zone_ratio_to_radius too large,2.6221024336858685,97.0,True,2.6221024336858685,97.0,False,SH_ST: segment_p95_plastic_zone_ratio_to_radius too large; Interbedded_ST: segment_p95_plastic_zone_ratio_to_radius too large,SH_ST; Interbedded_ST,1077.0,SH_ST,1.3547986974899273,,,0.0,0.19155188246097338,7.982129082226872,"All-results row format: one parameter_set_id x formation row; main metrics are segment_p95 values within that formation. Displacement is CCM hydrostatic-equivalent estimate, not directional K0 crown/wall solution."
P0006,SS_NC,SS_NC,SS_NC,False,min_max_sweep_100_lhs,3898821000.000001,3.8988210000000008,425260.5272727272,0.42526052727272723,41.728181818181824,5626580.0,5.62658,12.707070707070708,50.303030303030305,0.5,1.1920043531445923,0.0013251062603583824,0.5056146506168144,,0.17686868686868687,2554.242424242424,,,,,,,,,,,,,,,,,,,,,,generalized_hoek_brown,,,,,,,,True,2.6221024336858685,97.0,False,SH_ST: segment_p95_plastic_zone_ratio_to_radius too large; Interbedded_ST: segment_p95_plastic_zone_ratio_to_radius too large,SH_ST; Interbedded_ST,,,,,,,,,"All-results row format: one parameter_set_id x formation row; main metrics are segment_p95 values within that formation. Displacement is CCM hydrostatic-equivalent estimate, not directional K0 crown/wall solution."
P0006,SS_NK,SS_NK,SS_NK,False,min_max_sweep_100_lhs,461364300.0,0.4613643,79143.9090909091,0.0791439090909091,36.60606060606061,218941.36363636365,0.21894136363636366,13.717171717171716,44.696969696969695,0.5,0.9852802352380119,0.0006275185198194417,0.5082550770464449,,0.38,2390.0,,,,,,,,,,,,,,,,,,,,,,generalized_hoek_brown,,,,,,,,True,2.6221024336858685,97.0,False,SH_ST: segment_p95_plastic_zone_ratio_to_radius too large; Interbedded_ST: segment_p95_plastic_zone_ratio_to_radius too large,SH_ST; Interbedded_ST,,,,,,,,,"All-results row format: one parameter_set_id x formation row; main metrics are segment_p95 values within that formation. Displacement is CCM hydrostatic-equivalent estimate, not directional K0 crown/wall solution."
P0007,Fault,Fault,Fault,True,min_max_sweep_100_lhs,498989898.989899,0.498989898989899,29595.959595959597,0.029595959595959596,18.86868686868687,10252525.252525253,10.252525252525253,3.242424242424242,26.81818181818182,0.5,0.09940755006129803,5.785470610083026e-05,0.5276736782815239,,0.3333333333333333,2490.0,,5.557044282142317,8.557044282142318,segment_p95,segment_p95,246.0,,,5.557044282142317,1.8523480940474388,,,5.223879464010117,1.7412931546700388,5.5865138495915625,1.8621712831971875,,,,,disabled_plastic_zone_only,generalized_hoek_brown,203.48392797056795,plastic_estimate,False,True,,1.7726249525497366,20.0,True,2.1598151476779663,20.0,False,Interbedded_ST: segment_p95_plastic_zone_ratio_to_radius too large,Interbedded_ST,1429.0,Fault,0.9261740470237194,,,0.0,0.27793082338536895,5.3204893805633935,"All-results row format: one parameter_set_id x formation row; main metrics are segment_p95 values within that formation. Displacement is CCM hydrostatic-equivalent estimate, not directional K0 crown/wall solution."
P0007,Interbedded_ST,Interbedded_ST,Interbedded_ST,True,min_max_sweep_100_lhs,1701943836.3636365,1.7019438363636366,40508.36363636364,0.04050836363636364,19.027272727272727,1618650.0,1.61865,7.707070707070707,41.06060606060606,0.5,0.46556683047659786,0.00038641993761063295,0.5105779191091319,,0.352020202020202,2520.0,,6.778330617175827,9.778330617175827,segment_p95,segment_p95,924.0,,,6.778330617175827,2.2594435390586094,,,6.469400144860962,2.1564667149536536,6.797095328678411,2.2656984428928038,,,,,disabled_plastic_zone_only,generalized_hoek_brown,646.6977306976403,plastic_estimate,True,False,segment_p95_plastic_zone_ratio_to_radius too large,2.1598151476779663,28.0,True,2.1598151476779663,20.0,False,Interbedded_ST: segment_p95_plastic_zone_ratio_to_radius too large,Interbedded_ST,767.0,Interbedded_ST,1.1297217695293047,,,0.0,0.3567799204162841,6.473424122550868,"All-results row format: one parameter_set_id x formation row; main metrics are segment_p95 values within that formation. Displacement is CCM hydrostatic-equivalent estimate, not directional K0 crown/wall solution."
P0007,SH_ST,SH_ST,SH_ST,True,min_max_sweep_100_lhs,2964680100.0,2.9646801,110027.57272727274,0.11002757272727273,34.888282828282826,15693750.636363633,15.693750636363633,4.929292929292929,32.57575757575758,0.5,0.19879469803494454,0.0001246626847920104,0.5187848481292073,,0.38,2498.989898989899,,4.8303268205538314,7.8303268205538314,segment_p95,segment_p95,2261.0,,,4.8303268205538314,1.6101089401846105,,,3.599081028804142,1.1996936762680475,5.082770171952483,1.694256723984161,,,,,disabled_plastic_zone_only,generalized_hoek_brown,125.56215066225765,plastic_estimate,False,True,,1.5728466428978405,14.0,True,2.1598151476779663,20.0,False,Interbedded_ST: segment_p95_plastic_zone_ratio_to_radius too large,Interbedded_ST,1077.0,SH_ST,0.8050544700923052,,,0.0,0.018181818181818195,4.840733497097603,"All-results row format: one parameter_set_id x formation row; main metrics are segment_p95 values within that formation. Displacement is CCM hydrostatic-equivalent estimate, not directional K0 crown/wall solution."
P0007,SS_NC,SS_NC,SS_NC,False,min_max_sweep_100_lhs,3667358509.09091,3.66735850909091,329929.12727272726,0.3299291272727273,38.847272727272724,33866300.0,33.8663,14.424242424242424,45.60606060606061,0.5,1.081904271204612,0.0007083832816245772,0.5077571553947908,,0.2419191919191919,2591.818181818182,,,,,,,,,,,,,,,,,,,,,,generalized_hoek_brown,,,,,,,,True,2.1598151476779663,20.0,False,Interbedded_ST: segment_p95_plastic_zone_ratio_to_radius too large,Interbedded_ST,,,,,,,,,"All-results row format: one parameter_set_id x formation row; main metrics are segment_p95 values within that formation. Displacement is CCM hydrostatic-equivalent estimate, not directional K0 crown/wall solution."
P0007,SS_NK,SS_NK,SS_NK,False,min_max_sweep_100_lhs,461364300.0,0.4613643,177184.45454545453,0.17718445454545453,32.44848484848485,252830.45454545456,0.25283045454545455,15.333333333333334,38.03030303030303,0.5,0.8017897656149119,0.00025798057601865047,0.512993511432703,,0.38,2390.0,,,,,,,,,,,,,,,,,,,,,,generalized_hoek_brown,,,,,,,,True,2.1598151476779663,20.0,False,Interbedded_ST: segment_p95_plastic_zone_ratio_to_radius too large,Interbedded_ST,,,,,,,,,"All-results row format: one parameter_set_id x formation row; main metrics are segment_p95 values within that formation. Displacement is CCM hydrostatic-equivalent estimate, not directional K0 crown/wall solution."
P0008,Fault,Fault,Fault,True,min_max_sweep_100_lhs,309090909.09090906,0.3090909090909091,20000.0,0.02,19.87878787878788,10050505.05050505,10.05050505050505,4.787878787878788,26.363636363636363,0.5,0.14364561279830745,5.4452498789804625e-05,0.528531635739647,,0.3217171717171717,2490.0,,5.620364489679861,8.620364489679861,segment_p95,segment_p95,246.0,,,5.620364489679861,1.8734548298932867,,,5.2871996715476595,1.7623998905158869,5.649834057129107,1.8832780190430356,,,,,disabled_plastic_zone_only,generalized_hoek_brown,216.1947334119746,plastic_estimate,False,True,,1.799767586055307,25.0,True,2.150950017158961,18.0,False,Interbedded_ST: segment_p95_plastic_zone_ratio_to_radius too large,Interbedded_ST,1429.0,Fault,0.9367274149466434,,,0.0,0.4212631364146516,5.380794340122959,"All-results row format: one parameter_set_id x formation row; main metrics are segment_p95 values within that formation. Displacement is CCM hydrostatic-equivalent estimate, not directional K0 crown/wall solution."
P0008,Interbedded_ST,Interbedded_ST,Interbedded_ST,True,min_max_sweep_100_lhs,2022273036.3636367,2.0222730363636368,117997.45454545454,0.11799745454545454,19.916161616161617,1618650.0,1.61865,10.080808080808081,41.21212121212121,0.5,0.6133685052065595,0.00039430578785264864,0.5104694775667994,,0.3712121212121212,2520.0,,6.766607669712982,9.766607669712982,segment_p95,segment_p95,924.0,,,6.766607669712982,2.2555358899043276,,,6.457677197398116,2.152559065799372,6.785372381215565,2.2617907937385215,,,,,disabled_plastic_zone_only,generalized_hoek_brown,639.506590359187,plastic_estimate,True,False,segment_p95_plastic_zone_ratio_to_radius too large,2.150950017158961,26.0,True,2.150950017158961,18.0,False,Interbedded_ST: segment_p95_plastic_zone_ratio_to_radius too large,Interbedded_ST,767.0,Interbedded_ST,1.1277679449521638,,,0.0,0.2534435261707989,6.462259410681491,"All-results row format: one parameter_set_id x formation row; main metrics are segment_p95 values within that formation. Displacement is CCM hydrostatic-equivalent estimate, not directional K0 crown/wall solution."
P0008,SH_ST,SH_ST,SH_ST,True,min_max_sweep_100_lhs,2964680100.0,2.9646801,106069.8818181818,0.1060698818181818,37.98020202020202,8071281.545454545,8.071281545454545,7.151515151515152,30.0,0.5,0.25512310393792625,8.842698865988302e-05,0.5223437749058788,,0.38,2459.4949494949497,,5.733751974714586,8.733751974714586,segment_p95,segment_p95,2261.0,,,5.733751974714586,1.9112506582381954,,,4.48754142066606,1.4958471402220201,5.986195326113237,1.9953984420377457,,,,,disabled_plastic_zone_only,generalized_hoek_brown,298.207827091142,plastic_estimate,False,True,,1.8622716448438679,62.0,True,2.150950017158961,18.0,False,Interbedded_ST: segment_p95_plastic_zone_ratio_to_radius too large,Interbedded_ST,1077.0,SH_ST,0.9556253291190977,,,0.0,0.10649933680236709,5.701138405822131,"All-results row format: one parameter_set_id x formation row; main metrics are segment_p95 values within that formation. Displacement is CCM hydrostatic-equivalent estimate, not directional K0 crown/wall solution."
P0008,SS_NC,SS_NC,SS_NC,False,min_max_sweep_100_lhs,619769045.4545456,0.6197690454545456,147932.8181818182,0.1479328181818182,39.48747474747475,54907660.0,54.90766,13.515151515151516,52.57575757575758,0.5,1.4127160558799967,0.001794134899722733,0.5047954370112248,,0.25888888888888884,2584.5454545454545,,,,,,,,,,,,,,,,,,,,,,generalized_hoek_brown,,,,,,,,True,2.150950017158961,18.0,False,Interbedded_ST: segment_p95_plastic_zone_ratio_to_radius too large,Interbedded_ST,,,,,,,,,"All-results row format: one parameter_set_id x formation row; main metrics are segment_p95 values within that formation. Displacement is CCM hydrostatic-equivalent estimate, not directional K0 crown/wall solution."
P0008,SS_NK,SS_NK,SS_NK,False,min_max_sweep_100_lhs,461364300.0,0.4613643,69532.09090909091,0.06953209090909092,33.33939393939394,277682.4545454546,0.2776824545454546,20.18181818181818,53.78787878787879,0.5,2.234918827237767,0.0021088422861657526,0.5044067049564398,,0.38,2390.0,,,,,,,,,,,,,,,,,,,,,,generalized_hoek_brown,,,,,,,,True,2.150950017158961,18.0,False,Interbedded_ST: segment_p95_plastic_zone_ratio_to_radius too large,Interbedded_ST,,,,,,,,,"All-results row format: one parameter_set_id x formation row; main metrics are segment_p95 values within that formation. Displacement is CCM hydrostatic-equivalent estimate, not directional K0 crown/wall solution."
P0009,Fault,Fault,Fault,True,min_max_sweep_100_lhs,369696969.69696975,0.36969696969696975,22626.262626262625,0.022626262626262626,19.313131313131315,6010101.01010101,6.01010101010101,4.3939393939393945,20.0,0.5,0.09736410884743915,2.3309101142937016e-05,0.5437207507190644,,0.3434343434343434,2490.0,,6.80124661475645,9.801246614756451,segment_p95,segment_p95,246.0,,,6.80124661475645,2.267082204918817,,,6.46808179662425,2.1560272655414163,6.830716182205695,2.276905394068565,,,,,disabled_plastic_zone_only,generalized_hoek_brown,667.7725271180503,plastic_estimate,True,False,segment_p95_plastic_zone_ratio_to_radius too large,2.1634760284138426,90.0,True,2.384918937071316,79.0,False,Interbedded_ST: segment_p95_plastic_zone_ratio_to_radius too large; Fault: segment_p95_plastic_zone_ratio_to_radius too large,Interbedded_ST; Fault,1429.0,Fault,1.1335411024594084,,,0.0,0.2446280991735538,6.505443983053044,"All-results row format: one parameter_set_id x formation row; main metrics are segment_p95 values within that formation. Displacement is CCM hydrostatic-equivalent estimate, not directional K0 crown/wall solution."
P0009,Interbedded_ST,Interbedded_ST,Interbedded_ST,True,min_max_sweep_100_lhs,1818427181.8181818,1.8184271818181819,88369.27272727272,0.08836927272727273,18.744444444444444,1618650.0,1.61865,8.868686868686869,31.96969696969697,0.5,0.34749274355976817,0.00011498520722430451,0.5195681189151514,,0.36929292929292934,2520.0,,7.513781902073266,10.513781902073266,segment_p95,segment_p95,924.0,,,7.513781902073266,2.5045939673577555,,,7.2048514297584,2.4016171432528,7.53254661357585,2.51084887119195,,,,,disabled_plastic_zone_only,generalized_hoek_brown,1303.8637624163787,plastic_estimate,True,False,segment_p95_plastic_zone_ratio_to_radius too large,2.384918937071316,86.0,True,2.384918937071316,79.0,False,Interbedded_ST: segment_p95_plastic_zone_ratio_to_radius too large; Fault: segment_p95_plastic_zone_ratio_to_radius too large,Interbedded_ST; Fault,767.0,Interbedded_ST,1.2522969836788778,,,0.0,0.21850831547801247,7.173853917691286,"All-results row format: one parameter_set_id x formation row; main metrics are segment_p95 values within that formation. Displacement is CCM hydrostatic-equivalent estimate, not directional K0 crown/wall solution."
P0009,SH_ST,SH_ST,SH_ST,True,min_max_sweep_100_lhs,2964680100.0,2.9646801,42746.82727272727,0.04274682727272727,27.467676767676767,16265435.818181818,16.265435818181817,6.101010101010101,28.03030303030303,0.5,0.1981612710960129,6.800294152796305e-05,0.5255089242595299,,0.38,2462.929292929293,,5.1753820768325625,8.175382076832562,segment_p95,segment_p95,2261.0,,,5.1753820768325625,1.7251273589441876,,,3.938153851536832,1.3127179505122777,5.427825428231213,1.8092751427437377,,,,,disabled_plastic_zone_only,generalized_hoek_brown,174.80185741509905,plastic_estimate,False,True,,1.688192494414301,32.0,True,2.384918937071316,79.0,False,Interbedded_ST: segment_p95_plastic_zone_ratio_to_radius too large; Fault: segment_p95_plastic_zone_ratio_to_radius too large,Interbedded_ST; Fault,1077.0,SH_ST,0.8625636794720938,,,0.0,0.14796449341903883,5.169357550696394,"All-results row format: one parameter_set_id x formation row; main metrics are segment_p95 values within that formation. Displacement is CCM hydrostatic-equivalent estimate, not directional K0 crown/wall solution."
P0009,SS_NC,SS_NC,SS_NC,False,min_max_sweep_100_lhs,2934393954.545455,2.934393954545455,373261.5818181818,0.3732615818181818,36.60656565656566,35527460.00000001,35.527460000000005,14.626262626262626,49.84848484848485,0.5,1.3426581386866374,0.0012471819822707881,0.5057939214953702,,0.16979797979797978,2560.3030303030305,,,,,,,,,,,,,,,,,,,,,,generalized_hoek_brown,,,,,,,,True,2.384918937071316,79.0,False,Interbedded_ST: segment_p95_plastic_zone_ratio_to_radius too large; Fault: segment_p95_plastic_zone_ratio_to_radius too large,Interbedded_ST; Fault,,,,,,,,,"All-results row format: one parameter_set_id x formation row; main metrics are segment_p95 values within that formation. Displacement is CCM hydrostatic-equivalent estimate, not directional K0 crown/wall solution."
P0009,SS_NK,SS_NK,SS_NK,False,min_max_sweep_100_lhs,461364300.0,0.4613643,179106.81818181818,0.17910681818181817,29.924242424242426,270904.63636363635,0.2709046363636364,15.93939393939394,48.131313131313135,0.5,1.3483156965629401,0.0009919628352718455,0.506522381119312,,0.38,2390.0,,,,,,,,,,,,,,,,,,,,,,generalized_hoek_brown,,,,,,,,True,2.384918937071316,79.0,False,Interbedded_ST: segment_p95_plastic_zone_ratio_to_radius too large; Fault: segment_p95_plastic_zone_ratio_to_radius too large,Interbedded_ST; Fault,,,,,,,,,"All-results row format: one parameter_set_id x formation row; main metrics are segment_p95 values within that formation. Displacement is CCM hydrostatic-equivalent estimate, not directional K0 crown/wall solution."
P0010,Fault,Fault,Fault,True,min_max_sweep_100_lhs,212121212.12121212,0.21212121212121213,20202.020202020205,0.020202020202020204,19.393939393939394,7525252.525252525,7.525252525252525,4.575757575757576,29.242424242424242,0.5,0.15745176933466315,7.99312686576622e-05,0.5235122185875485,,0.3045454545454545,2490.0,,5.661454018568806,8.661454018568806,segment_p95,segment_p95,246.0,,,5.661454018568806,1.8871513395229353,,,5.328289200436605,1.776096400145535,5.690923586018052,1.8969745286726838,,,,,disabled_plastic_zone_only,generalized_hoek_brown,224.8626846971355,plastic_estimate,False,True,,1.8212519335283233,29.0,True,2.393662404003741,82.0,False,Interbedded_ST: segment_p95_plastic_zone_ratio_to_radius too large,Interbedded_ST,1429.0,Fault,0.9435756697614677,,,0.0,0.5916947250280584,5.419927224779097,"All-results row format: one parameter_set_id x formation row; main metrics are segment_p95 values within that formation. Displacement is CCM hydrostatic-equivalent estimate, not directional K0 crown/wall solution."
P0010,Interbedded_ST,Interbedded_ST,Interbedded_ST,True,min_max_sweep_100_lhs,1973738309.0909092,1.9737383090909093,37089.72727272727,0.037089727272727274,19.633333333333333,1618650.0,1.61865,11.040404040404042,31.666666666666668,0.5,0.4263875451249727,0.00011043194477711959,0.5199717830984983,,0.29828282828282826,2520.0,,7.539685906593384,10.539685906593384,segment_p95,segment_p95,924.0,,,7.539685906593384,2.513228635531128,,,7.2307554342785165,2.410251811426172,7.558450618095966,2.519483539365322,,,,,disabled_plastic_zone_only,generalized_hoek_brown,1336.4557554513542,plastic_estimate,True,False,segment_p95_plastic_zone_ratio_to_radius too large,2.393662404003741,89.0,True,2.393662404003741,82.0,False,Interbedded_ST: segment_p95_plastic_zone_ratio_to_radius too large,Interbedded_ST,767.0,Interbedded_ST,1.256614317765564,,,0.0,0.2299357208448118,7.198524398186635,"All-results row format: one parameter_set_id x formation row; main metrics are segment_p95 values within that formation. Displacement is CCM hydrostatic-equivalent estimate, not directional K0 crown/wall solution."
P0010,SH_ST,SH_ST,SH_ST,True,min_max_sweep_100_lhs,2964680100.0,2.9646801,44725.67272727273,0.04472567272727273,26.23090909090909,5784540.818181817,5.784540818181817,6.828282828282829,39.24242424242424,0.5,0.37827090229583543,0.000303232687687869,0.5119683685590383,,0.38,2555.656565656566,,5.359667203598532,8.359667203598532,segment_p95,segment_p95,2261.0,,,5.359667203598532,1.786555734532844,,,4.119385749699619,1.3731285832332063,5.612110554997184,1.8707035183323946,,,,,disabled_plastic_zone_only,generalized_hoek_brown,208.53005616125466,plastic_estimate,False,True,,1.7475381041637699,47.0,True,2.393662404003741,82.0,False,Interbedded_ST: segment_p95_plastic_zone_ratio_to_radius too large,Interbedded_ST,1077.0,SH_ST,0.893277867266422,,,0.0,0.17212529333741458,5.344867195235413,"All-results row format: one parameter_set_id x formation row; main metrics are segment_p95 values within that formation. Displacement is CCM hydrostatic-equivalent estimate, not directional K0 crown/wall solution."
P0010,SS_NC,SS_NC,SS_NC,False,min_max_sweep_100_lhs,1198425272.727273,1.198425272727273,156599.3090909091,0.1565993090909091,41.0879797979798,26114220.0,26.11422,13.717171717171716,46.36363636363637,0.5,1.0666638749198414,0.0007836757937541196,0.5073646623311584,,0.1895959595959596,2571.212121212121,,,,,,,,,,,,,,,,,,,,,,generalized_hoek_brown,,,,,,,,True,2.393662404003741,82.0,False,Interbedded_ST: segment_p95_plastic_zone_ratio_to_radius too large,Interbedded_ST,,,,,,,,,"All-results row format: one parameter_set_id x formation row; main metrics are segment_p95 values within that formation. Displacement is CCM hydrostatic-equivalent estimate, not directional K0 crown/wall solution."
P0010,SS_NK,SS_NK,SS_NK,False,min_max_sweep_100_lhs,461364300.0,0.4613643,181029.18181818182,0.1810291818181818,33.190909090909095,274293.54545454547,0.2742935454545455,21.09090909090909,44.09090909090909,0.5,1.4718269268566249,0.0005788046933122993,0.5086041907472687,,0.38,2390.0,,,,,,,,,,,,,,,,,,,,,,generalized_hoek_brown,,,,,,,,True,2.393662404003741,82.0,False,Interbedded_ST: segment_p95_plastic_zone_ratio_to_radius too large,Interbedded_ST,,,,,,,,,"All-results row format: one parameter_set_id x formation row; main metrics are segment_p95 values within that formation. Displacement is CCM hydrostatic-equivalent estimate, not directional K0 crown/wall solution."
P0011,Fault,Fault,Fault,True,min_max_sweep_100_lhs,462626262.62626266,0.46262626262626266,26969.696969696968,0.026969696969696966,17.01010101010101,14797979.797979798,14.797979797979798,5.0,18.333333333333332,0.5,0.10234037857175238,1.866446911352057e-05,0.5488836990847946,,0.3328282828282828,2490.0,,6.041042927871599,9.0410429278716,segment_p95,segment_p95,246.0,,,6.041042927871599,2.0136809759572,,,5.7078781097394,1.9026260365798,6.070512495320846,2.0235041651069485,,,,,disabled_plastic_zone_only,generalized_hoek_brown,323.2258924345395,plastic_estimate,True,False,segment_p95_plastic_zone_ratio_to_radius too large,1.9173811172025255,44.0,True,2.262531534056184,43.0,False,Interbedded_ST: segment_p95_plastic_zone_ratio_to_radius too large; Fault: segment_p95_plastic_zone_ratio_to_radius too large,Interbedded_ST; Fault,1429.0,Fault,1.0068404879786,,,0.0,0.11925313743495562,5.781440471734139,"All-results row format: one parameter_set_id x formation row; main metrics are segment_p95 values within that formation. Displacement is CCM hydrostatic-equivalent estimate, not directional K0 crown/wall solution."
P0011,Interbedded_ST,Interbedded_ST,Interbedded_ST,True,min_max_sweep_100_lhs,2099928600.0000002,2.0999286,135090.63636363635,0.13509063636363636,20.96666666666667,1618650.0,1.61865,7.808080808080808,37.121212121212125,0.5,0.39099175906649564,0.00022853106983852626,0.51381860207001,,0.2407070707070707,2520.0,,7.088449905900715,10.088449905900715,segment_p95,segment_p95,924.0,,,7.088449905900715,2.3628166353002387,,,6.779519433585849,2.2598398111952833,7.107214617403297,2.3690715391344326,,,,,disabled_plastic_zone_only,generalized_hoek_brown,869.2459093184095,plastic_estimate,True,False,segment_p95_plastic_zone_ratio_to_radius too large,2.262531534056184,55.0,True,2.262531534056184,43.0,False,Interbedded_ST: segment_p95_plastic_zone_ratio_to_radius too large; Fault: segment_p95_plastic_zone_ratio_to_radius too large,Interbedded_ST; Fault,767.0,Interbedded_ST,1.1814083176501193,,,0.0,0.45440261197836956,6.76877582609838,"All-results row format: one parameter_set_id x formation row; main metrics are segment_p95 values within that formation. Displacement is CCM hydrostatic-equivalent estimate, not directional K0 crown/wall solution."
P0011,SH_ST,SH_ST,SH_ST,True,min_max_sweep_100_lhs,2964680100.0,2.9646801,145646.79090909092,0.1456467909090909,29.013636363636365,13216448.18181818,13.21644818181818,6.8686868686868685,28.181818181818183,0.5,0.22471092695772568,6.93907089817388e-05,0.5252504236333958,,0.38,2541.9191919191917,,5.412741419658805,8.412741419658804,segment_p95,segment_p95,2261.0,,,5.412741419658805,1.8042471398862683,,,4.171591435908396,1.3905304786361319,5.665184771057456,1.8883949236858186,,,,,disabled_plastic_zone_only,generalized_hoek_brown,219.3933859823024,plastic_estimate,False,True,,1.759041474055057,51.0,True,2.262531534056184,43.0,False,Interbedded_ST: segment_p95_plastic_zone_ratio_to_radius too large; Fault: segment_p95_plastic_zone_ratio_to_radius too large,Interbedded_ST; Fault,1077.0,SH_ST,0.9021235699431341,,,0.0,0.06731966125905524,5.395414067673768,"All-results row format: one parameter_set_id x formation row; main metrics are segment_p95 values within that formation. Displacement is CCM hydrostatic-equivalent estimate, not directional K0 crown/wall solution."
P0011,SS_NC,SS_NC,SS_NC,False,min_max_sweep_100_lhs,2857239790.909092,2.857239790909092,286596.6727272727,0.2865966727272727,27.323636363636364,40510940.00000001,40.510940000000005,21.19191919191919,43.78787878787879,0.5,1.4576889374927504,0.0005558847913707192,0.5087841089817633,,0.2334343434343434,2568.787878787879,,,,,,,,,,,,,,,,,,,,,,generalized_hoek_brown,,,,,,,,True,2.262531534056184,43.0,False,Interbedded_ST: segment_p95_plastic_zone_ratio_to_radius too large; Fault: segment_p95_plastic_zone_ratio_to_radius too large,Interbedded_ST; Fault,,,,,,,,,"All-results row format: one parameter_set_id x formation row; main metrics are segment_p95 values within that formation. Displacement is CCM hydrostatic-equivalent estimate, not directional K0 crown/wall solution."
P0011,SS_NK,SS_NK,SS_NK,False,min_max_sweep_100_lhs,461364300.0,0.4613643,169495.0,0.169495,26.954545454545457,216682.0909090909,0.2166820909090909,20.080808080808083,40.656565656565654,0.5,1.1899207534947682,0.0003661535004104693,0.5108725092386439,,0.38,2390.0,,,,,,,,,,,,,,,,,,,,,,generalized_hoek_brown,,,,,,,,True,2.262531534056184,43.0,False,Interbedded_ST: segment_p95_plastic_zone_ratio_to_radius too large; Fault: segment_p95_plastic_zone_ratio_to_radius too large,Interbedded_ST; Fault,,,,,,,,,"All-results row format: one parameter_set_id x formation row; main metrics are segment_p95 values within that formation. Displacement is CCM hydrostatic-equivalent estimate, not directional K0 crown/wall solution."
P0012,Fault,Fault,Fault,True,min_max_sweep_100_lhs,410101010.1010101,0.4101010101010101,21717.171717171717,0.021717171717171718,17.171717171717173,10151515.151515152,10.151515151515152,5.515151515151516,21.81818181818182,0.5,0.1332611426446795,2.9703596528765566e-05,0.5387056408815956,,0.33030303030303027,2490.0,,6.05756182665747,9.05756182665747,segment_p95,segment_p95,246.0,,,6.05756182665747,2.0191872755524902,,,5.72439700852527,1.90813233617509,6.087031394106715,2.0290104647022384,,,,,disabled_plastic_zone_only,generalized_hoek_brown,328.367041406869,plastic_estimate,True,False,segment_p95_plastic_zone_ratio_to_radius too large,1.9231311570010743,45.0,True,2.4151072883093083,87.0,False,SH_ST: segment_p95_plastic_zone_ratio_to_radius too large; Interbedded_ST: segment_p95_plastic_zone_ratio_to_radius too large; Fault: segment_p95_plastic_zone_ratio_to_radius too large,SH_ST; Interbedded_ST; Fault,1429.0,Fault,1.0095936377762451,,,0.0,0.1300275482093664,5.7971727562921105,"All-results row format: one parameter_set_id x formation row; main metrics are segment_p95 values within that formation. Displacement is CCM hydrostatic-equivalent estimate, not directional K0 crown/wall solution."
P0012,Interbedded_ST,Interbedded_ST,Interbedded_ST,True,min_max_sweep_100_lhs,1930057054.5454547,1.9300570545454547,71276.09090909091,0.07127609090909091,21.895959595959596,1618650.0,1.61865,9.525252525252526,30.757575757575758,0.5,0.35228602414006477,9.782570018930283e-05,0.5212328780957032,,0.3155555555555556,2520.0,,7.618089112006096,10.618089112006096,segment_p95,segment_p95,924.0,,,7.618089112006096,2.5393630373353657,,,7.30915863969123,2.4363862132304104,7.6368538235086785,2.5456179411695596,,,,,disabled_plastic_zone_only,generalized_hoek_brown,1440.1463000918343,plastic_estimate,True,False,segment_p95_plastic_zone_ratio_to_radius too large,2.4151072883093083,94.0,True,2.4151072883093083,87.0,False,SH_ST: segment_p95_plastic_zone_ratio_to_radius too large; Interbedded_ST: segment_p95_plastic_zone_ratio_to_radius too large; Fault: segment_p95_plastic_zone_ratio_to_radius too large,SH_ST; Interbedded_ST; Fault,767.0,Interbedded_ST,1.2696815186676829,,,0.0,0.16414651566166727,7.273194117627314,"All-results row format: one parameter_set_id x formation row; main metrics are segment_p95 values within that formation. Displacement is CCM hydrostatic-equivalent estimate, not directional K0 crown/wall solution."
P0012,SH_ST,SH_ST,SH_ST,True,min_max_sweep_100_lhs,2964680100.0,2.9646801,24937.21818181818,0.024937218181818183,44.78242424242424,3116676.6363636362,3.1166766363636365,4.08080808080808,34.24242424242424,0.5,0.17816982624864502,0.00015568485290921554,0.5167871154930693,,0.38,2588.282828282828,,6.425069320106258,9.425069320106257,segment_p95,segment_p95,2261.0,,,6.425069320106258,2.1416897733687525,,,5.168461520698583,1.7228205068995275,6.677512671504909,2.225837557168303,,,,,disabled_plastic_zone_only,generalized_hoek_brown,576.9780415909921,plastic_estimate,True,False,segment_p95_plastic_zone_ratio_to_radius too large,2.1008371878495256,83.0,True,2.4151072883093083,87.0,False,SH_ST: segment_p95_plastic_zone_ratio_to_radius too large; Interbedded_ST: segment_p95_plastic_zone_ratio_to_radius too large; Fault: segment_p95_plastic_zone_ratio_to_radius too large,SH_ST; Interbedded_ST; Fault,1077.0,SH_ST,1.0708448866843763,,,0.0,0.5159269462299766,6.359535877623723,"All-results row format: one parameter_set_id x formation row; main metrics are segment_p95 values within that formation. Displacement is CCM hydrostatic-equivalent estimate, not directional K0 crown/wall solution."
P0012,SS_NC,SS_NC,SS_NC,False,min_max_sweep_100_lhs,4130283490.9090915,4.1302834909090915,139266.32727272727,0.13926632727272728,46.52969696969697,15593540.0,15.59354,21.494949494949495,51.81818181818182,0.5,2.167221009298178,0.0016217614198015275,0.5050548386140021,,0.24333333333333332,2600.3030303030305,,,,,,,,,,,,,,,,,,,,,,generalized_hoek_brown,,,,,,,,True,2.4151072883093083,87.0,False,SH_ST: segment_p95_plastic_zone_ratio_to_radius too large; Interbedded_ST: segment_p95_plastic_zone_ratio_to_radius too large; Fault: segment_p95_plastic_zone_ratio_to_radius too large,SH_ST; Interbedded_ST; Fault,,,,,,,,,"All-results row format: one parameter_set_id x formation row; main metrics are segment_p95 values within that formation. Displacement is CCM hydrostatic-equivalent estimate, not directional K0 crown/wall solution."
P0012,SS_NK,SS_NK,SS_NK,False,min_max_sweep_100_lhs,461364300.0,0.4613643,217554.09090909088,0.2175540909090909,32.300000000000004,261867.5454545455,0.2618675454545455,18.262626262626263,51.76767676767677,0.5,1.8369000475212538,0.0016108771559631785,0.5050726023214671,,0.38,2390.0,,,,,,,,,,,,,,,,,,,,,,generalized_hoek_brown,,,,,,,,True,2.4151072883093083,87.0,False,SH_ST: segment_p95_plastic_zone_ratio_to_radius too large; Interbedded_ST: segment_p95_plastic_zone_ratio_to_radius too large; Fault: segment_p95_plastic_zone_ratio_to_radius too large,SH_ST; Interbedded_ST; Fault,,,,,,,,,"All-results row format: one parameter_set_id x formation row; main metrics are segment_p95 values within that formation. Displacement is CCM hydrostatic-equivalent estimate, not directional K0 crown/wall solution."
P0013,Fault,Fault,Fault,True,min_max_sweep_100_lhs,232323232.32323232,0.23232323232323232,28181.818181818184,0.028181818181818183,19.19191919191919,7828282.828282828,7.828282828282829,3.757575757575758,27.87878787878788,0.5,0.12116894952533745,6.664292848877709e-05,0.525770049235076,,0.3116161616161616,2490.0,,5.742741756405653,8.742741756405653,segment_p95,segment_p95,246.0,,,5.742741756405653,1.9142472521352178,,,5.409576938273453,1.8031923127578178,5.772211323854899,1.9240704412849663,,,,,disabled_plastic_zone_only,generalized_hoek_brown,243.04292158466353,plastic_estimate,False,True,,1.8348077170019264,34.0,True,2.3168415518739764,62.0,False,Interbedded_ST: segment_p95_plastic_zone_ratio_to_radius too large,Interbedded_ST,1429.0,Fault,0.9571236260676089,,,0.0,0.3499234771962045,5.497344117957047,"All-results row format: one parameter_set_id x formation row; main metrics are segment_p95 values within that formation. Displacement is CCM hydrostatic-equivalent estimate, not directional K0 crown/wall solution."
P0013,Interbedded_ST,Interbedded_ST,Interbedded_ST,True,min_max_sweep_100_lhs,2012566090.909091,2.012566090909091,31392.000000000004,0.031392,19.794949494949496,1618650.0,1.61865,10.88888888888889,34.696969696969695,0.5,0.48581605793760196,0.00016541208593902172,0.516279714304111,,0.2906060606060606,2520.0,,7.285337357543516,10.285337357543515,segment_p95,segment_p95,924.0,,,7.285337357543516,2.4284457858478388,,,6.976406885228649,2.3254689617428825,7.304102069046098,2.4347006896820327,,,,,disabled_plastic_zone_only,generalized_hoek_brown,1048.7293886146213,plastic_estimate,True,False,segment_p95_plastic_zone_ratio_to_radius too large,2.3168415518739764,69.0,True,2.3168415518739764,62.0,False,Interbedded_ST: segment_p95_plastic_zone_ratio_to_radius too large,Interbedded_ST,767.0,Interbedded_ST,1.2142228929239194,,,0.0,0.2983369043975105,6.956287684805808,"All-results row format: one parameter_set_id x formation row; main metrics are segment_p95 values within that formation. Displacement is CCM hydrostatic-equivalent estimate, not directional K0 crown/wall solution."
P0013,SH_ST,SH_ST,SH_ST,True,min_max_sweep_100_lhs,2964680100.0,2.9646801,175329.47272727272,0.17532947272727273,43.23646464646465,9405213.636363635,9.405213636363635,4.121212121212121,33.93939393939394,0.5,0.17735607900402436,0.0001495199382088032,0.5171340264544042,,0.38,2564.242424242424,,5.280682102401631,8.28068210240163,segment_p95,segment_p95,2261.0,,,5.280682102401631,1.7602273674672104,,,4.041693195492671,1.3472310651642239,5.533125453800284,1.8443751512667612,,,,,disabled_plastic_zone_only,generalized_hoek_brown,193.34662456538672,plastic_estimate,False,True,,1.7304806077396724,41.0,True,2.3168415518739764,62.0,False,Interbedded_ST: segment_p95_plastic_zone_ratio_to_radius too large,Interbedded_ST,1077.0,SH_ST,0.8801136837336052,,,0.0,0.32933374145495364,5.269643289333604,"All-results row format: one parameter_set_id x formation row; main metrics are segment_p95 values within that formation. Displacement is CCM hydrostatic-equivalent estimate, not directional K0 crown/wall solution."
P0013,SS_NC,SS_NC,SS_NC,False,min_max_sweep_100_lhs,3474473100.000001,3.474473100000001,35268.43636363636,0.035268436363636364,35.646262626262626,2304260.0,2.30426,16.141414141414142,46.666666666666664,0.5,1.2734194168344648,0.0008159878350721475,0.5072131320738583,,0.29,2536.060606060606,,,,,,,,,,,,,,,,,,,,,,generalized_hoek_brown,,,,,,,,True,2.3168415518739764,62.0,False,Interbedded_ST: segment_p95_plastic_zone_ratio_to_radius too large,Interbedded_ST,,,,,,,,,"All-results row format: one parameter_set_id x formation row; main metrics are segment_p95 values within that formation. Displacement is CCM hydrostatic-equivalent estimate, not directional K0 crown/wall solution."
P0013,SS_NK,SS_NK,SS_NK,False,min_max_sweep_100_lhs,461364300.0,0.4613643,136814.81818181818,0.13681481818181818,37.2,293497.3636363637,0.2934973636363637,19.97979797979798,43.08080808080808,0.5,1.3288101949825915,0.0005058726555493235,0.5092183266574988,,0.38,2390.0,,,,,,,,,,,,,,,,,,,,,,generalized_hoek_brown,,,,,,,,True,2.3168415518739764,62.0,False,Interbedded_ST: segment_p95_plastic_zone_ratio_to_radius too large,Interbedded_ST,,,,,,,,,"All-results row format: one parameter_set_id x formation row; main metrics are segment_p95 values within that formation. Displacement is CCM hydrostatic-equivalent estimate, not directional K0 crown/wall solution."
P0014,Fault,Fault,Fault,True,min_max_sweep_100_lhs,256565656.56565654,0.25656565656565655,20404.040404040403,0.020404040404040404,18.78787878787879,11363636.363636363,11.363636363636363,3.9696969696969697,21.363636363636363,0.5,0.09386487951043324,2.795684505278716e-05,0.5399030169703475,,0.3202020202020202,2490.0,,5.986589848074402,8.986589848074402,segment_p95,segment_p95,246.0,,,5.986589848074402,1.995529949358134,,,5.653425029942201,1.8844750099807337,6.016059415523648,2.0053531385078824,,,,,disabled_plastic_zone_only,generalized_hoek_brown,306.840070267402,plastic_estimate,False,True,,1.9097525129420918,42.0,True,2.1342435348296953,14.0,False,Interbedded_ST: segment_p95_plastic_zone_ratio_to_radius too large,Interbedded_ST,1429.0,Fault,0.997764974679067,,,0.0,0.3102540557086012,5.729580395736807,"All-results row format: one parameter_set_id x formation row; main metrics are segment_p95 values within that formation. Displacement is CCM hydrostatic-equivalent estimate, not directional K0 crown/wall solution."
P0014,Interbedded_ST,Interbedded_ST,Interbedded_ST,True,min_max_sweep_100_lhs,1886375800.0000002,1.8863758000000002,108881.09090909091,0.10888109090909091,18.542424242424243,1618650.0,1.61865,7.757575757575758,42.121212121212125,0.5,0.49289314486896274,0.00044511774416314124,0.5098413357455577,,0.21575757575757576,2520.0,,6.69654897490145,9.69654897490145,segment_p95,segment_p95,924.0,,,6.69654897490145,2.2321829916338167,,,6.387618502586583,2.129206167528861,6.715313686404032,2.2384378954680106,,,,,disabled_plastic_zone_only,generalized_hoek_brown,598.1648950935646,plastic_estimate,True,False,segment_p95_plastic_zone_ratio_to_radius too large,2.1342435348296953,21.0,True,2.1342435348296953,14.0,False,Interbedded_ST: segment_p95_plastic_zone_ratio_to_radius too large,Interbedded_ST,767.0,Interbedded_ST,1.1160914958169084,,,0.0,0.36135088256300385,6.395536844194317,"All-results row format: one parameter_set_id x formation row; main metrics are segment_p95 values within that formation. Displacement is CCM hydrostatic-equivalent estimate, not directional K0 crown/wall solution."
P0014,SH_ST,SH_ST,SH_ST,True,min_max_sweep_100_lhs,2964680100.0,2.9646801,46704.51818181818,0.04670451818181818,33.65151515151515,17218244.454545453,17.218244454545452,6.747474747474747,31.515151515151516,0.5,0.2587184335514209,0.00010822338024351354,0.5201766939233561,,0.38,2577.979797979798,,4.8560364808132,7.8560364808132,segment_p95,segment_p95,2261.0,,,4.8560364808132,1.6186788269377335,,,3.6243335713273526,1.208111190442451,5.108479832211851,1.7028266107372838,,,,,disabled_plastic_zone_only,generalized_hoek_brown,128.6993251076001,plastic_estimate,False,True,,1.5919195752946258,16.0,True,2.1342435348296953,14.0,False,Interbedded_ST: segment_p95_plastic_zone_ratio_to_radius too large,Interbedded_ST,1077.0,SH_ST,0.8093394134688667,,,0.0,0.23742475257626777,4.865218887820811,"All-results row format: one parameter_set_id x formation row; main metrics are segment_p95 values within that formation. Displacement is CCM hydrostatic-equivalent estimate, not directional K0 crown/wall solution."
P0014,SS_NC,SS_NC,SS_NC,False,min_max_sweep_100_lhs,3937398081.8181825,3.9373980818181824,377594.82727272727,0.37759482727272725,21.561818181818182,3965420.0,3.96542,16.545454545454547,41.81818181818182,0.5,1.0361880509390793,0.0004274916689661805,0.5100465009697508,,0.23484848484848483,2567.5757575757575,,,,,,,,,,,,,,,,,,,,,,generalized_hoek_brown,,,,,,,,True,2.1342435348296953,14.0,False,Interbedded_ST: segment_p95_plastic_zone_ratio_to_radius too large,Interbedded_ST,,,,,,,,,"All-results row format: one parameter_set_id x formation row; main metrics are segment_p95 values within that formation. Displacement is CCM hydrostatic-equivalent estimate, not directional K0 crown/wall solution."
P0014,SS_NK,SS_NK,SS_NK,False,min_max_sweep_100_lhs,461364300.0,0.4613643,242544.81818181818,0.24254481818181817,31.112121212121217,278812.09090909094,0.2788120909090909,15.535353535353536,38.23232323232323,0.5,0.8202060897100679,0.0002650239826014232,0.5128168503117131,,0.38,2390.0,,,,,,,,,,,,,,,,,,,,,,generalized_hoek_brown,,,,,,,,True,2.1342435348296953,14.0,False,Interbedded_ST: segment_p95_plastic_zone_ratio_to_radius too large,Interbedded_ST,,,,,,,,,"All-results row format: one parameter_set_id x formation row; main metrics are segment_p95 values within that formation. Displacement is CCM hydrostatic-equivalent estimate, not directional K0 crown/wall solution."
P0015,Fault,Fault,Fault,True,min_max_sweep_100_lhs,317171717.1717172,0.3171717171717172,22727.272727272728,0.022727272727272728,17.575757575757574,14898989.8989899,14.8989898989899,5.909090909090909,24.090909090909093,0.5,0.15909932001076546,4.021734767529374e-05,0.533233994896392,,0.3459595959595959,2490.0,,5.425152841530335,8.425152841530334,segment_p95,segment_p95,246.0,,,5.425152841530335,1.8083842805101116,,,5.091988023398135,1.697329341132712,5.454622408979581,1.8182074696598605,,,,,disabled_plastic_zone_only,generalized_hoek_brown,179.34622664728573,plastic_estimate,False,True,,1.7283798776422836,15.0,True,2.3077849966063186,59.0,False,Interbedded_ST: segment_p95_plastic_zone_ratio_to_radius too large,Interbedded_ST,1429.0,Fault,0.9041921402550558,,,0.0,0.22520151004999495,5.194878484742459,"All-results row format: one parameter_set_id x formation row; main metrics are segment_p95 values within that formation. Displacement is CCM hydrostatic-equivalent estimate, not directional K0 crown/wall solution."
P0015,Interbedded_ST,Interbedded_ST,Interbedded_ST,True,min_max_sweep_100_lhs,2046540400.0,2.0465404,79252.9090909091,0.0792529090909091,18.663636363636364,1618650.0,1.61865,11.343434343434343,35.0,0.5,0.5134518662419504,0.00017223225596081014,0.5159498890105109,,0.27909090909090906,2520.0,,7.260433171613398,10.260433171613398,segment_p95,segment_p95,924.0,,,7.260433171613398,2.4201443905377995,,,6.951502699298532,2.3171675664328437,7.27919788311598,2.4263992943719934,,,,,disabled_plastic_zone_only,generalized_hoek_brown,1024.1245665104393,plastic_estimate,True,False,segment_p95_plastic_zone_ratio_to_radius too large,2.3077849966063186,67.0,True,2.3077849966063186,59.0,False,Interbedded_ST: segment_p95_plastic_zone_ratio_to_radius too large,Interbedded_ST,767.0,Interbedded_ST,1.2100721952688998,,,0.0,0.27433935312723196,6.93256941249141,"All-results row format: one parameter_set_id x formation row; main metrics are segment_p95 values within that formation. Displacement is CCM hydrostatic-equivalent estimate, not directional K0 crown/wall solution."
P0015,SH_ST,SH_ST,SH_ST,True,min_max_sweep_100_lhs,2964680100.0,2.9646801,78366.04545454546,0.07836604545454545,26.54010101010101,6927911.18181818,6.92791118181818,4.161616161616162,33.78787878787879,0.5,0.17780734367554463,0.0001465296401273793,0.5173101278133356,,0.38,2456.060606060606,,5.569015519338964,8.569015519338965,segment_p95,segment_p95,2261.0,,,5.569015519338964,1.8563385064463214,,,4.325355065218855,1.4417850217396182,5.821458870737617,1.9404862902458722,,,,,disabled_plastic_zone_only,generalized_hoek_brown,254.76180025188233,plastic_estimate,False,True,,1.8099094187139828,58.0,True,2.3077849966063186,59.0,False,Interbedded_ST: segment_p95_plastic_zone_ratio_to_radius too large,Interbedded_ST,1077.0,SH_ST,0.9281692532231607,,,0.0,0.0986634016937047,5.544246543559635,"All-results row format: one parameter_set_id x formation row; main metrics are segment_p95 values within that formation. Displacement is CCM hydrostatic-equivalent estimate, not directional K0 crown/wall solution."
P0015,SS_NC,SS_NC,SS_NC,False,min_max_sweep_100_lhs,3165856445.454546,3.165856445454546,308262.89999999997,0.30826289999999995,46.20959595959596,47155580.0,47.15558,20.58585858585859,47.27272727272727,0.5,1.671601005022967,0.0008846636600765526,0.5069191024605652,,0.15141414141414142,2577.2727272727275,,,,,,,,,,,,,,,,,,,,,,generalized_hoek_brown,,,,,,,,True,2.3077849966063186,59.0,False,Interbedded_ST: segment_p95_plastic_zone_ratio_to_radius too large,Interbedded_ST,,,,,,,,,"All-results row format: one parameter_set_id x formation row; main metrics are segment_p95 values within that formation. Displacement is CCM hydrostatic-equivalent estimate, not directional K0 crown/wall solution."
P0015,SS_NK,SS_NK,SS_NK,False,min_max_sweep_100_lhs,461364300.0,0.4613643,225243.54545454544,0.22524354545454545,23.39090909090909,225719.18181818182,0.22571918181818182,14.323232323232324,47.323232323232325,0.5,1.165867387414992,0.0008906410945747875,0.5068951320357974,,0.38,2390.0,,,,,,,,,,,,,,,,,,,,,,generalized_hoek_brown,,,,,,,,True,2.3077849966063186,59.0,False,Interbedded_ST: segment_p95_plastic_zone_ratio_to_radius too large,Interbedded_ST,,,,,,,,,"All-results row format: one parameter_set_id x formation row; main metrics are segment_p95 values within that formation. Displacement is CCM hydrostatic-equivalent estimate, not directional K0 crown/wall solution."
P0016,Fault,Fault,Fault,True,min_max_sweep_100_lhs,341414141.4141414,0.3414141414141414,21414.141414141413,0.021414141414141413,17.939393939393938,8939393.93939394,8.93939393939394,3.4242424242424243,28.939393939393938,0.5,0.11614009203468116,7.676609591309484e-05,0.523996371835586,,0.30252525252525253,2490.0,,5.507666621134875,8.507666621134874,segment_p95,segment_p95,246.0,,,5.507666621134875,1.835888873711625,,,5.174501803002674,1.724833934334225,5.537136188584121,1.8457120628613737,,,,,disabled_plastic_zone_only,generalized_hoek_brown,194.0903991931005,plastic_estimate,False,True,,1.757243374538201,19.0,True,2.3529788275368073,72.0,False,Interbedded_ST: segment_p95_plastic_zone_ratio_to_radius too large,Interbedded_ST,1429.0,Fault,0.9179444368558125,,,0.0,0.2818487909397,5.273463036746782,"All-results row format: one parameter_set_id x formation row; main metrics are segment_p95 values within that formation. Displacement is CCM hydrostatic-equivalent estimate, not directional K0 crown/wall solution."
P0016,Interbedded_ST,Interbedded_ST,Interbedded_ST,True,min_max_sweep_100_lhs,1658262581.818182,1.658262581818182,82671.54545454546,0.08267154545454546,20.481818181818184,1618650.0,1.61865,7.252525252525253,33.03030303030303,0.5,0.2988888630657619,0.00013245164410586422,0.5182178176250443,,0.29444444444444445,2520.0,,7.423973811108315,10.423973811108315,segment_p95,segment_p95,924.0,,,7.423973811108315,2.4746579370361053,,,7.115043338793449,2.37168111293115,7.442738522610897,2.480912840870299,,,,,disabled_plastic_zone_only,generalized_hoek_brown,1196.8965257947063,plastic_estimate,True,False,segment_p95_plastic_zone_ratio_to_radius too large,2.3529788275368073,78.0,True,2.3529788275368073,72.0,False,Interbedded_ST: segment_p95_plastic_zone_ratio_to_radius too large,Interbedded_ST,767.0,Interbedded_ST,1.2373289685180526,,,0.0,0.14635241301907964,7.08832240248657,"All-results row format: one parameter_set_id x formation row; main metrics are segment_p95 values within that formation. Displacement is CCM hydrostatic-equivalent estimate, not directional K0 crown/wall solution."
P0016,SH_ST,SH_ST,SH_ST,True,min_max_sweep_100_lhs,2964680100.0,2.9646801,11085.3,0.0110853,18.50111111111111,11310830.909090906,11.310830909090907,4.606060606060606,39.09090909090909,0.5,0.25333059565504,0.0002971682381229436,0.5120920271387648,,0.38,2529.89898989899,,4.65684497347817,7.65684497347817,segment_p95,segment_p95,2261.0,,,4.65684497347817,1.5522816578260565,,,3.4287894196711264,1.1429298065570423,4.9092883248768215,1.636429441625607,,,,,disabled_plastic_zone_only,generalized_hoek_brown,106.2875582908745,plastic_estimate,False,True,,1.5341156181791566,10.0,True,2.3529788275368073,72.0,False,Interbedded_ST: segment_p95_plastic_zone_ratio_to_radius too large,Interbedded_ST,1077.0,SH_ST,0.7761408289130283,,,0.0,0.3381491684521988,4.675512690358878,"All-results row format: one parameter_set_id x formation row; main metrics are segment_p95 values within that formation. Displacement is CCM hydrostatic-equivalent estimate, not directional K0 crown/wall solution."
P0016,SS_NC,SS_NC,SS_NC,False,min_max_sweep_100_lhs,4091706409.09091,4.09170640909091,78600.8909090909,0.0786008909090909,47.169898989898996,51585340.0,51.58534,15.131313131313131,47.57575757575758,0.5,1.2465426230119763,0.0009211395713714736,0.5067764831006487,,0.25747474747474747,2549.3939393939395,,,,,,,,,,,,,,,,,,,,,,generalized_hoek_brown,,,,,,,,True,2.3529788275368073,72.0,False,Interbedded_ST: segment_p95_plastic_zone_ratio_to_radius too large,Interbedded_ST,,,,,,,,,"All-results row format: one parameter_set_id x formation row; main metrics are segment_p95 values within that formation. Displacement is CCM hydrostatic-equivalent estimate, not directional K0 crown/wall solution."
P0016,SS_NK,SS_NK,SS_NK,False,min_max_sweep_100_lhs,461364300.0,0.4613643,84911.0,0.084911,32.151515151515156,286719.54545454547,0.2867195454545455,21.393939393939394,45.707070707070706,0.5,1.6124102200496888,0.0007179883324934254,0.5077036706228816,,0.38,2390.0,,,,,,,,,,,,,,,,,,,,,,generalized_hoek_brown,,,,,,,,True,2.3529788275368073,72.0,False,Interbedded_ST: segment_p95_plastic_zone_ratio_to_radius too large,Interbedded_ST,,,,,,,,,"All-results row format: one parameter_set_id x formation row; main metrics are segment_p95 values within that formation. Displacement is CCM hydrostatic-equivalent estimate, not directional K0 crown/wall solution."
P0017,Fault,Fault,Fault,True,min_max_sweep_100_lhs,567676767.6767677,0.5676767676767677,26565.65656565656,0.026565656565656563,19.272727272727273,6313131.313131313,6.313131313131313,4.96969696969697,16.060606060606062,0.5,0.09128624766090451,1.3785142283567397e-05,0.5569155730109332,,0.3237373737373737,2490.0,,7.204526244655342,10.20452624465534,segment_p95,segment_p95,246.0,,,7.204526244655342,2.4015087482184474,,,6.871361426523143,2.2904538088410478,7.233995812104588,2.411331937368196,,,,,disabled_plastic_zone_only,generalized_hoek_brown,980.9298019781314,plastic_estimate,True,False,segment_p95_plastic_zone_ratio_to_radius too large,2.290554225967706,98.0,True,2.322004838607013,64.0,False,SH_ST: segment_p95_plastic_zone_ratio_to_radius too large; Interbedded_ST: segment_p95_plastic_zone_ratio_to_radius too large; Fault: segment_p95_plastic_zone_ratio_to_radius too large,SH_ST; Interbedded_ST; Fault,1429.0,Fault,1.2007543741092237,,,0.0,0.24168962350780537,6.889519821051989,"All-results row format: one parameter_set_id x formation row; main metrics are segment_p95 values within that formation. Displacement is CCM hydrostatic-equivalent estimate, not directional K0 crown/wall solution."
P0017,Interbedded_ST,Interbedded_ST,Interbedded_ST,True,min_max_sweep_100_lhs,1959177890.909091,1.959177890909091,129392.90909090909,0.1293929090909091,19.10808080808081,1618650.0,1.61865,7.101010101010101,34.54545454545455,0.5,0.3145393551032358,0.0001621039556043436,0.5164471425173605,,0.3750505050505051,2520.0,,7.297822996685924,10.297822996685923,segment_p95,segment_p95,924.0,,,7.297822996685924,2.432607665561975,,,6.9888925243710585,2.3296308414570195,7.316587708188506,2.4388625693961687,,,,,disabled_plastic_zone_only,generalized_hoek_brown,1061.2863197009133,plastic_estimate,True,False,segment_p95_plastic_zone_ratio_to_radius too large,2.322004838607013,71.0,True,2.322004838607013,64.0,False,SH_ST: segment_p95_plastic_zone_ratio_to_radius too large; Interbedded_ST: segment_p95_plastic_zone_ratio_to_radius too large; Fault: segment_p95_plastic_zone_ratio_to_radius too large,SH_ST; Interbedded_ST; Fault,767.0,Interbedded_ST,1.2163038327809874,,,0.0,0.3228242016120805,6.96817876970334,"All-results row format: one parameter_set_id x formation row; main metrics are segment_p95 values within that formation. Displacement is CCM hydrostatic-equivalent estimate, not directional K0 crown/wall solution."
P0017,SH_ST,SH_ST,SH_ST,True,min_max_sweep_100_lhs,2964680100.0,2.9646801,98154.5,0.0981545,22.211414141414142,1973306.2727272722,1.9733062727272723,4.686868686868687,38.333333333333336,0.5,0.24864148622184198,0.0002686174734423051,0.5127294079836894,,0.38,2464.6464646464647,,6.522575756158982,9.522575756158982,segment_p95,segment_p95,2261.0,,,6.522575756158982,2.1741919187196608,,,5.264587945272454,1.7548626484241514,6.775019107557634,2.2583397025192116,,,,,disabled_plastic_zone_only,generalized_hoek_brown,633.2220629020571,plastic_estimate,True,False,segment_p95_plastic_zone_ratio_to_radius too large,2.1110451420469207,84.0,True,2.322004838607013,64.0,False,SH_ST: segment_p95_plastic_zone_ratio_to_radius too large; Interbedded_ST: segment_p95_plastic_zone_ratio_to_radius too large; Fault: segment_p95_plastic_zone_ratio_to_radius too large,SH_ST; Interbedded_ST; Fault,1077.0,SH_ST,1.0870959593598304,,,0.0,0.10486685032139573,6.45239915005489,"All-results row format: one parameter_set_id x formation row; main metrics are segment_p95 values within that formation. Displacement is CCM hydrostatic-equivalent estimate, not directional K0 crown/wall solution."
P0017,SS_NC,SS_NC,SS_NC,False,min_max_sweep_100_lhs,4168860572.727274,4.168860572727274,169599.04545454547,0.16959904545454546,15.8,10056340.0,10.05634,21.696969696969695,47.42424242424242,0.5,1.7745823542950643,0.0009027174002149477,0.5068474326337703,,0.16414141414141414,2510.6060606060605,,,,,,,,,,,,,,,,,,,,,,generalized_hoek_brown,,,,,,,,True,2.322004838607013,64.0,False,SH_ST: segment_p95_plastic_zone_ratio_to_radius too large; Interbedded_ST: segment_p95_plastic_zone_ratio_to_radius too large; Fault: segment_p95_plastic_zone_ratio_to_radius too large,SH_ST; Interbedded_ST; Fault,,,,,,,,,"All-results row format: one parameter_set_id x formation row; main metrics are segment_p95 values within that formation. Displacement is CCM hydrostatic-equivalent estimate, not directional K0 crown/wall solution."
P0017,SS_NK,SS_NK,SS_NK,False,min_max_sweep_100_lhs,461364300.0,0.4613643,129125.36363636362,0.12912536363636362,33.78484848484849,233626.63636363638,0.23362663636363637,19.575757575757574,52.37373737373737,0.5,2.026630728285459,0.0017464530958382358,0.5048633348612711,,0.38,2390.0,,,,,,,,,,,,,,,,,,,,,,generalized_hoek_brown,,,,,,,,True,2.322004838607013,64.0,False,SH_ST: segment_p95_plastic_zone_ratio_to_radius too large; Interbedded_ST: segment_p95_plastic_zone_ratio_to_radius too large; Fault: segment_p95_plastic_zone_ratio_to_radius too large,SH_ST; Interbedded_ST; Fault,,,,,,,,,"All-results row format: one parameter_set_id x formation row; main metrics are segment_p95 values within that formation. Displacement is CCM hydrostatic-equivalent estimate, not directional K0 crown/wall solution."
P0018,Fault,Fault,Fault,True,min_max_sweep_100_lhs,414141414.14141417,0.41414141414141414,21616.161616161615,0.021616161616161613,18.343434343434343,7222222.222222222,7.222222222222222,3.3636363636363638,15.0,0.5,0.05874222895734481,1.1967291556046007e-05,0.5611011345616838,,0.3005050505050505,2490.0,,7.195770513981168,10.195770513981168,segment_p95,segment_p95,246.0,,,7.195770513981168,2.398590171327056,,,6.86260569584897,2.2875352319496565,7.225240081430416,2.408413360476805,,,,,disabled_plastic_zone_only,generalized_hoek_brown,972.7757392292935,plastic_estimate,True,False,segment_p95_plastic_zone_ratio_to_radius too large,2.2902325686988347,97.0,True,2.2902325686988347,54.0,False,SH_ST: segment_p95_plastic_zone_ratio_to_radius too large; Interbedded_ST: segment_p95_plastic_zone_ratio_to_radius too large; Fault: segment_p95_plastic_zone_ratio_to_radius too large,SH_ST; Interbedded_ST; Fault,1429.0,Fault,1.199295085663528,,,0.0,0.29050096928884805,6.881181029933729,"All-results row format: one parameter_set_id x formation row; main metrics are segment_p95 values within that formation. Displacement is CCM hydrostatic-equivalent estimate, not directional K0 crown/wall solution."
P0018,Interbedded_ST,Interbedded_ST,Interbedded_ST,True,min_max_sweep_100_lhs,1910643163.636364,1.9106431636363639,80392.45454545454,0.08039245454545454,19.06767676767677,1618650.0,1.61865,10.030303030303031,39.09090909090909,0.5,0.5516607050119622,0.0002971682381229436,0.5120920271387648,,0.3021212121212121,2520.0,,6.932037558491943,9.932037558491942,segment_p95,segment_p95,924.0,,,6.932037558491943,2.310679186163981,,,6.623107086177077,2.2077023620590257,6.950802269994526,2.3169340899981754,,,,,disabled_plastic_zone_only,generalized_hoek_brown,748.8038850292293,plastic_estimate,True,False,segment_p95_plastic_zone_ratio_to_radius too large,2.194895151532942,40.0,True,2.2902325686988347,54.0,False,SH_ST: segment_p95_plastic_zone_ratio_to_radius too large; Interbedded_ST: segment_p95_plastic_zone_ratio_to_radius too large; Fault: segment_p95_plastic_zone_ratio_to_radius too large,SH_ST; Interbedded_ST; Fault,767.0,Interbedded_ST,1.1553395930819905,,,0.0,0.0885623915926946,6.619811685709073,"All-results row format: one parameter_set_id x formation row; main metrics are segment_p95 values within that formation. Displacement is CCM hydrostatic-equivalent estimate, not directional K0 crown/wall solution."
P0018,SH_ST,SH_ST,SH_ST,True,min_max_sweep_100_lhs,2964680100.0,2.9646801,143667.94545454544,0.14366794545454545,41.99969696969697,6165664.272727272,6.1656642727272715,5.616161616161616,29.393939393939394,0.5,0.19465141839018985,8.156246299557899e-05,0.5232737851853381,,0.38,2552.222222222222,,6.108906112811472,9.108906112811471,segment_p95,segment_p95,2261.0,,,6.108906112811472,2.036302037603824,,,4.856943067276216,1.618981022425405,6.361349464210125,2.120449821403375,,,,,disabled_plastic_zone_only,generalized_hoek_brown,426.7025858476456,plastic_estimate,True,False,segment_p95_plastic_zone_ratio_to_radius too large,1.985374378831679,76.0,True,2.2902325686988347,54.0,False,SH_ST: segment_p95_plastic_zone_ratio_to_radius too large; Interbedded_ST: segment_p95_plastic_zone_ratio_to_radius too large; Fault: segment_p95_plastic_zone_ratio_to_radius too large,SH_ST; Interbedded_ST; Fault,1077.0,SH_ST,1.018151018801912,,,0.0,0.20151004999489858,6.0584280611525,"All-results row format: one parameter_set_id x formation row; main metrics are segment_p95 values within that formation. Displacement is CCM hydrostatic-equivalent estimate, not directional K0 crown/wall solution."
P0018,SS_NC,SS_NC,SS_NC,False,min_max_sweep_100_lhs,2548623136.363637,2.548623136363637,451260.0,0.45126,31.805050505050506,33312580.000000004,33.312580000000004,20.484848484848484,54.54545454545455,0.5,2.3518055447681188,0.002332986527749615,0.5041792245021848,,0.2687878787878788,2502.121212121212,,,,,,,,,,,,,,,,,,,,,,generalized_hoek_brown,,,,,,,,True,2.2902325686988347,54.0,False,SH_ST: segment_p95_plastic_zone_ratio_to_radius too large; Interbedded_ST: segment_p95_plastic_zone_ratio_to_radius too large; Fault: segment_p95_plastic_zone_ratio_to_radius too large,SH_ST; Interbedded_ST; Fault,,,,,,,,,"All-results row format: one parameter_set_id x formation row; main metrics are segment_p95 values within that formation. Displacement is CCM hydrostatic-equivalent estimate, not directional K0 crown/wall solution."
P0018,SS_NK,SS_NK,SS_NK,False,min_max_sweep_100_lhs,461364300.0,0.4613643,211787.0,0.211787,26.360606060606063,231367.36363636365,0.23136736363636365,13.01010101010101,39.64646464646464,0.5,0.7347302768083496,0.00032001648523500073,0.5116446543379052,,0.38,2390.0,,,,,,,,,,,,,,,,,,,,,,generalized_hoek_brown,,,,,,,,True,2.2902325686988347,54.0,False,SH_ST: segment_p95_plastic_zone_ratio_to_radius too large; Interbedded_ST: segment_p95_plastic_zone_ratio_to_radius too large; Fault: segment_p95_plastic_zone_ratio_to_radius too large,SH_ST; Interbedded_ST; Fault,,,,,,,,,"All-results row format: one parameter_set_id x formation row; main metrics are segment_p95 values within that formation. Displacement is CCM hydrostatic-equivalent estimate, not directional K0 crown/wall solution."
P0019,Fault,Fault,Fault,True,min_max_sweep_100_lhs,224242424.24242425,0.22424242424242424,20606.060606060608,0.020606060606060607,18.181818181818183,7727272.727272727,7.727272727272727,4.909090909090909,27.727272727272727,0.5,0.15716333442040853,6.531011479457823e-05,0.5260338252029477,,0.32575757575757575,2490.0,,5.770199942925076,8.770199942925075,segment_p95,segment_p95,246.0,,,5.770199942925076,1.9233999809750253,,,5.437035124792876,1.8123450415976252,5.799669510374322,1.933223170124774,,,,,disabled_plastic_zone_only,generalized_hoek_brown,249.50898090165478,plastic_estimate,False,True,,1.8415111373052928,36.0,True,2.2812149840270317,50.0,False,SH_ST: segment_p95_plastic_zone_ratio_to_radius too large; Interbedded_ST: segment_p95_plastic_zone_ratio_to_radius too large,SH_ST; Interbedded_ST,1429.0,Fault,0.9616999904875126,,,0.0,0.31074380165289256,5.523494771785069,"All-results row format: one parameter_set_id x formation row; main metrics are segment_p95 values within that formation. Displacement is CCM hydrostatic-equivalent estimate, not directional K0 crown/wall solution."
P0019,Interbedded_ST,Interbedded_ST,Interbedded_ST,True,min_max_sweep_100_lhs,1619434800.0,1.6194348,143067.45454545456,0.14306745454545455,20.683838383838385,1618650.0,1.61865,8.565656565656566,44.84848484848485,0.5,0.6197111227287273,0.0006403245802468257,0.5081699804529777,,0.3558585858585859,2520.0,,6.4889773943274065,9.488977394327407,segment_p95,segment_p95,924.0,,,6.4889773943274065,2.1629924647758023,,,6.180046922012541,2.0600156406708465,6.507742105829989,2.1692473686099962,,,,,disabled_plastic_zone_only,generalized_hoek_brown,490.6905841246933,plastic_estimate,True,False,segment_p95_plastic_zone_ratio_to_radius too large,2.0735265038635102,3.0,True,2.2812149840270317,50.0,False,SH_ST: segment_p95_plastic_zone_ratio_to_radius too large; Interbedded_ST: segment_p95_plastic_zone_ratio_to_radius too large,SH_ST; Interbedded_ST,767.0,Interbedded_ST,1.0814962323879012,,,0.0,0.4566880930517295,6.19784962459999,"All-results row format: one parameter_set_id x formation row; main metrics are segment_p95 values within that formation. Displacement is CCM hydrostatic-equivalent estimate, not directional K0 crown/wall solution."
P0019,SH_ST,SH_ST,SH_ST,True,min_max_sweep_100_lhs,2964680100.0,2.9646801,20979.52727272727,0.020979527272727273,27.77686868686869,3497800.0909090904,3.4978000909090903,7.515151515151516,25.303030303030305,0.5,0.21436451490974906,4.727183191642749e-05,0.5306375973605469,,0.38,2440.6060606060605,,7.033857693830933,10.033857693830933,segment_p95,segment_p95,2261.0,,,7.033857693830933,2.344619231276978,,,5.768704081065296,1.9229013603550986,7.286301045229584,2.428767015076528,,,,,disabled_plastic_zone_only,generalized_hoek_brown,1031.0829583306916,plastic_estimate,True,False,segment_p95_plastic_zone_ratio_to_radius too large,2.2812149840270317,89.0,True,2.2812149840270317,50.0,False,SH_ST: segment_p95_plastic_zone_ratio_to_radius too large; Interbedded_ST: segment_p95_plastic_zone_ratio_to_radius too large,SH_ST; Interbedded_ST,1077.0,SH_ST,1.172309615638489,,,0.0,0.2823181308029793,6.939334328790081,"All-results row format: one parameter_set_id x formation row; main metrics are segment_p95 values within that formation. Displacement is CCM hydrostatic-equivalent estimate, not directional K0 crown/wall solution."
P0019,SS_NC,SS_NC,SS_NC,False,min_max_sweep_100_lhs,2818662709.0909095,2.8186627090909093,251930.70909090908,0.2519307090909091,30.844747474747475,20023300.0,20.0233,15.434343434343434,48.93939393939394,0.5,1.3568118070320823,0.0011048112113334915,0.5061691797454484,,0.18393939393939393,2497.2727272727275,,,,,,,,,,,,,,,,,,,,,,generalized_hoek_brown,,,,,,,,True,2.2812149840270317,50.0,False,SH_ST: segment_p95_plastic_zone_ratio_to_radius too large; Interbedded_ST: segment_p95_plastic_zone_ratio_to_radius too large,SH_ST; Interbedded_ST,,,,,,,,,"All-results row format: one parameter_set_id x formation row; main metrics are segment_p95 values within that formation. Displacement is CCM hydrostatic-equivalent estimate, not directional K0 crown/wall solution."
P0019,SS_NK,SS_NK,SS_NK,False,min_max_sweep_100_lhs,461364300.0,0.4613643,65687.36363636365,0.06568736363636364,36.012121212121215,198607.9090909091,0.19860790909090908,12.0,51.56565656565657,0.5,1.1954340526287015,0.0015680656992301755,0.5051442582880205,,0.38,2390.0,,,,,,,,,,,,,,,,,,,,,,generalized_hoek_brown,,,,,,,,True,2.2812149840270317,50.0,False,SH_ST: segment_p95_plastic_zone_ratio_to_radius too large; Interbedded_ST: segment_p95_plastic_zone_ratio_to_radius too large,SH_ST; Interbedded_ST,,,,,,,,,"All-results row format: one parameter_set_id x formation row; main metrics are segment_p95 values within that formation. Displacement is CCM hydrostatic-equivalent estimate, not directional K0 crown/wall solution."
P0020,Fault,Fault,Fault,True,min_max_sweep_100_lhs,555555555.5555556,0.5555555555555556,23333.333333333336,0.023333333333333334,16.363636363636363,9545454.545454545,9.545454545454545,5.454545454545455,15.90909090909091,0.5,0.09947193698946977,1.3509448720444454e-05,0.557495544487622,,0.33434343434343433,2490.0,,6.789062509670778,9.789062509670778,segment_p95,segment_p95,246.0,,,6.789062509670778,2.263020836556926,,,6.455897691538579,2.151965897179526,6.8185320771200235,2.2728440257066747,,,,,disabled_plastic_zone_only,generalized_hoek_brown,660.0570028646728,plastic_estimate,True,False,segment_p95_plastic_zone_ratio_to_radius too large,2.1626523333468506,89.0,True,2.1626523333468506,21.0,False,Interbedded_ST: segment_p95_plastic_zone_ratio_to_radius too large; Fault: segment_p95_plastic_zone_ratio_to_radius too large,Interbedded_ST; Fault,1429.0,Fault,1.131510418278463,,,0.0,0.30503009896949296,6.493840073447642,"All-results row format: one parameter_set_id x formation row; main metrics are segment_p95 values within that formation. Displacement is CCM hydrostatic-equivalent estimate, not directional K0 crown/wall solution."
P0020,Interbedded_ST,Interbedded_ST,Interbedded_ST,True,min_max_sweep_100_lhs,1866961909.090909,1.866961909090909,46206.09090909091,0.04620609090909091,22.17878787878788,1618650.0,1.61865,8.06060606060606,42.27272727272727,0.5,0.5158552884352757,0.0004542014676693318,0.5097402969884742,,0.30404040404040406,2520.0,,6.6849175818246,9.6849175818246,segment_p95,segment_p95,924.0,,,6.6849175818246,2.2283058606082,,,6.375987109509733,2.1253290365032442,6.703682293327184,2.2345607644423944,,,,,disabled_plastic_zone_only,generalized_hoek_brown,591.5642624613191,plastic_estimate,True,False,segment_p95_plastic_zone_ratio_to_radius too large,2.1267785761836207,19.0,True,2.1626523333468506,21.0,False,Interbedded_ST: segment_p95_plastic_zone_ratio_to_radius too large; Fault: segment_p95_plastic_zone_ratio_to_radius too large,Interbedded_ST; Fault,767.0,Interbedded_ST,1.1141529303041,,,0.0,0.28544026119783694,6.38445932697827,"All-results row format: one parameter_set_id x formation row; main metrics are segment_p95 values within that formation. Displacement is CCM hydrostatic-equivalent estimate, not directional K0 crown/wall solution."
P0020,SH_ST,SH_ST,SH_ST,True,min_max_sweep_100_lhs,2964680100.0,2.9646801,199075.6181818182,0.19907561818181818,17.264343434343434,9786337.09090909,9.78633709090909,7.595959595959597,38.03030303030303,0.5,0.3971975650477034,0.00025798057601865047,0.512993511432703,,0.38,2547.070707070707,,4.899818939703434,7.899818939703434,segment_p95,segment_p95,2261.0,,,4.899818939703434,1.6332729799011447,,,3.667341462169994,1.2224471540566646,5.152262291102086,1.7174207637006953,,,,,disabled_plastic_zone_only,generalized_hoek_brown,134.22181007430166,plastic_estimate,False,True,,1.6121312456404049,20.0,True,2.1626523333468506,21.0,False,Interbedded_ST: segment_p95_plastic_zone_ratio_to_radius too large; Fault: segment_p95_plastic_zone_ratio_to_radius too large,Interbedded_ST; Fault,1077.0,SH_ST,0.8166364899505724,,,0.0,0.3654116926844201,4.906916467716273,"All-results row format: one parameter_set_id x formation row; main metrics are segment_p95 values within that formation. Displacement is CCM hydrostatic-equivalent estimate, not directional K0 crown/wall solution."
P0020,SS_NC,SS_NC,SS_NC,False,min_max_sweep_100_lhs,4323168900.000001,4.323168900000001,52601.41818181818,0.05260141818181818,29.244242424242426,41618380.0,41.61838,19.17171717171717,53.333333333333336,0.5,2.077601091668266,0.0019848295804182044,0.5045488111638684,,0.22494949494949493,2531.212121212121,,,,,,,,,,,,,,,,,,,,,,generalized_hoek_brown,,,,,,,,True,2.1626523333468506,21.0,False,Interbedded_ST: segment_p95_plastic_zone_ratio_to_radius too large; Fault: segment_p95_plastic_zone_ratio_to_radius too large,Interbedded_ST; Fault,,,,,,,,,"All-results row format: one parameter_set_id x formation row; main metrics are segment_p95 values within that formation. Displacement is CCM hydrostatic-equivalent estimate, not directional K0 crown/wall solution."
P0020,SS_NK,SS_NK,SS_NK,False,min_max_sweep_100_lhs,461364300.0,0.4613643,123358.27272727272,0.12335827272727272,32.00303030303031,208774.63636363635,0.20877463636363636,15.737373737373737,49.54545454545455,0.5,1.4239589334416658,0.0011977952218190572,0.5059164892665391,,0.38,2390.0,,,,,,,,,,,,,,,,,,,,,,generalized_hoek_brown,,,,,,,,True,2.1626523333468506,21.0,False,Interbedded_ST: segment_p95_plastic_zone_ratio_to_radius too large; Fault: segment_p95_plastic_zone_ratio_to_radius too large,Interbedded_ST; Fault,,,,,,,,,"All-results row format: one parameter_set_id x formation row; main metrics are segment_p95 values within that formation. Displacement is CCM hydrostatic-equivalent estimate, not directional K0 crown/wall solution."
P0021,Fault,Fault,Fault,True,min_max_sweep_100_lhs,442424242.42424244,0.44242424242424244,23939.39393939394,0.02393939393939394,19.070707070707073,11464646.464646464,11.464646464646464,5.818181818181818,19.09090909090909,0.5,0.12346148396896164,2.0648274778581436e-05,0.5464656878367182,,0.3227272727272727,2490.0,,6.2234222383377515,9.22342223833775,segment_p95,segment_p95,246.0,,,6.2234222383377515,2.0744740794459173,,,5.890257420205551,1.9634191400685173,6.252891805786998,2.084297268595666,,,,,disabled_plastic_zone_only,generalized_hoek_brown,384.7290010695652,plastic_estimate,True,False,segment_p95_plastic_zone_ratio_to_radius too large,1.972803377297204,60.0,True,2.432887888027452,91.0,False,Interbedded_ST: segment_p95_plastic_zone_ratio_to_radius too large; Fault: segment_p95_plastic_zone_ratio_to_radius too large,Interbedded_ST; Fault,1429.0,Fault,1.0372370397229587,,,0.0,0.07697173757779821,5.9551350531304745,"All-results row format: one parameter_set_id x formation row; main metrics are segment_p95 values within that formation. Displacement is CCM hydrostatic-equivalent estimate, not directional K0 crown/wall solution."
P0021,Interbedded_ST,Interbedded_ST,Interbedded_ST,True,min_max_sweep_100_lhs,1648555636.3636365,1.6485556363636364,47345.63636363637,0.04734563636363637,21.128282828282828,1618650.0,1.61865,10.93939393939394,30.454545454545453,0.5,0.39879095774024215,9.395193157337451e-05,0.5216705157889783,,0.25222222222222224,2520.0,,7.644463021708619,10.644463021708619,segment_p95,segment_p95,924.0,,,7.644463021708619,2.54815434056954,,,7.335532549393752,2.445177516464584,7.663227733211203,2.5544092444037343,,,,,disabled_plastic_zone_only,generalized_hoek_brown,1476.8034765481925,plastic_estimate,True,False,segment_p95_plastic_zone_ratio_to_radius too large,2.432887888027452,98.0,True,2.432887888027452,91.0,False,Interbedded_ST: segment_p95_plastic_zone_ratio_to_radius too large; Fault: segment_p95_plastic_zone_ratio_to_radius too large,Interbedded_ST; Fault,767.0,Interbedded_ST,1.27407717028477,,,0.0,0.3533516988062443,7.298312126867812,"All-results row format: one parameter_set_id x formation row; main metrics are segment_p95 values within that formation. Displacement is CCM hydrostatic-equivalent estimate, not directional K0 crown/wall solution."
P0021,SH_ST,SH_ST,SH_ST,True,min_max_sweep_100_lhs,2964680100.0,2.9646801,30873.754545454547,0.030873754545454546,29.941212121212118,5975102.545454544,5.975102545454544,7.191919191919192,32.878787878787875,0.5,0.29426041600787534,0.00012980270041316352,0.5184049218459958,,0.38,2548.787878787879,,5.8394098606409255,8.839409860640925,segment_p95,segment_p95,2261.0,,,5.8394098606409255,1.9464699535469752,,,4.591563735602827,1.5305212452009427,6.0918532120395765,2.0306177373465255,,,,,disabled_plastic_zone_only,generalized_hoek_brown,329.8830414520877,plastic_estimate,False,True,,1.899309936501482,69.0,True,2.432887888027452,91.0,False,Interbedded_ST: segment_p95_plastic_zone_ratio_to_radius too large; Fault: segment_p95_plastic_zone_ratio_to_radius too large,Interbedded_ST; Fault,1077.0,SH_ST,0.9732349767734876,,,0.0,0.18061422303846553,5.801764963847216,"All-results row format: one parameter_set_id x formation row; main metrics are segment_p95 values within that formation. Displacement is CCM hydrostatic-equivalent estimate, not directional K0 crown/wall solution."
P0021,SS_NC,SS_NC,SS_NC,False,min_max_sweep_100_lhs,2510046054.5454555,2.5100460545454553,342928.8636363636,0.3429288636363636,24.122626262626262,45494420.00000001,45.494420000000005,15.030303030303031,43.18181818181818,0.5,1.004450533970503,0.000512731841410638,0.5091550354039813,,0.27868686868686865,2538.4848484848485,,,,,,,,,,,,,,,,,,,,,,generalized_hoek_brown,,,,,,,,True,2.432887888027452,91.0,False,Interbedded_ST: segment_p95_plastic_zone_ratio_to_radius too large; Fault: segment_p95_plastic_zone_ratio_to_radius too large,Interbedded_ST; Fault,,,,,,,,,"All-results row format: one parameter_set_id x formation row; main metrics are segment_p95 values within that formation. Displacement is CCM hydrostatic-equivalent estimate, not directional K0 crown/wall solution."
P0021,SS_NK,SS_NK,SS_NK,False,min_max_sweep_100_lhs,461364300.0,0.4613643,75299.18181818182,0.07529918181818182,34.230303030303034,281071.36363636365,0.28107136363636365,17.353535353535353,35.4040404040404,0.5,0.8007537370324218,0.0001817652365150291,0.5155203599605382,,0.38,2390.0,,,,,,,,,,,,,,,,,,,,,,generalized_hoek_brown,,,,,,,,True,2.432887888027452,91.0,False,Interbedded_ST: segment_p95_plastic_zone_ratio_to_radius too large; Fault: segment_p95_plastic_zone_ratio_to_radius too large,Interbedded_ST; Fault,,,,,,,,,"All-results row format: one parameter_set_id x formation row; main metrics are segment_p95 values within that formation. Displacement is CCM hydrostatic-equivalent estimate, not directional K0 crown/wall solution."
P0022,Fault,Fault,Fault,True,min_max_sweep_100_lhs,426262626.2626263,0.4262626262626263,25252.52525252525,0.025252525252525252,19.474747474747474,5404040.404040404,5.404040404040404,5.666666666666667,19.848484848484848,0.5,0.12466342648310537,2.284293481580743e-05,0.5441667657537825,,0.3136363636363636,2490.0,,6.929394306122175,9.929394306122175,segment_p95,segment_p95,246.0,,,6.929394306122175,2.309798102040725,,,6.596229487989974,2.198743162663325,6.95886387357142,2.3196212911904732,,,,,disabled_plastic_zone_only,generalized_hoek_brown,754.5828237252617,plastic_estimate,True,False,segment_p95_plastic_zone_ratio_to_radius too large,2.199373423919525,93.0,True,2.4292697492689705,89.0,False,Interbedded_ST: segment_p95_plastic_zone_ratio_to_radius too large; Fault: segment_p95_plastic_zone_ratio_to_radius too large,Interbedded_ST; Fault,1429.0,Fault,1.1548990510203625,,,0.0,0.15402509947964496,6.627489403401353,"All-results row format: one parameter_set_id x formation row; main metrics are segment_p95 values within that formation. Displacement is CCM hydrostatic-equivalent estimate, not directional K0 crown/wall solution."
P0022,Interbedded_ST,Interbedded_ST,Interbedded_ST,True,min_max_sweep_100_lhs,1769892454.5454547,1.7698924545454546,130532.45454545453,0.13053245454545453,18.421212121212122,1618650.0,1.61865,7.454545454545454,30.606060606060606,0.5,0.2737200719583748,9.586925205874323e-05,0.521450591806047,,0.35010101010101013,2520.0,,7.631260688678921,10.631260688678921,segment_p95,segment_p95,924.0,,,7.631260688678921,2.5437535628929737,,,7.322330216364054,2.440776738788018,7.650025400181504,2.550008466727168,,,,,disabled_plastic_zone_only,generalized_hoek_brown,1458.3384219625855,plastic_estimate,True,False,segment_p95_plastic_zone_ratio_to_radius too large,2.4292697492689705,96.0,True,2.4292697492689705,89.0,False,Interbedded_ST: segment_p95_plastic_zone_ratio_to_radius too large; Fault: segment_p95_plastic_zone_ratio_to_radius too large,Interbedded_ST; Fault,767.0,Interbedded_ST,1.2718767814464869,,,0.0,0.36428935822875225,7.2857384763633375,"All-results row format: one parameter_set_id x formation row; main metrics are segment_p95 values within that formation. Displacement is CCM hydrostatic-equivalent estimate, not directional K0 crown/wall solution."
P0022,SH_ST,SH_ST,SH_ST,True,min_max_sweep_100_lhs,2964680100.0,2.9646801,131794.8727272727,0.13179487272727272,23.448181818181816,13788133.36363636,13.78813336363636,7.7979797979797985,38.93939393939394,0.5,0.4258009873312972,0.00029122507346567754,0.512216941124816,,0.38,2425.151515151515,,4.416425768952894,7.416425768952894,segment_p95,segment_p95,2261.0,,,4.416425768952894,1.4721419229842978,,,3.1930338007881613,1.0643446002627206,4.668869120351545,1.5562897067838481,,,,,disabled_plastic_zone_only,generalized_hoek_brown,84.33135904756192,plastic_estimate,False,True,,1.4527920912745476,7.0,True,2.4292697492689705,89.0,False,Interbedded_ST: segment_p95_plastic_zone_ratio_to_radius too large; Fault: segment_p95_plastic_zone_ratio_to_radius too large,Interbedded_ST; Fault,1077.0,SH_ST,0.7360709614921489,,,0.0,0.22860932557902255,4.446542019382424,"All-results row format: one parameter_set_id x formation row; main metrics are segment_p95 values within that formation. Displacement is CCM hydrostatic-equivalent estimate, not directional K0 crown/wall solution."
P0022,SS_NC,SS_NC,SS_NC,False,min_max_sweep_100_lhs,2702931463.6363645,2.7029314636363644,208598.25454545455,0.20859825454545455,44.60909090909091,15039820.0,15.03982,16.747474747474747,49.39393939393939,0.5,1.5044615735451214,0.001173840123946141,0.5059787079724024,,0.23767676767676765,2511.818181818182,,,,,,,,,,,,,,,,,,,,,,generalized_hoek_brown,,,,,,,,True,2.4292697492689705,89.0,False,Interbedded_ST: segment_p95_plastic_zone_ratio_to_radius too large; Fault: segment_p95_plastic_zone_ratio_to_radius too large,Interbedded_ST; Fault,,,,,,,,,"All-results row format: one parameter_set_id x formation row; main metrics are segment_p95 values within that formation. Displacement is CCM hydrostatic-equivalent estimate, not directional K0 crown/wall solution."
P0022,SS_NK,SS_NK,SS_NK,False,min_max_sweep_100_lhs,461364300.0,0.4613643,157960.81818181818,0.15796081818181817,27.993939393939396,212163.54545454547,0.21216354545454547,14.626262626262626,39.04040404040404,0.5,0.8025034057780127,0.00029517382792880833,0.5121335250177823,,0.38,2390.0,,,,,,,,,,,,,,,,,,,,,,generalized_hoek_brown,,,,,,,,True,2.4292697492689705,89.0,False,Interbedded_ST: segment_p95_plastic_zone_ratio_to_radius too large; Fault: segment_p95_plastic_zone_ratio_to_radius too large,Interbedded_ST; Fault,,,,,,,,,"All-results row format: one parameter_set_id x formation row; main metrics are segment_p95 values within that formation. Displacement is CCM hydrostatic-equivalent estimate, not directional K0 crown/wall solution."
P0023,Fault,Fault,Fault,True,min_max_sweep_100_lhs,474747474.74747473,0.47474747474747475,29494.949494949495,0.029494949494949494,17.616161616161616,9747474.747474747,9.747474747474747,5.0606060606060606,21.515151515151516,0.5,0.12052627663974003,2.8527373309400238e-05,0.5394998533196828,,0.3464646464646464,2490.0,,6.131788170474965,9.131788170474966,segment_p95,segment_p95,246.0,,,6.131788170474965,2.0439293901583215,,,5.798623352342765,1.9328744507809215,6.161257737924211,2.05375257930807,,,,,disabled_plastic_zone_only,generalized_hoek_brown,352.4932930982786,plastic_estimate,True,False,segment_p95_plastic_zone_ratio_to_radius too large,1.95726507492917,54.0,True,2.3909513864846077,81.0,False,Interbedded_ST: segment_p95_plastic_zone_ratio_to_radius too large; Fault: segment_p95_plastic_zone_ratio_to_radius too large,Interbedded_ST; Fault,1429.0,Fault,1.0219646950791608,,,0.0,0.34437302316090207,5.867864512308772,"All-results row format: one parameter_set_id x formation row; main metrics are segment_p95 values within that formation. Displacement is CCM hydrostatic-equivalent estimate, not directional K0 crown/wall solution."
P0023,Interbedded_ST,Interbedded_ST,Interbedded_ST,True,min_max_sweep_100_lhs,1944617472.727273,1.944617472727273,113439.27272727272,0.11343927272727272,21.936363636363637,1618650.0,1.61865,12.0,31.81818181818182,0.5,0.4668036324671088,0.00011268558050780067,0.5197689316614935,,0.2541414141414141,2520.0,,7.526719892932006,10.526719892932006,segment_p95,segment_p95,924.0,,,7.526719892932006,2.5089066309773354,,,7.217789420617139,2.40592980687238,7.545484604434588,2.5151615348115293,,,,,disabled_plastic_zone_only,generalized_hoek_brown,1320.0416243418679,plastic_estimate,True,False,segment_p95_plastic_zone_ratio_to_radius too large,2.3909513864846077,88.0,True,2.3909513864846077,81.0,False,Interbedded_ST: segment_p95_plastic_zone_ratio_to_radius too large; Fault: segment_p95_plastic_zone_ratio_to_radius too large,Interbedded_ST; Fault,767.0,Interbedded_ST,1.2544533154886677,,,0.0,0.25752474237322726,7.186175813747227,"All-results row format: one parameter_set_id x formation row; main metrics are segment_p95 values within that formation. Displacement is CCM hydrostatic-equivalent estimate, not directional K0 crown/wall solution."
P0023,SH_ST,SH_ST,SH_ST,True,min_max_sweep_100_lhs,2964680100.0,2.9646801,82323.73636363636,0.08232373636363637,16.645959595959596,14359818.545454543,14.359818545454543,6.020202020202021,30.151515151515152,0.5,0.2163197786917679,9.023155908198927e-05,0.5221170845569043,,0.38,2550.5050505050503,,5.153679605136507,8.153679605136507,segment_p95,segment_p95,2261.0,,,5.153679605136507,1.7178932017121689,,,3.9168161272642403,1.3056053757547468,5.4061229565351585,1.8020409855117194,,,,,disabled_plastic_zone_only,generalized_hoek_brown,171.2054998182891,plastic_estimate,False,True,,1.685639320764667,31.0,True,2.3909513864846077,81.0,False,Interbedded_ST: segment_p95_plastic_zone_ratio_to_radius too large; Fault: segment_p95_plastic_zone_ratio_to_radius too large,Interbedded_ST; Fault,1077.0,SH_ST,0.8589466008560844,,,0.0,0.23383328231813083,5.148688530033485,"All-results row format: one parameter_set_id x formation row; main metrics are segment_p95 values within that formation. Displacement is CCM hydrostatic-equivalent estimate, not directional K0 crown/wall solution."
P0023,SS_NC,SS_NC,SS_NC,False,min_max_sweep_100_lhs,1237002354.5454547,1.2370023545454547,178265.53636363638,0.17826553636363637,19.64121212121212,13378660.0,13.37866,13.818181818181818,41.666666666666664,0.5,0.8591665137601527,0.0004189421234483841,0.5101506483701295,,0.15,2516.6666666666665,,,,,,,,,,,,,,,,,,,,,,generalized_hoek_brown,,,,,,,,True,2.3909513864846077,81.0,False,Interbedded_ST: segment_p95_plastic_zone_ratio_to_radius too large; Fault: segment_p95_plastic_zone_ratio_to_radius too large,Interbedded_ST; Fault,,,,,,,,,"All-results row format: one parameter_set_id x formation row; main metrics are segment_p95 values within that formation. Displacement is CCM hydrostatic-equivalent estimate, not directional K0 crown/wall solution."
P0023,SS_NK,SS_NK,SS_NK,False,min_max_sweep_100_lhs,461364300.0,0.4613643,198330.4545454545,0.1983304545454545,35.121212121212125,234756.27272727274,0.23475627272727273,16.343434343434343,54.5959595959596,0.5,1.8808599366774836,0.0023487498904649785,0.5041644637425408,,0.38,2390.0,,,,,,,,,,,,,,,,,,,,,,generalized_hoek_brown,,,,,,,,True,2.3909513864846077,81.0,False,Interbedded_ST: segment_p95_plastic_zone_ratio_to_radius too large; Fault: segment_p95_plastic_zone_ratio_to_radius too large,Interbedded_ST; Fault,,,,,,,,,"All-results row format: one parameter_set_id x formation row; main metrics are segment_p95 values within that formation. Displacement is CCM hydrostatic-equivalent estimate, not directional K0 crown/wall solution."
P0024,Fault,Fault,Fault,True,min_max_sweep_100_lhs,490909090.9090909,0.49090909090909085,20101.010101010103,0.020101010101010102,18.666666666666668,14393939.393939395,14.393939393939394,5.96969696969697,16.363636363636363,0.5,0.1112486141143509,1.4353522844242566e-05,0.5557730579063038,,0.34949494949494947,2490.0,,6.302137495036309,9.302137495036309,segment_p95,segment_p95,246.0,,,6.302137495036309,2.1007124983454366,,,5.96897267690411,1.9896575589680365,6.3316070624855545,2.110535687495185,,,,,disabled_plastic_zone_only,generalized_hoek_brown,414.75741962340715,plastic_estimate,True,False,segment_p95_plastic_zone_ratio_to_radius too large,2.016164888171845,65.0,True,2.5799864381896027,96.0,False,SH_ST: segment_p95_plastic_zone_ratio_to_radius too large; Interbedded_ST: segment_p95_plastic_zone_ratio_to_radius too large; Fault: segment_p95_plastic_zone_ratio_to_radius too large,SH_ST; Interbedded_ST; Fault,1429.0,Fault,1.0503562491727183,,,0.0,0.44754616875829,6.0301019642719575,"All-results row format: one parameter_set_id x formation row; main metrics are segment_p95 values within that formation. Displacement is CCM hydrostatic-equivalent estimate, not directional K0 crown/wall solution."
P0024,Interbedded_ST,Interbedded_ST,Interbedded_ST,True,min_max_sweep_100_lhs,1847548018.1818182,1.8475480181818182,35950.181818181816,0.03595018181818182,19.39090909090909,1618650.0,1.61865,9.878787878787879,38.484848484848484,0.5,0.5278711234772449,0.0002740992743583049,0.5125993436205171,,0.32707070707070707,2520.0,,6.979856862131415,9.979856862131415,segment_p95,segment_p95,924.0,,,6.979856862131415,2.326618954043805,,,6.670926389816548,2.223642129938849,6.998621573633997,2.332873857877999,,,,,disabled_plastic_zone_only,generalized_hoek_brown,783.7411197638128,plastic_estimate,True,False,segment_p95_plastic_zone_ratio_to_radius too large,2.216633385686305,42.0,True,2.5799864381896027,96.0,False,SH_ST: segment_p95_plastic_zone_ratio_to_radius too large; Interbedded_ST: segment_p95_plastic_zone_ratio_to_radius too large; Fault: segment_p95_plastic_zone_ratio_to_radius too large,SH_ST; Interbedded_ST; Fault,767.0,Interbedded_ST,1.1633094770219026,,,0.0,0.22161003979185798,6.665353879651426,"All-results row format: one parameter_set_id x formation row; main metrics are segment_p95 values within that formation. Displacement is CCM hydrostatic-equivalent estimate, not directional K0 crown/wall solution."
P0024,SH_ST,SH_ST,SH_ST,True,min_max_sweep_100_lhs,2964680100.0,2.9646801,169392.93636363637,0.16939293636363636,28.704444444444444,448812.4545454545,0.4488124545454545,6.909090909090909,39.54545454545455,0.5,0.3883105739197553,0.0003157353925201957,0.511724767277194,,0.38,2531.6161616161617,,8.010117867008402,11.010117867008402,segment_p95,segment_p95,2261.0,,,8.010117867008402,2.670039289002801,,,6.73168403849149,2.243894679497163,8.262561218407054,2.754187072802351,,,,,disabled_plastic_zone_only,generalized_hoek_brown,2614.226327043449,plastic_estimate,True,False,segment_p95_plastic_zone_ratio_to_radius too large,2.5799864381896027,96.0,True,2.5799864381896027,96.0,False,SH_ST: segment_p95_plastic_zone_ratio_to_radius too large; Interbedded_ST: segment_p95_plastic_zone_ratio_to_radius too large; Fault: segment_p95_plastic_zone_ratio_to_radius too large,SH_ST; Interbedded_ST; Fault,1077.0,SH_ST,1.3350196445014004,,,0.0,0.09801040710131624,7.869105922292432,"All-results row format: one parameter_set_id x formation row; main metrics are segment_p95 values within that formation. Displacement is CCM hydrostatic-equivalent estimate, not directional K0 crown/wall solution."
P0024,SS_NC,SS_NC,SS_NC,False,min_max_sweep_100_lhs,3127279363.6363645,3.1272793636363643,321262.63636363635,0.32126263636363633,23.482424242424244,39403500.0,39.4035,15.232323232323232,52.121212121212125,0.5,1.5581160302045678,0.0016886288953855103,0.5049495032756712,,0.19808080808080808,2496.060606060606,,,,,,,,,,,,,,,,,,,,,,generalized_hoek_brown,,,,,,,,True,2.5799864381896027,96.0,False,SH_ST: segment_p95_plastic_zone_ratio_to_radius too large; Interbedded_ST: segment_p95_plastic_zone_ratio_to_radius too large; Fault: segment_p95_plastic_zone_ratio_to_radius too large,SH_ST; Interbedded_ST; Fault,,,,,,,,,"All-results row format: one parameter_set_id x formation row; main metrics are segment_p95 values within that formation. Displacement is CCM hydrostatic-equivalent estimate, not directional K0 crown/wall solution."
P0024,SS_NK,SS_NK,SS_NK,False,min_max_sweep_100_lhs,461364300.0,0.4613643,238700.09090909088,0.2387000909090909,22.64848484848485,262997.1818181818,0.2629971818181818,20.58585858585859,41.868686868686865,0.5,1.2923297477202254,0.0004303801152368962,0.5100120182910011,,0.38,2390.0,,,,,,,,,,,,,,,,,,,,,,generalized_hoek_brown,,,,,,,,True,2.5799864381896027,96.0,False,SH_ST: segment_p95_plastic_zone_ratio_to_radius too large; Interbedded_ST: segment_p95_plastic_zone_ratio_to_radius too large; Fault: segment_p95_plastic_zone_ratio_to_radius too large,SH_ST; Interbedded_ST; Fault,,,,,,,,,"All-results row format: one parameter_set_id x formation row; main metrics are segment_p95 values within that formation. Displacement is CCM hydrostatic-equivalent estimate, not directional K0 crown/wall solution."
P0025,Fault,Fault,Fault,True,min_max_sweep_100_lhs,385858585.8585859,0.3858585858585859,26060.606060606064,0.026060606060606065,20.0,6515151.515151516,6.515151515151516,3.6363636363636362,24.84848484848485,0.5,0.10150376401177694,4.449196173834113e-05,0.5315867452433991,,0.30353535353535355,2490.0,,6.21978775742083,9.21978775742083,segment_p95,segment_p95,246.0,,,6.21978775742083,2.0732625858069436,,,5.886622939288629,1.9622076464295435,6.249257324870076,2.083085774956692,,,,,disabled_plastic_zone_only,generalized_hoek_brown,383.3961428103182,plastic_estimate,True,False,segment_p95_plastic_zone_ratio_to_radius too large,1.9856798439747185,62.0,True,2.3779921357411538,78.0,False,Interbedded_ST: segment_p95_plastic_zone_ratio_to_radius too large; Fault: segment_p95_plastic_zone_ratio_to_radius too large,Interbedded_ST; Fault,1429.0,Fault,1.0366312929034718,,,0.0,0.3574329150086726,5.951673642733406,"All-results row format: one parameter_set_id x formation row; main metrics are segment_p95 values within that formation. Displacement is CCM hydrostatic-equivalent estimate, not directional K0 crown/wall solution."
P0025,Interbedded_ST,Interbedded_ST,Interbedded_ST,True,min_max_sweep_100_lhs,1876668854.5454547,1.8766688545454548,137369.7272727273,0.13736972727272728,18.825252525252527,1618650.0,1.61865,11.595959595959595,32.57575757575758,0.5,0.46765637980351704,0.0001246626847920104,0.5187848481292073,,0.22535353535353536,2520.0,,7.462303732897995,10.462303732897995,segment_p95,segment_p95,924.0,,,7.462303732897995,2.487434577632665,,,7.153373260583128,2.384457753527709,7.4810684444005755,2.4936894814668586,,,,,disabled_plastic_zone_only,generalized_hoek_brown,1241.433319217981,plastic_estimate,True,False,segment_p95_plastic_zone_ratio_to_radius too large,2.3779921357411538,85.0,True,2.3779921357411538,78.0,False,Interbedded_ST: segment_p95_plastic_zone_ratio_to_radius too large; Fault: segment_p95_plastic_zone_ratio_to_radius too large,Interbedded_ST; Fault,767.0,Interbedded_ST,1.2437172888163326,,,0.0,0.4047750229568411,7.124827089905311,"All-results row format: one parameter_set_id x formation row; main metrics are segment_p95 values within that formation. Displacement is CCM hydrostatic-equivalent estimate, not directional K0 crown/wall solution."
P0025,SH_ST,SH_ST,SH_ST,True,min_max_sweep_100_lhs,2964680100.0,2.9646801,165435.24545454542,0.16543524545454544,21.90222222222222,14740941.999999996,14.740941999999997,5.212121212121212,34.39393939393939,0.5,0.22921125064759887,0.0001588619856487517,0.5166162704948989,,0.38,2567.6767676767677,,4.772590563933898,7.772590563933898,segment_p95,segment_p95,2261.0,,,4.772590563933898,1.5908635213112992,,,3.5423917365899653,1.1807972455299887,5.025033915332548,1.6750113051108493,,,,,disabled_plastic_zone_only,generalized_hoek_brown,118.79076381794582,plastic_estimate,False,True,,1.565561725597131,12.0,True,2.3779921357411538,78.0,False,Interbedded_ST: segment_p95_plastic_zone_ratio_to_radius too large; Fault: segment_p95_plastic_zone_ratio_to_radius too large,Interbedded_ST; Fault,1077.0,SH_ST,0.7954317606556496,,,0.0,0.23677175798387928,4.7857465860309985,"All-results row format: one parameter_set_id x formation row; main metrics are segment_p95 values within that formation. Displacement is CCM hydrostatic-equivalent estimate, not directional K0 crown/wall solution."
P0025,SS_NC,SS_NC,SS_NC,False,min_max_sweep_100_lhs,1159848190.9090912,1.1598481909090912,234597.72727272726,0.23459772727272726,27.963838383838386,18915860.0,18.91586,15.535353535353536,45.75757575757576,0.5,1.1736818838860366,0.00072283958661593,0.5076770629966941,,0.2617171717171717,2599.090909090909,,,,,,,,,,,,,,,,,,,,,,generalized_hoek_brown,,,,,,,,True,2.3779921357411538,78.0,False,Interbedded_ST: segment_p95_plastic_zone_ratio_to_radius too large; Fault: segment_p95_plastic_zone_ratio_to_radius too large,Interbedded_ST; Fault,,,,,,,,,"All-results row format: one parameter_set_id x formation row; main metrics are segment_p95 values within that formation. Displacement is CCM hydrostatic-equivalent estimate, not directional K0 crown/wall solution."
P0025,SS_NK,SS_NK,SS_NK,False,min_max_sweep_100_lhs,461364300.0,0.4613643,125280.63636363634,0.12528063636363634,34.52727272727273,282201.00000000006,0.28220100000000004,20.484848484848484,41.26262626262626,0.5,1.2494053492942556,0.0003969700060471206,0.5104335731193165,,0.38,2390.0,,,,,,,,,,,,,,,,,,,,,,generalized_hoek_brown,,,,,,,,True,2.3779921357411538,78.0,False,Interbedded_ST: segment_p95_plastic_zone_ratio_to_radius too large; Fault: segment_p95_plastic_zone_ratio_to_radius too large,Interbedded_ST; Fault,,,,,,,,,"All-results row format: one parameter_set_id x formation row; main metrics are segment_p95 values within that formation. Displacement is CCM hydrostatic-equivalent estimate, not directional K0 crown/wall solution."
P0026,Fault,Fault,Fault,True,min_max_sweep_100_lhs,523232323.2323233,0.5232323232323233,30000.0,0.03,17.535353535353536,8838383.838383837,8.838383838383837,4.212121212121212,22.424242424242426,0.5,0.10475643161284395,3.2203534529717e-05,0.5371645494837184,,0.3151515151515151,2490.0,,6.140561163515942,9.140561163515942,segment_p95,segment_p95,246.0,,,6.140561163515942,2.046853721171981,,,5.807396345383742,1.9357987817945805,6.170030730965188,2.056676910321729,,,,,disabled_plastic_zone_only,generalized_hoek_brown,355.4591844848525,plastic_estimate,True,False,segment_p95_plastic_zone_ratio_to_radius too large,1.9587022688708202,55.0,True,2.3517008994927395,71.0,False,Interbedded_ST: segment_p95_plastic_zone_ratio_to_radius too large; Fault: segment_p95_plastic_zone_ratio_to_radius too large,Interbedded_ST; Fault,1429.0,Fault,1.0234268605859904,,,0.0,0.3177634935210693,5.876219743776369,"All-results row format: one parameter_set_id x formation row; main metrics are segment_p95 values within that formation. Displacement is CCM hydrostatic-equivalent estimate, not directional K0 crown/wall solution."
P0026,Interbedded_ST,Interbedded_ST,Interbedded_ST,True,min_max_sweep_100_lhs,1750478563.6363637,1.7504785636363638,39368.818181818184,0.039368818181818185,21.249494949494952,1618650.0,1.61865,10.232323232323232,33.484848484848484,0.5,0.4309184089092956,0.000140727259769965,0.5176677121287885,,0.2291919191919192,2520.0,,7.385873664562498,10.385873664562498,segment_p95,segment_p95,924.0,,,7.385873664562498,2.4619578881874995,,,7.07694319224763,2.3589810640825437,7.40463837606508,2.4682127920216934,,,,,disabled_plastic_zone_only,generalized_hoek_brown,1154.2089880626145,plastic_estimate,True,False,segment_p95_plastic_zone_ratio_to_radius too large,2.3517008994927395,77.0,True,2.3517008994927395,71.0,False,Interbedded_ST: segment_p95_plastic_zone_ratio_to_radius too large; Fault: segment_p95_plastic_zone_ratio_to_radius too large,Interbedded_ST; Fault,767.0,Interbedded_ST,1.2309789440937497,,,0.0,0.36118763391490666,7.05203654863341,"All-results row format: one parameter_set_id x formation row; main metrics are segment_p95 values within that formation. Displacement is CCM hydrostatic-equivalent estimate, not directional K0 crown/wall solution."
P0026,SH_ST,SH_ST,SH_ST,True,min_max_sweep_100_lhs,2964680100.0,2.9646801,90239.11818181818,0.09023911818181818,44.473232323232324,14169256.818181816,14.169256818181816,6.383838383838384,27.424242424242426,0.5,0.20144902405136697,6.272392044580957e-05,0.5265694380424889,,0.38,2490.40404040404,,5.38726054180815,8.38726054180815,segment_p95,segment_p95,2261.0,,,5.38726054180815,1.79575351393605,,,4.1465275383675495,1.3821758461225164,5.639703893206802,1.8799012977356007,,,,,disabled_plastic_zone_only,generalized_hoek_brown,214.1093632239641,plastic_estimate,False,True,,1.7567492161937626,50.0,True,2.3517008994927395,71.0,False,Interbedded_ST: segment_p95_plastic_zone_ratio_to_radius too large; Fault: segment_p95_plastic_zone_ratio_to_radius too large,Interbedded_ST; Fault,1077.0,SH_ST,0.897876756968025,,,0.0,0.18224670951943683,5.37114656495886,"All-results row format: one parameter_set_id x formation row; main metrics are segment_p95 values within that formation. Displacement is CCM hydrostatic-equivalent estimate, not directional K0 crown/wall solution."
P0026,SS_NC,SS_NC,SS_NC,False,min_max_sweep_100_lhs,3397318936.3636365,3.3973189363636367,182598.78181818183,0.18259878181818182,17.40050505050505,38296060.00000001,38.296060000000004,20.88888888888889,48.484848484848484,0.5,1.7969933953001063,0.001039841617089058,0.5063655117331021,,0.20656565656565656,2555.4545454545455,,,,,,,,,,,,,,,,,,,,,,generalized_hoek_brown,,,,,,,,True,2.3517008994927395,71.0,False,Interbedded_ST: segment_p95_plastic_zone_ratio_to_radius too large; Fault: segment_p95_plastic_zone_ratio_to_radius too large,Interbedded_ST; Fault,,,,,,,,,"All-results row format: one parameter_set_id x formation row; main metrics are segment_p95 values within that formation. Displacement is CCM hydrostatic-equivalent estimate, not directional K0 crown/wall solution."
P0026,SS_NK,SS_NK,SS_NK,False,min_max_sweep_100_lhs,461364300.0,0.4613643,161805.54545454544,0.16180554545454545,36.45757575757576,247182.27272727276,0.24718227272727275,19.87878787878788,46.111111111111114,0.5,1.5273216736798119,0.0007577286748214818,0.5074932970934936,,0.38,2390.0,,,,,,,,,,,,,,,,,,,,,,generalized_hoek_brown,,,,,,,,True,2.3517008994927395,71.0,False,Interbedded_ST: segment_p95_plastic_zone_ratio_to_radius too large; Fault: segment_p95_plastic_zone_ratio_to_radius too large,Interbedded_ST; Fault,,,,,,,,,"All-results row format: one parameter_set_id x formation row; main metrics are segment_p95 values within that formation. Displacement is CCM hydrostatic-equivalent estimate, not directional K0 crown/wall solution."
P0027,Fault,Fault,Fault,True,min_max_sweep_100_lhs,535353535.35353535,0.5353535353535354,21818.18181818182,0.02181818181818182,19.03030303030303,13787878.787878787,13.787878787878787,3.0303030303030303,27.575757575757578,0.5,0.09631696338358171,6.400395647678214e-05,0.5263002790765428,,0.32727272727272727,2490.0,,5.176074349495863,8.176074349495863,segment_p95,segment_p95,246.0,,,5.176074349495863,1.7253581164986211,,,4.842909531363664,1.614303177121221,5.205543916945109,1.7351813056483696,,,,,disabled_plastic_zone_only,generalized_hoek_brown,141.2606407370242,plastic_estimate,False,True,,1.649907655466957,7.0,True,2.2782824781402025,46.0,False,Interbedded_ST: segment_p95_plastic_zone_ratio_to_radius too large,Interbedded_ST,1429.0,Fault,0.8626790582493106,,,0.0,0.22732374247525772,4.957660873281056,"All-results row format: one parameter_set_id x formation row; main metrics are segment_p95 values within that formation. Displacement is CCM hydrostatic-equivalent estimate, not directional K0 crown/wall solution."
P0027,Interbedded_ST,Interbedded_ST,Interbedded_ST,True,min_max_sweep_100_lhs,2061100818.1818185,2.0611008181818185,41647.909090909096,0.0416479090909091,22.0979797979798,1618650.0,1.61865,9.272727272727273,36.666666666666664,0.5,0.45439179187799883,0.00021509205806226583,0.5142502826120983,,0.37313131313131315,2520.0,,7.124975020778354,10.124975020778354,segment_p95,segment_p95,924.0,,,7.124975020778354,2.3749916735927847,,,6.816044548463487,2.2720148494878285,7.143739732280936,2.3812465774269787,,,,,disabled_plastic_zone_only,generalized_hoek_brown,900.0508107895627,plastic_estimate,True,False,segment_p95_plastic_zone_ratio_to_radius too large,2.2782824781402025,58.0,True,2.2782824781402025,46.0,False,Interbedded_ST: segment_p95_plastic_zone_ratio_to_radius too large,Interbedded_ST,767.0,Interbedded_ST,1.1874958367963924,,,0.0,0.5389654116926845,6.8035616497913685,"All-results row format: one parameter_set_id x formation row; main metrics are segment_p95 values within that formation. Displacement is CCM hydrostatic-equivalent estimate, not directional K0 crown/wall solution."
P0027,SH_ST,SH_ST,SH_ST,True,min_max_sweep_100_lhs,2964680100.0,2.9646801,15042.99090909091,0.01504299090909091,16.336767676767675,7499596.363636362,7.499596363636362,7.717171717171718,39.84848484848485,0.5,0.44003107686473036,0.00032875360123607925,0.5114860378569519,,0.38,2466.3636363636365,,5.002179900094857,8.002179900094857,segment_p95,segment_p95,2261.0,,,5.002179900094857,1.667393300031619,,,3.767891525429325,1.2559638418097752,5.254623251493509,1.7515410838311696,,,,,disabled_plastic_zone_only,generalized_hoek_brown,148.0680773639089,plastic_estimate,False,True,,1.6458766044462396,25.0,True,2.2782824781402025,46.0,False,Interbedded_ST: segment_p95_plastic_zone_ratio_to_radius too large,Interbedded_ST,1077.0,SH_ST,0.8336966500158095,,,0.0,0.3944699520457096,5.004403096660485,"All-results row format: one parameter_set_id x formation row; main metrics are segment_p95 values within that formation. Displacement is CCM hydrostatic-equivalent estimate, not directional K0 crown/wall solution."
P0027,SS_NC,SS_NC,SS_NC,False,min_max_sweep_100_lhs,3783089754.545456,3.783089754545456,130599.83636363636,0.13059983636363637,36.28646464646465,10610060.0,10.61006,20.282828282828284,52.27272727272727,0.5,2.089756094456793,0.0017230895256151245,0.5048976282480989,,0.27444444444444444,2605.151515151515,,,,,,,,,,,,,,,,,,,,,,generalized_hoek_brown,,,,,,,,True,2.2782824781402025,46.0,False,Interbedded_ST: segment_p95_plastic_zone_ratio_to_radius too large,Interbedded_ST,,,,,,,,,"All-results row format: one parameter_set_id x formation row; main metrics are segment_p95 values within that formation. Displacement is CCM hydrostatic-equivalent estimate, not directional K0 crown/wall solution."
P0027,SS_NK,SS_NK,SS_NK,False,min_max_sweep_100_lhs,461364300.0,0.4613643,90678.0909090909,0.0906780909090909,32.5969696969697,255089.72727272726,0.2550897272727273,19.070707070707073,49.74747474747475,0.5,1.7422477738536317,0.0012304975239860387,0.5058345026058847,,0.38,2390.0,,,,,,,,,,,,,,,,,,,,,,generalized_hoek_brown,,,,,,,,True,2.2782824781402025,46.0,False,Interbedded_ST: segment_p95_plastic_zone_ratio_to_radius too large,Interbedded_ST,,,,,,,,,"All-results row format: one parameter_set_id x formation row; main metrics are segment_p95 values within that formation. Displacement is CCM hydrostatic-equivalent estimate, not directional K0 crown/wall solution."
P0028,Fault,Fault,Fault,True,min_max_sweep_100_lhs,333333333.3333334,0.33333333333333337,22323.232323232325,0.022323232323232325,16.404040404040405,13282828.282828283,13.282828282828282,3.393939393939394,25.303030303030305,0.5,0.09680978092698343,4.727183191642749e-05,0.5306375973605469,,0.3287878787878788,2490.0,,5.4280750148992825,8.428075014899282,segment_p95,segment_p95,246.0,,,5.4280750148992825,1.809358338299761,,,5.094910196767084,1.698303398922361,5.457544582348528,1.8191815274495093,,,,,disabled_plastic_zone_only,generalized_hoek_brown,179.8488332681625,plastic_estimate,False,True,,1.7286161094426218,16.0,True,2.2831343578118646,51.0,False,SH_ST: segment_p95_plastic_zone_ratio_to_radius too large; Interbedded_ST: segment_p95_plastic_zone_ratio_to_radius too large,SH_ST; Interbedded_ST,1429.0,Fault,0.9046791691498804,,,0.0,0.21148862360983572,5.197661506998599,"All-results row format: one parameter_set_id x formation row; main metrics are segment_p95 values within that formation. Displacement is CCM hydrostatic-equivalent estimate, not directional K0 crown/wall solution."
P0028,Interbedded_ST,Interbedded_ST,Interbedded_ST,True,min_max_sweep_100_lhs,1624288272.7272727,1.6242882727272727,32531.54545454546,0.03253154545454546,18.704040404040406,1618650.0,1.61865,9.121212121212121,44.24242424242424,0.5,0.6411319763963327,0.0005906166281701632,0.5085155855030736,,0.3232323232323232,2520.0,,6.534792661181136,9.534792661181136,segment_p95,segment_p95,924.0,,,6.534792661181136,2.178264220393712,,,6.225862188866269,2.0752873962887564,6.553557372683718,2.184519124227906,,,,,disabled_plastic_zone_only,generalized_hoek_brown,512.6197532838149,plastic_estimate,True,False,segment_p95_plastic_zone_ratio_to_radius too large,2.0910818540300204,9.0,True,2.2831343578118646,51.0,False,SH_ST: segment_p95_plastic_zone_ratio_to_radius too large; Interbedded_ST: segment_p95_plastic_zone_ratio_to_radius too large,SH_ST; Interbedded_ST,767.0,Interbedded_ST,1.089132110196856,,,0.0,0.5187225793286399,6.241483212079732,"All-results row format: one parameter_set_id x formation row; main metrics are segment_p95 values within that formation. Displacement is CCM hydrostatic-equivalent estimate, not directional K0 crown/wall solution."
P0028,SH_ST,SH_ST,SH_ST,True,min_max_sweep_100_lhs,2964680100.0,2.9646801,197096.7727272727,0.19709677272727272,41.38131313131313,1782744.5454545452,1.7827445454545452,6.343434343434343,33.333333333333336,0.5,0.2652233816993875,0.00013791280933656217,0.5178492315700927,,0.38,2454.343434343434,,7.0315070277536265,10.031507027753626,segment_p95,segment_p95,2261.0,,,7.0315070277536265,2.3438356759178753,,,5.766385644376931,1.9221285481256436,7.283950379152277,2.4279834597174257,,,,,disabled_plastic_zone_only,generalized_hoek_brown,1028.7749880894576,plastic_estimate,True,False,segment_p95_plastic_zone_ratio_to_radius too large,2.2831343578118646,90.0,True,2.2831343578118646,51.0,False,SH_ST: segment_p95_plastic_zone_ratio_to_radius too large; Interbedded_ST: segment_p95_plastic_zone_ratio_to_radius too large,SH_ST; Interbedded_ST,1077.0,SH_ST,1.1719178379589377,,,0.0,0.3355371900826448,6.937095599192645,"All-results row format: one parameter_set_id x formation row; main metrics are segment_p95 values within that formation. Displacement is CCM hydrostatic-equivalent estimate, not directional K0 crown/wall solution."
P0028,SS_NC,SS_NC,SS_NC,False,min_max_sweep_100_lhs,3860243918.181819,3.860243918181819,230264.4818181818,0.23026448181818182,32.125151515151515,19469579.999999996,19.469579999999997,19.77777777777778,53.484848484848484,0.5,2.1587983726675977,0.0020253349149096985,0.5045009631586282,,0.23202020202020202,2588.181818181818,,,,,,,,,,,,,,,,,,,,,,generalized_hoek_brown,,,,,,,,True,2.2831343578118646,51.0,False,SH_ST: segment_p95_plastic_zone_ratio_to_radius too large; Interbedded_ST: segment_p95_plastic_zone_ratio_to_radius too large,SH_ST; Interbedded_ST,,,,,,,,,"All-results row format: one parameter_set_id x formation row; main metrics are segment_p95 values within that formation. Displacement is CCM hydrostatic-equivalent estimate, not directional K0 crown/wall solution."
P0028,SS_NK,SS_NK,SS_NK,False,min_max_sweep_100_lhs,461364300.0,0.4613643,221398.81818181818,0.22139881818181817,29.033333333333335,249441.54545454547,0.24944154545454547,18.96969696969697,43.484848484848484,0.5,1.2861395290787627,0.0005338724872960556,0.5089676988908144,,0.38,2390.0,,,,,,,,,,,,,,,,,,,,,,generalized_hoek_brown,,,,,,,,True,2.2831343578118646,51.0,False,SH_ST: segment_p95_plastic_zone_ratio_to_radius too large; Interbedded_ST: segment_p95_plastic_zone_ratio_to_radius too large,SH_ST; Interbedded_ST,,,,,,,,,"All-results row format: one parameter_set_id x formation row; main metrics are segment_p95 values within that formation. Displacement is CCM hydrostatic-equivalent estimate, not directional K0 crown/wall solution."
P0029,Fault,Fault,Fault,True,min_max_sweep_100_lhs,377777777.7777778,0.37777777777777777,23535.353535353534,0.023535353535353534,18.141414141414142,13181818.181818182,13.181818181818182,4.7272727272727275,17.87878787878788,0.5,0.0946863465738569,1.7566885225292666e-05,0.5503942218640335,,0.3373737373737373,2490.0,,6.2147731369392165,9.214773136939217,segment_p95,segment_p95,246.0,,,6.2147731369392165,2.0715910456464055,,,5.881608318807016,1.9605361062690052,6.244242704388462,2.081414234796154,,,,,disabled_plastic_zone_only,generalized_hoek_brown,381.56470934001635,plastic_estimate,True,False,segment_p95_plastic_zone_ratio_to_radius too large,1.969707482278733,59.0,True,2.1392272759262014,16.0,False,SH_ST: segment_p95_plastic_zone_ratio_to_radius too large; Interbedded_ST: segment_p95_plastic_zone_ratio_to_radius too large; Fault: segment_p95_plastic_zone_ratio_to_radius too large,SH_ST; Interbedded_ST; Fault,1429.0,Fault,1.0357955228232028,,,0.0,0.0696255484134272,5.9468978137032975,"All-results row format: one parameter_set_id x formation row; main metrics are segment_p95 values within that formation. Displacement is CCM hydrostatic-equivalent estimate, not directional K0 crown/wall solution."
P0029,Interbedded_ST,Interbedded_ST,Interbedded_ST,True,min_max_sweep_100_lhs,2095075127.2727275,2.0950751272727275,94067.0,0.094067,19.835353535353537,1618650.0,1.61865,11.646464646464647,41.81818181818182,0.5,0.7293802336585826,0.0004274916689661805,0.5100465009697508,,0.23494949494949494,2520.0,,6.719849771334992,9.719849771334992,segment_p95,segment_p95,924.0,,,6.719849771334992,2.239949923778331,,,6.410919299020125,2.1369730996733747,6.7386144828375745,2.246204827612525,,,,,disabled_plastic_zone_only,generalized_hoek_brown,611.6097309184647,plastic_estimate,True,False,segment_p95_plastic_zone_ratio_to_radius too large,2.1392272759262014,23.0,True,2.1392272759262014,16.0,False,SH_ST: segment_p95_plastic_zone_ratio_to_radius too large; Interbedded_ST: segment_p95_plastic_zone_ratio_to_radius too large; Fault: segment_p95_plastic_zone_ratio_to_radius too large,SH_ST; Interbedded_ST; Fault,767.0,Interbedded_ST,1.1199749618891655,,,0.0,0.3140087746148353,6.417728078892928,"All-results row format: one parameter_set_id x formation row; main metrics are segment_p95 values within that formation. Displacement is CCM hydrostatic-equivalent estimate, not directional K0 crown/wall solution."
P0029,SH_ST,SH_ST,SH_ST,True,min_max_sweep_100_lhs,2964680100.0,2.9646801,117942.95454545456,0.11794295454545456,40.453737373737376,7118472.909090908,7.118472909090908,5.858585858585859,25.757575757575758,0.5,0.1707686979068243,5.0225389158537976e-05,0.5297167801147674,,0.38,2421.717171717172,,6.236273973403184,9.236273973403183,segment_p95,segment_p95,2261.0,,,6.236273973403184,2.0787579911343945,,,4.982409681006138,1.6608032270020463,6.488717324801835,2.162905774933945,,,,,disabled_plastic_zone_only,generalized_hoek_brown,481.86194542829236,plastic_estimate,True,False,segment_p95_plastic_zone_ratio_to_radius too large,2.0294738738345854,79.0,True,2.1392272759262014,16.0,False,SH_ST: segment_p95_plastic_zone_ratio_to_radius too large; Interbedded_ST: segment_p95_plastic_zone_ratio_to_radius too large; Fault: segment_p95_plastic_zone_ratio_to_radius too large,SH_ST; Interbedded_ST; Fault,1077.0,SH_ST,1.0393789955671973,,,0.0,0.27986940108152236,6.179730785525557,"All-results row format: one parameter_set_id x formation row; main metrics are segment_p95 values within that formation. Displacement is CCM hydrostatic-equivalent estimate, not directional K0 crown/wall solution."
P0029,SS_NC,SS_NC,SS_NC,False,min_max_sweep_100_lhs,1005539863.636364,1.005539863636364,39601.681818181816,0.039601681818181814,23.16232323232323,44940700.0,44.9407,19.97979797979798,49.696969696969695,0.5,1.8209152634122712,0.0012222391824445692,0.5058548958690126,,0.26030303030303026,2594.242424242424,,,,,,,,,,,,,,,,,,,,,,generalized_hoek_brown,,,,,,,,True,2.1392272759262014,16.0,False,SH_ST: segment_p95_plastic_zone_ratio_to_radius too large; Interbedded_ST: segment_p95_plastic_zone_ratio_to_radius too large; Fault: segment_p95_plastic_zone_ratio_to_radius too large,SH_ST; Interbedded_ST; Fault,,,,,,,,,"All-results row format: one parameter_set_id x formation row; main metrics are segment_p95 values within that formation. Displacement is CCM hydrostatic-equivalent estimate, not directional K0 crown/wall solution."
P0029,SS_NK,SS_NK,SS_NK,False,min_max_sweep_100_lhs,461364300.0,0.4613643,184873.90909090906,0.18487390909090906,29.775757575757577,204256.0909090909,0.20425609090909091,21.494949494949495,47.525252525252526,0.5,1.7665358845373986,0.0009149574498803989,0.5068000533607525,,0.38,2390.0,,,,,,,,,,,,,,,,,,,,,,generalized_hoek_brown,,,,,,,,True,2.1392272759262014,16.0,False,SH_ST: segment_p95_plastic_zone_ratio_to_radius too large; Interbedded_ST: segment_p95_plastic_zone_ratio_to_radius too large; Fault: segment_p95_plastic_zone_ratio_to_radius too large,SH_ST; Interbedded_ST; Fault,,,,,,,,,"All-results row format: one parameter_set_id x formation row; main metrics are segment_p95 values within that formation. Displacement is CCM hydrostatic-equivalent estimate, not directional K0 crown/wall solution."
P0030,Fault,Fault,Fault,True,min_max_sweep_100_lhs,422222222.2222222,0.4222222222222222,21313.13131313131,0.02131313131313131,17.454545454545453,10555555.555555556,10.555555555555555,3.878787878787879,21.666666666666668,0.5,0.09304835006954804,2.910954459980269e-05,0.5391007415307267,,0.3,2490.0,,6.032341042027286,9.032341042027287,segment_p95,segment_p95,246.0,,,6.032341042027286,2.0107803473424286,,,5.699176223895087,1.8997254079650288,6.061810609476533,2.0206035364921777,,,,,disabled_plastic_zone_only,generalized_hoek_brown,320.54997068279243,plastic_estimate,True,False,segment_p95_plastic_zone_ratio_to_radius too large,1.924977681263356,46.0,True,2.073922011805348,2.0,False,Interbedded_ST: segment_p95_plastic_zone_ratio_to_radius too large; Fault: segment_p95_plastic_zone_ratio_to_radius too large,Interbedded_ST; Fault,1429.0,Fault,1.0053901736712143,,,0.0,0.32608917457402303,5.773152961406222,"All-results row format: one parameter_set_id x formation row; main metrics are segment_p95 values within that formation. Displacement is CCM hydrostatic-equivalent estimate, not directional K0 crown/wall solution."
P0030,Interbedded_ST,Interbedded_ST,Interbedded_ST,True,min_max_sweep_100_lhs,1983445254.5454545,1.9834452545454544,68997.0,0.068997,21.653535353535354,1618650.0,1.61865,11.8989898989899,44.39393939393939,0.5,0.8424389065794253,0.0006026696146412889,0.5084278707563119,,0.24454545454545454,2520.0,,6.523323120929765,9.523323120929765,segment_p95,segment_p95,924.0,,,6.523323120929765,2.174441040309922,,,6.214392648614898,2.071464216204966,6.5420878324323475,2.180695944144116,,,,,disabled_plastic_zone_only,generalized_hoek_brown,507.03982512028705,plastic_estimate,True,False,segment_p95_plastic_zone_ratio_to_radius too large,2.073922011805348,4.0,True,2.073922011805348,2.0,False,Interbedded_ST: segment_p95_plastic_zone_ratio_to_radius too large; Fault: segment_p95_plastic_zone_ratio_to_radius too large,Interbedded_ST; Fault,767.0,Interbedded_ST,1.087220520154961,,,0.0,0.24789307213549644,6.23055984041176,"All-results row format: one parameter_set_id x formation row; main metrics are segment_p95 values within that formation. Displacement is CCM hydrostatic-equivalent estimate, not directional K0 crown/wall solution."
P0030,SH_ST,SH_ST,SH_ST,True,min_max_sweep_100_lhs,2964680100.0,2.9646801,151583.32727272727,0.15158332727272728,40.76292929292929,9024090.18181818,9.02409018181818,7.6767676767676765,37.878787878787875,0.5,0.3985372239276985,0.0002528211382155403,0.5131275774653553,,0.38,2536.7676767676767,,4.992754699426821,7.992754699426821,segment_p95,segment_p95,2261.0,,,4.992754699426821,1.664251566475607,,,3.7586330686917275,1.2528776895639093,5.245198050825472,1.7483993502751574,,,,,disabled_plastic_zone_only,generalized_hoek_brown,146.73597310145877,plastic_estimate,False,True,,1.6310431637607572,24.0,True,2.073922011805348,2.0,False,Interbedded_ST: segment_p95_plastic_zone_ratio_to_radius too large; Fault: segment_p95_plastic_zone_ratio_to_radius too large,Interbedded_ST; Fault,1077.0,SH_ST,0.8321257832378035,,,0.0,0.15726966636057554,4.995426715071878,"All-results row format: one parameter_set_id x formation row; main metrics are segment_p95 values within that formation. Displacement is CCM hydrostatic-equivalent estimate, not directional K0 crown/wall solution."
P0030,SS_NC,SS_NC,SS_NC,False,min_max_sweep_100_lhs,2355737727.272728,2.355737727272728,117600.1,0.1176001,46.849797979797984,12271220.000000002,12.271220000000001,16.343434343434343,49.09090909090909,0.5,1.4471322265227802,0.0011273576042865774,0.5061050467666031,,0.16555555555555554,2602.7272727272725,,,,,,,,,,,,,,,,,,,,,,generalized_hoek_brown,,,,,,,,True,2.073922011805348,2.0,False,Interbedded_ST: segment_p95_plastic_zone_ratio_to_radius too large; Fault: segment_p95_plastic_zone_ratio_to_radius too large,Interbedded_ST; Fault,,,,,,,,,"All-results row format: one parameter_set_id x formation row; main metrics are segment_p95 values within that formation. Displacement is CCM hydrostatic-equivalent estimate, not directional K0 crown/wall solution."
P0030,SS_NK,SS_NK,SS_NK,False,min_max_sweep_100_lhs,461364300.0,0.4613643,232933.0,0.232933,22.5,266386.09090909094,0.26638609090909093,19.676767676767675,51.96969696969697,0.5,1.998269082152908,0.0016548574545556145,0.5050019049487693,,0.38,2390.0,,,,,,,,,,,,,,,,,,,,,,generalized_hoek_brown,,,,,,,,True,2.073922011805348,2.0,False,Interbedded_ST: segment_p95_plastic_zone_ratio_to_radius too large; Fault: segment_p95_plastic_zone_ratio_to_radius too large,Interbedded_ST; Fault,,,,,,,,,"All-results row format: one parameter_set_id x formation row; main metrics are segment_p95 values within that formation. Displacement is CCM hydrostatic-equivalent estimate, not directional K0 crown/wall solution."
P0031,Fault,Fault,Fault,True,min_max_sweep_100_lhs,527272727.2727273,0.5272727272727273,29797.979797979795,0.029797979797979796,16.12121212121212,9343434.343434343,9.343434343434343,5.333333333333334,20.454545454545453,0.5,0.12076577486151692,2.4765460283186143e-05,0.5424094210186268,,0.34393939393939393,2490.0,,6.288748810390682,9.288748810390683,segment_p95,segment_p95,246.0,,,6.288748810390682,2.0962496034635607,,,5.955583992258483,1.9851946640861609,6.318218377839928,2.1060727926133094,,,,,disabled_plastic_zone_only,generalized_hoek_brown,409.4896995124808,plastic_estimate,True,False,segment_p95_plastic_zone_ratio_to_radius too large,2.0173854193583947,66.0,True,2.1100727595705724,9.0,False,SH_ST: segment_p95_plastic_zone_ratio_to_radius too large; Interbedded_ST: segment_p95_plastic_zone_ratio_to_radius too large; Fault: segment_p95_plastic_zone_ratio_to_radius too large,SH_ST; Interbedded_ST; Fault,1429.0,Fault,1.0481248017317804,,,0.0,0.5564330170390779,6.017350836038027,"All-results row format: one parameter_set_id x formation row; main metrics are segment_p95 values within that formation. Displacement is CCM hydrostatic-equivalent estimate, not directional K0 crown/wall solution."
P0031,Interbedded_ST,Interbedded_ST,Interbedded_ST,True,min_max_sweep_100_lhs,1881522327.2727275,1.8815223272727275,42787.454545454544,0.042787454545454545,22.3,1618650.0,1.61865,7.606060606060606,43.333333333333336,0.5,0.5119812269401364,0.0005231953970456776,0.5090608940794171,,0.22727272727272727,2520.0,,6.603838941314458,9.603838941314457,segment_p95,segment_p95,924.0,,,6.603838941314458,2.2012796471048195,,,6.294908468999591,2.0983028229998637,6.622603652817041,2.207534550939014,,,,,disabled_plastic_zone_only,generalized_hoek_brown,547.5297812847774,plastic_estimate,True,False,segment_p95_plastic_zone_ratio_to_radius too large,2.1100727595705724,14.0,True,2.1100727595705724,9.0,False,SH_ST: segment_p95_plastic_zone_ratio_to_radius too large; Interbedded_ST: segment_p95_plastic_zone_ratio_to_radius too large; Fault: segment_p95_plastic_zone_ratio_to_radius too large,SH_ST; Interbedded_ST; Fault,767.0,Interbedded_ST,1.1006398235524097,,,0.0,0.4628915416794205,6.307241574111468,"All-results row format: one parameter_set_id x formation row; main metrics are segment_p95 values within that formation. Displacement is CCM hydrostatic-equivalent estimate, not directional K0 crown/wall solution."
P0031,SH_ST,SH_ST,SH_ST,True,min_max_sweep_100_lhs,2964680100.0,2.9646801,137731.4090909091,0.13773140909090908,25.92171717171717,2735553.1818181816,2.7355531818181817,5.373737373737374,38.18181818181818,0.5,0.2830308704245051,0.00026324530485332575,0.5128607927859652,,0.38,2450.909090909091,,6.185765690114302,9.185765690114302,segment_p95,segment_p95,2261.0,,,6.185765690114302,2.061921896704767,,,4.932646861461708,1.6442156204872362,6.438209041512953,2.1460696805043176,,,,,disabled_plastic_zone_only,generalized_hoek_brown,459.18457480666643,plastic_estimate,True,False,segment_p95_plastic_zone_ratio_to_radius too large,2.0053119811710216,77.0,True,2.1100727595705724,9.0,False,SH_ST: segment_p95_plastic_zone_ratio_to_radius too large; Interbedded_ST: segment_p95_plastic_zone_ratio_to_radius too large; Fault: segment_p95_plastic_zone_ratio_to_radius too large,SH_ST; Interbedded_ST; Fault,1077.0,SH_ST,1.0309609483523836,,,0.0,0.1153147637996123,6.131627658583765,"All-results row format: one parameter_set_id x formation row; main metrics are segment_p95 values within that formation. Displacement is CCM hydrostatic-equivalent estimate, not directional K0 crown/wall solution."
P0031,SS_NC,SS_NC,SS_NC,False,min_max_sweep_100_lhs,735500290.9090911,0.7355002909090911,126266.5909090909,0.1262665909090909,38.20707070707071,44386980.0,44.38698,17.555555555555557,48.333333333333336,0.5,1.4993819582578682,0.0010190454849489836,0.5064322890037308,,0.25606060606060604,2542.121212121212,,,,,,,,,,,,,,,,,,,,,,generalized_hoek_brown,,,,,,,,True,2.1100727595705724,9.0,False,SH_ST: segment_p95_plastic_zone_ratio_to_radius too large; Interbedded_ST: segment_p95_plastic_zone_ratio_to_radius too large; Fault: segment_p95_plastic_zone_ratio_to_radius too large,SH_ST; Interbedded_ST; Fault,,,,,,,,,"All-results row format: one parameter_set_id x formation row; main metrics are segment_p95 values within that formation. Displacement is CCM hydrostatic-equivalent estimate, not directional K0 crown/wall solution."
P0031,SS_NK,SS_NK,SS_NK,False,min_max_sweep_100_lhs,461364300.0,0.4613643,134892.45454545453,0.13489245454545454,31.70606060606061,239274.8181818182,0.2392748181818182,13.818181818181818,38.43434343434343,0.5,0.7365982257692929,0.00027225968884123114,0.5126425525147172,,0.38,2390.0,,,,,,,,,,,,,,,,,,,,,,generalized_hoek_brown,,,,,,,,True,2.1100727595705724,9.0,False,SH_ST: segment_p95_plastic_zone_ratio_to_radius too large; Interbedded_ST: segment_p95_plastic_zone_ratio_to_radius too large; Fault: segment_p95_plastic_zone_ratio_to_radius too large,SH_ST; Interbedded_ST; Fault,,,,,,,,,"All-results row format: one parameter_set_id x formation row; main metrics are segment_p95 values within that formation. Displacement is CCM hydrostatic-equivalent estimate, not directional K0 crown/wall solution."
P0032,Fault,Fault,Fault,True,min_max_sweep_100_lhs,470707070.70707077,0.47070707070707074,27575.757575757576,0.027575757575757576,19.67676767676768,9242424.242424242,9.242424242424242,4.121212121212121,25.606060606060606,0.5,0.11926334850862133,4.9220915195809375e-05,0.5300206240740349,,0.33636363636363636,2490.0,,5.779938519872779,8.779938519872779,segment_p95,segment_p95,246.0,,,5.779938519872779,1.9266461732909264,,,5.446773701740579,1.8155912339135263,5.809408087322025,1.9364693624406748,,,,,disabled_plastic_zone_only,generalized_hoek_brown,251.8432185142083,plastic_estimate,False,True,,1.842044909983503,37.0,True,2.1126838292778714,11.0,False,Interbedded_ST: segment_p95_plastic_zone_ratio_to_radius too large,Interbedded_ST,1429.0,Fault,0.9633230866454632,,,0.0,0.25997347209468435,5.532769606973357,"All-results row format: one parameter_set_id x formation row; main metrics are segment_p95 values within that formation. Displacement is CCM hydrostatic-equivalent estimate, not directional K0 crown/wall solution."
P0032,Interbedded_ST,Interbedded_ST,Interbedded_ST,True,min_max_sweep_100_lhs,1726211200.0,1.7262112,51903.818181818184,0.05190381818181818,20.603030303030305,1618650.0,1.61865,11.444444444444445,42.72727272727273,0.5,0.7484369480750666,0.0004825801020447391,0.5094432327356009,,0.24646464646464647,2520.0,,6.650097647734112,9.650097647734112,segment_p95,segment_p95,924.0,,,6.650097647734112,2.2166992159113708,,,6.341167175419247,2.113722391806415,6.668862359236695,2.222954119745565,,,,,disabled_plastic_zone_only,generalized_hoek_brown,572.2359918038281,plastic_estimate,True,False,segment_p95_plastic_zone_ratio_to_radius too large,2.1126838292778714,16.0,True,2.1126838292778714,11.0,False,Interbedded_ST: segment_p95_plastic_zone_ratio_to_radius too large,Interbedded_ST,767.0,Interbedded_ST,1.1083496079556854,,,0.0,0.2232425262728293,6.351297484987329,"All-results row format: one parameter_set_id x formation row; main metrics are segment_p95 values within that formation. Displacement is CCM hydrostatic-equivalent estimate, not directional K0 crown/wall solution."
P0032,SH_ST,SH_ST,SH_ST,True,min_max_sweep_100_lhs,2964680100.0,2.9646801,102112.1909090909,0.1021121909090909,45.09161616161616,15122065.454545451,15.122065454545451,4.3232323232323235,26.363636363636363,0.5,0.12970532126091897,5.4452498789804625e-05,0.528531635739647,,0.38,2509.2929292929293,,5.425276072569498,8.425276072569499,segment_p95,segment_p95,2261.0,,,5.425276072569498,1.8084253575231661,,,4.183920966237181,1.3946403220790602,5.677719423968149,1.8925731413227165,,,,,disabled_plastic_zone_only,generalized_hoek_brown,222.0401571938431,plastic_estimate,False,True,,1.7689136220977848,54.0,True,2.1126838292778714,11.0,False,Interbedded_ST: segment_p95_plastic_zone_ratio_to_radius too large,Interbedded_ST,1077.0,SH_ST,0.9042126787615831,,,0.0,0.18567493112947667,5.407351832350619,"All-results row format: one parameter_set_id x formation row; main metrics are segment_p95 values within that formation. Displacement is CCM hydrostatic-equivalent estimate, not directional K0 crown/wall solution."
P0032,SS_NC,SS_NC,SS_NC,False,min_max_sweep_100_lhs,4053129327.2727284,4.053129327272728,95933.87272727273,0.09593387272727273,40.12767676767677,36634900.0,36.6349,12.909090909090908,48.18181818181818,0.5,1.0946112936405463,0.0009986652614481473,0.5064997442104,,0.2504040404040404,2534.848484848485,,,,,,,,,,,,,,,,,,,,,,generalized_hoek_brown,,,,,,,,True,2.1126838292778714,11.0,False,Interbedded_ST: segment_p95_plastic_zone_ratio_to_radius too large,Interbedded_ST,,,,,,,,,"All-results row format: one parameter_set_id x formation row; main metrics are segment_p95 values within that formation. Displacement is CCM hydrostatic-equivalent estimate, not directional K0 crown/wall solution."
P0032,SS_NK,SS_NK,SS_NK,False,min_max_sweep_100_lhs,461364300.0,0.4613643,148349.0,0.148349,28.290909090909093,209904.27272727274,0.20990427272727274,14.121212121212121,38.63636363636363,0.5,0.7600281176952047,0.00027969294491888777,0.5124705864258157,,0.38,2390.0,,,,,,,,,,,,,,,,,,,,,,generalized_hoek_brown,,,,,,,,True,2.1126838292778714,11.0,False,Interbedded_ST: segment_p95_plastic_zone_ratio_to_radius too large,Interbedded_ST,,,,,,,,,"All-results row format: one parameter_set_id x formation row; main metrics are segment_p95 values within that formation. Displacement is CCM hydrostatic-equivalent estimate, not directional K0 crown/wall solution."
P0033,Fault,Fault,Fault,True,min_max_sweep_100_lhs,284848484.8484849,0.28484848484848485,29696.969696969692,0.029696969696969694,16.0,15000000.0,15.0,4.03030303030303,26.21212121212121,0.5,0.12004760014785165,5.336348548087397e-05,0.5288234478791446,,0.31212121212121213,2490.0,,5.2141415948484235,8.214141594848424,segment_p95,segment_p95,246.0,,,5.2141415948484235,1.7380471982828078,,,4.8809767767162215,1.6269922589054078,5.243611162297669,1.7478703874325563,,,,,disabled_plastic_zone_only,generalized_hoek_brown,146.5128650514912,plastic_estimate,False,True,,1.6753441663186945,12.0,True,2.187958273701777,30.0,False,Interbedded_ST: segment_p95_plastic_zone_ratio_to_radius too large,Interbedded_ST,1429.0,Fault,0.8690235991414039,,,0.0,0.4958677685950413,4.993915392664447,"All-results row format: one parameter_set_id x formation row; main metrics are segment_p95 values within that formation. Displacement is CCM hydrostatic-equivalent estimate, not directional K0 crown/wall solution."
P0033,Interbedded_ST,Interbedded_ST,Interbedded_ST,True,min_max_sweep_100_lhs,2075661236.3636365,2.0756612363636364,38229.27272727273,0.03822927272727273,20.562626262626264,1618650.0,1.61865,11.696969696969697,40.151515151515156,0.5,0.676652087150527,0.0003423085687765512,0.5112520828643606,,0.2215151515151515,2520.0,,6.84896193652671,9.84896193652671,segment_p95,segment_p95,924.0,,,6.84896193652671,2.28298731217557,,,6.540031464211843,2.1800104880706144,6.867726648029294,2.2892422160097645,,,,,disabled_plastic_zone_only,generalized_hoek_brown,691.7658378309154,plastic_estimate,True,False,segment_p95_plastic_zone_ratio_to_radius too large,2.187958273701777,37.0,True,2.187958273701777,30.0,False,Interbedded_ST: segment_p95_plastic_zone_ratio_to_radius too large,Interbedded_ST,767.0,Interbedded_ST,1.141493656087785,,,0.0,0.47399244975002564,6.540692045742184,"All-results row format: one parameter_set_id x formation row; main metrics are segment_p95 values within that formation. Displacement is CCM hydrostatic-equivalent estimate, not directional K0 crown/wall solution."
P0033,SH_ST,SH_ST,SH_ST,True,min_max_sweep_100_lhs,2964680100.0,2.9646801,13064.145454545454,0.013064145454545454,42.618080808080805,7309034.636363635,7.309034636363635,4.282828282828283,31.81818181818182,0.5,0.16660331663809272,0.00011268558050780067,0.5197689316614935,,0.38,2569.3939393939395,,5.726274541741471,8.726274541741471,segment_p95,segment_p95,2261.0,,,5.726274541741471,1.9087581805804903,,,4.4801797374293715,1.4933932458097903,5.9787178931401215,1.9929059643800404,,,,,disabled_plastic_zone_only,generalized_hoek_brown,296.0846280328774,plastic_estimate,False,True,,1.8762946946115155,65.0,True,2.187958273701777,30.0,False,Interbedded_ST: segment_p95_plastic_zone_ratio_to_radius too large,Interbedded_ST,1077.0,SH_ST,0.9543790902902451,,,0.0,0.43413937353331306,5.69401704108583,"All-results row format: one parameter_set_id x formation row; main metrics are segment_p95 values within that formation. Displacement is CCM hydrostatic-equivalent estimate, not directional K0 crown/wall solution."
P0033,SS_NC,SS_NC,SS_NC,False,min_max_sweep_100_lhs,774077372.727273,0.774077372727273,212931.5,0.2129315,19.32111111111111,47709300.0,47.7093,19.676767676767675,44.39393939393939,0.5,1.3930993124080817,0.0006026696146412889,0.5084278707563119,,0.1528282828282828,2528.787878787879,,,,,,,,,,,,,,,,,,,,,,generalized_hoek_brown,,,,,,,,True,2.187958273701777,30.0,False,Interbedded_ST: segment_p95_plastic_zone_ratio_to_radius too large,Interbedded_ST,,,,,,,,,"All-results row format: one parameter_set_id x formation row; main metrics are segment_p95 values within that formation. Displacement is CCM hydrostatic-equivalent estimate, not directional K0 crown/wall solution."
P0033,SS_NK,SS_NK,SS_NK,False,min_max_sweep_100_lhs,461364300.0,0.4613643,115668.81818181818,0.11566881818181818,29.330303030303032,227978.45454545456,0.22797845454545457,20.686868686868685,39.24242424242424,0.5,1.1460041537009924,0.000303232687687869,0.5119683685590383,,0.38,2390.0,,,,,,,,,,,,,,,,,,,,,,generalized_hoek_brown,,,,,,,,True,2.187958273701777,30.0,False,Interbedded_ST: segment_p95_plastic_zone_ratio_to_radius too large,Interbedded_ST,,,,,,,,,"All-results row format: one parameter_set_id x formation row; main metrics are segment_p95 values within that formation. Displacement is CCM hydrostatic-equivalent estimate, not directional K0 crown/wall solution."
P0034,Fault,Fault,Fault,True,min_max_sweep_100_lhs,301010101.010101,0.301010101010101,26666.666666666664,0.026666666666666665,19.515151515151516,6414141.414141415,6.414141414141414,3.484848484848485,16.96969696969697,0.5,0.0668436220459629,1.5561555587721858e-05,0.553556119320036,,0.30303030303030304,2490.0,,7.077927960087478,10.077927960087479,segment_p95,segment_p95,246.0,,,7.077927960087478,2.3593093200291593,,,6.744763141955278,2.248254380651759,7.107397527536724,2.369132509178908,,,,,disabled_plastic_zone_only,generalized_hoek_brown,869.397519471267,plastic_estimate,True,False,segment_p95_plastic_zone_ratio_to_radius too large,2.2555537530363536,95.0,True,2.277907344245328,45.0,False,SH_ST: segment_p95_plastic_zone_ratio_to_radius too large; Interbedded_ST: segment_p95_plastic_zone_ratio_to_radius too large; Fault: segment_p95_plastic_zone_ratio_to_radius too large,SH_ST; Interbedded_ST; Fault,1429.0,Fault,1.1796546600145796,,,0.0,0.3404550556065708,6.768950026225451,"All-results row format: one parameter_set_id x formation row; main metrics are segment_p95 values within that formation. Displacement is CCM hydrostatic-equivalent estimate, not directional K0 crown/wall solution."
P0034,Interbedded_ST,Interbedded_ST,Interbedded_ST,True,min_max_sweep_100_lhs,2017419563.6363637,2.0174195636363637,133951.0909090909,0.1339510909090909,19.471717171717174,1618650.0,1.61865,9.626262626262626,36.515151515151516,0.5,0.4683249110494506,0.00021079036173829528,0.5143971076339843,,0.4,2520.0,,7.13718832310404,10.13718832310404,segment_p95,segment_p95,924.0,,,7.13718832310404,2.3790627743680135,,,6.828257850789172,2.2760859502630577,7.155953034606624,2.385317678202208,,,,,disabled_plastic_zone_only,generalized_hoek_brown,910.5927700565919,plastic_estimate,True,False,segment_p95_plastic_zone_ratio_to_radius too large,2.277907344245328,57.0,True,2.277907344245328,45.0,False,SH_ST: segment_p95_plastic_zone_ratio_to_radius too large; Interbedded_ST: segment_p95_plastic_zone_ratio_to_radius too large; Fault: segment_p95_plastic_zone_ratio_to_radius too large,SH_ST; Interbedded_ST; Fault,767.0,Interbedded_ST,1.1895313871840067,,,0.0,0.4544026119783696,6.815193366292022,"All-results row format: one parameter_set_id x formation row; main metrics are segment_p95 values within that formation. Displacement is CCM hydrostatic-equivalent estimate, not directional K0 crown/wall solution."
P0034,SH_ST,SH_ST,SH_ST,True,min_max_sweep_100_lhs,2964680100.0,2.9646801,147625.63636363635,0.14762563636363635,19.73787878787879,5022293.909090908,5.022293909090909,5.454545454545455,25.454545454545453,0.5,0.15671376971805423,4.823653003594919e-05,0.530327552717188,,0.38,2449.191919191919,,6.64321315500575,9.64321315500575,segment_p95,segment_p95,2261.0,,,6.64321315500575,2.2144043850019166,,,5.383517959438507,1.794505986479502,6.895656506404401,2.298552168801467,,,,,disabled_plastic_zone_only,generalized_hoek_brown,710.440587486016,plastic_estimate,True,False,segment_p95_plastic_zone_ratio_to_radius too large,2.154580361207714,85.0,True,2.277907344245328,45.0,False,SH_ST: segment_p95_plastic_zone_ratio_to_radius too large; Interbedded_ST: segment_p95_plastic_zone_ratio_to_radius too large; Fault: segment_p95_plastic_zone_ratio_to_radius too large,SH_ST; Interbedded_ST; Fault,1077.0,SH_ST,1.1072021925009583,,,0.0,0.214406693194572,6.567291910861335,"All-results row format: one parameter_set_id x formation row; main metrics are segment_p95 values within that formation. Displacement is CCM hydrostatic-equivalent estimate, not directional K0 crown/wall solution."
P0034,SS_NC,SS_NC,SS_NC,False,min_max_sweep_100_lhs,1545619009.0909095,1.5456190090909094,43934.92727272727,0.04393492727272727,40.44777777777778,21684459.999999996,21.684459999999998,18.86868686868687,48.03030303030303,0.5,1.5884461812280182,0.0009786926286938279,0.50656788423565,,0.21363636363636362,2603.939393939394,,,,,,,,,,,,,,,,,,,,,,generalized_hoek_brown,,,,,,,,True,2.277907344245328,45.0,False,SH_ST: segment_p95_plastic_zone_ratio_to_radius too large; Interbedded_ST: segment_p95_plastic_zone_ratio_to_radius too large; Fault: segment_p95_plastic_zone_ratio_to_radius too large,SH_ST; Interbedded_ST; Fault,,,,,,,,,"All-results row format: one parameter_set_id x formation row; main metrics are segment_p95 values within that formation. Displacement is CCM hydrostatic-equivalent estimate, not directional K0 crown/wall solution."
P0034,SS_NK,SS_NK,SS_NK,False,min_max_sweep_100_lhs,461364300.0,0.4613643,82988.63636363637,0.08298863636363636,32.8939393939394,258478.63636363638,0.2584786363636364,17.151515151515152,41.464646464646464,0.5,1.0562117957583974,0.0004078081133066121,0.5102911581505388,,0.38,2390.0,,,,,,,,,,,,,,,,,,,,,,generalized_hoek_brown,,,,,,,,True,2.277907344245328,45.0,False,SH_ST: segment_p95_plastic_zone_ratio_to_radius too large; Interbedded_ST: segment_p95_plastic_zone_ratio_to_radius too large; Fault: segment_p95_plastic_zone_ratio_to_radius too large,SH_ST; Interbedded_ST; Fault,,,,,,,,,"All-results row format: one parameter_set_id x formation row; main metrics are segment_p95 values within that formation. Displacement is CCM hydrostatic-equivalent estimate, not directional K0 crown/wall solution."
P0035,Fault,Fault,Fault,True,min_max_sweep_100_lhs,393939393.93939394,0.3939393939393939,28787.878787878784,0.028787878787878786,16.727272727272727,8535353.535353536,8.535353535353536,4.848484848484849,23.636363636363637,0.5,0.12774778576702417,3.785232391987999e-05,0.534263025727377,,0.3424242424242424,2490.0,,6.05501766248622,9.05501766248622,segment_p95,segment_p95,246.0,,,6.05501766248622,2.0183392208287403,,,5.721852844354021,1.90728428145134,6.0844872299354655,2.0281624099784885,,,,,disabled_plastic_zone_only,generalized_hoek_brown,327.569946695861,plastic_estimate,True,False,segment_p95_plastic_zone_ratio_to_radius too large,1.930482803752834,48.0,True,2.1764381101252446,25.0,False,Interbedded_ST: segment_p95_plastic_zone_ratio_to_radius too large; Fault: segment_p95_plastic_zone_ratio_to_radius too large,Interbedded_ST; Fault,1429.0,Fault,1.0091696104143701,,,0.0,0.2931129476584023,5.794749742795682,"All-results row format: one parameter_set_id x formation row; main metrics are segment_p95 values within that formation. Displacement is CCM hydrostatic-equivalent estimate, not directional K0 crown/wall solution."
P0035,Interbedded_ST,Interbedded_ST,Interbedded_ST,True,min_max_sweep_100_lhs,1735918145.4545455,1.7359181454545456,64438.818181818184,0.06443881818181818,22.138383838383838,1618650.0,1.61865,10.383838383838384,40.303030303030305,0.5,0.6050390686033756,0.0003492942179297028,0.5111368658642191,,0.35777777777777775,2520.0,,6.837154260567798,9.837154260567798,segment_p95,segment_p95,924.0,,,6.837154260567798,2.2790514201892664,,,6.528223788252932,2.17607459608431,6.855918972070381,2.2853063240234603,,,,,disabled_plastic_zone_only,generalized_hoek_brown,684.0190445010259,plastic_estimate,True,False,segment_p95_plastic_zone_ratio_to_radius too large,2.1764381101252446,32.0,True,2.1764381101252446,25.0,False,Interbedded_ST: segment_p95_plastic_zone_ratio_to_radius too large; Fault: segment_p95_plastic_zone_ratio_to_radius too large,Interbedded_ST; Fault,767.0,Interbedded_ST,1.1395257100946332,,,0.0,0.3180899908172636,6.529446640067031,"All-results row format: one parameter_set_id x formation row; main metrics are segment_p95 values within that formation. Displacement is CCM hydrostatic-equivalent estimate, not directional K0 crown/wall solution."
P0035,SH_ST,SH_ST,SH_ST,True,min_max_sweep_100_lhs,2964680100.0,2.9646801,60556.43636363636,0.06055643636363636,35.19747474747474,9214651.909090908,9.214651909090907,5.1313131313131315,28.333333333333332,0.5,0.16908786037865323,7.080679724726883e-05,0.524994520981526,,0.38,2574.5454545454545,,5.791124158834631,8.79112415883463,segment_p95,segment_p95,2261.0,,,5.791124158834631,1.9303747196115437,,,4.544025490480842,1.5146751634936142,6.043567510233283,2.014522503411094,,,,,disabled_plastic_zone_only,generalized_hoek_brown,315.01149236666885,plastic_estimate,False,True,,1.885170713183414,68.0,True,2.1764381101252446,25.0,False,Interbedded_ST: segment_p95_plastic_zone_ratio_to_radius too large; Fault: segment_p95_plastic_zone_ratio_to_radius too large,Interbedded_ST; Fault,1077.0,SH_ST,0.9651873598057719,,,0.0,0.20248954188348128,5.755778581174555,"All-results row format: one parameter_set_id x formation row; main metrics are segment_p95 values within that formation. Displacement is CCM hydrostatic-equivalent estimate, not directional K0 crown/wall solution."
P0035,SS_NC,SS_NC,SS_NC,False,min_max_sweep_100_lhs,1275579436.3636365,1.2755794363636366,160932.55454545454,0.16093255454545455,16.440202020202022,12824940.0,12.82494,13.616161616161616,52.72727272727273,0.5,1.4335805419034549,0.0018307486397400596,0.5047451103752211,,0.1796969696969697,2580.909090909091,,,,,,,,,,,,,,,,,,,,,,generalized_hoek_brown,,,,,,,,True,2.1764381101252446,25.0,False,Interbedded_ST: segment_p95_plastic_zone_ratio_to_radius too large; Fault: segment_p95_plastic_zone_ratio_to_radius too large,Interbedded_ST; Fault,,,,,,,,,"All-results row format: one parameter_set_id x formation row; main metrics are segment_p95 values within that formation. Displacement is CCM hydrostatic-equivalent estimate, not directional K0 crown/wall solution."
P0035,SS_NK,SS_NK,SS_NK,False,min_max_sweep_100_lhs,461364300.0,0.4613643,204097.54545454544,0.20409754545454545,30.36969696969697,248311.90909090912,0.2483119090909091,22.0,42.27272727272727,0.5,1.407935862421091,0.0004542014676693318,0.5097402969884742,,0.38,2390.0,,,,,,,,,,,,,,,,,,,,,,generalized_hoek_brown,,,,,,,,True,2.1764381101252446,25.0,False,Interbedded_ST: segment_p95_plastic_zone_ratio_to_radius too large; Fault: segment_p95_plastic_zone_ratio_to_radius too large,Interbedded_ST; Fault,,,,,,,,,"All-results row format: one parameter_set_id x formation row; main metrics are segment_p95 values within that formation. Displacement is CCM hydrostatic-equivalent estimate, not directional K0 crown/wall solution."
P0036,Fault,Fault,Fault,True,min_max_sweep_100_lhs,559595959.5959597,0.5595959595959596,24343.434343434343,0.024343434343434344,17.494949494949495,12777777.777777778,12.777777777777779,3.7272727272727275,15.757575757575758,0.5,0.06748383322027104,1.3239268842939254e-05,0.5580814039492902,,0.3106060606060606,2490.0,,6.501573166368677,9.501573166368676,segment_p95,segment_p95,246.0,,,6.501573166368677,2.1671910554562257,,,6.1684083482364755,2.0561361160788256,6.531042733817921,2.177014244605974,,,,,disabled_plastic_zone_only,generalized_hoek_brown,501.7236918921891,plastic_estimate,True,False,segment_p95_plastic_zone_ratio_to_radius too large,2.0671975924273704,75.0,True,2.2874965302570933,53.0,False,SH_ST: segment_p95_plastic_zone_ratio_to_radius too large; Interbedded_ST: segment_p95_plastic_zone_ratio_to_radius too large; Fault: segment_p95_plastic_zone_ratio_to_radius too large,SH_ST; Interbedded_ST; Fault,1429.0,Fault,1.0835955277281129,,,0.0,0.20985613712886447,6.220040698874212,"All-results row format: one parameter_set_id x formation row; main metrics are segment_p95 values within that formation. Displacement is CCM hydrostatic-equivalent estimate, not directional K0 crown/wall solution."
P0036,Interbedded_ST,Interbedded_ST,Interbedded_ST,True,min_max_sweep_100_lhs,2036833454.5454547,2.0368334545454547,139648.81818181818,0.13964881818181818,21.08787878787879,1618650.0,1.61865,7.858585858585858,35.90909090909091,0.5,0.37144986459909723,0.0001944268524763669,0.5149994657857697,,0.2694949494949495,2520.0,,7.1862389337137005,10.1862389337137,segment_p95,segment_p95,924.0,,,7.1862389337137005,2.395412977904567,,,6.877308461398834,2.292436153799611,7.205003645216284,2.4016678817387613,,,,,disabled_plastic_zone_only,generalized_hoek_brown,954.1880513833497,plastic_estimate,True,False,segment_p95_plastic_zone_ratio_to_radius too large,2.2874965302570933,62.0,True,2.2874965302570933,53.0,False,SH_ST: segment_p95_plastic_zone_ratio_to_radius too large; Interbedded_ST: segment_p95_plastic_zone_ratio_to_radius too large; Fault: segment_p95_plastic_zone_ratio_to_radius too large,SH_ST; Interbedded_ST; Fault,767.0,Interbedded_ST,1.1977064889522835,,,0.0,0.3367003367003368,6.861908233539318,"All-results row format: one parameter_set_id x formation row; main metrics are segment_p95 values within that formation. Displacement is CCM hydrostatic-equivalent estimate, not directional K0 crown/wall solution."
P0036,SH_ST,SH_ST,SH_ST,True,min_max_sweep_100_lhs,2964680100.0,2.9646801,56598.74545454545,0.056598745454545456,42.92727272727273,2926114.9090909087,2.926114909090909,7.757575757575758,36.36363636363636,0.5,0.37469866078433073,0.00020657469644415615,0.5145454232524915,,0.38,2480.10101010101,,6.273043896718325,9.273043896718324,segment_p95,segment_p95,2261.0,,,6.273043896718325,2.0910146322394416,,,5.018642935825305,1.672880978608435,6.525487248116976,2.175162416038992,,,,,disabled_plastic_zone_only,generalized_hoek_brown,499.07083586185274,plastic_estimate,True,False,segment_p95_plastic_zone_ratio_to_radius too large,2.037498763772821,80.0,True,2.2874965302570933,53.0,False,SH_ST: segment_p95_plastic_zone_ratio_to_radius too large; Interbedded_ST: segment_p95_plastic_zone_ratio_to_radius too large; Fault: segment_p95_plastic_zone_ratio_to_radius too large,SH_ST; Interbedded_ST; Fault,1077.0,SH_ST,1.0455073161197208,,,0.0,0.20836649321497808,6.214749760111406,"All-results row format: one parameter_set_id x formation row; main metrics are segment_p95 values within that formation. Displacement is CCM hydrostatic-equivalent estimate, not directional K0 crown/wall solution."
P0036,SS_NC,SS_NC,SS_NC,False,min_max_sweep_100_lhs,2625777300.0,2.6257773,82934.13636363637,0.08293413636363636,37.246767676767675,43833260.0,43.83326,19.87878787878788,42.27272727272727,0.5,1.2721844707275973,0.0004542014676693318,0.5097402969884742,,0.22353535353535353,2527.5757575757575,,,,,,,,,,,,,,,,,,,,,,generalized_hoek_brown,,,,,,,,True,2.2874965302570933,53.0,False,SH_ST: segment_p95_plastic_zone_ratio_to_radius too large; Interbedded_ST: segment_p95_plastic_zone_ratio_to_radius too large; Fault: segment_p95_plastic_zone_ratio_to_radius too large,SH_ST; Interbedded_ST; Fault,,,,,,,,,"All-results row format: one parameter_set_id x formation row; main metrics are segment_p95 values within that formation. Displacement is CCM hydrostatic-equivalent estimate, not directional K0 crown/wall solution."
P0036,SS_NK,SS_NK,SS_NK,False,min_max_sweep_100_lhs,461364300.0,0.4613643,215631.7272727273,0.21563172727272728,25.915151515151514,230237.7272727273,0.2302377272727273,13.616161616161616,50.75757575757576,0.5,1.305231078126032,0.001407899269073737,0.5054407307044145,,0.38,2390.0,,,,,,,,,,,,,,,,,,,,,,generalized_hoek_brown,,,,,,,,True,2.2874965302570933,53.0,False,SH_ST: segment_p95_plastic_zone_ratio_to_radius too large; Interbedded_ST: segment_p95_plastic_zone_ratio_to_radius too large; Fault: segment_p95_plastic_zone_ratio_to_radius too large,SH_ST; Interbedded_ST; Fault,,,,,,,,,"All-results row format: one parameter_set_id x formation row; main metrics are segment_p95 values within that formation. Displacement is CCM hydrostatic-equivalent estimate, not directional K0 crown/wall solution."
P0037,Fault,Fault,Fault,True,min_max_sweep_100_lhs,208080808.0808081,0.20808080808080812,25858.58585858586,0.02585858585858586,18.22222222222222,13585858.585858587,13.585858585858587,3.606060606060606,22.575757575757578,0.5,0.09033297123712976,3.286072694099685e-05,0.5367889078865206,,0.3429292929292929,2490.0,,5.673673360767146,8.673673360767147,segment_p95,segment_p95,246.0,,,5.673673360767146,1.8912244535890488,,,5.340508542634946,1.7801695142116487,5.7031429282163915,1.9010476427387972,,,,,disabled_plastic_zone_only,generalized_hoek_brown,227.50650850507066,plastic_estimate,False,True,,1.8102920302403658,26.0,True,2.158212202019896,19.0,False,Interbedded_ST: segment_p95_plastic_zone_ratio_to_radius too large,Interbedded_ST,1429.0,Fault,0.9456122267945244,,,0.0,0.2953984287317621,5.431564693539421,"All-results row format: one parameter_set_id x formation row; main metrics are segment_p95 values within that formation. Displacement is CCM hydrostatic-equivalent estimate, not directional K0 crown/wall solution."
P0037,Interbedded_ST,Interbedded_ST,Interbedded_ST,True,min_max_sweep_100_lhs,1774745927.2727273,1.7747459272727273,86090.18181818181,0.08609018181818182,22.21919191919192,1618650.0,1.61865,9.929292929292929,40.90909090909091,0.5,0.5954942512771157,0.0003786917990633352,0.5106874615714201,,0.26181818181818184,2520.0,,6.790067272799498,9.790067272799497,segment_p95,segment_p95,924.0,,,6.790067272799498,2.263355757599833,,,6.48113680048463,2.1603789334948766,6.80883198430208,2.269610661434027,,,,,disabled_plastic_zone_only,generalized_hoek_brown,653.9781588496035,plastic_estimate,True,False,segment_p95_plastic_zone_ratio_to_radius too large,2.158212202019896,27.0,True,2.158212202019896,19.0,False,Interbedded_ST: segment_p95_plastic_zone_ratio_to_radius too large,Interbedded_ST,767.0,Interbedded_ST,1.1316778787999164,,,0.0,0.2506682991531477,6.484601889811505,"All-results row format: one parameter_set_id x formation row; main metrics are segment_p95 values within that formation. Displacement is CCM hydrostatic-equivalent estimate, not directional K0 crown/wall solution."
P0037,SH_ST,SH_ST,SH_ST,True,min_max_sweep_100_lhs,2964680100.0,2.9646801,112006.4181818182,0.1120064181818182,36.743434343434345,11501392.636363635,11.501392636363635,6.787878787878788,29.242424242424242,0.5,0.23357083662890427,7.99312686576622e-05,0.5235122185875485,,0.38,2486.969696969697,,5.440527503986103,8.440527503986104,segment_p95,segment_p95,2261.0,,,5.440527503986103,1.8135091679953677,,,4.1989228165116295,1.3996409388372097,5.692970855384753,1.8976569517949178,,,,,disabled_plastic_zone_only,generalized_hoek_brown,225.30349692524385,plastic_estimate,False,True,,1.7666156069557741,52.0,True,2.158212202019896,19.0,False,Interbedded_ST: segment_p95_plastic_zone_ratio_to_radius too large,Interbedded_ST,1077.0,SH_ST,0.9067545839976838,,,0.0,0.04348535863687382,5.421877005128337,"All-results row format: one parameter_set_id x formation row; main metrics are segment_p95 values within that formation. Displacement is CCM hydrostatic-equivalent estimate, not directional K0 crown/wall solution."
P0037,SS_NC,SS_NC,SS_NC,False,min_max_sweep_100_lhs,889808618.1818184,0.8898086181818183,338595.61818181816,0.33859561818181816,31.164848484848484,27775380.0,27.77538,21.7979797979798,40.45454545454545,0.5,1.2793081963028117,0.00035642242645338184,0.5110228068140821,,0.21646464646464644,2491.212121212121,,,,,,,,,,,,,,,,,,,,,,generalized_hoek_brown,,,,,,,,True,2.158212202019896,19.0,False,Interbedded_ST: segment_p95_plastic_zone_ratio_to_radius too large,Interbedded_ST,,,,,,,,,"All-results row format: one parameter_set_id x formation row; main metrics are segment_p95 values within that formation. Displacement is CCM hydrostatic-equivalent estimate, not directional K0 crown/wall solution."
P0037,SS_NK,SS_NK,SS_NK,False,min_max_sweep_100_lhs,461364300.0,0.4613643,67609.72727272728,0.06760972727272728,22.796969696969697,292367.7272727273,0.2923677272727273,13.515151515151516,46.313131313131315,0.5,1.0484300282508745,0.0007784162444771419,0.507390216330466,,0.38,2390.0,,,,,,,,,,,,,,,,,,,,,,generalized_hoek_brown,,,,,,,,True,2.158212202019896,19.0,False,Interbedded_ST: segment_p95_plastic_zone_ratio_to_radius too large,Interbedded_ST,,,,,,,,,"All-results row format: one parameter_set_id x formation row; main metrics are segment_p95 values within that formation. Displacement is CCM hydrostatic-equivalent estimate, not directional K0 crown/wall solution."
P0038,Fault,Fault,Fault,True,min_max_sweep_100_lhs,349494949.4949495,0.3494949494949495,20909.090909090908,0.02090909090909091,16.08080808080808,13383838.383838383,13.383838383838384,4.303030303030303,29.393939393939394,0.5,0.1491393961047138,8.156246299557899e-05,0.5232737851853381,,0.34797979797979794,2490.0,,5.043419639834722,8.043419639834722,segment_p95,segment_p95,246.0,,,5.043419639834722,1.6811398799449075,,,4.710254821702524,1.5700849405675075,5.072889207283969,1.6909630690946562,,,,,disabled_plastic_zone_only,generalized_hoek_brown,124.376731224313,plastic_estimate,False,True,,1.6216813526980411,2.0,True,2.0757963501214163,3.0,False,Interbedded_ST: segment_p95_plastic_zone_ratio_to_radius too large,Interbedded_ST,1429.0,Fault,0.8405699399724538,,,0.0,0.49978573614937255,4.831323054556161,"All-results row format: one parameter_set_id x formation row; main metrics are segment_p95 values within that formation. Displacement is CCM hydrostatic-equivalent estimate, not directional K0 crown/wall solution."
P0038,Interbedded_ST,Interbedded_ST,Interbedded_ST,True,min_max_sweep_100_lhs,2056247345.4545457,2.056247345454546,128253.36363636363,0.12825336363636364,20.724242424242426,1618650.0,1.61865,8.666666666666666,44.696969696969695,0.5,0.6225113710119398,0.0006275185198194417,0.5082550770464449,,0.21383838383838383,2520.0,,6.5004156114773455,9.500415611477345,segment_p95,segment_p95,924.0,,,6.5004156114773455,2.166805203825782,,,6.191485139162478,2.063828379720826,6.519180322979928,2.173060107659976,,,,,disabled_plastic_zone_only,generalized_hoek_brown,496.0761157351232,plastic_estimate,True,False,segment_p95_plastic_zone_ratio_to_radius too large,2.0757963501214163,5.0,True,2.0757963501214163,3.0,False,Interbedded_ST: segment_p95_plastic_zone_ratio_to_radius too large,Interbedded_ST,767.0,Interbedded_ST,1.083402601912891,,,0.0,0.4299153147637996,6.208743164742789,"All-results row format: one parameter_set_id x formation row; main metrics are segment_p95 values within that formation. Displacement is CCM hydrostatic-equivalent estimate, not directional K0 crown/wall solution."
P0038,SH_ST,SH_ST,SH_ST,True,min_max_sweep_100_lhs,2964680100.0,2.9646801,72429.5090909091,0.07242950909090909,24.994141414141414,11882516.09090909,11.88251609090909,7.232323232323233,33.03030303030303,0.5,0.29805630355861495,0.00013245164410586422,0.5182178176250443,,0.38,2483.5353535353534,,5.077587429661043,8.077587429661044,segment_p95,segment_p95,2261.0,,,5.077587429661043,1.6925291432203478,,,3.842002811880801,1.280667603960267,5.330030781059694,1.7766769270198979,,,,,disabled_plastic_zone_only,generalized_hoek_brown,159.16744375608536,plastic_estimate,False,True,,1.6532267457436194,27.0,True,2.0757963501214163,3.0,False,Interbedded_ST: segment_p95_plastic_zone_ratio_to_radius too large,Interbedded_ST,1077.0,SH_ST,0.8462645716101739,,,0.0,0.06568717477808385,5.076219791485423,"All-results row format: one parameter_set_id x formation row; main metrics are segment_p95 values within that formation. Displacement is CCM hydrostatic-equivalent estimate, not directional K0 crown/wall solution."
P0038,SS_NC,SS_NC,SS_NC,False,min_max_sweep_100_lhs,851231536.3636365,0.8512315363636365,264930.44545454544,0.2649304454545454,43.64878787878788,52139060.0,52.13906,18.565656565656568,53.93939393939394,0.5,2.0708336577588304,0.0021518784052530914,0.5043602851422072,,0.2758585858585858,2506.969696969697,,,,,,,,,,,,,,,,,,,,,,generalized_hoek_brown,,,,,,,,True,2.0757963501214163,3.0,False,Interbedded_ST: segment_p95_plastic_zone_ratio_to_radius too large,Interbedded_ST,,,,,,,,,"All-results row format: one parameter_set_id x formation row; main metrics are segment_p95 values within that formation. Displacement is CCM hydrostatic-equivalent estimate, not directional K0 crown/wall solution."
P0038,SS_NK,SS_NK,SS_NK,False,min_max_sweep_100_lhs,461364300.0,0.4613643,229088.27272727274,0.22908827272727272,26.063636363636363,265256.45454545453,0.26525645454545455,21.292929292929294,40.45454545454545,0.5,1.2496671352207263,0.00035642242645338184,0.5110228068140821,,0.38,2390.0,,,,,,,,,,,,,,,,,,,,,,generalized_hoek_brown,,,,,,,,True,2.0757963501214163,3.0,False,Interbedded_ST: segment_p95_plastic_zone_ratio_to_radius too large,Interbedded_ST,,,,,,,,,"All-results row format: one parameter_set_id x formation row; main metrics are segment_p95 values within that formation. Displacement is CCM hydrostatic-equivalent estimate, not directional K0 crown/wall solution."
P0039,Fault,Fault,Fault,True,min_max_sweep_100_lhs,503030303.03030306,0.503030303030303,24747.474747474746,0.024747474747474747,17.81818181818182,14191919.191919193,14.191919191919192,4.2727272727272725,21.21212121212121,0.5,0.10030382763358796,2.7397726977127882e-05,0.5403102736180212,,0.3409090909090909,2490.0,,5.769167520062319,8.769167520062318,segment_p95,segment_p95,246.0,,,5.769167520062319,1.9230558400207731,,,5.4360027019301205,1.8120009006433728,5.798637087511565,1.9328790291705218,,,,,disabled_plastic_zone_only,generalized_hoek_brown,249.26278653019472,plastic_estimate,False,True,,1.8324597922327983,32.0,True,2.1114382800977887,10.0,False,Interbedded_ST: segment_p95_plastic_zone_ratio_to_radius too large,Interbedded_ST,1429.0,Fault,0.9615279200103866,,,0.0,0.1362309968370575,5.522511511915777,"All-results row format: one parameter_set_id x formation row; main metrics are segment_p95 values within that formation. Displacement is CCM hydrostatic-equivalent estimate, not directional K0 crown/wall solution."
P0039,Interbedded_ST,Interbedded_ST,Interbedded_ST,True,min_max_sweep_100_lhs,1755332036.3636365,1.7553320363636364,125974.27272727274,0.12597427272727274,21.97676767676768,1618650.0,1.61865,8.414141414141413,43.18181818181818,0.5,0.5623032895144011,0.000512731841410638,0.5091550354039813,,0.38656565656565656,2520.0,,6.615386054149418,9.615386054149418,segment_p95,segment_p95,924.0,,,6.615386054149418,2.205128684716473,,,6.306455581834552,2.1021518606115173,6.6341507656520005,2.211383588550667,,,,,disabled_plastic_zone_only,generalized_hoek_brown,553.5953919857282,plastic_estimate,True,False,segment_p95_plastic_zone_ratio_to_radius too large,2.1114382800977887,15.0,True,2.1114382800977887,10.0,False,Interbedded_ST: segment_p95_plastic_zone_ratio_to_radius too large,Interbedded_ST,767.0,Interbedded_ST,1.1025643423582365,,,0.0,0.41734516886032047,6.318238824430478,"All-results row format: one parameter_set_id x formation row; main metrics are segment_p95 values within that formation. Displacement is CCM hydrostatic-equivalent estimate, not directional K0 crown/wall solution."
P0039,SH_ST,SH_ST,SH_ST,True,min_max_sweep_100_lhs,2964680100.0,2.9646801,185223.69999999998,0.1852237,38.28939393939394,4069485.272727272,4.069485272727272,5.777777777777778,37.57575757575758,0.5,0.295654471851687,0.00024280975481866756,0.5133998065429863,,0.38,2524.747474747475,,5.848115951572619,8.84811595157262,segment_p95,segment_p95,2261.0,,,5.848115951572619,1.9493719838575396,,,4.600135057325053,1.5333783524416842,6.10055930297127,2.03351976765709,,,,,disabled_plastic_zone_only,generalized_hoek_brown,332.63796868803763,plastic_estimate,False,True,,1.9022687241450786,70.0,True,2.1114382800977887,10.0,False,Interbedded_ST: segment_p95_plastic_zone_ratio_to_radius too large,Interbedded_ST,1077.0,SH_ST,0.9746859919287698,,,0.0,0.184858687888991,5.810056479020258,"All-results row format: one parameter_set_id x formation row; main metrics are segment_p95 values within that formation. Displacement is CCM hydrostatic-equivalent estimate, not directional K0 crown/wall solution."
P0039,SS_NC,SS_NC,SS_NC,False,min_max_sweep_100_lhs,3243010609.09091,3.24301060909091,121933.34545454546,0.12193334545454546,30.524646464646466,53800220.0,53.80022,21.292929292929294,42.121212121212125,0.5,1.352888996593455,0.00044511774416314124,0.5098413357455577,,0.23626262626262623,2579.6969696969695,,,,,,,,,,,,,,,,,,,,,,generalized_hoek_brown,,,,,,,,True,2.1114382800977887,10.0,False,Interbedded_ST: segment_p95_plastic_zone_ratio_to_radius too large,Interbedded_ST,,,,,,,,,"All-results row format: one parameter_set_id x formation row; main metrics are segment_p95 values within that formation. Displacement is CCM hydrostatic-equivalent estimate, not directional K0 crown/wall solution."
P0039,SS_NK,SS_NK,SS_NK,False,min_max_sweep_100_lhs,461364300.0,0.4613643,254079.0,0.254079,33.04242424242425,290108.4545454546,0.2901084545454546,13.11111111111111,49.141414141414145,0.5,1.1637209946874267,0.0011349748565145335,0.506083812660915,,0.38,2390.0,,,,,,,,,,,,,,,,,,,,,,generalized_hoek_brown,,,,,,,,True,2.1114382800977887,10.0,False,Interbedded_ST: segment_p95_plastic_zone_ratio_to_radius too large,Interbedded_ST,,,,,,,,,"All-results row format: one parameter_set_id x formation row; main metrics are segment_p95 values within that formation. Displacement is CCM hydrostatic-equivalent estimate, not directional K0 crown/wall solution."
P0040,Fault,Fault,Fault,True,min_max_sweep_100_lhs,543434343.4343433,0.5434343434343434,24646.464646464647,0.024646464646464646,17.696969696969695,7323232.323232324,7.3232323232323235,4.818181818181818,18.939393939393938,0.5,0.10150652272393329,2.0235323187009214e-05,0.5469395700151977,,0.3308080808080808,2490.0,,6.71101886828272,9.71101886828272,segment_p95,segment_p95,246.0,,,6.71101886828272,2.2370062894275735,,,6.377854050150521,2.1259513500501734,6.740488435731965,2.2468294785773217,,,,,disabled_plastic_zone_only,generalized_hoek_brown,612.7040421730048,plastic_estimate,True,False,segment_p95_plastic_zone_ratio_to_radius too large,2.128742574594129,85.0,True,2.305669698790168,58.0,False,Interbedded_ST: segment_p95_plastic_zone_ratio_to_radius too large; Fault: segment_p95_plastic_zone_ratio_to_radius too large,Interbedded_ST; Fault,1429.0,Fault,1.1185031447137868,,,0.0,0.11925313743495569,6.419512795935206,"All-results row format: one parameter_set_id x formation row; main metrics are segment_p95 values within that formation. Displacement is CCM hydrostatic-equivalent estimate, not directional K0 crown/wall solution."
P0040,Interbedded_ST,Interbedded_ST,Interbedded_ST,True,min_max_sweep_100_lhs,2070807763.6363637,2.0708077636363638,122555.63636363637,0.12255563636363637,18.582828282828284,1618650.0,1.61865,11.292929292929294,35.303030303030305,0.5,0.5185953993382697,0.00017933363106421065,0.5156266600006871,,0.2829292929292929,2520.0,,7.235616717199729,10.23561671719973,segment_p95,segment_p95,924.0,,,7.235616717199729,2.4118722390665766,,,6.926686244884862,2.3088954149616208,7.254381428702313,2.418127142900771,,,,,disabled_plastic_zone_only,generalized_hoek_brown,1000.1801108034725,plastic_estimate,True,False,segment_p95_plastic_zone_ratio_to_radius too large,2.305669698790168,66.0,True,2.305669698790168,58.0,False,Interbedded_ST: segment_p95_plastic_zone_ratio_to_radius too large; Fault: segment_p95_plastic_zone_ratio_to_radius too large,Interbedded_ST; Fault,767.0,Interbedded_ST,1.2059361195332883,,,0.0,0.38861340679522505,6.908934694002203,"All-results row format: one parameter_set_id x formation row; main metrics are segment_p95 values within that formation. Displacement is CCM hydrostatic-equivalent estimate, not directional K0 crown/wall solution."
P0040,SH_ST,SH_ST,SH_ST,True,min_max_sweep_100_lhs,2964680100.0,2.9646801,203033.30909090908,0.20303330909090908,39.526161616161616,16074874.090909092,16.07487409090909,5.656565656565657,31.060606060606062,0.5,0.2122455649885597,0.00010185918966502047,0.5208039928616001,,0.38,2430.3030303030305,,4.905401112439796,7.905401112439796,segment_p95,segment_p95,2261.0,,,4.905401112439796,1.6351337041465985,,,3.6728248790861624,1.2242749596953875,5.157844463838447,1.7192814879461489,,,,,disabled_plastic_zone_only,generalized_hoek_brown,134.9426115391692,plastic_estimate,False,True,,1.6161043074115682,21.0,True,2.305669698790168,58.0,False,Interbedded_ST: segment_p95_plastic_zone_ratio_to_radius too large; Fault: segment_p95_plastic_zone_ratio_to_radius too large,Interbedded_ST; Fault,1077.0,SH_ST,0.8175668520732993,,,0.0,0.4096520763187431,4.912232822703283,"All-results row format: one parameter_set_id x formation row; main metrics are segment_p95 values within that formation. Displacement is CCM hydrostatic-equivalent estimate, not directional K0 crown/wall solution."
P0040,SS_NC,SS_NC,SS_NC,False,min_max_sweep_100_lhs,2471468972.727273,2.471468972727273,256263.95454545453,0.25626395454545453,18.04070707070707,26667939.999999996,26.667939999999998,15.93939393939394,41.36363636363637,0.5,0.9768578431678828,0.00040235256828482005,0.510362125879994,,0.19666666666666666,2585.757575757576,,,,,,,,,,,,,,,,,,,,,,generalized_hoek_brown,,,,,,,,True,2.305669698790168,58.0,False,Interbedded_ST: segment_p95_plastic_zone_ratio_to_radius too large; Fault: segment_p95_plastic_zone_ratio_to_radius too large,Interbedded_ST; Fault,,,,,,,,,"All-results row format: one parameter_set_id x formation row; main metrics are segment_p95 values within that formation. Displacement is CCM hydrostatic-equivalent estimate, not directional K0 crown/wall solution."
P0040,SS_NK,SS_NK,SS_NK,False,min_max_sweep_100_lhs,461364300.0,0.4613643,231010.63636363632,0.23101063636363633,30.072727272727274,298015.9090909091,0.29801590909090914,12.808080808080808,36.41414141414141,0.5,0.6201327301081409,0.00020797046612783555,0.5144958181601632,,0.38,2390.0,,,,,,,,,,,,,,,,,,,,,,generalized_hoek_brown,,,,,,,,True,2.305669698790168,58.0,False,Interbedded_ST: segment_p95_plastic_zone_ratio_to_radius too large; Fault: segment_p95_plastic_zone_ratio_to_radius too large,Interbedded_ST; Fault,,,,,,,,,"All-results row format: one parameter_set_id x formation row; main metrics are segment_p95 values within that formation. Displacement is CCM hydrostatic-equivalent estimate, not directional K0 crown/wall solution."
P0041,Fault,Fault,Fault,True,min_max_sweep_100_lhs,418181818.1818182,0.4181818181818182,20303.0303030303,0.020303030303030302,16.68686868686869,12272727.272727273,12.272727272727273,3.9393939393939394,20.606060606060606,0.5,0.0898479131751328,2.5270860475979996e-05,0.5419810675906275,,0.34545454545454546,2490.0,,5.986141043575857,8.986141043575856,segment_p95,segment_p95,246.0,,,5.986141043575857,1.9953803478586187,,,5.6529762254436555,1.8843254084812187,6.015610611025102,2.0052035370083674,,,,,disabled_plastic_zone_only,generalized_hoek_brown,306.7085174240578,plastic_estimate,False,True,,1.91401047687484,43.0,True,2.078852150046302,5.0,False,Interbedded_ST: segment_p95_plastic_zone_ratio_to_radius too large,Interbedded_ST,1429.0,Fault,0.9976901739293094,,,0.0,0.39824507703295586,5.7291529628810505,"All-results row format: one parameter_set_id x formation row; main metrics are segment_p95 values within that formation. Displacement is CCM hydrostatic-equivalent estimate, not directional K0 crown/wall solution."
P0041,Interbedded_ST,Interbedded_ST,Interbedded_ST,True,min_max_sweep_100_lhs,2027126509.0909095,2.0271265090909094,63299.272727272735,0.06329927272727273,20.1989898989899,1618650.0,1.61865,11.141414141414142,44.09090909090909,0.5,0.7775024426833608,0.0005788046933122993,0.5086041907472687,,0.35969696969696974,2520.0,,6.546272892830462,9.546272892830462,segment_p95,segment_p95,924.0,,,6.546272892830462,2.1820909642768207,,,6.237342420515595,2.079114140171865,6.565037604333044,2.1883458681110146,,,,,disabled_plastic_zone_only,generalized_hoek_brown,518.266254480081,plastic_estimate,True,False,segment_p95_plastic_zone_ratio_to_radius too large,2.078852150046302,7.0,True,2.078852150046302,5.0,False,Interbedded_ST: segment_p95_plastic_zone_ratio_to_radius too large,Interbedded_ST,767.0,Interbedded_ST,1.0910454821384103,,,0.0,0.2016937047240078,6.2524167660314705,"All-results row format: one parameter_set_id x formation row; main metrics are segment_p95 values within that formation. Displacement is CCM hydrostatic-equivalent estimate, not directional K0 crown/wall solution."
P0041,SH_ST,SH_ST,SH_ST,True,min_max_sweep_100_lhs,2964680100.0,2.9646801,177308.31818181818,0.17730831818181816,35.50666666666667,8833528.454545453,8.833528454545453,5.575757575757576,27.727272727272727,0.5,0.17850650329231585,6.531011479457823e-05,0.5260338252029477,,0.38,2583.131313131313,,5.8940331364185905,8.89403313641859,segment_p95,segment_p95,2261.0,,,5.8940331364185905,1.96467771213953,,,4.645341449835947,1.5484471499453156,6.146476487817241,2.0488254959390804,,,,,disabled_plastic_zone_only,generalized_hoek_brown,347.55189588087694,plastic_estimate,False,True,,1.9219294848423558,71.0,True,2.078852150046302,5.0,False,Interbedded_ST: segment_p95_plastic_zone_ratio_to_radius too large,Interbedded_ST,1077.0,SH_ST,0.982338856069765,,,0.0,0.2883583307825733,5.853787131254516,"All-results row format: one parameter_set_id x formation row; main metrics are segment_p95 values within that formation. Displacement is CCM hydrostatic-equivalent estimate, not directional K0 crown/wall solution."
P0041,SS_NC,SS_NC,SS_NC,False,min_max_sweep_100_lhs,1854235663.636364,1.854235663636364,334262.37272727274,0.3342623727272727,28.604040404040404,18362140.0,18.36214,20.18181818181818,53.78787878787879,0.5,2.234918827237767,0.0021088422861657526,0.5044067049564398,,0.2023232323232323,2537.2727272727275,,,,,,,,,,,,,,,,,,,,,,generalized_hoek_brown,,,,,,,,True,2.078852150046302,5.0,False,Interbedded_ST: segment_p95_plastic_zone_ratio_to_radius too large,Interbedded_ST,,,,,,,,,"All-results row format: one parameter_set_id x formation row; main metrics are segment_p95 values within that formation. Displacement is CCM hydrostatic-equivalent estimate, not directional K0 crown/wall solution."
P0041,SS_NK,SS_NK,SS_NK,False,min_max_sweep_100_lhs,461364300.0,0.4613643,196408.09090909088,0.1964080909090909,35.86363636363637,220071.00000000003,0.22007100000000002,18.666666666666668,41.666666666666664,0.5,1.160628448412838,0.0004189421234483841,0.5101506483701295,,0.38,2390.0,,,,,,,,,,,,,,,,,,,,,,generalized_hoek_brown,,,,,,,,True,2.078852150046302,5.0,False,Interbedded_ST: segment_p95_plastic_zone_ratio_to_radius too large,Interbedded_ST,,,,,,,,,"All-results row format: one parameter_set_id x formation row; main metrics are segment_p95 values within that formation. Displacement is CCM hydrostatic-equivalent estimate, not directional K0 crown/wall solution."
P0042,Fault,Fault,Fault,True,min_max_sweep_100_lhs,438383838.3838384,0.43838383838383843,28282.828282828286,0.028282828282828288,17.252525252525253,14292929.292929292,14.292929292929292,3.1515151515151514,15.454545454545455,0.5,0.05624204397761869,1.2715011270109494e-05,0.5592710265383685,,0.33484848484848484,2490.0,,6.421669873335142,9.42166987333514,segment_p95,segment_p95,246.0,,,6.421669873335142,2.1405566244450474,,,6.088505055202942,2.0295016850676477,6.451139440784388,2.150379813594796,,,,,disabled_plastic_zone_only,generalized_hoek_brown,464.88663153318197,plastic_estimate,True,False,segment_p95_plastic_zone_ratio_to_radius too large,2.0391249921605437,68.0,True,2.437337690150522,92.0,False,Interbedded_ST: segment_p95_plastic_zone_ratio_to_radius too large; Fault: segment_p95_plastic_zone_ratio_to_radius too large,Interbedded_ST; Fault,1429.0,Fault,1.0702783122225237,,,0.0,0.15255586164677082,6.14394232455656,"All-results row format: one parameter_set_id x formation row; main metrics are segment_p95 values within that formation. Displacement is CCM hydrostatic-equivalent estimate, not directional K0 crown/wall solution."
P0042,Interbedded_ST,Interbedded_ST,Interbedded_ST,True,min_max_sweep_100_lhs,1643702163.6363637,1.6437021636363638,99764.72727272726,0.09976472727272727,18.865656565656565,1618650.0,1.61865,7.0,30.151515151515152,0.5,0.2515261856265019,9.023155908198927e-05,0.5221170845569043,,0.2963636363636364,2520.0,,7.670961399390872,10.670961399390873,segment_p95,segment_p95,924.0,,,7.670961399390872,2.5569871331302907,,,7.362030927076004,2.4540103090253345,7.689726110893454,2.5632420369644846,,,,,disabled_plastic_zone_only,generalized_hoek_brown,1514.572716258184,plastic_estimate,True,False,segment_p95_plastic_zone_ratio_to_radius too large,2.437337690150522,99.0,True,2.437337690150522,92.0,False,Interbedded_ST: segment_p95_plastic_zone_ratio_to_radius too large; Fault: segment_p95_plastic_zone_ratio_to_radius too large,Interbedded_ST; Fault,767.0,Interbedded_ST,1.2784935665651453,,,0.0,0.2751555963677176,7.3235486770413845,"All-results row format: one parameter_set_id x formation row; main metrics are segment_p95 values within that formation. Displacement is CCM hydrostatic-equivalent estimate, not directional K0 crown/wall solution."
P0042,SH_ST,SH_ST,SH_ST,True,min_max_sweep_100_lhs,2964680100.0,2.9646801,100133.34545454544,0.10013334545454544,32.723939393939396,9976898.818181816,9.976898818181816,5.414141414141414,27.575757575757574,0.5,0.17208630791199936,6.400395647678214e-05,0.5263002790765428,,0.38,2528.181818181818,,5.757512400353466,8.757512400353466,segment_p95,segment_p95,2261.0,,,5.757512400353466,1.919170800117822,,,4.510934037858519,1.5036446792861728,6.009955751752118,2.003318583917373,,,,,disabled_plastic_zone_only,generalized_hoek_brown,305.0557829685412,plastic_estimate,False,True,,1.8654985412607747,63.0,True,2.437337690150522,92.0,False,Interbedded_ST: segment_p95_plastic_zone_ratio_to_radius too large; Fault: segment_p95_plastic_zone_ratio_to_radius too large,Interbedded_ST; Fault,1077.0,SH_ST,0.959585400058911,,,0.0,0.021120293847566602,5.723767382621065,"All-results row format: one parameter_set_id x formation row; main metrics are segment_p95 values within that formation. Displacement is CCM hydrostatic-equivalent estimate, not directional K0 crown/wall solution."
P0042,SS_NC,SS_NC,SS_NC,False,min_max_sweep_100_lhs,2780085627.2727275,2.7800856272727277,412260.7909090909,0.4122607909090909,23.802525252525253,21130740.0,21.13074,13.01010101010101,50.0,0.5,1.2029461532226358,0.0012726338013398079,0.5057335599243188,,0.25181818181818183,2578.4848484848485,,,,,,,,,,,,,,,,,,,,,,generalized_hoek_brown,,,,,,,,True,2.437337690150522,92.0,False,Interbedded_ST: segment_p95_plastic_zone_ratio_to_radius too large; Fault: segment_p95_plastic_zone_ratio_to_radius too large,Interbedded_ST; Fault,,,,,,,,,"All-results row format: one parameter_set_id x formation row; main metrics are segment_p95 values within that formation. Displacement is CCM hydrostatic-equivalent estimate, not directional K0 crown/wall solution."
P0042,SS_NK,SS_NK,SS_NK,False,min_max_sweep_100_lhs,461364300.0,0.4613643,190641.0,0.190641,28.736363636363638,279941.7272727273,0.2799417272727273,18.060606060606062,48.73737373737374,0.5,1.5724826317217222,0.0010754492098940585,0.5062557043321572,,0.38,2390.0,,,,,,,,,,,,,,,,,,,,,,generalized_hoek_brown,,,,,,,,True,2.437337690150522,92.0,False,Interbedded_ST: segment_p95_plastic_zone_ratio_to_radius too large; Fault: segment_p95_plastic_zone_ratio_to_radius too large,Interbedded_ST; Fault,,,,,,,,,"All-results row format: one parameter_set_id x formation row; main metrics are segment_p95 values within that formation. Displacement is CCM hydrostatic-equivalent estimate, not directional K0 crown/wall solution."
P0043,Fault,Fault,Fault,True,min_max_sweep_100_lhs,325252525.2525252,0.32525252525252524,26767.676767676767,0.026767676767676767,19.95959595959596,7626262.626262627,7.626262626262626,3.8484848484848486,28.18181818181818,0.5,0.1259042105454316,6.93907089817388e-05,0.5252504236333958,,0.34898989898989896,2490.0,,5.742664305255597,8.742664305255598,segment_p95,segment_p95,246.0,,,5.742664305255597,1.914221435085199,,,5.409499487123396,1.803166495707799,5.772133872704844,1.9240446242349478,,,,,disabled_plastic_zone_only,generalized_hoek_brown,243.0249209105257,plastic_estimate,False,True,,1.8387420627245141,35.0,True,2.317472512506281,63.0,False,Interbedded_ST: segment_p95_plastic_zone_ratio_to_radius too large,Interbedded_ST,1429.0,Fault,0.9571107175425995,,,0.0,0.4290990715233141,5.497270354956994,"All-results row format: one parameter_set_id x formation row; main metrics are segment_p95 values within that formation. Displacement is CCM hydrostatic-equivalent estimate, not directional K0 crown/wall solution."
P0043,Interbedded_ST,Interbedded_ST,Interbedded_ST,True,min_max_sweep_100_lhs,1629141745.4545455,1.6291417454545456,73555.18181818182,0.07355518181818183,18.5020202020202,1618650.0,1.61865,10.787878787878787,34.84848484848485,0.5,0.48479462415992186,0.00016878772681821718,0.516113968772237,,0.2675757575757576,2520.0,,7.272874169509972,10.272874169509972,segment_p95,segment_p95,924.0,,,7.272874169509972,2.4242913898366574,,,6.963943697195104,2.3213145657317016,7.291638881012555,2.4305462936708517,,,,,disabled_plastic_zone_only,generalized_hoek_brown,1036.3430690495968,plastic_estimate,True,False,segment_p95_plastic_zone_ratio_to_radius too large,2.317472512506281,70.0,True,2.317472512506281,63.0,False,Interbedded_ST: segment_p95_plastic_zone_ratio_to_radius too large,Interbedded_ST,767.0,Interbedded_ST,1.2121456949183287,,,0.0,0.38959289868380775,6.944417981916719,"All-results row format: one parameter_set_id x formation row; main metrics are segment_p95 values within that formation. Displacement is CCM hydrostatic-equivalent estimate, not directional K0 crown/wall solution."
P0043,SH_ST,SH_ST,SH_ST,True,min_max_sweep_100_lhs,2964680100.0,2.9646801,19000.68181818182,0.01900068181818182,34.26989898989899,9595775.363636361,9.595775363636362,4.525252525252525,32.42424242424242,0.5,0.181188050210641,0.00012216951504070858,0.5189777089558295,,0.38,2442.3232323232323,,5.335608836459898,8.335608836459897,segment_p95,segment_p95,2261.0,,,5.335608836459898,1.7785362788199661,,,4.095721084278866,1.3652403614262885,5.5880521878585485,1.8626840626195162,,,,,disabled_plastic_zone_only,generalized_hoek_brown,203.78373368139782,plastic_estimate,False,True,,1.745866025643317,46.0,True,2.317472512506281,63.0,False,Interbedded_ST: segment_p95_plastic_zone_ratio_to_radius too large,Interbedded_ST,1077.0,SH_ST,0.8892681394099831,,,0.0,0.29048056320783594,5.32195446462719,"All-results row format: one parameter_set_id x formation row; main metrics are segment_p95 values within that formation. Displacement is CCM hydrostatic-equivalent estimate, not directional K0 crown/wall solution."
P0043,SS_NC,SS_NC,SS_NC,False,min_max_sweep_100_lhs,1661350254.5454547,1.6613502545454548,204265.0090909091,0.20426500909090908,28.283939393939395,53246500.00000001,53.246500000000005,20.78787878787879,44.696969696969695,0.5,1.493156645154513,0.0006275185198194417,0.5082550770464449,,0.20373737373737372,2566.3636363636365,,,,,,,,,,,,,,,,,,,,,,generalized_hoek_brown,,,,,,,,True,2.317472512506281,63.0,False,Interbedded_ST: segment_p95_plastic_zone_ratio_to_radius too large,Interbedded_ST,,,,,,,,,"All-results row format: one parameter_set_id x formation row; main metrics are segment_p95 values within that formation. Displacement is CCM hydrostatic-equivalent estimate, not directional K0 crown/wall solution."
P0043,SS_NK,SS_NK,SS_NK,False,min_max_sweep_100_lhs,461364300.0,0.4613643,171417.36363636362,0.17141736363636362,24.578787878787878,211033.90909090912,0.2110339090909091,17.252525252525253,55.0,0.5,2.0240518756462658,0.0024787521766663585,0.5040481499008612,,0.38,2390.0,,,,,,,,,,,,,,,,,,,,,,generalized_hoek_brown,,,,,,,,True,2.317472512506281,63.0,False,Interbedded_ST: segment_p95_plastic_zone_ratio_to_radius too large,Interbedded_ST,,,,,,,,,"All-results row format: one parameter_set_id x formation row; main metrics are segment_p95 values within that formation. Displacement is CCM hydrostatic-equivalent estimate, not directional K0 crown/wall solution."
P0044,Fault,Fault,Fault,True,min_max_sweep_100_lhs,446464646.46464646,0.44646464646464645,29090.909090909092,0.02909090909090909,19.151515151515152,6919191.919191918,6.919191919191919,5.575757575757576,19.696969696969695,0.5,0.12178164562308834,2.2386091501316424e-05,0.5446173088212239,,0.30404040404040406,2490.0,,6.686492737886082,9.686492737886082,segment_p95,segment_p95,246.0,,,6.686492737886082,2.2288309126286943,,,6.353327919753882,2.117775973251294,6.715962305335328,2.2386541017784425,,,,,disabled_plastic_zone_only,generalized_hoek_brown,598.5351329537608,plastic_estimate,True,False,segment_p95_plastic_zone_ratio_to_radius too large,2.1326203057215865,86.0,True,2.3369188416613667,68.0,False,Interbedded_ST: segment_p95_plastic_zone_ratio_to_radius too large; Fault: segment_p95_plastic_zone_ratio_to_radius too large,Interbedded_ST; Fault,1429.0,Fault,1.1144154563143471,,,0.0,0.35155596367717584,6.396154576509836,"All-results row format: one parameter_set_id x formation row; main metrics are segment_p95 values within that formation. Displacement is CCM hydrostatic-equivalent estimate, not directional K0 crown/wall solution."
P0044,Interbedded_ST,Interbedded_ST,Interbedded_ST,True,min_max_sweep_100_lhs,1993152200.0000002,1.9931522000000002,55322.45454545455,0.05532245454545455,20.32020202020202,1618650.0,1.61865,8.969696969696969,33.93939393939394,0.5,0.3860102895969941,0.0001495199382088032,0.5171340264544042,,0.3942424242424243,2520.0,,7.34799538991727,10.34799538991727,segment_p95,segment_p95,924.0,,,7.34799538991727,2.44933179663909,,,7.039064917602402,2.3463549725341335,7.366760101419852,2.455586700473284,,,,,disabled_plastic_zone_only,generalized_hoek_brown,1113.2780677823775,plastic_estimate,True,False,segment_p95_plastic_zone_ratio_to_radius too large,2.3369188416613667,74.0,True,2.3369188416613667,68.0,False,Interbedded_ST: segment_p95_plastic_zone_ratio_to_radius too large; Fault: segment_p95_plastic_zone_ratio_to_radius too large,Interbedded_ST; Fault,767.0,Interbedded_ST,1.224665898319545,,,0.0,0.3045403530252015,7.01596200135224,"All-results row format: one parameter_set_id x formation row; main metrics are segment_p95 values within that formation. Displacement is CCM hydrostatic-equivalent estimate, not directional K0 crown/wall solution."
P0044,SH_ST,SH_ST,SH_ST,True,min_max_sweep_100_lhs,2964680100.0,2.9646801,34831.44545454545,0.03483144545454545,34.57909090909091,17980491.36363636,17.98049136363636,5.696969696969697,27.12121212121212,0.5,0.1771986128406202,6.024013597996088e-05,0.527115981380768,,0.38,2590.0,,5.206226418525975,8.206226418525976,segment_p95,segment_p95,2261.0,,,5.206226418525975,1.735408806175325,,,3.968479800932877,1.322826600310959,5.458669769924626,1.8195565899748753,,,,,disabled_plastic_zone_only,generalized_hoek_brown,180.04273605803562,plastic_estimate,False,True,,1.7070079370960902,38.0,True,2.3369188416613667,68.0,False,Interbedded_ST: segment_p95_plastic_zone_ratio_to_radius too large; Fault: segment_p95_plastic_zone_ratio_to_radius too large,Interbedded_ST; Fault,1077.0,SH_ST,0.8677044030876625,,,0.0,0.32966023875114786,5.19873311421393,"All-results row format: one parameter_set_id x formation row; main metrics are segment_p95 values within that formation. Displacement is CCM hydrostatic-equivalent estimate, not directional K0 crown/wall solution."
P0044,SS_NC,SS_NC,SS_NC,False,min_max_sweep_100_lhs,3744512672.7272735,3.7445126727272733,303929.6545454545,0.3039296545454545,20.60151515151515,37188620.0,37.18862,16.646464646464647,45.15151515151515,0.5,1.2218489551696237,0.0006667260519507941,0.5080023443755209,,0.20939393939393938,2504.5454545454545,,,,,,,,,,,,,,,,,,,,,,generalized_hoek_brown,,,,,,,,True,2.3369188416613667,68.0,False,Interbedded_ST: segment_p95_plastic_zone_ratio_to_radius too large; Fault: segment_p95_plastic_zone_ratio_to_radius too large,Interbedded_ST; Fault,,,,,,,,,"All-results row format: one parameter_set_id x formation row; main metrics are segment_p95 values within that formation. Displacement is CCM hydrostatic-equivalent estimate, not directional K0 crown/wall solution."
P0044,SS_NK,SS_NK,SS_NK,False,min_max_sweep_100_lhs,461364300.0,0.4613643,213709.36363636362,0.21370936363636361,26.50909090909091,272034.27272727276,0.27203427272727276,20.78787878787879,37.22222222222222,0.5,1.0459777321508528,0.00023162974905336826,0.513724436601144,,0.38,2390.0,,,,,,,,,,,,,,,,,,,,,,generalized_hoek_brown,,,,,,,,True,2.3369188416613667,68.0,False,Interbedded_ST: segment_p95_plastic_zone_ratio_to_radius too large; Fault: segment_p95_plastic_zone_ratio_to_radius too large,Interbedded_ST; Fault,,,,,,,,,"All-results row format: one parameter_set_id x formation row; main metrics are segment_p95 values within that formation. Displacement is CCM hydrostatic-equivalent estimate, not directional K0 crown/wall solution."
P0045,Fault,Fault,Fault,True,min_max_sweep_100_lhs,591919191.919192,0.591919191919192,21919.19191919192,0.021919191919191918,16.80808080808081,8434343.434343435,8.434343434343434,5.757575757575758,25.0,0.5,0.1618780409789299,4.5399929762484854e-05,0.531267161506037,,0.3338383838383838,2490.0,,5.93406556724583,8.934065567245831,segment_p95,segment_p95,246.0,,,5.93406556724583,1.9780218557486102,,,5.60090074911363,1.8669669163712102,5.963535134695076,1.9878450448983587,,,,,disabled_plastic_zone_only,generalized_hoek_brown,291.81976146096986,plastic_estimate,False,True,,1.8954759964245573,40.0,True,2.216858936200787,33.0,False,Interbedded_ST: segment_p95_plastic_zone_ratio_to_radius too large,Interbedded_ST,1429.0,Fault,0.9890109278743051,,,0.0,0.3561269258238956,5.679557271138168,"All-results row format: one parameter_set_id x formation row; main metrics are segment_p95 values within that formation. Displacement is CCM hydrostatic-equivalent estimate, not directional K0 crown/wall solution."
P0045,Interbedded_ST,Interbedded_ST,Interbedded_ST,True,min_max_sweep_100_lhs,1828134127.2727275,1.8281341272727274,33671.09090909091,0.033671090909090914,18.623232323232322,1618650.0,1.61865,9.97979797979798,38.78787878787879,0.5,0.5410194400406024,0.0002854007680995882,0.512343123262325,,0.257979797979798,2520.0,,6.955914492483975,9.955914492483975,segment_p95,segment_p95,924.0,,,6.955914492483975,2.3186381641613254,,,6.64698402016911,2.21566134005637,6.974679203986559,2.3248930679955198,,,,,disabled_plastic_zone_only,generalized_hoek_brown,766.0497196843593,plastic_estimate,True,False,segment_p95_plastic_zone_ratio_to_radius too large,2.216858936200787,43.0,True,2.216858936200787,33.0,False,Interbedded_ST: segment_p95_plastic_zone_ratio_to_radius too large,Interbedded_ST,767.0,Interbedded_ST,1.1593190820806627,,,0.0,0.3771860014284257,6.642551622844342,"All-results row format: one parameter_set_id x formation row; main metrics are segment_p95 values within that formation. Displacement is CCM hydrostatic-equivalent estimate, not directional K0 crown/wall solution."
P0045,SH_ST,SH_ST,SH_ST,True,min_max_sweep_100_lhs,2964680100.0,2.9646801,84302.58181818182,0.08430258181818182,33.033131313131314,7690158.090909089,7.6901580909090885,6.545454545454546,30.454545454545453,0.5,0.23861176418806734,9.395193157337451e-05,0.5216705157889783,,0.38,2521.313131313131,,5.770811316533044,8.770811316533045,segment_p95,segment_p95,2261.0,,,5.770811316533044,1.9236037721776815,,,4.524027088462561,1.5080090294875206,6.023254667931696,2.007751555977232,,,,,disabled_plastic_zone_only,generalized_hoek_brown,308.95682608228043,plastic_estimate,False,True,,1.8699389056467155,64.0,True,2.216858936200787,33.0,False,Interbedded_ST: segment_p95_plastic_zone_ratio_to_radius too large,Interbedded_ST,1077.0,SH_ST,0.9618018860888408,,,0.0,0.02601775329048057,5.736433017077806,"All-results row format: one parameter_set_id x formation row; main metrics are segment_p95 values within that formation. Displacement is CCM hydrostatic-equivalent estimate, not directional K0 crown/wall solution."
P0045,SS_NC,SS_NC,SS_NC,False,min_max_sweep_100_lhs,1468464845.454546,1.468464845454546,247597.46363636365,0.24759746363636365,26.683434343434342,7841460.0,7.84146,13.11111111111111,54.696969696969695,0.5,1.516147972796265,0.0023805968619581247,0.5041350909043324,,0.18818181818181817,2586.969696969697,,,,,,,,,,,,,,,,,,,,,,generalized_hoek_brown,,,,,,,,True,2.216858936200787,33.0,False,Interbedded_ST: segment_p95_plastic_zone_ratio_to_radius too large,Interbedded_ST,,,,,,,,,"All-results row format: one parameter_set_id x formation row; main metrics are segment_p95 values within that formation. Displacement is CCM hydrostatic-equivalent estimate, not directional K0 crown/wall solution."
P0045,SS_NK,SS_NK,SS_NK,False,min_max_sweep_100_lhs,461364300.0,0.4613643,252156.63636363632,0.25215663636363633,24.28181818181818,288978.8181818182,0.2889788181818182,15.636363636363637,51.36363636363636,0.5,1.54277368105288,0.001526392020645441,0.5052168858461141,,0.38,2390.0,,,,,,,,,,,,,,,,,,,,,,generalized_hoek_brown,,,,,,,,True,2.216858936200787,33.0,False,Interbedded_ST: segment_p95_plastic_zone_ratio_to_radius too large,Interbedded_ST,,,,,,,,,"All-results row format: one parameter_set_id x formation row; main metrics are segment_p95 values within that formation. Displacement is CCM hydrostatic-equivalent estimate, not directional K0 crown/wall solution."
P0046,Fault,Fault,Fault,True,min_max_sweep_100_lhs,292929292.9292929,0.29292929292929293,29393.939393939392,0.029393939393939392,18.90909090909091,8636363.636363637,8.636363636363637,5.272727272727273,24.545454545454547,0.5,0.14507189159540818,4.273013877454377e-05,0.5322356790883618,,0.3085858585858586,2490.0,,5.9532513137847545,8.953251313784754,segment_p95,segment_p95,246.0,,,5.9532513137847545,1.9844171045949182,,,5.6200864956525525,1.873362165217518,5.982720881234,1.9942402937446668,,,,,disabled_plastic_zone_only,generalized_hoek_brown,297.2193861255833,plastic_estimate,False,True,,1.9006879121163986,41.0,True,2.4907708290184525,94.0,False,SH_ST: segment_p95_plastic_zone_ratio_to_radius too large; Interbedded_ST: segment_p95_plastic_zone_ratio_to_radius too large,SH_ST; Interbedded_ST,1429.0,Fault,0.9922085522974591,,,0.0,0.33931231506989085,5.697829410699049,"All-results row format: one parameter_set_id x formation row; main metrics are segment_p95 values within that formation. Displacement is CCM hydrostatic-equivalent estimate, not directional K0 crown/wall solution."
P0046,Interbedded_ST,Interbedded_ST,Interbedded_ST,True,min_max_sweep_100_lhs,1672823000.0000002,1.6728230000000002,78113.36363636365,0.07811336363636365,20.15858585858586,1618650.0,1.61865,7.353535353535354,37.57575757575758,0.5,0.37628750962941976,0.00024280975481866756,0.5133998065429863,,0.39616161616161616,2520.0,,7.0520923394055455,10.052092339405545,segment_p95,segment_p95,924.0,,,7.0520923394055455,2.3506974464685153,,,6.743161867090677,2.247720622363559,7.070857050908128,2.356952350302709,,,,,disabled_plastic_zone_only,generalized_hoek_brown,839.6282864325948,plastic_estimate,True,False,segment_p95_plastic_zone_ratio_to_radius too large,2.243943946426268,52.0,True,2.4907708290184525,94.0,False,SH_ST: segment_p95_plastic_zone_ratio_to_radius too large; Interbedded_ST: segment_p95_plastic_zone_ratio_to_radius too large,SH_ST; Interbedded_ST,767.0,Interbedded_ST,1.1753487232342577,,,0.0,0.3120497908376697,6.734149572293456,"All-results row format: one parameter_set_id x formation row; main metrics are segment_p95 values within that formation. Displacement is CCM hydrostatic-equivalent estimate, not directional K0 crown/wall solution."
P0046,SH_ST,SH_ST,SH_ST,True,min_max_sweep_100_lhs,2964680100.0,2.9646801,32852.6,0.032852599999999996,22.52060606060606,1401621.0909090908,1.401621090909091,4.848484848484849,28.78787878787879,0.5,0.16326393782528412,7.523082568708149e-05,0.5242421410801853,,0.38,2535.050505050505,,7.711305602642382,10.711305602642382,segment_p95,segment_p95,2261.0,,,7.711305602642382,2.570435200880794,,,6.436863672683842,2.1456212242279467,7.963748954041034,2.6545829846803444,,,,,disabled_plastic_zone_only,generalized_hoek_brown,1966.5075416010354,plastic_estimate,True,False,segment_p95_plastic_zone_ratio_to_radius too large,2.4907708290184525,94.0,True,2.4907708290184525,94.0,False,SH_ST: segment_p95_plastic_zone_ratio_to_radius too large; Interbedded_ST: segment_p95_plastic_zone_ratio_to_radius too large,SH_ST; Interbedded_ST,1077.0,SH_ST,1.285217600440397,,,0.0,0.19906132027344148,7.584522813372413,"All-results row format: one parameter_set_id x formation row; main metrics are segment_p95 values within that formation. Displacement is CCM hydrostatic-equivalent estimate, not directional K0 crown/wall solution."
P0046,SS_NC,SS_NC,SS_NC,False,min_max_sweep_100_lhs,1622773172.7272732,1.6227731727272732,48268.17272727273,0.048268172727272726,19.961313131313133,34973740.0,34.97374,20.686868686868685,45.45454545454545,0.5,1.5404838241688539,0.0006942160929985587,0.5078380609067317,,0.26595959595959595,2574.848484848485,,,,,,,,,,,,,,,,,,,,,,generalized_hoek_brown,,,,,,,,True,2.4907708290184525,94.0,False,SH_ST: segment_p95_plastic_zone_ratio_to_radius too large; Interbedded_ST: segment_p95_plastic_zone_ratio_to_radius too large,SH_ST; Interbedded_ST,,,,,,,,,"All-results row format: one parameter_set_id x formation row; main metrics are segment_p95 values within that formation. Displacement is CCM hydrostatic-equivalent estimate, not directional K0 crown/wall solution."
P0046,SS_NK,SS_NK,SS_NK,False,min_max_sweep_100_lhs,461364300.0,0.4613643,146426.63636363635,0.14642663636363634,28.884848484848487,256219.36363636368,0.25621936363636366,21.696969696969695,47.121212121212125,0.5,1.7491589763185813,0.0008669709825840166,0.5069914998935969,,0.38,2390.0,,,,,,,,,,,,,,,,,,,,,,generalized_hoek_brown,,,,,,,,True,2.4907708290184525,94.0,False,SH_ST: segment_p95_plastic_zone_ratio_to_radius too large; Interbedded_ST: segment_p95_plastic_zone_ratio_to_radius too large,SH_ST; Interbedded_ST,,,,,,,,,"All-results row format: one parameter_set_id x formation row; main metrics are segment_p95 values within that formation. Displacement is CCM hydrostatic-equivalent estimate, not directional K0 crown/wall solution."
P0047,Fault,Fault,Fault,True,min_max_sweep_100_lhs,280808080.80808085,0.28080808080808084,26868.68686868687,0.026868686868686868,17.77777777777778,11262626.262626262,11.262626262626263,4.515151515151516,19.393939393939394,0.5,0.09720383691070579,2.1499631823304513e-05,0.5455321633988981,,0.301010101010101,2490.0,,6.208371322005081,9.208371322005082,segment_p95,segment_p95,246.0,,,6.208371322005081,2.069457107335027,,,5.875206503872882,1.958402167957627,6.237840889454327,2.0792802964847756,,,,,disabled_plastic_zone_only,generalized_hoek_brown,379.2393211937264,plastic_estimate,True,False,segment_p95_plastic_zone_ratio_to_radius too large,1.9784867601628038,61.0,True,2.2808568697155036,49.0,False,Interbedded_ST: segment_p95_plastic_zone_ratio_to_radius too large; Fault: segment_p95_plastic_zone_ratio_to_radius too large,Interbedded_ST; Fault,1429.0,Fault,1.0347285536675135,,,0.0,0.2856035098459341,5.940800847099359,"All-results row format: one parameter_set_id x formation row; main metrics are segment_p95 values within that formation. Displacement is CCM hydrostatic-equivalent estimate, not directional K0 crown/wall solution."
P0047,Interbedded_ST,Interbedded_ST,Interbedded_ST,True,min_max_sweep_100_lhs,2085368181.8181818,2.0853681818181817,53043.36363636364,0.05304336363636364,18.946464646464648,1618650.0,1.61865,9.575757575757576,36.21212121212121,0.5,0.4591935935522467,0.00020244334161718323,0.514695244600451,,0.33090909090909093,2520.0,,7.1616736841557165,10.161673684155716,segment_p95,segment_p95,924.0,,,7.1616736841557165,2.387224561385239,,,6.85274321184085,2.284247737280283,7.180438395658299,2.393479465219433,,,,,disabled_plastic_zone_only,generalized_hoek_brown,932.1003560055549,plastic_estimate,True,False,segment_p95_plastic_zone_ratio_to_radius too large,2.2808568697155036,61.0,True,2.2808568697155036,49.0,False,Interbedded_ST: segment_p95_plastic_zone_ratio_to_radius too large; Fault: segment_p95_plastic_zone_ratio_to_radius too large,Interbedded_ST; Fault,767.0,Interbedded_ST,1.1936122806926195,,,0.0,0.3589021528415468,6.838512757769809,"All-results row format: one parameter_set_id x formation row; main metrics are segment_p95 values within that formation. Displacement is CCM hydrostatic-equivalent estimate, not directional K0 crown/wall solution."
P0047,SH_ST,SH_ST,SH_ST,True,min_max_sweep_100_lhs,2964680100.0,2.9646801,181266.0090909091,0.1812660090909091,37.6710101010101,14931503.727272725,14.931503727272725,5.292929292929293,30.606060606060606,0.5,0.19434866897857508,9.586925205874323e-05,0.521450591806047,,0.38,2519.59595959596,,5.060185041416577,8.060185041416577,segment_p95,segment_p95,2261.0,,,5.060185041416577,1.686728347138859,,,3.824892900749687,1.2749643002498956,5.312628392815228,1.7708761309384091,,,,,disabled_plastic_zone_only,generalized_hoek_brown,156.53475307908565,plastic_estimate,False,True,,1.652438267660265,26.0,True,2.2808568697155036,49.0,False,Interbedded_ST: segment_p95_plastic_zone_ratio_to_radius too large; Fault: segment_p95_plastic_zone_ratio_to_radius too large,Interbedded_ST; Fault,1077.0,SH_ST,0.8433641735694295,,,0.0,0.15971839608203248,5.059646088395455,"All-results row format: one parameter_set_id x formation row; main metrics are segment_p95 values within that formation. Displacement is CCM hydrostatic-equivalent estimate, not directional K0 crown/wall solution."
P0047,SS_NC,SS_NC,SS_NC,False,min_max_sweep_100_lhs,4014552245.4545465,4.014552245454547,221597.9909090909,0.2215979909090909,16.76030303030303,3411699.9999999995,3.4116999999999997,12.0,46.81818181818182,0.5,0.9535524165391307,0.0008326400759127061,0.5071385072005722,,0.27020202020202017,2503.3333333333335,,,,,,,,,,,,,,,,,,,,,,generalized_hoek_brown,,,,,,,,True,2.2808568697155036,49.0,False,Interbedded_ST: segment_p95_plastic_zone_ratio_to_radius too large; Fault: segment_p95_plastic_zone_ratio_to_radius too large,Interbedded_ST; Fault,,,,,,,,,"All-results row format: one parameter_set_id x formation row; main metrics are segment_p95 values within that formation. Displacement is CCM hydrostatic-equivalent estimate, not directional K0 crown/wall solution."
P0047,SS_NK,SS_NK,SS_NK,False,min_max_sweep_100_lhs,461364300.0,0.4613643,194485.7272727273,0.19448572727272728,27.251515151515154,226848.81818181818,0.22684881818181818,18.565656565656568,53.98989898989899,0.5,2.0758200113788874,0.0021664180690779324,0.5043449157759438,,0.38,2390.0,,,,,,,,,,,,,,,,,,,,,,generalized_hoek_brown,,,,,,,,True,2.2808568697155036,49.0,False,Interbedded_ST: segment_p95_plastic_zone_ratio_to_radius too large; Fault: segment_p95_plastic_zone_ratio_to_radius too large,Interbedded_ST; Fault,,,,,,,,,"All-results row format: one parameter_set_id x formation row; main metrics are segment_p95 values within that formation. Displacement is CCM hydrostatic-equivalent estimate, not directional K0 crown/wall solution."
P0048,Fault,Fault,Fault,True,min_max_sweep_100_lhs,260606060.60606062,0.2606060606060606,25757.575757575756,0.025757575757575757,19.757575757575758,5606060.606060606,5.606060606060606,5.03030303030303,16.666666666666668,0.5,0.09510499935456306,1.4945338524781451e-05,0.5546533923344277,,0.33989898989898987,2490.0,,7.25560340699374,10.255603406993739,segment_p95,segment_p95,246.0,,,7.25560340699374,2.418534468997913,,,6.92243858886154,2.3074795296205135,7.285072974442985,2.428357658147662,,,,,disabled_plastic_zone_only,generalized_hoek_brown,1029.8765487993392,plastic_estimate,True,False,segment_p95_plastic_zone_ratio_to_radius too large,2.310944969142702,100.0,True,2.310944969142702,60.0,False,SH_ST: segment_p95_plastic_zone_ratio_to_radius too large; Interbedded_ST: segment_p95_plastic_zone_ratio_to_radius too large; Fault: segment_p95_plastic_zone_ratio_to_radius too large,SH_ST; Interbedded_ST; Fault,1429.0,Fault,1.2092672344989566,,,0.0,0.32723191511070304,6.938164737564748,"All-results row format: one parameter_set_id x formation row; main metrics are segment_p95 values within that formation. Displacement is CCM hydrostatic-equivalent estimate, not directional K0 crown/wall solution."
P0048,Interbedded_ST,Interbedded_ST,Interbedded_ST,True,min_max_sweep_100_lhs,1745625090.909091,1.745625090909091,59880.63636363637,0.059880636363636365,20.07777777777778,1618650.0,1.61865,7.202020202020202,40.0,0.5,0.41363088422031485,0.00033546262790251185,0.5113684695702436,,0.38272727272727275,2520.0,,6.860784326007796,9.860784326007796,segment_p95,segment_p95,924.0,,,6.860784326007796,2.286928108669265,,,6.551853853692928,2.1839512845643094,6.879549037510379,2.2931830125034596,,,,,disabled_plastic_zone_only,generalized_hoek_brown,699.6100561568385,plastic_estimate,True,False,segment_p95_plastic_zone_ratio_to_radius too large,2.1795096069495496,33.0,True,2.310944969142702,60.0,False,SH_ST: segment_p95_plastic_zone_ratio_to_radius too large; Interbedded_ST: segment_p95_plastic_zone_ratio_to_radius too large; Fault: segment_p95_plastic_zone_ratio_to_radius too large,SH_ST; Interbedded_ST; Fault,767.0,Interbedded_ST,1.1434640543346326,,,0.0,0.23042546678910317,6.551951464295599,"All-results row format: one parameter_set_id x formation row; main metrics are segment_p95 values within that formation. Displacement is CCM hydrostatic-equivalent estimate, not directional K0 crown/wall solution."
P0048,SH_ST,SH_ST,SH_ST,True,min_max_sweep_100_lhs,2964680100.0,2.9646801,135752.56363636366,0.13575256363636365,21.283838383838383,2163868.0,2.163868,6.626262626262626,34.84848484848485,0.5,0.2977764732667685,0.00016878772681821718,0.516113968772237,,0.38,2559.090909090909,,6.746284487402951,9.746284487402951,segment_p95,segment_p95,2261.0,,,6.746284487402951,2.248761495800984,,,5.485130520213987,1.828376840071329,6.998727838801603,2.332909279600534,,,,,disabled_plastic_zone_only,generalized_hoek_brown,783.8205434462252,plastic_estimate,True,False,segment_p95_plastic_zone_ratio_to_radius too large,2.1847216446698754,86.0,True,2.310944969142702,60.0,False,SH_ST: segment_p95_plastic_zone_ratio_to_radius too large; Interbedded_ST: segment_p95_plastic_zone_ratio_to_radius too large; Fault: segment_p95_plastic_zone_ratio_to_radius too large,SH_ST; Interbedded_ST; Fault,1077.0,SH_ST,1.124380747900492,,,0.0,0.16690133659830636,6.665455084572955,"All-results row format: one parameter_set_id x formation row; main metrics are segment_p95 values within that formation. Displacement is CCM hydrostatic-equivalent estimate, not directional K0 crown/wall solution."
P0048,SS_NC,SS_NC,SS_NC,False,min_max_sweep_100_lhs,1429887763.6363637,1.4298877636363638,113266.85454545454,0.11326685454545454,27.643737373737373,14486100.0,14.4861,13.212121212121213,53.18181818181818,0.5,1.4214783938424063,0.0019451343253413232,0.5045971449315081,,0.18535353535353533,2576.060606060606,,,,,,,,,,,,,,,,,,,,,,generalized_hoek_brown,,,,,,,,True,2.310944969142702,60.0,False,SH_ST: segment_p95_plastic_zone_ratio_to_radius too large; Interbedded_ST: segment_p95_plastic_zone_ratio_to_radius too large; Fault: segment_p95_plastic_zone_ratio_to_radius too large,SH_ST; Interbedded_ST; Fault,,,,,,,,,"All-results row format: one parameter_set_id x formation row; main metrics are segment_p95 values within that formation. Displacement is CCM hydrostatic-equivalent estimate, not directional K0 crown/wall solution."
P0048,SS_NK,SS_NK,SS_NK,False,min_max_sweep_100_lhs,461364300.0,0.4613643,167572.63636363635,0.16757263636363634,34.081818181818186,207645.0,0.207645,13.313131313131313,36.01010101010101,0.5,0.6323026124839766,0.0001970631086624573,0.5148973750869146,,0.38,2390.0,,,,,,,,,,,,,,,,,,,,,,generalized_hoek_brown,,,,,,,,True,2.310944969142702,60.0,False,SH_ST: segment_p95_plastic_zone_ratio_to_radius too large; Interbedded_ST: segment_p95_plastic_zone_ratio_to_radius too large; Fault: segment_p95_plastic_zone_ratio_to_radius too large,SH_ST; Interbedded_ST; Fault,,,,,,,,,"All-results row format: one parameter_set_id x formation row; main metrics are segment_p95 values within that formation. Displacement is CCM hydrostatic-equivalent estimate, not directional K0 crown/wall solution."
P0049,Fault,Fault,Fault,True,min_max_sweep_100_lhs,547474747.4747474,0.5474747474747474,25353.535353535353,0.025353535353535354,18.1010101010101,10656565.656565657,10.656565656565657,4.181818181818182,24.393939393939394,0.5,0.11422986779466154,4.1875564772392584e-05,0.5325650954075082,,0.34696969696969693,2490.0,,5.7473236775275165,8.747323677527516,segment_p95,segment_p95,246.0,,,5.7473236775275165,1.9157745591758388,,,5.414158859395316,1.804719619798439,5.776793244976763,1.9255977483255877,,,,,disabled_plastic_zone_only,generalized_hoek_brown,244.1101870149415,plastic_estimate,False,True,,1.831992414307179,31.0,True,2.0708293736984738,1.0,False,Interbedded_ST: segment_p95_plastic_zone_ratio_to_radius too large,Interbedded_ST,1429.0,Fault,0.9578872795879194,,,0.0,0.26470768288950114,5.501707852358822,"All-results row format: one parameter_set_id x formation row; main metrics are segment_p95 values within that formation. Displacement is CCM hydrostatic-equivalent estimate, not directional K0 crown/wall solution."
P0049,Interbedded_ST,Interbedded_ST,Interbedded_ST,True,min_max_sweep_100_lhs,2007712618.1818182,2.0077126181818183,56462.0,0.056462,20.643434343434343,1618650.0,1.61865,9.676767676767676,44.54545454545455,0.5,0.6900682916680861,0.0006149685719773453,0.5083410375573363,,0.23303030303030303,2520.0,,6.511864145926523,9.511864145926523,segment_p95,segment_p95,924.0,,,6.511864145926523,2.170621381975508,,,6.202933673611657,2.0676445578705525,6.5306288574291065,2.176876285809702,,,,,disabled_plastic_zone_only,generalized_hoek_brown,501.5255733539159,plastic_estimate,True,False,segment_p95_plastic_zone_ratio_to_radius too large,2.0708293736984738,2.0,True,2.0708293736984738,1.0,False,Interbedded_ST: segment_p95_plastic_zone_ratio_to_radius too large,Interbedded_ST,767.0,Interbedded_ST,1.085310690987754,,,0.0,0.25834098561371294,6.219646530884863,"All-results row format: one parameter_set_id x formation row; main metrics are segment_p95 values within that formation. Displacement is CCM hydrostatic-equivalent estimate, not directional K0 crown/wall solution."
P0049,SH_ST,SH_ST,SH_ST,True,min_max_sweep_100_lhs,2964680100.0,2.9646801,94196.80909090908,0.09419680909090908,37.36181818181818,17027682.727272727,17.027682727272726,5.252525252525253,25.90909090909091,0.5,0.15421160416474944,5.1250361885618896e-05,0.5294159898377997,,0.38,2511.010101010101,,5.344181640930002,8.344181640930003,segment_p95,segment_p95,2261.0,,,5.344181640930002,1.7813938803100007,,,4.104153599600188,1.3680511998667295,5.596624992328654,1.8655416641095515,,,,,disabled_plastic_zone_only,generalized_hoek_brown,205.46255006010037,plastic_estimate,False,True,,1.736392192191197,43.0,True,2.0708293736984738,1.0,False,Interbedded_ST: segment_p95_plastic_zone_ratio_to_radius too large,Interbedded_ST,1077.0,SH_ST,0.8906969401550003,,,0.0,0.04691358024691359,5.330119040313004,"All-results row format: one parameter_set_id x formation row; main metrics are segment_p95 values within that formation. Displacement is CCM hydrostatic-equivalent estimate, not directional K0 crown/wall solution."
P0049,SS_NC,SS_NC,SS_NC,False,min_max_sweep_100_lhs,4284591818.181819,4.284591818181819,399261.0545454545,0.3992610545454545,17.08040404040404,56015100.0,56.0151,19.272727272727273,48.78787878787879,0.5,1.6820588738063857,0.0010827157310573264,0.5062339638149617,,0.19525252525252523,2533.6363636363635,,,,,,,,,,,,,,,,,,,,,,generalized_hoek_brown,,,,,,,,True,2.0708293736984738,1.0,False,Interbedded_ST: segment_p95_plastic_zone_ratio_to_radius too large,Interbedded_ST,,,,,,,,,"All-results row format: one parameter_set_id x formation row; main metrics are segment_p95 values within that formation. Displacement is CCM hydrostatic-equivalent estimate, not directional K0 crown/wall solution."
P0049,SS_NK,SS_NK,SS_NK,False,min_max_sweep_100_lhs,461364300.0,0.4613643,206019.90909090906,0.20601990909090906,23.242424242424242,214422.81818181818,0.2144228181818182,12.707070707070708,48.93939393939394,0.5,1.1170610296114918,0.0011048112113334915,0.5061691797454484,,0.38,2390.0,,,,,,,,,,,,,,,,,,,,,,generalized_hoek_brown,,,,,,,,True,2.0708293736984738,1.0,False,Interbedded_ST: segment_p95_plastic_zone_ratio_to_radius too large,Interbedded_ST,,,,,,,,,"All-results row format: one parameter_set_id x formation row; main metrics are segment_p95 values within that formation. Displacement is CCM hydrostatic-equivalent estimate, not directional K0 crown/wall solution."
P0050,Fault,Fault,Fault,True,min_max_sweep_100_lhs,531313131.3131314,0.5313131313131314,24949.49494949495,0.02494949494949495,17.737373737373737,14090909.09090909,14.09090909090909,5.7272727272727275,17.727272727272727,0.5,0.11389145148492365,1.7215559349860396e-05,0.5509079872958695,,0.3222222222222222,2490.0,,6.162339866320026,9.162339866320025,segment_p95,segment_p95,246.0,,,6.162339866320026,2.0541132887733418,,,5.829175048187826,1.943058349395942,6.191809433769271,2.0639364779230904,,,,,disabled_plastic_zone_only,generalized_hoek_brown,362.9299359641956,plastic_estimate,True,False,segment_p95_plastic_zone_ratio_to_radius too large,1.9542924494814538,52.0,True,2.077396594324876,4.0,False,Interbedded_ST: segment_p95_plastic_zone_ratio_to_radius too large; Fault: segment_p95_plastic_zone_ratio_to_radius too large,Interbedded_ST; Fault,1429.0,Fault,1.0270566443866709,,,0.0,0.0921538618508316,5.896961365494545,"All-results row format: one parameter_set_id x formation row; main metrics are segment_p95 values within that formation. Displacement is CCM hydrostatic-equivalent estimate, not directional K0 crown/wall solution."
P0050,Interbedded_ST,Interbedded_ST,Interbedded_ST,True,min_max_sweep_100_lhs,1842694545.4545455,1.8426945454545456,95206.54545454546,0.09520654545454546,19.673737373737374,1618650.0,1.61865,10.434343434343434,43.78787878787879,0.5,0.71772767989991,0.0005558847913707192,0.5087841089817633,,0.2925252525252525,2520.0,,6.569265942301504,9.569265942301504,segment_p95,segment_p95,924.0,,,6.569265942301504,2.1897553141005015,,,6.260335469986638,2.0867784899955457,6.588030653804086,2.1960102179346954,,,,,disabled_plastic_zone_only,generalized_hoek_brown,529.762636141054,plastic_estimate,True,False,segment_p95_plastic_zone_ratio_to_radius too large,2.077396594324876,6.0,True,2.077396594324876,4.0,False,Interbedded_ST: segment_p95_plastic_zone_ratio_to_radius too large; Fault: segment_p95_plastic_zone_ratio_to_radius too large,Interbedded_ST; Fault,767.0,Interbedded_ST,1.0948776570502508,,,0.0,0.02750739720436689,6.274314908384845,"All-results row format: one parameter_set_id x formation row; main metrics are segment_p95 values within that formation. Displacement is CCM hydrostatic-equivalent estimate, not directional K0 crown/wall solution."
P0050,SH_ST,SH_ST,SH_ST,True,min_max_sweep_100_lhs,2964680100.0,2.9646801,205012.15454545454,0.20501215454545454,40.14454545454545,12073077.818181815,12.073077818181815,6.0606060606060606,37.42424242424242,0.5,0.30789755200005775,0.0002379537232239292,0.5135379973638442,,0.38,2538.4848484848485,,4.724079990780888,7.724079990780888,segment_p95,segment_p95,2261.0,,,4.724079990780888,1.5746933302602961,,,3.4947679374472735,1.164922645815758,4.976523342179539,1.6588411140598465,,,,,disabled_plastic_zone_only,generalized_hoek_brown,113.38226493902002,plastic_estimate,False,True,,1.553620716931804,11.0,True,2.077396594324876,4.0,False,Interbedded_ST: segment_p95_plastic_zone_ratio_to_radius too large; Fault: segment_p95_plastic_zone_ratio_to_radius too large,Interbedded_ST; Fault,1077.0,SH_ST,0.7873466651301481,,,0.0,0.3040302009998981,4.73954604017099,"All-results row format: one parameter_set_id x formation row; main metrics are segment_p95 values within that formation. Displacement is CCM hydrostatic-equivalent estimate, not directional K0 crown/wall solution."
P0050,SS_NC,SS_NC,SS_NC,False,min_max_sweep_100_lhs,3204433527.2727275,3.2044335272727276,74267.64545454545,0.07426764545454545,16.12010101010101,49924180.0,49.92418,14.828282828282829,51.21212121212121,0.5,1.452525892588187,0.0014958652080643488,0.5052720020398771,,0.2815151515151515,2500.909090909091,,,,,,,,,,,,,,,,,,,,,,generalized_hoek_brown,,,,,,,,True,2.077396594324876,4.0,False,Interbedded_ST: segment_p95_plastic_zone_ratio_to_radius too large; Fault: segment_p95_plastic_zone_ratio_to_radius too large,Interbedded_ST; Fault,,,,,,,,,"All-results row format: one parameter_set_id x formation row; main metrics are segment_p95 values within that formation. Displacement is CCM hydrostatic-equivalent estimate, not directional K0 crown/wall solution."
P0050,SS_NK,SS_NK,SS_NK,False,min_max_sweep_100_lhs,461364300.0,0.4613643,96445.18181818182,0.09644518181818182,23.836363636363636,294627.0,0.294627,17.757575757575758,40.05050505050505,0.5,1.022319815015677,0.0003377292586859211,0.5113295433037504,,0.38,2390.0,,,,,,,,,,,,,,,,,,,,,,generalized_hoek_brown,,,,,,,,True,2.077396594324876,4.0,False,Interbedded_ST: segment_p95_plastic_zone_ratio_to_radius too large; Fault: segment_p95_plastic_zone_ratio_to_radius too large,Interbedded_ST; Fault,,,,,,,,,"All-results row format: one parameter_set_id x formation row; main metrics are segment_p95 values within that formation. Displacement is CCM hydrostatic-equivalent estimate, not directional K0 crown/wall solution."
P0051,Fault,Fault,Fault,True,min_max_sweep_100_lhs,389898989.8989899,0.3898989898989899,20707.07070707071,0.020707070707070712,16.646464646464647,11969696.969696969,11.969696969696969,3.2727272727272725,25.90909090909091,0.5,0.09608569182572849,5.1250361885618896e-05,0.5294159898377997,,0.32979797979797976,2490.0,,5.479678402686596,8.479678402686595,segment_p95,segment_p95,246.0,,,5.479678402686596,1.8265594675621988,,,5.146513584554397,1.715504528184799,5.509147970135843,1.8363826567119477,,,,,disabled_plastic_zone_only,generalized_hoek_brown,188.9588729563487,plastic_estimate,False,True,,1.7466669974692834,17.0,True,2.294778334768531,56.0,False,SH_ST: segment_p95_plastic_zone_ratio_to_radius too large; Interbedded_ST: segment_p95_plastic_zone_ratio_to_radius too large,SH_ST; Interbedded_ST,1429.0,Fault,0.9132797337810994,,,0.0,0.24691358024691357,5.246807590605565,"All-results row format: one parameter_set_id x formation row; main metrics are segment_p95 values within that formation. Displacement is CCM hydrostatic-equivalent estimate, not directional K0 crown/wall solution."
P0051,Interbedded_ST,Interbedded_ST,Interbedded_ST,True,min_max_sweep_100_lhs,1721357727.2727275,1.7213577272727274,66717.90909090909,0.06671790909090909,20.239393939393942,1618650.0,1.61865,10.282828282828284,35.45454545454545,0.5,0.4756287211851708,0.00018299337534830135,0.5154674777731223,,0.3884848484848485,2520.0,,7.223240753494872,10.223240753494872,segment_p95,segment_p95,924.0,,,7.223240753494872,2.4077469178316244,,,6.914310281180006,2.304770093726668,7.242005464997455,2.4140018216658183,,,,,disabled_plastic_zone_only,generalized_hoek_brown,988.4488410652411,plastic_estimate,True,False,segment_p95_plastic_zone_ratio_to_radius too large,2.294778334768531,64.0,True,2.294778334768531,56.0,False,SH_ST: segment_p95_plastic_zone_ratio_to_radius too large; Interbedded_ST: segment_p95_plastic_zone_ratio_to_radius too large,SH_ST; Interbedded_ST,767.0,Interbedded_ST,1.2038734589158122,,,0.0,0.2488725640240792,6.897148061902338,"All-results row format: one parameter_set_id x formation row; main metrics are segment_p95 values within that formation. Displacement is CCM hydrostatic-equivalent estimate, not directional K0 crown/wall solution."
P0051,SH_ST,SH_ST,SH_ST,True,min_max_sweep_100_lhs,2964680100.0,2.9646801,38789.13636363636,0.03878913636363636,17.882727272727273,6546787.727272726,6.546787727272726,7.636363636363637,26.96969696969697,0.5,0.23581399261981223,5.903537382446805e-05,0.5273934215176133,,0.38,2476.6666666666665,,6.234091254431399,9.234091254431398,segment_p95,segment_p95,2261.0,,,6.234091254431399,2.0780304181437996,,,4.9802588194983395,1.6600862731661128,6.48653460583005,2.16217820194335,,,,,disabled_plastic_zone_only,generalized_hoek_brown,480.8592242657767,plastic_estimate,True,False,segment_p95_plastic_zone_ratio_to_radius too large,2.027740486620665,78.0,True,2.294778334768531,56.0,False,SH_ST: segment_p95_plastic_zone_ratio_to_radius too large; Interbedded_ST: segment_p95_plastic_zone_ratio_to_radius too large,SH_ST; Interbedded_ST,1077.0,SH_ST,1.0390152090718998,,,0.0,0.25897357412508926,6.177652005552429,"All-results row format: one parameter_set_id x formation row; main metrics are segment_p95 values within that formation. Displacement is CCM hydrostatic-equivalent estimate, not directional K0 crown/wall solution."
P0051,SS_NC,SS_NC,SS_NC,False,min_max_sweep_100_lhs,581191963.6363637,0.5811919636363637,351595.35454545455,0.35159535454545454,33.725656565656564,55461380.0,55.46138,17.95959595959596,50.60606060606061,0.5,1.7092116038993317,0.0013797422317342093,0.5054981194153898,,0.1811111111111111,2505.757575757576,,,,,,,,,,,,,,,,,,,,,,generalized_hoek_brown,,,,,,,,True,2.294778334768531,56.0,False,SH_ST: segment_p95_plastic_zone_ratio_to_radius too large; Interbedded_ST: segment_p95_plastic_zone_ratio_to_radius too large,SH_ST; Interbedded_ST,,,,,,,,,"All-results row format: one parameter_set_id x formation row; main metrics are segment_p95 values within that formation. Displacement is CCM hydrostatic-equivalent estimate, not directional K0 crown/wall solution."
P0051,SS_NK,SS_NK,SS_NK,False,min_max_sweep_100_lhs,461364300.0,0.4613643,163727.90909090906,0.16372790909090906,27.400000000000002,291238.09090909094,0.2912380909090909,21.595959595959595,54.39393939393939,0.5,2.4615446754417856,0.00228632836816574,0.5042238061530393,,0.38,2390.0,,,,,,,,,,,,,,,,,,,,,,generalized_hoek_brown,,,,,,,,True,2.294778334768531,56.0,False,SH_ST: segment_p95_plastic_zone_ratio_to_radius too large; Interbedded_ST: segment_p95_plastic_zone_ratio_to_radius too large,SH_ST; Interbedded_ST,,,,,,,,,"All-results row format: one parameter_set_id x formation row; main metrics are segment_p95 values within that formation. Displacement is CCM hydrostatic-equivalent estimate, not directional K0 crown/wall solution."
P0052,Fault,Fault,Fault,True,min_max_sweep_100_lhs,397979797.97979796,0.39797979797979793,21212.121212121212,0.021212121212121213,16.242424242424242,12979797.97979798,12.97979797979798,5.848484848484849,28.78787878787879,0.5,0.19693712500174898,7.523082568708149e-05,0.5242421410801853,,0.3282828282828283,2490.0,,5.129659270644629,8.129659270644629,segment_p95,segment_p95,246.0,,,5.129659270644629,1.7098864235482099,,,4.796494452512429,1.5988314841708098,5.159128838093875,1.7197096126979583,,,,,disabled_plastic_zone_only,generalized_hoek_brown,135.1090001308878,plastic_estimate,False,True,,1.6375339594188683,6.0,True,2.3263555007746834,66.0,False,Interbedded_ST: segment_p95_plastic_zone_ratio_to_radius too large,Interbedded_ST,1429.0,Fault,0.8549432117741049,,,0.0,0.2727068666462606,4.913456036279881,"All-results row format: one parameter_set_id x formation row; main metrics are segment_p95 values within that formation. Displacement is CCM hydrostatic-equivalent estimate, not directional K0 crown/wall solution."
P0052,Interbedded_ST,Interbedded_ST,Interbedded_ST,True,min_max_sweep_100_lhs,1697090363.6363637,1.6970903636363637,72415.63636363637,0.07241563636363636,21.28989898989899,1618650.0,1.61865,10.838383838383837,34.09090909090909,0.5,0.46980655879452615,0.00015257126068507308,0.5169596949434041,,0.3328282828282828,2520.0,,7.3354172758682505,10.33541727586825,segment_p95,segment_p95,924.0,,,7.3354172758682505,2.445139091956084,,,7.026486803553383,2.342162267851128,7.354181987370832,2.4513939957902773,,,,,disabled_plastic_zone_only,generalized_hoek_brown,1100.0095879817793,plastic_estimate,True,False,segment_p95_plastic_zone_ratio_to_radius too large,2.3263555007746834,72.0,True,2.3263555007746834,66.0,False,Interbedded_ST: segment_p95_plastic_zone_ratio_to_radius too large,Interbedded_ST,767.0,Interbedded_ST,1.222569545978042,,,0.0,0.17263544536271808,7.003982845115079,"All-results row format: one parameter_set_id x formation row; main metrics are segment_p95 values within that formation. Displacement is CCM hydrostatic-equivalent estimate, not directional K0 crown/wall solution."
P0052,SH_ST,SH_ST,SH_ST,True,min_max_sweep_100_lhs,2964680100.0,2.9646801,54619.9,0.0546199,35.815858585858585,8261843.272727271,8.26184327272727,4.202020202020202,35.0,0.5,0.19020122560699143,0.00017223225596081014,0.5159498890105109,,0.38,2445.757575757576,,5.279543595515009,8.279543595515008,segment_p95,segment_p95,2261.0,,,5.279543595515009,1.7598478651716698,,,4.0405733196342695,1.346857773211423,5.531986946913661,1.8439956489712204,,,,,disabled_plastic_zone_only,generalized_hoek_brown,193.13601022647688,plastic_estimate,False,True,,1.7228487086515225,40.0,True,2.3263555007746834,66.0,False,Interbedded_ST: segment_p95_plastic_zone_ratio_to_radius too large,Interbedded_ST,1077.0,SH_ST,0.8799239325858349,,,0.0,0.18387919600040814,5.26855899706063,"All-results row format: one parameter_set_id x formation row; main metrics are segment_p95 values within that formation. Displacement is CCM hydrostatic-equivalent estimate, not directional K0 crown/wall solution."
P0052,SS_NC,SS_NC,SS_NC,False,min_max_sweep_100_lhs,658346127.2727274,0.6583461272727273,238930.97272727275,0.23893097272727273,44.92919191919192,22238180.0,22.23818,20.98989898989899,40.0,0.5,1.2055048771526147,0.00033546262790251185,0.5113684695702436,,0.19949494949494948,2601.5151515151515,,,,,,,,,,,,,,,,,,,,,,generalized_hoek_brown,,,,,,,,True,2.3263555007746834,66.0,False,Interbedded_ST: segment_p95_plastic_zone_ratio_to_radius too large,Interbedded_ST,,,,,,,,,"All-results row format: one parameter_set_id x formation row; main metrics are segment_p95 values within that formation. Displacement is CCM hydrostatic-equivalent estimate, not directional K0 crown/wall solution."
P0052,SS_NK,SS_NK,SS_NK,False,min_max_sweep_100_lhs,461364300.0,0.4613643,121435.90909090909,0.1214359090909091,28.43939393939394,304793.7272727273,0.3047937272727273,16.545454545454547,35.80808080808081,0.5,0.7782973401932183,0.0001918258634020453,0.5151022462840287,,0.38,2390.0,,,,,,,,,,,,,,,,,,,,,,generalized_hoek_brown,,,,,,,,True,2.3263555007746834,66.0,False,Interbedded_ST: segment_p95_plastic_zone_ratio_to_radius too large,Interbedded_ST,,,,,,,,,"All-results row format: one parameter_set_id x formation row; main metrics are segment_p95 values within that formation. Displacement is CCM hydrostatic-equivalent estimate, not directional K0 crown/wall solution."
P0053,Fault,Fault,Fault,True,min_max_sweep_100_lhs,466666666.6666667,0.4666666666666667,26262.62626262626,0.026262626262626262,18.060606060606062,6818181.818181818,6.818181818181818,4.0,24.696969696969695,0.5,0.11085145415991522,4.3602152463278744e-05,0.5319095734579828,,0.31666666666666665,2490.0,,6.186731739110661,9.18673173911066,segment_p95,segment_p95,246.0,,,6.186731739110661,2.062243913036887,,,5.853566920978461,1.951188973659487,6.216201306559907,2.0720671021866357,,,,,disabled_plastic_zone_only,generalized_hoek_brown,371.48311969331525,plastic_estimate,True,False,segment_p95_plastic_zone_ratio_to_radius too large,1.9602489064857889,56.0,True,2.329357381834637,67.0,False,Interbedded_ST: segment_p95_plastic_zone_ratio_to_radius too large; Fault: segment_p95_plastic_zone_ratio_to_radius too large,Interbedded_ST; Fault,1429.0,Fault,1.0311219565184435,,,0.0,0.05738189980614224,5.9201917205332455,"All-results row format: one parameter_set_id x formation row; main metrics are segment_p95 values within that formation. Displacement is CCM hydrostatic-equivalent estimate, not directional K0 crown/wall solution."
P0053,Interbedded_ST,Interbedded_ST,Interbedded_ST,True,min_max_sweep_100_lhs,1706797309.0909092,1.7067973090909092,45066.545454545456,0.045066545454545456,19.350505050505053,1618650.0,1.61865,11.393939393939394,34.24242424242424,0.5,0.49746426734770205,0.00015568485290921554,0.5167871154930693,,0.3616161616161616,2520.0,,7.322862687278187,10.322862687278187,segment_p95,segment_p95,924.0,,,7.322862687278187,2.4409542290927293,,,7.013932214963319,2.337977404987773,7.341627398780768,2.4472091329269228,,,,,disabled_plastic_zone_only,generalized_hoek_brown,1086.9234800181912,plastic_estimate,True,False,segment_p95_plastic_zone_ratio_to_radius too large,2.329357381834637,73.0,True,2.329357381834637,67.0,False,Interbedded_ST: segment_p95_plastic_zone_ratio_to_radius too large; Fault: segment_p95_plastic_zone_ratio_to_radius too large,Interbedded_ST; Fault,767.0,Interbedded_ST,1.2204771145463646,,,0.0,0.31188654218957246,6.992026094076923,"All-results row format: one parameter_set_id x formation row; main metrics are segment_p95 values within that formation. Displacement is CCM hydrostatic-equivalent estimate, not directional K0 crown/wall solution."
P0053,SH_ST,SH_ST,SH_ST,True,min_max_sweep_100_lhs,2964680100.0,2.9646801,64514.12727272727,0.06451412727272728,29.6320202020202,10739145.727272727,10.739145727272726,7.838383838383839,31.21212121212121,0.5,0.2962414032365499,0.00010393787722042512,0.5205927775781345,,0.38,2516.161616161616,,5.352304224930034,8.352304224930034,segment_p95,segment_p95,2261.0,,,5.352304224930034,1.7841014083100113,,,4.11214326205754,1.3707144206858466,5.604747576328686,1.8682491921095619,,,,,disabled_plastic_zone_only,generalized_hoek_brown,207.06589545446852,plastic_estimate,False,True,,1.738873049724301,45.0,True,2.329357381834637,67.0,False,Interbedded_ST: segment_p95_plastic_zone_ratio_to_radius too large; Fault: segment_p95_plastic_zone_ratio_to_radius too large,Interbedded_ST; Fault,1077.0,SH_ST,0.8920507041550056,,,0.0,0.04528109376594224,5.337854834598748,"All-results row format: one parameter_set_id x formation row; main metrics are segment_p95 values within that formation. Displacement is CCM hydrostatic-equivalent estimate, not directional K0 crown/wall solution."
P0053,SS_NC,SS_NC,SS_NC,False,min_max_sweep_100_lhs,3011548118.1818185,3.0115481181818184,446926.7545454545,0.4469267545454545,20.921616161616164,13932380.0,13.93238,16.04040404040404,43.03030303030303,0.5,1.06424760874325,0.0005024775498424193,0.509250132469866,,0.1825252525252525,2530.0,,,,,,,,,,,,,,,,,,,,,,generalized_hoek_brown,,,,,,,,True,2.329357381834637,67.0,False,Interbedded_ST: segment_p95_plastic_zone_ratio_to_radius too large; Fault: segment_p95_plastic_zone_ratio_to_radius too large,Interbedded_ST; Fault,,,,,,,,,"All-results row format: one parameter_set_id x formation row; main metrics are segment_p95 values within that formation. Displacement is CCM hydrostatic-equivalent estimate, not directional K0 crown/wall solution."
P0053,SS_NK,SS_NK,SS_NK,False,min_max_sweep_100_lhs,461364300.0,0.4613643,154116.09090909088,0.15411609090909087,35.71515151515152,260737.90909090912,0.2607379090909091,15.232323232323232,52.77777777777778,0.5,1.6076001063638894,0.0018431185160790876,0.5047284474799826,,0.38,2390.0,,,,,,,,,,,,,,,,,,,,,,generalized_hoek_brown,,,,,,,,True,2.329357381834637,67.0,False,Interbedded_ST: segment_p95_plastic_zone_ratio_to_radius too large; Fault: segment_p95_plastic_zone_ratio_to_radius too large,Interbedded_ST; Fault,,,,,,,,,"All-results row format: one parameter_set_id x formation row; main metrics are segment_p95 values within that formation. Displacement is CCM hydrostatic-equivalent estimate, not directional K0 crown/wall solution."
P0054,Fault,Fault,Fault,True,min_max_sweep_100_lhs,551515151.5151515,0.5515151515151515,28383.83838383838,0.028383838383838383,18.82828282828283,10353535.353535352,10.353535353535353,5.6060606060606055,25.757575757575758,0.5,0.16340797816946115,5.0225389158537976e-05,0.5297167801147674,,0.3186868686868687,2490.0,,5.64633750484032,8.64633750484032,segment_p95,segment_p95,246.0,,,5.64633750484032,1.88211250161344,,,5.3131726867081195,1.7710575622360396,5.675807072289565,1.8919356907631883,,,,,disabled_plastic_zone_only,generalized_hoek_brown,221.63430668265065,plastic_estimate,False,True,,1.7995704734211162,24.0,True,2.397364615407558,84.0,False,Interbedded_ST: segment_p95_plastic_zone_ratio_to_radius too large,Interbedded_ST,1429.0,Fault,0.94105625080672,,,0.0,0.253443526170799,5.405530545037681,"All-results row format: one parameter_set_id x formation row; main metrics are segment_p95 values within that formation. Displacement is CCM hydrostatic-equivalent estimate, not directional K0 crown/wall solution."
P0054,Interbedded_ST,Interbedded_ST,Interbedded_ST,True,min_max_sweep_100_lhs,2031979981.818182,2.031979981818182,76973.81818181819,0.07697381818181818,20.118181818181817,1618650.0,1.61865,8.262626262626263,31.363636363636363,0.5,0.3145363019716394,0.00010605898551339095,0.5203836850433791,,0.34050505050505053,2520.0,,7.56570331880731,10.56570331880731,segment_p95,segment_p95,924.0,,,7.56570331880731,2.5219011062691035,,,7.256772846492443,2.4189242821641477,7.584468030309893,2.5281560101032974,,,,,disabled_plastic_zone_only,generalized_hoek_brown,1370.0098800745848,plastic_estimate,True,False,segment_p95_plastic_zone_ratio_to_radius too large,2.397364615407558,91.0,True,2.397364615407558,84.0,False,Interbedded_ST: segment_p95_plastic_zone_ratio_to_radius too large,Interbedded_ST,767.0,Interbedded_ST,1.2609505531345517,,,0.0,0.13982246709519444,7.223302886009422,"All-results row format: one parameter_set_id x formation row; main metrics are segment_p95 values within that formation. Displacement is CCM hydrostatic-equivalent estimate, not directional K0 crown/wall solution."
P0054,SH_ST,SH_ST,SH_ST,True,min_max_sweep_100_lhs,2964680100.0,2.9646801,173350.62727272726,0.17335062727272726,22.82979797979798,16455997.545454543,16.455997545454544,6.262626262626263,36.81818181818182,0.5,0.3091099065326529,0.00021948154109105087,0.5141049332060894,,0.38,2468.0808080808083,,4.417937247804457,7.417937247804457,segment_p95,segment_p95,2261.0,,,4.417937247804457,1.4726457492681524,,,3.194515197132728,1.0648383990442425,4.670380599203108,1.5567935330677027,,,,,disabled_plastic_zone_only,generalized_hoek_brown,84.45428230493303,plastic_estimate,False,True,,1.450485537414568,6.0,True,2.397364615407558,84.0,False,Interbedded_ST: segment_p95_plastic_zone_ratio_to_radius too large,Interbedded_ST,1077.0,SH_ST,0.7363228746340762,,,0.0,0.17294153657790026,4.447981523050579,"All-results row format: one parameter_set_id x formation row; main metrics are segment_p95 values within that formation. Displacement is CCM hydrostatic-equivalent estimate, not directional K0 crown/wall solution."
P0054,SS_NC,SS_NC,SS_NC,False,min_max_sweep_100_lhs,1815658581.8181822,1.8156585818181823,420927.2818181818,0.4209272818181818,29.564343434343435,42725820.0,42.72582,12.505050505050505,50.75757575757576,0.5,1.1987211236795456,0.001407899269073737,0.5054407307044145,,0.17828282828282827,2520.3030303030305,,,,,,,,,,,,,,,,,,,,,,generalized_hoek_brown,,,,,,,,True,2.397364615407558,84.0,False,Interbedded_ST: segment_p95_plastic_zone_ratio_to_radius too large,Interbedded_ST,,,,,,,,,"All-results row format: one parameter_set_id x formation row; main metrics are segment_p95 values within that formation. Displacement is CCM hydrostatic-equivalent estimate, not directional K0 crown/wall solution."
P0054,SS_NK,SS_NK,SS_NK,False,min_max_sweep_100_lhs,461364300.0,0.4613643,244467.18181818177,0.24446718181818178,30.66666666666667,205385.72727272726,0.20538572727272728,15.838383838383837,50.15151515151515,0.5,1.4750604574277275,0.001298605027442549,0.5056738049970906,,0.38,2390.0,,,,,,,,,,,,,,,,,,,,,,generalized_hoek_brown,,,,,,,,True,2.397364615407558,84.0,False,Interbedded_ST: segment_p95_plastic_zone_ratio_to_radius too large,Interbedded_ST,,,,,,,,,"All-results row format: one parameter_set_id x formation row; main metrics are segment_p95 values within that formation. Displacement is CCM hydrostatic-equivalent estimate, not directional K0 crown/wall solution."
P0055,Fault,Fault,Fault,True,min_max_sweep_100_lhs,563636363.6363637,0.5636363636363637,24242.424242424244,0.024242424242424242,16.565656565656568,10858585.858585859,10.858585858585858,5.3939393939393945,21.060606060606062,0.5,0.12571438004680666,2.6849790886486442e-05,0.5407216648156179,,0.305050505050505,2490.0,,6.0662776163982866,9.066277616398287,segment_p95,segment_p95,246.0,,,6.0662776163982866,2.022092538799429,,,5.733112798266085,1.9110375994220286,6.095747183847532,2.0319157279491775,,,,,disabled_plastic_zone_only,generalized_hoek_brown,331.1124141444724,plastic_estimate,True,False,segment_p95_plastic_zone_ratio_to_radius too large,1.9378142573213988,50.0,True,2.1626864820156304,22.0,False,SH_ST: segment_p95_plastic_zone_ratio_to_radius too large; Interbedded_ST: segment_p95_plastic_zone_ratio_to_radius too large; Fault: segment_p95_plastic_zone_ratio_to_radius too large,SH_ST; Interbedded_ST; Fault,1429.0,Fault,1.0110462693997144,,,0.0,0.3686970717273748,5.805473508426221,"All-results row format: one parameter_set_id x formation row; main metrics are segment_p95 values within that formation. Displacement is CCM hydrostatic-equivalent estimate, not directional K0 crown/wall solution."
P0055,Interbedded_ST,Interbedded_ST,Interbedded_ST,True,min_max_sweep_100_lhs,2002859145.4545457,2.0028591454545457,132811.54545454547,0.13281154545454546,19.18888888888889,1618650.0,1.61865,9.828282828282829,40.75757575757576,0.5,0.5851988417848708,0.0003711182180830607,0.5107981161304207,,0.32131313131313133,2520.0,,6.801817799341874,9.801817799341874,segment_p95,segment_p95,924.0,,,6.801817799341874,2.267272599780625,,,6.492887327027009,2.164295775675669,6.820582510844456,2.273527503614819,,,,,disabled_plastic_zone_only,generalized_hoek_brown,661.3491722886412,plastic_estimate,True,False,segment_p95_plastic_zone_ratio_to_radius too large,2.1626864820156304,29.0,True,2.1626864820156304,22.0,False,SH_ST: segment_p95_plastic_zone_ratio_to_radius too large; Interbedded_ST: segment_p95_plastic_zone_ratio_to_radius too large; Fault: segment_p95_plastic_zone_ratio_to_radius too large,SH_ST; Interbedded_ST; Fault,767.0,Interbedded_ST,1.1336362998903124,,,0.0,0.26601367207427823,6.495792867470912,"All-results row format: one parameter_set_id x formation row; main metrics are segment_p95 values within that formation. Displacement is CCM hydrostatic-equivalent estimate, not directional K0 crown/wall solution."
P0055,SH_ST,SH_ST,SH_ST,True,min_max_sweep_100_lhs,2964680100.0,2.9646801,68471.81818181819,0.06847181818181819,21.593030303030304,8452404.999999998,8.452404999999999,4.040404040404041,26.060606060606062,0.5,0.11948328116706913,5.229625170480921e-05,0.529118222553117,,0.38,2581.4141414141413,,6.094313007164388,9.094313007164388,segment_p95,segment_p95,2261.0,,,6.094313007164388,2.031437669054796,,,4.84256940682683,1.6141898022756105,6.346756358563039,2.1155854528543463,,,,,disabled_plastic_zone_only,generalized_hoek_brown,420.79940832192386,plastic_estimate,True,False,segment_p95_plastic_zone_ratio_to_radius too large,1.9838070263095267,75.0,True,2.1626864820156304,22.0,False,SH_ST: segment_p95_plastic_zone_ratio_to_radius too large; Interbedded_ST: segment_p95_plastic_zone_ratio_to_radius too large; Fault: segment_p95_plastic_zone_ratio_to_radius too large,SH_ST; Interbedded_ST; Fault,1077.0,SH_ST,1.015718834527398,,,0.0,0.262238547087032,6.0445298652981325,"All-results row format: one parameter_set_id x formation row; main metrics are segment_p95 values within that formation. Displacement is CCM hydrostatic-equivalent estimate, not directional K0 crown/wall solution."
P0055,SS_NC,SS_NC,SS_NC,False,min_max_sweep_100_lhs,542614881.818182,0.542614881818182,360261.8454545454,0.3602618454545454,29.884444444444448,8948900.0,8.9489,19.474747474747474,41.96969696969697,0.5,1.2284716818154433,0.00043621568901033614,0.5099434002680588,,0.2546464646464646,2519.090909090909,,,,,,,,,,,,,,,,,,,,,,generalized_hoek_brown,,,,,,,,True,2.1626864820156304,22.0,False,SH_ST: segment_p95_plastic_zone_ratio_to_radius too large; Interbedded_ST: segment_p95_plastic_zone_ratio_to_radius too large; Fault: segment_p95_plastic_zone_ratio_to_radius too large,SH_ST; Interbedded_ST; Fault,,,,,,,,,"All-results row format: one parameter_set_id x formation row; main metrics are segment_p95 values within that formation. Displacement is CCM hydrostatic-equivalent estimate, not directional K0 crown/wall solution."
P0055,SS_NK,SS_NK,SS_NK,False,min_max_sweep_100_lhs,461364300.0,0.4613643,77221.54545454546,0.07722154545454546,23.53939393939394,303664.09090909094,0.30366409090909097,19.474747474747474,50.35353535353535,0.5,1.8312545179470843,0.0013340596470882123,0.5055950648999911,,0.38,2390.0,,,,,,,,,,,,,,,,,,,,,,generalized_hoek_brown,,,,,,,,True,2.1626864820156304,22.0,False,SH_ST: segment_p95_plastic_zone_ratio_to_radius too large; Interbedded_ST: segment_p95_plastic_zone_ratio_to_radius too large; Fault: segment_p95_plastic_zone_ratio_to_radius too large,SH_ST; Interbedded_ST; Fault,,,,,,,,,"All-results row format: one parameter_set_id x formation row; main metrics are segment_p95 values within that formation. Displacement is CCM hydrostatic-equivalent estimate, not directional K0 crown/wall solution."
P0056,Fault,Fault,Fault,True,min_max_sweep_100_lhs,204040404.04040405,0.20404040404040405,23636.363636363636,0.023636363636363636,16.484848484848484,5303030.303030303,5.303030303030303,5.9393939393939394,25.151515151515152,0.5,0.16819916993399903,4.632642710969407e-05,0.5309507896383611,,0.31565656565656564,2490.0,,6.406716205499946,9.406716205499947,segment_p95,segment_p95,246.0,,,6.406716205499946,2.135572068499982,,,6.073551387367747,2.024517129122582,6.436185772949192,2.1453952576497306,,,,,disabled_plastic_zone_only,generalized_hoek_brown,458.2986886132612,plastic_estimate,True,False,segment_p95_plastic_zone_ratio_to_radius too large,2.044259521910911,69.0,True,2.565198447801009,95.0,False,SH_ST: segment_p95_plastic_zone_ratio_to_radius too large; Interbedded_ST: segment_p95_plastic_zone_ratio_to_radius too large; Fault: segment_p95_plastic_zone_ratio_to_radius too large,SH_ST; Interbedded_ST; Fault,1429.0,Fault,1.067786034249991,,,0.0,0.34959697990001015,6.129700736142087,"All-results row format: one parameter_set_id x formation row; main metrics are segment_p95 values within that formation. Displacement is CCM hydrostatic-equivalent estimate, not directional K0 crown/wall solution."
P0056,Interbedded_ST,Interbedded_ST,Interbedded_ST,True,min_max_sweep_100_lhs,1896082745.4545455,1.8960827454545455,89508.81818181819,0.08950881818181819,21.491919191919195,1618650.0,1.61865,8.616161616161616,32.878787878787875,0.5,0.3525338972678619,0.00012980270041316352,0.5184049218459958,,0.3904040404040404,2520.0,,7.436724522964516,10.436724522964516,segment_p95,segment_p95,924.0,,,7.436724522964516,2.4789081743215053,,,7.127794050649649,2.3759313502165496,7.455489234467099,2.4851630781556997,,,,,disabled_plastic_zone_only,generalized_hoek_brown,1211.5319070858034,plastic_estimate,True,False,segment_p95_plastic_zone_ratio_to_radius too large,2.361556010820971,81.0,True,2.565198447801009,95.0,False,SH_ST: segment_p95_plastic_zone_ratio_to_radius too large; Interbedded_ST: segment_p95_plastic_zone_ratio_to_radius too large; Fault: segment_p95_plastic_zone_ratio_to_radius too large,SH_ST; Interbedded_ST; Fault,767.0,Interbedded_ST,1.2394540871607527,,,0.0,0.23744515865727997,7.100465937587714,"All-results row format: one parameter_set_id x formation row; main metrics are segment_p95 values within that formation. Displacement is CCM hydrostatic-equivalent estimate, not directional K0 crown/wall solution."
P0056,SH_ST,SH_ST,SH_ST,True,min_max_sweep_100_lhs,2964680100.0,2.9646801,28894.90909090909,0.02889490909090909,43.85484848484848,639374.1818181818,0.6393741818181817,5.494949494949495,35.60606060606061,0.5,0.25600746630941673,0.0001867278057252655,0.5153098953534061,,0.38,2438.8888888888887,,7.913902209849494,10.913902209849494,segment_p95,segment_p95,2261.0,,,7.913902209849494,2.637967403283165,,,6.63674501543907,2.21224833847969,8.166345561248146,2.722115187082715,,,,,disabled_plastic_zone_only,generalized_hoek_brown,2385.2346995417533,plastic_estimate,True,False,segment_p95_plastic_zone_ratio_to_radius too large,2.565198447801009,95.0,True,2.565198447801009,95.0,False,SH_ST: segment_p95_plastic_zone_ratio_to_radius too large; Interbedded_ST: segment_p95_plastic_zone_ratio_to_radius too large; Fault: segment_p95_plastic_zone_ratio_to_radius too large,SH_ST; Interbedded_ST; Fault,1077.0,SH_ST,1.3189837016415824,,,0.0,0.4093255790225487,7.777471963093473,"All-results row format: one parameter_set_id x formation row; main metrics are segment_p95 values within that formation. Displacement is CCM hydrostatic-equivalent estimate, not directional K0 crown/wall solution."
P0056,SS_NC,SS_NC,SS_NC,False,min_max_sweep_100_lhs,1121271109.0909092,1.1212711090909093,173932.2909090909,0.1739322909090909,34.04575757575758,29436539.999999996,29.436539999999997,18.464646464646464,44.09090909090909,0.5,1.288553458953022,0.0005788046933122993,0.5086041907472687,,0.1613131313131313,2545.757575757576,,,,,,,,,,,,,,,,,,,,,,generalized_hoek_brown,,,,,,,,True,2.565198447801009,95.0,False,SH_ST: segment_p95_plastic_zone_ratio_to_radius too large; Interbedded_ST: segment_p95_plastic_zone_ratio_to_radius too large; Fault: segment_p95_plastic_zone_ratio_to_radius too large,SH_ST; Interbedded_ST; Fault,,,,,,,,,"All-results row format: one parameter_set_id x formation row; main metrics are segment_p95 values within that formation. Displacement is CCM hydrostatic-equivalent estimate, not directional K0 crown/wall solution."
P0056,SS_NK,SS_NK,SS_NK,False,min_max_sweep_100_lhs,461364300.0,0.4613643,246389.54545454544,0.24638954545454544,31.409090909090914,235885.90909090912,0.23588590909090912,19.77777777777778,43.686868686868685,0.5,1.3538891348055442,0.0005484483171876454,0.5088448939851741,,0.38,2390.0,,,,,,,,,,,,,,,,,,,,,,generalized_hoek_brown,,,,,,,,True,2.565198447801009,95.0,False,SH_ST: segment_p95_plastic_zone_ratio_to_radius too large; Interbedded_ST: segment_p95_plastic_zone_ratio_to_radius too large; Fault: segment_p95_plastic_zone_ratio_to_radius too large,SH_ST; Interbedded_ST; Fault,,,,,,,,,"All-results row format: one parameter_set_id x formation row; main metrics are segment_p95 values within that formation. Displacement is CCM hydrostatic-equivalent estimate, not directional K0 crown/wall solution."
P0057,Fault,Fault,Fault,True,min_max_sweep_100_lhs,579797979.7979797,0.5797979797979798,22020.20202020202,0.02202020202020202,17.333333333333332,14494949.494949495,14.494949494949495,3.0606060606060606,15.151515151515152,0.5,0.053837173938079796,1.221151360524217e-05,0.5604849263053792,,0.3378787878787879,2490.0,,6.445079096762088,9.445079096762088,segment_p95,segment_p95,246.0,,,6.445079096762088,2.148359698920696,,,6.111914278629887,2.037304759543296,6.474548664211334,2.158182888070445,,,,,disabled_plastic_zone_only,generalized_hoek_brown,475.3899888342005,plastic_estimate,True,False,segment_p95_plastic_zone_ratio_to_radius too large,2.0542806804387057,73.0,True,2.1379215439005868,15.0,False,Interbedded_ST: segment_p95_plastic_zone_ratio_to_radius too large; Fault: segment_p95_plastic_zone_ratio_to_radius too large,Interbedded_ST; Fault,1429.0,Fault,1.074179849460348,,,0.0,0.3079685746352414,6.166236823058414,"All-results row format: one parameter_set_id x formation row; main metrics are segment_p95 values within that formation. Displacement is CCM hydrostatic-equivalent estimate, not directional K0 crown/wall solution."
P0057,Interbedded_ST,Interbedded_ST,Interbedded_ST,True,min_max_sweep_100_lhs,1905789690.909091,1.905789690909091,97485.63636363635,0.09748563636363636,18.340404040404042,1618650.0,1.61865,9.474747474747474,41.66666666666667,0.5,0.5891068639671223,0.0004189421234483845,0.5101506483701295,,0.3251515151515152,2520.0,,6.731519476640473,9.731519476640473,segment_p95,segment_p95,924.0,,,6.731519476640473,2.2438398255468246,,,6.422589004325606,2.1408630014418684,6.7502841881430555,2.2500947293810185,,,,,disabled_plastic_zone_only,generalized_hoek_brown,618.4562542366533,plastic_estimate,True,False,segment_p95_plastic_zone_ratio_to_radius too large,2.1379215439005868,22.0,True,2.1379215439005868,15.0,False,Interbedded_ST: segment_p95_plastic_zone_ratio_to_radius too large; Fault: segment_p95_plastic_zone_ratio_to_radius too large,Interbedded_ST; Fault,767.0,Interbedded_ST,1.1219199127734123,,,0.0,0.21426385062748698,6.428842083945767,"All-results row format: one parameter_set_id x formation row; main metrics are segment_p95 values within that formation. Displacement is CCM hydrostatic-equivalent estimate, not directional K0 crown/wall solution."
P0057,SH_ST,SH_ST,SH_ST,True,min_max_sweep_100_lhs,2964680100.0,2.9646801,187202.54545454544,0.18720254545454545,41.07212121212121,5212855.636363635,5.212855636363635,4.767676767676768,36.06060606060606,0.5,0.22698441748849327,0.00019839461110480523,0.5148465869643258,,0.38,2485.252525252525,,5.6934228514706025,8.693422851470602,segment_p95,segment_p95,2261.0,,,5.6934228514706025,1.8978076171568674,,,4.447836587255575,1.4826121957518583,5.9458662028692535,1.9819554009564178,,,,,disabled_plastic_zone_only,generalized_hoek_brown,286.93354788977166,plastic_estimate,False,True,,1.8559889258450428,61.0,True,2.1379215439005868,15.0,False,Interbedded_ST: segment_p95_plastic_zone_ratio_to_radius too large; Fault: segment_p95_plastic_zone_ratio_to_radius too large,Interbedded_ST; Fault,1077.0,SH_ST,0.9489038085784337,,,0.0,0.2353025201510051,5.662729717018337,"All-results row format: one parameter_set_id x formation row; main metrics are segment_p95 values within that formation. Displacement is CCM hydrostatic-equivalent estimate, not directional K0 crown/wall solution."
P0057,SS_NC,SS_NC,SS_NC,False,min_max_sweep_100_lhs,2124275236.363637,2.124275236363637,312596.14545454545,0.31259614545454545,39.16737373737374,32205140.0,32.20514,12.202020202020202,47.72727272727273,0.5,1.012501538175094,0.0009399376922881779,0.5067062466221293,,0.15424242424242424,2522.7272727272725,,,,,,,,,,,,,,,,,,,,,,generalized_hoek_brown,,,,,,,,True,2.1379215439005868,15.0,False,Interbedded_ST: segment_p95_plastic_zone_ratio_to_radius too large; Fault: segment_p95_plastic_zone_ratio_to_radius too large,Interbedded_ST; Fault,,,,,,,,,"All-results row format: one parameter_set_id x formation row; main metrics are segment_p95 values within that formation. Displacement is CCM hydrostatic-equivalent estimate, not directional K0 crown/wall solution."
P0057,SS_NK,SS_NK,SS_NK,False,min_max_sweep_100_lhs,461364300.0,0.4613643,202175.1818181818,0.20217518181818178,23.984848484848484,221200.63636363638,0.22120063636363638,20.98989898989899,49.34343434343434,0.5,1.8810382956467784,0.0011659620319795473,0.5059995875938105,,0.38,2390.0,,,,,,,,,,,,,,,,,,,,,,generalized_hoek_brown,,,,,,,,True,2.1379215439005868,15.0,False,Interbedded_ST: segment_p95_plastic_zone_ratio_to_radius too large; Fault: segment_p95_plastic_zone_ratio_to_radius too large,Interbedded_ST; Fault,,,,,,,,,"All-results row format: one parameter_set_id x formation row; main metrics are segment_p95 values within that formation. Displacement is CCM hydrostatic-equivalent estimate, not directional K0 crown/wall solution."
P0058,Fault,Fault,Fault,True,min_max_sweep_100_lhs,337373737.3737374,0.3373737373737374,27979.79797979798,0.02797979797979798,17.13131313131313,6717171.717171717,6.717171717171717,4.545454545454545,20.757575757575758,0.5,0.10442135853190945,2.5786574604067364e-05,0.5415570191857864,,0.3146464646464646,2490.0,,6.60278803904678,9.60278803904678,segment_p95,segment_p95,246.0,,,6.60278803904678,2.200929346348927,,,6.269623220914582,2.0898744069715267,6.632257606496026,2.2107525354986755,,,,,disabled_plastic_zone_only,generalized_hoek_brown,552.5963525669541,plastic_estimate,True,False,segment_p95_plastic_zone_ratio_to_radius too large,2.0967695319143878,82.0,True,2.39722309611963,83.0,False,Interbedded_ST: segment_p95_plastic_zone_ratio_to_radius too large; Fault: segment_p95_plastic_zone_ratio_to_radius too large,Interbedded_ST; Fault,1429.0,Fault,1.1004646731744634,,,0.0,0.162677277828793,6.316435815710502,"All-results row format: one parameter_set_id x formation row; main metrics are segment_p95 values within that formation. Displacement is CCM hydrostatic-equivalent estimate, not directional K0 crown/wall solution."
P0058,Interbedded_ST,Interbedded_ST,Interbedded_ST,True,min_max_sweep_100_lhs,1789306345.4545455,1.7893063454545455,83811.09090909091,0.08381109090909092,18.98686868686869,1618650.0,1.61865,7.05050505050505,31.515151515151516,0.5,0.2703375248785805,0.00010822338024351354,0.5201766939233561,,0.37696969696969695,2520.0,,7.552680271234411,10.552680271234411,segment_p95,segment_p95,924.0,,,7.552680271234411,2.5175600904114708,,,7.243749798919545,2.4145832663065145,7.571444982736994,2.5238149942456647,,,,,disabled_plastic_zone_only,generalized_hoek_brown,1353.1103962378038,plastic_estimate,True,False,segment_p95_plastic_zone_ratio_to_radius too large,2.39722309611963,90.0,True,2.39722309611963,83.0,False,Interbedded_ST: segment_p95_plastic_zone_ratio_to_radius too large; Fault: segment_p95_plastic_zone_ratio_to_radius too large,Interbedded_ST; Fault,767.0,Interbedded_ST,1.2587800452057354,,,0.0,0.21916131007040102,7.210899983559043,"All-results row format: one parameter_set_id x formation row; main metrics are segment_p95 values within that formation. Displacement is CCM hydrostatic-equivalent estimate, not directional K0 crown/wall solution."
P0058,SH_ST,SH_ST,SH_ST,True,min_max_sweep_100_lhs,2964680100.0,2.9646801,86281.42727272728,0.08628142727272728,30.55959595959596,10358022.27272727,10.35802227272727,7.3939393939393945,34.696969696969695,0.5,0.3298862285810062,0.00016541208593902172,0.516279714304111,,0.38,2579.6969696969695,,5.1230113697253366,8.123011369725337,segment_p95,segment_p95,2261.0,,,5.1230113697253366,1.7076704565751122,,,3.8866633243809887,1.2955544414603297,5.3754547211239885,1.7918182403746628,,,,,disabled_plastic_zone_only,generalized_hoek_brown,166.2484927123971,plastic_estimate,False,True,,1.672536001078484,29.0,True,2.39722309611963,83.0,False,Interbedded_ST: segment_p95_plastic_zone_ratio_to_radius too large; Fault: segment_p95_plastic_zone_ratio_to_radius too large,Interbedded_ST; Fault,1077.0,SH_ST,0.8538352282875561,,,0.0,0.165268850117335,5.119480686784751,"All-results row format: one parameter_set_id x formation row; main metrics are segment_p95 values within that formation. Displacement is CCM hydrostatic-equivalent estimate, not directional K0 crown/wall solution."
P0058,SS_NC,SS_NC,SS_NC,False,min_max_sweep_100_lhs,2317160645.454546,2.317160645454546,316929.3909090909,0.3169293909090909,41.40808080808081,24453059.999999996,24.453059999999997,19.070707070707073,45.0,0.5,1.3897249884381988,0.0006533919798673806,0.5080857390944207,,0.26454545454545453,2582.121212121212,,,,,,,,,,,,,,,,,,,,,,generalized_hoek_brown,,,,,,,,True,2.39722309611963,83.0,False,Interbedded_ST: segment_p95_plastic_zone_ratio_to_radius too large; Fault: segment_p95_plastic_zone_ratio_to_radius too large,Interbedded_ST; Fault,,,,,,,,,"All-results row format: one parameter_set_id x formation row; main metrics are segment_p95 values within that formation. Displacement is CCM hydrostatic-equivalent estimate, not directional K0 crown/wall solution."
P0058,SS_NK,SS_NK,SS_NK,False,min_max_sweep_100_lhs,461364300.0,0.4613643,109901.72727272726,0.10990172727272726,24.133333333333333,268645.36363636365,0.26864536363636365,19.373737373737374,44.494949494949495,0.5,1.3782585227432576,0.0006108412816694321,0.5083698845559768,,0.38,2390.0,,,,,,,,,,,,,,,,,,,,,,generalized_hoek_brown,,,,,,,,True,2.39722309611963,83.0,False,Interbedded_ST: segment_p95_plastic_zone_ratio_to_radius too large; Fault: segment_p95_plastic_zone_ratio_to_radius too large,Interbedded_ST; Fault,,,,,,,,,"All-results row format: one parameter_set_id x formation row; main metrics are segment_p95 values within that formation. Displacement is CCM hydrostatic-equivalent estimate, not directional K0 crown/wall solution."
P0059,Fault,Fault,Fault,True,min_max_sweep_100_lhs,276767676.7676768,0.2767676767676768,23737.37373737374,0.023737373737373738,19.353535353535353,5909090.909090909,5.909090909090909,3.3333333333333335,26.666666666666668,0.5,0.10145999585089865,5.6697650936635075e-05,0.5279567802674544,,0.33535353535353535,2490.0,,6.149727520344921,9.149727520344921,segment_p95,segment_p95,246.0,,,6.149727520344921,2.0499091734483073,,,5.816562702212721,1.9388542340709074,6.179197087794168,2.059732362598056,,,,,disabled_plastic_zone_only,generalized_hoek_brown,358.5846471430174,plastic_estimate,True,False,segment_p95_plastic_zone_ratio_to_radius too large,1.9564353789239028,53.0,True,2.0982783357162598,7.0,False,Interbedded_ST: segment_p95_plastic_zone_ratio_to_radius too large; Fault: segment_p95_plastic_zone_ratio_to_radius too large,Interbedded_ST; Fault,1429.0,Fault,1.0249545867241536,,,0.0,0.21459034792368134,5.884949607423017,"All-results row format: one parameter_set_id x formation row; main metrics are segment_p95 values within that formation. Displacement is CCM hydrostatic-equivalent estimate, not directional K0 crown/wall solution."
P0059,Interbedded_ST,Interbedded_ST,Interbedded_ST,True,min_max_sweep_100_lhs,1794159818.1818182,1.7941598181818184,104322.90909090909,0.10432290909090909,20.845454545454547,1618650.0,1.61865,9.02020202020202,43.03030303030303,0.5,0.5984717346396236,0.0005024775498424193,0.509250132469866,,0.26565656565656565,2520.0,,6.626944783619832,9.626944783619832,segment_p95,segment_p95,924.0,,,6.626944783619832,2.208981594539944,,,6.318014311304964,2.1060047704349882,6.645709495122415,2.2152364983741384,,,,,disabled_plastic_zone_only,generalized_hoek_brown,559.7342794884166,plastic_estimate,True,False,segment_p95_plastic_zone_ratio_to_radius too large,2.0982783357162598,11.0,True,2.0982783357162598,7.0,False,Interbedded_ST: segment_p95_plastic_zone_ratio_to_radius too large; Fault: segment_p95_plastic_zone_ratio_to_radius too large,Interbedded_ST; Fault,767.0,Interbedded_ST,1.104490797269972,,,0.0,0.08121620242832366,6.329247138211824,"All-results row format: one parameter_set_id x formation row; main metrics are segment_p95 values within that formation. Displacement is CCM hydrostatic-equivalent estimate, not directional K0 crown/wall solution."
P0059,SH_ST,SH_ST,SH_ST,True,min_max_sweep_100_lhs,2964680100.0,2.9646801,121900.64545454546,0.12190064545454546,26.84929292929293,13407009.909090906,13.407009909090906,6.303030303030303,34.09090909090909,0.5,0.2732146250585129,0.00015257126068507308,0.5169596949434041,,0.38,2461.212121212121,,4.852805213133277,7.852805213133277,segment_p95,segment_p95,2261.0,,,4.852805213133277,1.6176017377110925,,,3.6211594689314626,1.2070531563104876,5.105248564531928,1.7017495215106428,,,,,disabled_plastic_zone_only,generalized_hoek_brown,128.30080221234934,plastic_estimate,False,True,,1.582394932710694,15.0,True,2.0982783357162598,7.0,False,Interbedded_ST: segment_p95_plastic_zone_ratio_to_radius too large; Fault: segment_p95_plastic_zone_ratio_to_radius too large,Interbedded_ST; Fault,1077.0,SH_ST,0.8088008688555463,,,0.0,0.0673196612590552,4.8621414900304085,"All-results row format: one parameter_set_id x formation row; main metrics are segment_p95 values within that formation. Displacement is CCM hydrostatic-equivalent estimate, not directional K0 crown/wall solution."
P0059,SS_NC,SS_NC,SS_NC,False,min_max_sweep_100_lhs,2201429400.0000005,2.2014294000000003,61267.909090909096,0.061267909090909095,28.924141414141417,16700979.999999998,16.700979999999998,17.757575757575758,55.0,0.5,2.0833039797342714,0.0024787521766663585,0.5040481499008612,,0.24757575757575756,2521.5151515151515,,,,,,,,,,,,,,,,,,,,,,generalized_hoek_brown,,,,,,,,True,2.0982783357162598,7.0,False,Interbedded_ST: segment_p95_plastic_zone_ratio_to_radius too large; Fault: segment_p95_plastic_zone_ratio_to_radius too large,Interbedded_ST; Fault,,,,,,,,,"All-results row format: one parameter_set_id x formation row; main metrics are segment_p95 values within that formation. Displacement is CCM hydrostatic-equivalent estimate, not directional K0 crown/wall solution."
P0059,SS_NK,SS_NK,SS_NK,False,min_max_sweep_100_lhs,461364300.0,0.4613643,106057.0,0.106057,36.160606060606064,238145.18181818185,0.23814518181818184,12.909090909090908,45.90909090909091,0.5,0.9823321485986587,0.0007375909081038948,0.5075977755405124,,0.38,2390.0,,,,,,,,,,,,,,,,,,,,,,generalized_hoek_brown,,,,,,,,True,2.0982783357162598,7.0,False,Interbedded_ST: segment_p95_plastic_zone_ratio_to_radius too large; Fault: segment_p95_plastic_zone_ratio_to_radius too large,Interbedded_ST; Fault,,,,,,,,,"All-results row format: one parameter_set_id x formation row; main metrics are segment_p95 values within that formation. Displacement is CCM hydrostatic-equivalent estimate, not directional K0 crown/wall solution."
P0060,Fault,Fault,Fault,True,min_max_sweep_100_lhs,600000000.0,0.6,26464.646464646466,0.026464646464646465,18.585858585858585,5505050.5050505055,5.505050505050505,5.636363636363637,23.333333333333336,0.5,0.14637923300917954,3.6353421850617646e-05,0.5349665756649584,,0.31616161616161614,2490.0,,6.54571317693332,9.545713176933319,segment_p95,segment_p95,246.0,,,6.54571317693332,2.1819043923111066,,,6.212548358801119,2.070849452933707,6.575182744382566,2.1917275814608552,,,,,disabled_plastic_zone_only,generalized_hoek_brown,523.307741134508,plastic_estimate,True,False,segment_p95_plastic_zone_ratio_to_radius too large,2.0835959318265544,79.0,True,2.406017231175654,86.0,False,SH_ST: segment_p95_plastic_zone_ratio_to_radius too large; Interbedded_ST: segment_p95_plastic_zone_ratio_to_radius too large; Fault: segment_p95_plastic_zone_ratio_to_radius too large,SH_ST; Interbedded_ST; Fault,1429.0,Fault,1.0909521961555533,,,0.0,0.25932047750229564,6.262078804173873,"All-results row format: one parameter_set_id x formation row; main metrics are segment_p95 values within that formation. Displacement is CCM hydrostatic-equivalent estimate, not directional K0 crown/wall solution."
P0060,Interbedded_ST,Interbedded_ST,Interbedded_ST,True,min_max_sweep_100_lhs,2041686927.2727275,2.0416869272727274,70136.54545454546,0.07013654545454545,19.996969696969696,1618650.0,1.61865,9.070707070707071,31.060606060606062,0.5,0.34035092385665466,0.00010185918966502047,0.5208039928616001,,0.28484848484848485,2520.0,,7.591836809691071,10.59183680969107,segment_p95,segment_p95,924.0,,,7.591836809691071,2.530612269897024,,,7.282906337376205,2.4276354457920677,7.6106015211936535,2.536867173731218,,,,,disabled_plastic_zone_only,generalized_hoek_brown,1404.5611892118638,plastic_estimate,True,False,segment_p95_plastic_zone_ratio_to_radius too large,2.406017231175654,93.0,True,2.406017231175654,86.0,False,SH_ST: segment_p95_plastic_zone_ratio_to_radius too large; Interbedded_ST: segment_p95_plastic_zone_ratio_to_radius too large; Fault: segment_p95_plastic_zone_ratio_to_radius too large,SH_ST; Interbedded_ST; Fault,767.0,Interbedded_ST,1.265306134948512,,,0.0,0.14798489950005106,7.248191924946338,"All-results row format: one parameter_set_id x formation row; main metrics are segment_p95 values within that formation. Displacement is CCM hydrostatic-equivalent estimate, not directional K0 crown/wall solution."
P0060,SH_ST,SH_ST,SH_ST,True,min_max_sweep_100_lhs,2964680100.0,2.9646801,36810.29090909091,0.03681029090909091,24.066565656565658,1211059.3636363633,1.2110593636363634,6.94949494949495,36.96969696969697,0.5,0.3454960689683354,0.00022396060232850382,0.513961044585773,,0.38,2504.1414141414143,,7.160646862083832,10.160646862083832,segment_p95,segment_p95,2261.0,,,7.160646862083832,2.3868822873612774,,,5.893754875052013,1.9645849583506705,7.4130902134824845,2.471030071160828,,,,,disabled_plastic_zone_only,generalized_hoek_brown,1163.5452164075284,plastic_estimate,True,False,segment_p95_plastic_zone_ratio_to_radius too large,2.3142513929797586,91.0,True,2.406017231175654,86.0,False,SH_ST: segment_p95_plastic_zone_ratio_to_radius too large; Interbedded_ST: segment_p95_plastic_zone_ratio_to_radius too large; Fault: segment_p95_plastic_zone_ratio_to_radius too large,SH_ST; Interbedded_ST; Fault,1077.0,SH_ST,1.1934411436806387,,,0.0,0.1430670339761249,7.0600859176023665,"All-results row format: one parameter_set_id x formation row; main metrics are segment_p95 values within that formation. Displacement is CCM hydrostatic-equivalent estimate, not directional K0 crown/wall solution."
P0060,SS_NC,SS_NC,SS_NC,False,min_max_sweep_100_lhs,1352733600.0000002,1.3527336000000003,407927.5454545454,0.4079275454545454,21.88191919191919,37742340.0,37.74234,18.363636363636363,44.24242424242424,0.5,1.2907839790570685,0.0005906166281701632,0.5085155855030736,,0.22777777777777775,2570.0,,,,,,,,,,,,,,,,,,,,,,generalized_hoek_brown,,,,,,,,True,2.406017231175654,86.0,False,SH_ST: segment_p95_plastic_zone_ratio_to_radius too large; Interbedded_ST: segment_p95_plastic_zone_ratio_to_radius too large; Fault: segment_p95_plastic_zone_ratio_to_radius too large,SH_ST; Interbedded_ST; Fault,,,,,,,,,"All-results row format: one parameter_set_id x formation row; main metrics are segment_p95 values within that formation. Displacement is CCM hydrostatic-equivalent estimate, not directional K0 crown/wall solution."
P0060,SS_NK,SS_NK,SS_NK,False,min_max_sweep_100_lhs,461364300.0,0.4613643,132970.0909090909,0.1329700909090909,34.972727272727276,215552.45454545456,0.21555245454545455,19.17171717171717,45.101010101010104,0.5,1.4038219969932564,0.0006622513973137264,0.508030049071088,,0.38,2390.0,,,,,,,,,,,,,,,,,,,,,,generalized_hoek_brown,,,,,,,,True,2.406017231175654,86.0,False,SH_ST: segment_p95_plastic_zone_ratio_to_radius too large; Interbedded_ST: segment_p95_plastic_zone_ratio_to_radius too large; Fault: segment_p95_plastic_zone_ratio_to_radius too large,SH_ST; Interbedded_ST; Fault,,,,,,,,,"All-results row format: one parameter_set_id x formation row; main metrics are segment_p95 values within that formation. Displacement is CCM hydrostatic-equivalent estimate, not directional K0 crown/wall solution."
P0061,Fault,Fault,Fault,True,min_max_sweep_100_lhs,381818181.8181818,0.38181818181818183,28686.868686868685,0.028686868686868684,17.050505050505052,13686868.686868686,13.686868686868687,5.151515151515151,30.0,0.5,0.1837751172434214,8.842698865988302e-05,0.5223437749058788,,0.3015151515151515,2490.0,,4.966398106623961,7.966398106623961,segment_p95,segment_p95,246.0,,,4.966398106623961,1.6554660355413204,,,4.633233288491762,1.5444110961639201,4.995867674073207,1.6652892246910689,,,,,disabled_plastic_zone_only,generalized_hoek_brown,115.50908041014618,plastic_estimate,False,True,,1.588991912303882,1.0,True,2.240456126068433,39.0,False,Interbedded_ST: segment_p95_plastic_zone_ratio_to_radius too large,Interbedded_ST,1429.0,Fault,0.8277330177706602,,,0.0,0.3319661259055199,4.7579692134030545,"All-results row format: one parameter_set_id x formation row; main metrics are segment_p95 values within that formation. Displacement is CCM hydrostatic-equivalent estimate, not directional K0 crown/wall solution."
P0061,Interbedded_ST,Interbedded_ST,Interbedded_ST,True,min_max_sweep_100_lhs,1711650781.8181818,1.7116507818181816,116857.9090909091,0.11685790909090911,19.956565656565658,1618650.0,1.61865,11.191919191919192,37.42424242424242,0.5,0.5685841460267733,0.0002379537232239292,0.5135379973638442,,0.3424242424242424,2520.0,,7.064193273674943,10.064193273674942,segment_p95,segment_p95,924.0,,,7.064193273674943,2.354731091224981,,,6.755262801360075,2.2517542671200252,7.082957985177525,2.360985995059175,,,,,disabled_plastic_zone_only,generalized_hoek_brown,849.3723153128932,plastic_estimate,True,False,segment_p95_plastic_zone_ratio_to_radius too large,2.240456126068433,50.0,True,2.240456126068433,39.0,False,Interbedded_ST: segment_p95_plastic_zone_ratio_to_radius too large,Interbedded_ST,767.0,Interbedded_ST,1.1773655456124905,,,0.0,0.16594225079073568,6.745674271597643,"All-results row format: one parameter_set_id x formation row; main metrics are segment_p95 values within that formation. Displacement is CCM hydrostatic-equivalent estimate, not directional K0 crown/wall solution."
P0061,SH_ST,SH_ST,SH_ST,True,min_max_sweep_100_lhs,2964680100.0,2.9646801,58577.590909090904,0.058577590909090906,15.1,15884312.363636361,15.884312363636361,5.818181818181818,26.515151515151516,0.5,0.17582067617722424,5.556373609659349e-05,0.5282427563606605,,0.38,2514.4444444444443,,5.3616103897978284,8.361610389797828,segment_p95,segment_p95,2261.0,,,5.3616103897978284,1.7872034632659428,,,4.1212971367439515,1.3737657122479836,5.61405374119648,1.8713512470654934,,,,,disabled_plastic_zone_only,generalized_hoek_brown,208.91818273101987,plastic_estimate,False,True,,1.7523221361021917,49.0,True,2.240456126068433,39.0,False,Interbedded_ST: segment_p95_plastic_zone_ratio_to_radius too large,Interbedded_ST,1077.0,SH_ST,0.8936017316329714,,,0.0,0.25554535251504945,5.346717848758553,"All-results row format: one parameter_set_id x formation row; main metrics are segment_p95 values within that formation. Displacement is CCM hydrostatic-equivalent estimate, not directional K0 crown/wall solution."
P0061,SS_NC,SS_NC,SS_NC,False,min_max_sweep_100_lhs,966962781.8181821,0.9669627818181821,56934.663636363635,0.05693466363636363,44.2889898989899,34420020.0,34.42002,19.373737373737374,48.63636363636364,0.5,1.6787189275753032,0.0010610621455081756,0.5062994055851439,,0.22070707070707068,2546.969696969697,,,,,,,,,,,,,,,,,,,,,,generalized_hoek_brown,,,,,,,,True,2.240456126068433,39.0,False,Interbedded_ST: segment_p95_plastic_zone_ratio_to_radius too large,Interbedded_ST,,,,,,,,,"All-results row format: one parameter_set_id x formation row; main metrics are segment_p95 values within that formation. Displacement is CCM hydrostatic-equivalent estimate, not directional K0 crown/wall solution."
P0061,SS_NK,SS_NK,SS_NK,False,min_max_sweep_100_lhs,461364300.0,0.4613643,250234.27272727274,0.2502342727272727,37.051515151515154,305923.36363636365,0.30592336363636363,16.949494949494948,37.42424242424242,0.5,0.8610868204268282,0.0002379537232239292,0.5135379973638442,,0.38,2390.0,,,,,,,,,,,,,,,,,,,,,,generalized_hoek_brown,,,,,,,,True,2.240456126068433,39.0,False,Interbedded_ST: segment_p95_plastic_zone_ratio_to_radius too large,Interbedded_ST,,,,,,,,,"All-results row format: one parameter_set_id x formation row; main metrics are segment_p95 values within that formation. Displacement is CCM hydrostatic-equivalent estimate, not directional K0 crown/wall solution."
P0062,Fault,Fault,Fault,True,min_max_sweep_100_lhs,288888888.8888889,0.2888888888888889,24848.484848484848,0.02484848484848485,17.414141414141415,8232323.232323232,8.232323232323232,3.121212121212121,17.424242424242426,0.5,0.06117861947930752,1.6533845920913913e-05,0.55195121865627,,0.35,2490.0,,6.7621067671795085,9.762106767179509,segment_p95,segment_p95,246.0,,,6.7621067671795085,2.2540355890598365,,,6.42894194904731,2.1429806496824364,6.791576334628756,2.263858778209585,,,,,disabled_plastic_zone_only,generalized_hoek_brown,643.3022431969007,plastic_estimate,True,False,segment_p95_plastic_zone_ratio_to_radius too large,2.1528506116418753,88.0,True,2.3246656515253434,65.0,False,SH_ST: segment_p95_plastic_zone_ratio_to_radius too large; Interbedded_ST: segment_p95_plastic_zone_ratio_to_radius too large; Fault: segment_p95_plastic_zone_ratio_to_radius too large,SH_ST; Interbedded_ST; Fault,1429.0,Fault,1.1270177945299182,,,0.0,0.2790735639220488,6.468167937741672,"All-results row format: one parameter_set_id x formation row; main metrics are segment_p95 values within that formation. Displacement is CCM hydrostatic-equivalent estimate, not directional K0 crown/wall solution."
P0062,Interbedded_ST,Interbedded_ST,Interbedded_ST,True,min_max_sweep_100_lhs,1832987600.0,1.8329876,58741.09090909091,0.05874109090909091,22.017171717171717,1618650.0,1.61865,9.323232323232324,36.81818181818182,0.5,0.46017490924135257,0.00021948154109105087,0.5141049332060894,,0.2598989898989899,2520.0,,7.112780999886159,10.112780999886159,segment_p95,segment_p95,924.0,,,7.112780999886159,2.370926999962053,,,6.803850527571291,2.267950175857097,7.131545711388741,2.377181903796247,,,,,disabled_plastic_zone_only,generalized_hoek_brown,889.6471172575932,plastic_estimate,True,False,segment_p95_plastic_zone_ratio_to_radius too large,2.2598901003370906,53.0,True,2.3246656515253434,65.0,False,SH_ST: segment_p95_plastic_zone_ratio_to_radius too large; Interbedded_ST: segment_p95_plastic_zone_ratio_to_radius too large; Fault: segment_p95_plastic_zone_ratio_to_radius too large,SH_ST; Interbedded_ST; Fault,767.0,Interbedded_ST,1.1854634999810265,,,0.0,0.24805632078359358,6.791948296560705,"All-results row format: one parameter_set_id x formation row; main metrics are segment_p95 values within that formation. Displacement is CCM hydrostatic-equivalent estimate, not directional K0 crown/wall solution."
P0062,SH_ST,SH_ST,SH_ST,True,min_max_sweep_100_lhs,2964680100.0,2.9646801,92217.96363636364,0.09221796363636364,20.047070707070706,3307238.3636363633,3.307238363636363,7.555555555555555,25.0,0.5,0.21242942921445537,4.5399929762484854e-05,0.531267161506037,,0.38,2576.2626262626263,,7.178599795005361,10.178599795005361,segment_p95,segment_p95,2261.0,,,7.178599795005361,2.3928665983351203,,,5.911461659844145,1.9704872199480485,7.431043146404011,2.4770143821346706,,,,,disabled_plastic_zone_only,generalized_hoek_brown,1183.6278444845027,plastic_estimate,True,False,segment_p95_plastic_zone_ratio_to_radius too large,2.3246656515253434,92.0,True,2.3246656515253434,65.0,False,SH_ST: segment_p95_plastic_zone_ratio_to_radius too large; Interbedded_ST: segment_p95_plastic_zone_ratio_to_radius too large; Fault: segment_p95_plastic_zone_ratio_to_radius too large,SH_ST; Interbedded_ST; Fault,1077.0,SH_ST,1.1964332991675601,,,0.0,0.23807774716865623,7.077183948956202,"All-results row format: one parameter_set_id x formation row; main metrics are segment_p95 values within that formation. Displacement is CCM hydrostatic-equivalent estimate, not directional K0 crown/wall solution."
P0062,SS_NC,SS_NC,SS_NC,False,min_max_sweep_100_lhs,2432891890.9090915,2.4328918909090915,390594.56363636366,0.39059456363636363,45.889494949494946,23345620.0,23.34562,13.313131313131313,46.06060606060606,0.5,1.0204138664116262,0.0007526432666264533,0.5075192849364456,,0.15707070707070706,2556.6666666666665,,,,,,,,,,,,,,,,,,,,,,generalized_hoek_brown,,,,,,,,True,2.3246656515253434,65.0,False,SH_ST: segment_p95_plastic_zone_ratio_to_radius too large; Interbedded_ST: segment_p95_plastic_zone_ratio_to_radius too large; Fault: segment_p95_plastic_zone_ratio_to_radius too large,SH_ST; Interbedded_ST; Fault,,,,,,,,,"All-results row format: one parameter_set_id x formation row; main metrics are segment_p95 values within that formation. Displacement is CCM hydrostatic-equivalent estimate, not directional K0 crown/wall solution."
P0062,SS_NK,SS_NK,SS_NK,False,min_max_sweep_100_lhs,461364300.0,0.4613643,207942.27272727274,0.20794227272727273,33.48787878787879,197478.27272727274,0.19747827272727272,16.848484848484848,47.72727272727273,0.5,1.3980567596656095,0.0009399376922881779,0.5067062466221293,,0.38,2390.0,,,,,,,,,,,,,,,,,,,,,,generalized_hoek_brown,,,,,,,,True,2.3246656515253434,65.0,False,SH_ST: segment_p95_plastic_zone_ratio_to_radius too large; Interbedded_ST: segment_p95_plastic_zone_ratio_to_radius too large; Fault: segment_p95_plastic_zone_ratio_to_radius too large,SH_ST; Interbedded_ST; Fault,,,,,,,,,"All-results row format: one parameter_set_id x formation row; main metrics are segment_p95 values within that formation. Displacement is CCM hydrostatic-equivalent estimate, not directional K0 crown/wall solution."
P0063,Fault,Fault,Fault,True,min_max_sweep_100_lhs,361616161.6161616,0.36161616161616156,25050.505050505053,0.025050505050505052,16.161616161616163,5101010.101010101,5.101010101010101,3.8181818181818183,23.18181818181818,0.5,0.09844725932535404,3.562637789303329e-05,0.5353237165855204,,0.3196969696969697,2490.0,,6.640940574701899,9.640940574701899,segment_p95,segment_p95,246.0,,,6.640940574701899,2.2136468582339663,,,6.3077757565697,2.1025919188565663,6.670410142151145,2.223470047383715,,,,,disabled_plastic_zone_only,generalized_hoek_brown,573.0816100228764,plastic_estimate,True,False,segment_p95_plastic_zone_ratio_to_radius too large,2.1099403266241468,84.0,True,2.1731747530765184,23.0,False,Interbedded_ST: segment_p95_plastic_zone_ratio_to_radius too large; Fault: segment_p95_plastic_zone_ratio_to_radius too large,Interbedded_ST; Fault,1429.0,Fault,1.1068234291169832,,,0.0,0.18536883991429448,6.352771563953472,"All-results row format: one parameter_set_id x formation row; main metrics are segment_p95 values within that formation. Displacement is CCM hydrostatic-equivalent estimate, not directional K0 crown/wall solution."
P0063,Interbedded_ST,Interbedded_ST,Interbedded_ST,True,min_max_sweep_100_lhs,1740771618.1818182,1.7407716181818182,124834.72727272728,0.12483472727272728,20.27979797979798,1618650.0,1.61865,7.303030303030303,40.45454545454545,0.5,0.42860974324695683,0.00035642242645338184,0.5110228068140821,,0.21191919191919192,2520.0,,6.825361125695142,9.825361125695142,segment_p95,segment_p95,924.0,,,6.825361125695142,2.2751203752317144,,,6.516430653380276,2.1721435511267586,6.8441258371977245,2.2813752790659083,,,,,disabled_plastic_zone_only,generalized_hoek_brown,676.3682595827324,plastic_estimate,True,False,segment_p95_plastic_zone_ratio_to_radius too large,2.1731747530765184,30.0,True,2.1731747530765184,23.0,False,Interbedded_ST: segment_p95_plastic_zone_ratio_to_radius too large; Fault: segment_p95_plastic_zone_ratio_to_radius too large,Interbedded_ST; Fault,767.0,Interbedded_ST,1.1375601876158572,,,0.0,0.32723191511070304,6.518215083045453,"All-results row format: one parameter_set_id x formation row; main metrics are segment_p95 values within that formation. Displacement is CCM hydrostatic-equivalent estimate, not directional K0 crown/wall solution."
P0063,SH_ST,SH_ST,SH_ST,True,min_max_sweep_100_lhs,2964680100.0,2.9646801,104091.03636363636,0.10409103636363636,37.05262626262626,18171053.09090909,18.17105309090909,6.222222222222222,35.45454545454545,0.5,0.28780677038316815,0.00018299337534830135,0.5154674777731223,,0.38,2420.0,,4.403643201387853,7.403643201387853,segment_p95,segment_p95,2261.0,,,4.403643201387853,1.4678810671292843,,,3.1805086454262224,1.0601695484754075,4.656086552786504,1.5520288509288347,,,,,disabled_plastic_zone_only,generalized_hoek_brown,83.29884345434888,plastic_estimate,False,True,,1.4492410790665105,5.0,True,2.1731747530765184,23.0,False,Interbedded_ST: segment_p95_plastic_zone_ratio_to_radius too large; Fault: segment_p95_plastic_zone_ratio_to_radius too large,Interbedded_ST; Fault,1077.0,SH_ST,0.7339405335646422,,,0.0,0.23824099581675343,4.434368145510956,"All-results row format: one parameter_set_id x formation row; main metrics are segment_p95 values within that formation. Displacement is CCM hydrostatic-equivalent estimate, not directional K0 crown/wall solution."
P0063,SS_NC,SS_NC,SS_NC,False,min_max_sweep_100_lhs,3628781427.2727284,3.6287814272727283,22268.7,0.022268700000000002,25.082929292929293,42172100.0,42.1721,15.636363636363637,47.121212121212125,0.5,1.260567083492162,0.0008669709825840166,0.5069914998935969,,0.273030303030303,2595.4545454545455,,,,,,,,,,,,,,,,,,,,,,generalized_hoek_brown,,,,,,,,True,2.1731747530765184,23.0,False,Interbedded_ST: segment_p95_plastic_zone_ratio_to_radius too large; Fault: segment_p95_plastic_zone_ratio_to_radius too large,Interbedded_ST; Fault,,,,,,,,,"All-results row format: one parameter_set_id x formation row; main metrics are segment_p95 values within that formation. Displacement is CCM hydrostatic-equivalent estimate, not directional K0 crown/wall solution."
P0063,SS_NK,SS_NK,SS_NK,False,min_max_sweep_100_lhs,461364300.0,0.4613643,150271.36363636362,0.15027136363636362,26.212121212121215,242663.7272727273,0.24266372727272728,15.434343434343434,46.91919191919192,0.5,1.232368086421867,0.0008439299390306532,0.5070891744143292,,0.38,2390.0,,,,,,,,,,,,,,,,,,,,,,generalized_hoek_brown,,,,,,,,True,2.1731747530765184,23.0,False,Interbedded_ST: segment_p95_plastic_zone_ratio_to_radius too large; Fault: segment_p95_plastic_zone_ratio_to_radius too large,Interbedded_ST; Fault,,,,,,,,,"All-results row format: one parameter_set_id x formation row; main metrics are segment_p95 values within that formation. Displacement is CCM hydrostatic-equivalent estimate, not directional K0 crown/wall solution."
P0064,Fault,Fault,Fault,True,min_max_sweep_100_lhs,482828282.82828283,0.48282828282828283,26363.636363636364,0.026363636363636363,17.858585858585858,12373737.373737374,12.373737373737374,3.303030303030303,18.636363636363637,0.5,0.06858931230465391,1.9434031095633268e-05,0.5479018160502376,,0.3141414141414141,2490.0,,6.194432530770323,9.194432530770323,segment_p95,segment_p95,246.0,,,6.194432530770323,2.0648108435901076,,,5.8612677126381225,1.9537559042127077,6.223902098219568,2.0746340327398562,,,,,disabled_plastic_zone_only,generalized_hoek_brown,374.2249856610705,plastic_estimate,True,False,segment_p95_plastic_zone_ratio_to_radius too large,1.9642046977619378,57.0,True,2.2732286006029505,44.0,False,Interbedded_ST: segment_p95_plastic_zone_ratio_to_radius too large; Fault: segment_p95_plastic_zone_ratio_to_radius too large,Interbedded_ST; Fault,1429.0,Fault,1.0324054217950538,,,0.0,0.08790939700030612,5.927525807828161,"All-results row format: one parameter_set_id x formation row; main metrics are segment_p95 values within that formation. Displacement is CCM hydrostatic-equivalent estimate, not directional K0 crown/wall solution."
P0064,Interbedded_ST,Interbedded_ST,Interbedded_ST,True,min_max_sweep_100_lhs,1760185509.090909,1.760185509090909,112299.72727272728,0.11229972727272727,21.774747474747475,1618650.0,1.61865,9.777777777777779,36.36363636363637,0.5,0.47227643703025024,0.00020657469644415653,0.5145454232524915,,0.23686868686868687,2520.0,,7.149421134230856,10.149421134230856,segment_p95,segment_p95,924.0,,,7.149421134230856,2.383140378076952,,,6.840490661915989,2.280163553971996,7.168185845733438,2.389395281911146,,,,,disabled_plastic_zone_only,generalized_hoek_brown,921.275201864488,plastic_estimate,True,False,segment_p95_plastic_zone_ratio_to_radius too large,2.2732286006029505,56.0,True,2.2732286006029505,44.0,False,Interbedded_ST: segment_p95_plastic_zone_ratio_to_radius too large; Fault: segment_p95_plastic_zone_ratio_to_radius too large,Interbedded_ST; Fault,767.0,Interbedded_ST,1.191570189038476,,,0.0,0.2836445260687685,6.826843662603275,"All-results row format: one parameter_set_id x formation row; main metrics are segment_p95 values within that formation. Displacement is CCM hydrostatic-equivalent estimate, not directional K0 crown/wall solution."
P0064,SH_ST,SH_ST,SH_ST,True,min_max_sweep_100_lhs,2964680100.0,2.9646801,96175.65454545454,0.09617565454545454,24.684949494949493,13978695.090909088,13.978695090909088,5.333333333333334,32.27272727272727,0.5,0.2120078892547868,0.0001197262070055988,0.5191725277436547,,0.38,2447.4747474747473,,4.955655061409377,7.955655061409377,segment_p95,segment_p95,2261.0,,,4.955655061409377,1.6518850204697926,,,3.722189771019574,1.2407299236731912,5.208098412808029,1.736032804269343,,,,,disabled_plastic_zone_only,generalized_hoek_brown,141.60716133843368,plastic_estimate,False,True,,1.6176250004859485,22.0,True,2.2732286006029505,44.0,False,Interbedded_ST: segment_p95_plastic_zone_ratio_to_radius too large; Fault: segment_p95_plastic_zone_ratio_to_radius too large,Interbedded_ST; Fault,1077.0,SH_ST,0.8259425102348963,,,0.0,0.1229874502601775,4.960093726483837,"All-results row format: one parameter_set_id x formation row; main metrics are segment_p95 values within that formation. Displacement is CCM hydrostatic-equivalent estimate, not directional K0 crown/wall solution."
P0064,SS_NC,SS_NC,SS_NC,False,min_max_sweep_100_lhs,3705935590.9090915,3.7059355909090916,386261.3181818181,0.38626131818181814,43.32868686868687,7287739.999999999,7.287739999999999,14.02020202020202,42.42424242424242,0.5,0.903749145720396,0.00046347056691894967,0.5096402736876956,,0.22636363636363635,2526.3636363636365,,,,,,,,,,,,,,,,,,,,,,generalized_hoek_brown,,,,,,,,True,2.2732286006029505,44.0,False,Interbedded_ST: segment_p95_plastic_zone_ratio_to_radius too large; Fault: segment_p95_plastic_zone_ratio_to_radius too large,Interbedded_ST; Fault,,,,,,,,,"All-results row format: one parameter_set_id x formation row; main metrics are segment_p95 values within that formation. Displacement is CCM hydrostatic-equivalent estimate, not directional K0 crown/wall solution."
P0064,SS_NK,SS_NK,SS_NK,False,min_max_sweep_100_lhs,461364300.0,0.4613643,98367.54545454546,0.09836754545454546,25.32121212121212,196348.63636363635,0.19634863636363636,17.858585858585858,49.94949494949495,0.5,1.6472825811050584,0.0012640926670556547,0.5057536127402762,,0.38,2390.0,,,,,,,,,,,,,,,,,,,,,,generalized_hoek_brown,,,,,,,,True,2.2732286006029505,44.0,False,Interbedded_ST: segment_p95_plastic_zone_ratio_to_radius too large; Fault: segment_p95_plastic_zone_ratio_to_radius too large,Interbedded_ST; Fault,,,,,,,,,"All-results row format: one parameter_set_id x formation row; main metrics are segment_p95 values within that formation. Displacement is CCM hydrostatic-equivalent estimate, not directional K0 crown/wall solution."
P0065,Fault,Fault,Fault,True,min_max_sweep_100_lhs,329292929.2929293,0.3292929292929293,25959.59595959596,0.02595959595959596,19.11111111111111,8737373.737373738,8.737373737373737,5.121212121212121,18.78787878787879,0.5,0.10711495089053444,1.9830630349197808e-05,0.5474182631391479,,0.33585858585858586,2490.0,,6.542677467817314,9.542677467817313,segment_p95,segment_p95,246.0,,,6.542677467817314,2.180892489272438,,,6.209512649685115,2.069837549895038,6.572147035266562,2.1907156784221873,,,,,disabled_plastic_zone_only,generalized_hoek_brown,521.7940771720994,plastic_estimate,True,False,segment_p95_plastic_zone_ratio_to_radius too large,2.0762633781710504,78.0,True,2.1137132883376735,12.0,False,Interbedded_ST: segment_p95_plastic_zone_ratio_to_radius too large; Fault: segment_p95_plastic_zone_ratio_to_radius too large,Interbedded_ST; Fault,1429.0,Fault,1.090446244636219,,,0.0,0.13182328333843488,6.259187652634821,"All-results row format: one parameter_set_id x formation row; main metrics are segment_p95 values within that formation. Displacement is CCM hydrostatic-equivalent estimate, not directional K0 crown/wall solution."
P0065,Interbedded_ST,Interbedded_ST,Interbedded_ST,True,min_max_sweep_100_lhs,1687383418.1818182,1.6873834181818181,91787.90909090909,0.09178790909090909,20.4010101010101,1618650.0,1.61865,10.686868686868687,42.57575757575758,0.5,0.6938690866612826,0.0004729288249604585,0.509541255637717,,0.2503030303030303,2520.0,,6.661692064062789,9.66169206406279,segment_p95,segment_p95,924.0,,,6.661692064062789,2.2205640213542632,,,6.352761591747922,2.1175871972493074,6.680456775565371,2.226818925188457,,,,,disabled_plastic_zone_only,generalized_hoek_brown,578.600913337998,plastic_estimate,True,False,segment_p95_plastic_zone_ratio_to_radius too large,2.1137132883376735,17.0,True,2.1137132883376735,12.0,False,Interbedded_ST: segment_p95_plastic_zone_ratio_to_radius too large; Fault: segment_p95_plastic_zone_ratio_to_radius too large,Interbedded_ST; Fault,767.0,Interbedded_ST,1.1102820106771316,,,0.0,0.17067646158555247,6.362339786252735,"All-results row format: one parameter_set_id x formation row; main metrics are segment_p95 values within that formation. Displacement is CCM hydrostatic-equivalent estimate, not directional K0 crown/wall solution."
P0065,SH_ST,SH_ST,SH_ST,True,min_max_sweep_100_lhs,2964680100.0,2.9646801,123879.49090909092,0.12387949090909092,33.34232323232323,12263639.545454543,12.263639545454543,5.090909090909091,30.757575757575758,0.5,0.18828436496987552,9.782570018930283e-05,0.5212328780957032,,0.38,2452.626262626263,,5.225403649765384,8.225403649765383,segment_p95,segment_p95,2261.0,,,5.225403649765384,1.7418012165884613,,,3.987334725764901,1.329111575254967,5.477847001164035,1.8259490003880117,,,,,disabled_plastic_zone_only,generalized_hoek_brown,183.37968629526824,plastic_estimate,False,True,,1.7009693345597874,36.0,True,2.1137132883376735,12.0,False,Interbedded_ST: segment_p95_plastic_zone_ratio_to_radius too large; Fault: segment_p95_plastic_zone_ratio_to_radius too large,Interbedded_ST; Fault,1077.0,SH_ST,0.8709006082942307,,,0.0,0.08788899091929396,5.216997143965748,"All-results row format: one parameter_set_id x formation row; main metrics are segment_p95 values within that formation. Displacement is CCM hydrostatic-equivalent estimate, not directional K0 crown/wall solution."
P0065,SS_NC,SS_NC,SS_NC,False,min_max_sweep_100_lhs,504037800.0000001,0.5040378000000001,87267.38181818182,0.08726738181818182,34.6859595959596,8395180.0,8.39518,16.949494949494948,40.15151515151515,0.5,0.9805027653182934,0.0003423085687765509,0.5112520828643606,,0.24616161616161614,2551.818181818182,,,,,,,,,,,,,,,,,,,,,,generalized_hoek_brown,,,,,,,,True,2.1137132883376735,12.0,False,Interbedded_ST: segment_p95_plastic_zone_ratio_to_radius too large; Fault: segment_p95_plastic_zone_ratio_to_radius too large,Interbedded_ST; Fault,,,,,,,,,"All-results row format: one parameter_set_id x formation row; main metrics are segment_p95 values within that formation. Displacement is CCM hydrostatic-equivalent estimate, not directional K0 crown/wall solution."
P0065,SS_NK,SS_NK,SS_NK,False,min_max_sweep_100_lhs,461364300.0,0.4613643,165650.27272727274,0.16565027272727273,29.181818181818183,257349.00000000006,0.25734900000000005,14.929292929292929,53.58585858585859,0.5,1.637430166451982,0.0020527966653332134,0.5044693319435827,,0.38,2390.0,,,,,,,,,,,,,,,,,,,,,,generalized_hoek_brown,,,,,,,,True,2.1137132883376735,12.0,False,Interbedded_ST: segment_p95_plastic_zone_ratio_to_radius too large; Fault: segment_p95_plastic_zone_ratio_to_radius too large,Interbedded_ST; Fault,,,,,,,,,"All-results row format: one parameter_set_id x formation row; main metrics are segment_p95 values within that formation. Displacement is CCM hydrostatic-equivalent estimate, not directional K0 crown/wall solution."
P0066,Fault,Fault,Fault,True,min_max_sweep_100_lhs,454545454.5454545,0.4545454545454545,28080.80808080808,0.02808080808080808,18.505050505050505,14696969.696969697,14.696969696969697,3.5454545454545454,27.272727272727273,0.5,0.11107639292122097,6.14694842735143e-05,0.5268413295634181,,0.30707070707070705,2490.0,,5.136867072222042,8.136867072222042,segment_p95,segment_p95,246.0,,,5.136867072222042,1.712289024074014,,,4.803702254089843,1.601234084696614,5.166336639671288,1.7221122132237625,,,,,disabled_plastic_zone_only,generalized_hoek_brown,136.04654452817357,plastic_estimate,False,True,,1.6364939016458466,5.0,True,2.243219005205156,41.0,False,SH_ST: segment_p95_plastic_zone_ratio_to_radius too large; Interbedded_ST: segment_p95_plastic_zone_ratio_to_radius too large,SH_ST; Interbedded_ST,1429.0,Fault,0.856144512037007,,,0.0,0.20642791551882467,4.9203206092107505,"All-results row format: one parameter_set_id x formation row; main metrics are segment_p95 values within that formation. Displacement is CCM hydrostatic-equivalent estimate, not directional K0 crown/wall solution."
P0066,Interbedded_ST,Interbedded_ST,Interbedded_ST,True,min_max_sweep_100_lhs,1920350109.0909092,1.9203501090909092,75834.27272727272,0.07583427272727272,19.552525252525253,1618650.0,1.61865,8.717171717171716,38.03030303030303,0.5,0.4558264609523511,0.00025798057601865047,0.512993511432703,,0.3002020202020202,2520.0,,7.015896524744502,10.015896524744502,segment_p95,segment_p95,924.0,,,7.015896524744502,2.338632174914834,,,6.706966052429635,2.235655350809879,7.034661236247086,2.3448870787490286,,,,,disabled_plastic_zone_only,generalized_hoek_brown,811.1437592107692,plastic_estimate,True,False,segment_p95_plastic_zone_ratio_to_radius too large,2.21943248712843,44.0,True,2.243219005205156,41.0,False,SH_ST: segment_p95_plastic_zone_ratio_to_radius too large; Interbedded_ST: segment_p95_plastic_zone_ratio_to_radius too large,SH_ST; Interbedded_ST,767.0,Interbedded_ST,1.169316087457417,,,0.0,0.050198959289868374,6.699677367854368,"All-results row format: one parameter_set_id x formation row; main metrics are segment_p95 values within that formation. Displacement is CCM hydrostatic-equivalent estimate, not directional K0 crown/wall solution."
P0066,SH_ST,SH_ST,SH_ST,True,min_max_sweep_100_lhs,2964680100.0,2.9646801,179287.16363636364,0.17928716363636363,30.868787878787877,2544991.454545454,2.544991454545454,7.313131313131313,30.303030303030305,0.5,0.26468051696979816,9.207295620664066e-05,0.5218926724836206,,0.38,2512.7272727272725,,6.941567837276484,9.941567837276484,segment_p95,segment_p95,2261.0,,,6.941567837276484,2.313855945758828,,,5.677679587426897,1.8925598624756323,7.194011188675136,2.3980037295583787,,,,,disabled_plastic_zone_only,generalized_hoek_brown,944.2403438844434,plastic_estimate,True,False,segment_p95_plastic_zone_ratio_to_radius too large,2.243219005205156,88.0,True,2.243219005205156,41.0,False,SH_ST: segment_p95_plastic_zone_ratio_to_radius too large; Interbedded_ST: segment_p95_plastic_zone_ratio_to_radius too large,SH_ST; Interbedded_ST,1077.0,SH_ST,1.156927972879414,,,0.0,0.1047036016732987,6.851439227309654,"All-results row format: one parameter_set_id x formation row; main metrics are segment_p95 values within that formation. Displacement is CCM hydrostatic-equivalent estimate, not directional K0 crown/wall solution."
P0066,SS_NC,SS_NC,SS_NC,False,min_max_sweep_100_lhs,2008543990.9090912,2.008543990909091,299596.40909090906,0.29959640909090907,42.368383838383835,9502620.0,9.50262,12.404040404040405,51.66666666666667,0.5,1.2416423225673625,0.001589327283456532,0.5051083096722593,,0.22919191919191917,2565.151515151515,,,,,,,,,,,,,,,,,,,,,,generalized_hoek_brown,,,,,,,,True,2.243219005205156,41.0,False,SH_ST: segment_p95_plastic_zone_ratio_to_radius too large; Interbedded_ST: segment_p95_plastic_zone_ratio_to_radius too large,SH_ST; Interbedded_ST,,,,,,,,,"All-results row format: one parameter_set_id x formation row; main metrics are segment_p95 values within that formation. Displacement is CCM hydrostatic-equivalent estimate, not directional K0 crown/wall solution."
P0066,SS_NK,SS_NK,SS_NK,False,min_max_sweep_100_lhs,461364300.0,0.4613643,111824.0909090909,0.1118240909090909,27.54848484848485,232497.0,0.232497,17.555555555555557,45.303030303030305,0.5,1.297906849505651,0.0006803322386052529,0.5079197877874092,,0.38,2390.0,,,,,,,,,,,,,,,,,,,,,,generalized_hoek_brown,,,,,,,,True,2.243219005205156,41.0,False,SH_ST: segment_p95_plastic_zone_ratio_to_radius too large; Interbedded_ST: segment_p95_plastic_zone_ratio_to_radius too large,SH_ST; Interbedded_ST,,,,,,,,,"All-results row format: one parameter_set_id x formation row; main metrics are segment_p95 values within that formation. Displacement is CCM hydrostatic-equivalent estimate, not directional K0 crown/wall solution."
P0067,Fault,Fault,Fault,True,min_max_sweep_100_lhs,252525252.52525255,0.25252525252525254,25555.555555555555,0.025555555555555554,17.97979797979798,8030303.030303031,8.030303030303031,5.181818181818182,16.81818181818182,0.5,0.09867901530859291,1.5250334954705326e-05,0.5541019849593407,,0.3191919191919192,2490.0,,6.860073941528932,9.860073941528931,segment_p95,segment_p95,246.0,,,6.860073941528932,2.286691313842977,,,6.526909123396732,2.1756363744655776,6.889543508978178,2.296514502992726,,,,,disabled_plastic_zone_only,generalized_hoek_brown,706.3106834996892,plastic_estimate,True,False,segment_p95_plastic_zone_ratio_to_radius too large,2.1759046626238763,91.0,True,2.1759046626238763,24.0,False,Interbedded_ST: segment_p95_plastic_zone_ratio_to_radius too large; Fault: segment_p95_plastic_zone_ratio_to_radius too large,Interbedded_ST; Fault,1429.0,Fault,1.1433456569214886,,,0.0,0.1220283644526069,6.561470008550646,"All-results row format: one parameter_set_id x formation row; main metrics are segment_p95 values within that formation. Displacement is CCM hydrostatic-equivalent estimate, not directional K0 crown/wall solution."
P0067,Interbedded_ST,Interbedded_ST,Interbedded_ST,True,min_max_sweep_100_lhs,1900936218.1818182,1.9009362181818183,119137.0,0.119137,20.441414141414143,1618650.0,1.61865,8.212121212121213,42.42424242424242,0.5,0.5293573886676383,0.00046347056691894967,0.5096402736876956,,0.2311111111111111,2520.0,,6.67329866043372,9.67329866043372,segment_p95,segment_p95,924.0,,,6.67329866043372,2.22443288681124,,,6.364368188118853,2.1214560627062844,6.692063371936302,2.230687790645434,,,,,disabled_plastic_zone_only,generalized_hoek_brown,585.04330581717,plastic_estimate,True,False,segment_p95_plastic_zone_ratio_to_radius too large,2.1183217353041326,18.0,True,2.1759046626238763,24.0,False,Interbedded_ST: segment_p95_plastic_zone_ratio_to_radius too large; Fault: segment_p95_plastic_zone_ratio_to_radius too large,Interbedded_ST; Fault,767.0,Interbedded_ST,1.11221644340562,,,0.0,0.1896133047648199,6.373393687558384,"All-results row format: one parameter_set_id x formation row; main metrics are segment_p95 values within that formation. Displacement is CCM hydrostatic-equivalent estimate, not directional K0 crown/wall solution."
P0067,SH_ST,SH_ST,SH_ST,True,min_max_sweep_100_lhs,2964680100.0,2.9646801,129816.02727272728,0.12981602727272729,28.086060606060606,12454201.272727272,12.454201272727271,4.0,39.39393939393939,0.5,0.22319520651720479,0.0003094208972776129,0.5118459527685943,,0.38,2492.121212121212,,4.516122433239702,7.516122433239702,segment_p95,segment_p95,2261.0,,,4.516122433239702,1.505374144413234,,,3.2907510365640738,1.0969170121880243,4.768565784638353,1.5895219282127844,,,,,disabled_plastic_zone_only,generalized_hoek_brown,92.83061826321439,plastic_estimate,False,True,,1.4737226397570735,8.0,True,2.1759046626238763,24.0,False,Interbedded_ST: segment_p95_plastic_zone_ratio_to_radius too large; Fault: segment_p95_plastic_zone_ratio_to_radius too large,Interbedded_ST; Fault,1077.0,SH_ST,0.752687072206617,,,0.0,0.01818181818181818,4.541491223465099,"All-results row format: one parameter_set_id x formation row; main metrics are segment_p95 values within that formation. Displacement is CCM hydrostatic-equivalent estimate, not directional K0 crown/wall solution."
P0067,SS_NC,SS_NC,SS_NC,False,min_max_sweep_100_lhs,3551627263.636364,3.551627263636364,394927.8090909091,0.3949278090909091,37.56686868686869,52692780.0,52.69278,21.393939393939394,40.60606060606061,0.5,1.2646872365098307,0.0003636961036225436,0.5109098940763594,,0.2122222222222222,2514.242424242424,,,,,,,,,,,,,,,,,,,,,,generalized_hoek_brown,,,,,,,,True,2.1759046626238763,24.0,False,Interbedded_ST: segment_p95_plastic_zone_ratio_to_radius too large; Fault: segment_p95_plastic_zone_ratio_to_radius too large,Interbedded_ST; Fault,,,,,,,,,"All-results row format: one parameter_set_id x formation row; main metrics are segment_p95 values within that formation. Displacement is CCM hydrostatic-equivalent estimate, not directional K0 crown/wall solution."
P0067,SS_NK,SS_NK,SS_NK,False,min_max_sweep_100_lhs,461364300.0,0.4613643,81066.27272727272,0.08106627272727272,24.727272727272727,229108.09090909094,0.22910809090909093,16.646464646464647,46.717171717171716,0.5,1.3164257819072949,0.0008215012454851832,0.5071881733151881,,0.38,2390.0,,,,,,,,,,,,,,,,,,,,,,generalized_hoek_brown,,,,,,,,True,2.1759046626238763,24.0,False,Interbedded_ST: segment_p95_plastic_zone_ratio_to_radius too large; Fault: segment_p95_plastic_zone_ratio_to_radius too large,Interbedded_ST; Fault,,,,,,,,,"All-results row format: one parameter_set_id x formation row; main metrics are segment_p95 values within that formation. Displacement is CCM hydrostatic-equivalent estimate, not directional K0 crown/wall solution."
P0068,Fault,Fault,Fault,True,min_max_sweep_100_lhs,571717171.7171718,0.5717171717171717,21515.151515151516,0.021515151515151515,16.767676767676768,10959595.959595958,10.959595959595958,4.484848484848484,16.21212121212121,0.5,0.08297679591164446,1.4066462052638508e-05,0.5563414303439961,,0.3111111111111111,2490.0,,6.606815219499851,9.60681521949985,segment_p95,segment_p95,246.0,,,6.606815219499851,2.2022717398332836,,,6.273650401367651,2.0912168004558835,6.636284786949097,2.2120949289830323,,,,,disabled_plastic_zone_only,generalized_hoek_brown,554.7236985429412,plastic_estimate,True,False,segment_p95_plastic_zone_ratio_to_radius too large,2.1090184830466145,83.0,True,3.220019807898548,100.0,False,SH_ST: segment_p95_plastic_zone_ratio_to_radius too large; plastic zone reaches 4a check limit; Interbedded_ST: segment_p95_plastic_zone_ratio_to_radius too large; Fault: segment_p95_plastic_zone_ratio_to_radius too large,SH_ST; Interbedded_ST; Fault,1429.0,Fault,1.1011358699166418,,,0.0,0.3822467095194369,6.320271225665807,"All-results row format: one parameter_set_id x formation row; main metrics are segment_p95 values within that formation. Displacement is CCM hydrostatic-equivalent estimate, not directional K0 crown/wall solution."
P0068,Interbedded_ST,Interbedded_ST,Interbedded_ST,True,min_max_sweep_100_lhs,1823280654.5454547,1.8232806545454547,48485.181818181816,0.048485181818181816,19.431313131313132,1618650.0,1.61865,8.919191919191919,39.39393939393939,0.5,0.4976802205926561,0.0003094208972776129,0.5118459527685943,,0.33474747474747474,2520.0,,6.908224538442187,9.908224538442187,segment_p95,segment_p95,924.0,,,6.908224538442187,2.3027415128140625,,,6.59929406612732,2.1997646887091062,6.92698924994477,2.3089964166482564,,,,,disabled_plastic_zone_only,generalized_hoek_brown,731.9904103031635,plastic_estimate,True,False,segment_p95_plastic_zone_ratio_to_radius too large,2.19090888148281,38.0,True,3.220019807898548,100.0,False,SH_ST: segment_p95_plastic_zone_ratio_to_radius too large; plastic zone reaches 4a check limit; Interbedded_ST: segment_p95_plastic_zone_ratio_to_radius too large; Fault: segment_p95_plastic_zone_ratio_to_radius too large,SH_ST; Interbedded_ST; Fault,767.0,Interbedded_ST,1.1513707564070312,,,0.0,0.15908580757065607,6.597132618995018,"All-results row format: one parameter_set_id x formation row; main metrics are segment_p95 values within that formation. Displacement is CCM hydrostatic-equivalent estimate, not directional K0 crown/wall solution."
P0068,SH_ST,SH_ST,SH_ST,True,min_max_sweep_100_lhs,2964680100.0,2.9646801,183244.85454545452,0.18324485454545453,20.665454545454544,67689.0,0.067689,5.9393939393939394,30.90909090909091,0.5,0.22125570894643762,9.982207446099097e-05,0.5210173524443397,,0.38,2507.5757575757575,,9.0,12.0,segment_p95,segment_p95,2261.0,,,9.0,3.0,,,8.695133071483307,2.898377690494436,9.0,3.0,,,,,disabled_plastic_zone_only,generalized_hoek_brown,33727.860365094944,plastic_reaches_4a_estimate,True,False,segment_p95_plastic_zone_ratio_to_radius too large; plastic zone reaches 4a check limit,3.220019807898548,100.0,True,3.220019807898548,100.0,False,SH_ST: segment_p95_plastic_zone_ratio_to_radius too large; plastic zone reaches 4a check limit; Interbedded_ST: segment_p95_plastic_zone_ratio_to_radius too large; Fault: segment_p95_plastic_zone_ratio_to_radius too large,SH_ST; Interbedded_ST; Fault,1077.0,SH_ST,1.5,,,0.0,0.19595959595959603,10.426109140502838,"All-results row format: one parameter_set_id x formation row; main metrics are segment_p95 values within that formation. Displacement is CCM hydrostatic-equivalent estimate, not directional K0 crown/wall solution."
P0068,SS_NC,SS_NC,SS_NC,False,min_max_sweep_100_lhs,812654454.5454547,0.8126544545454547,325595.8818181818,0.3255958818181818,39.80757575757576,6180300.0,6.1803,22.0,53.03030303030303,0.5,2.349940988833458,0.0019062329486362532,0.504645969393103,,0.21929292929292926,2561.5151515151515,,,,,,,,,,,,,,,,,,,,,,generalized_hoek_brown,,,,,,,,True,3.220019807898548,100.0,False,SH_ST: segment_p95_plastic_zone_ratio_to_radius too large; plastic zone reaches 4a check limit; Interbedded_ST: segment_p95_plastic_zone_ratio_to_radius too large; Fault: segment_p95_plastic_zone_ratio_to_radius too large,SH_ST; Interbedded_ST; Fault,,,,,,,,,"All-results row format: one parameter_set_id x formation row; main metrics are segment_p95 values within that formation. Displacement is CCM hydrostatic-equivalent estimate, not directional K0 crown/wall solution."
P0068,SS_NK,SS_NK,SS_NK,False,min_max_sweep_100_lhs,461364300.0,0.4613643,73376.81818181818,0.07337681818181818,35.41818181818182,201996.8181818182,0.2019968181818182,17.656565656565657,44.898989898989896,0.5,1.2804993028522276,0.0006446510812762717,0.5081418054002682,,0.38,2390.0,,,,,,,,,,,,,,,,,,,,,,generalized_hoek_brown,,,,,,,,True,3.220019807898548,100.0,False,SH_ST: segment_p95_plastic_zone_ratio_to_radius too large; plastic zone reaches 4a check limit; Interbedded_ST: segment_p95_plastic_zone_ratio_to_radius too large; Fault: segment_p95_plastic_zone_ratio_to_radius too large,SH_ST; Interbedded_ST; Fault,,,,,,,,,"All-results row format: one parameter_set_id x formation row; main metrics are segment_p95 values within that formation. Displacement is CCM hydrostatic-equivalent estimate, not directional K0 crown/wall solution."
P0069,Fault,Fault,Fault,True,min_max_sweep_100_lhs,244444444.44444448,0.24444444444444446,21010.10101010101,0.02101010101010101,18.303030303030305,12575757.575757574,12.575757575757574,5.787878787878788,22.12121212121212,0.5,0.14188366156471818,3.092831706496307e-05,0.5379273121574687,,0.32121212121212117,2490.0,,5.801366118462614,8.801366118462614,segment_p95,segment_p95,246.0,,,5.801366118462614,1.9337887061542045,,,5.468201300330414,1.8227337667768044,5.83083568591186,1.9436118953039534,,,,,disabled_plastic_zone_only,generalized_hoek_brown,257.0560588608427,plastic_estimate,False,True,,1.8486823706716042,38.0,True,2.1912588767521863,31.0,False,Interbedded_ST: segment_p95_plastic_zone_ratio_to_radius too large,Interbedded_ST,1429.0,Fault,0.9668943530771023,,,0.0,0.25752474237322726,5.5531768437255815,"All-results row format: one parameter_set_id x formation row; main metrics are segment_p95 values within that formation. Displacement is CCM hydrostatic-equivalent estimate, not directional K0 crown/wall solution."
P0069,Interbedded_ST,Interbedded_ST,Interbedded_ST,True,min_max_sweep_100_lhs,1779599400.0000002,1.7795994000000002,81532.0,0.081532,21.451515151515153,1618650.0,1.61865,8.313131313131313,39.24242424242424,0.5,0.46052803637495937,0.000303232687687869,0.5119683685590383,,0.305959595959596,2520.0,,6.920123152966902,9.920123152966902,segment_p95,segment_p95,924.0,,,6.920123152966902,2.306707717655634,,,6.611192680652033,2.203730893550678,6.938887864469484,2.312962621489828,,,,,disabled_plastic_zone_only,generalized_hoek_brown,740.3439093633043,plastic_estimate,True,False,segment_p95_plastic_zone_ratio_to_radius too large,2.1912588767521863,39.0,True,2.1912588767521863,31.0,False,Interbedded_ST: segment_p95_plastic_zone_ratio_to_radius too large,Interbedded_ST,767.0,Interbedded_ST,1.153353858827817,,,0.0,0.09101112131415164,6.60846463282808,"All-results row format: one parameter_set_id x formation row; main metrics are segment_p95 values within that formation. Displacement is CCM hydrostatic-equivalent estimate, not directional K0 crown/wall solution."
P0069,SH_ST,SH_ST,SH_ST,True,min_max_sweep_100_lhs,2964680100.0,2.9646801,88260.27272727272,0.08826027272727271,19.428686868686867,17599367.90909091,17.599367909090912,5.97979797979798,38.484848484848484,0.5,0.3195293508164918,0.0002740992743583049,0.5125993436205171,,0.38,2553.939393939394,,4.25038746551137,7.25038746551137,segment_p95,segment_p95,2261.0,,,4.25038746551137,1.4167958218371233,,,3.030438795051469,1.0101462650171564,4.50283081691002,1.5009436056366734,,,,,disabled_plastic_zone_only,generalized_hoek_brown,71.85056598680528,plastic_estimate,False,True,,1.3978887682185852,2.0,True,2.1912588767521863,31.0,False,Interbedded_ST: segment_p95_plastic_zone_ratio_to_radius too large,Interbedded_ST,1077.0,SH_ST,0.7083979109185616,,,0.0,0.17816549331700848,4.288410301819067,"All-results row format: one parameter_set_id x formation row; main metrics are segment_p95 values within that formation. Displacement is CCM hydrostatic-equivalent estimate, not directional K0 crown/wall solution."
P0069,SS_NC,SS_NC,SS_NC,False,min_max_sweep_100_lhs,3088702281.8181825,3.0887022818181826,442593.50909090904,0.44259350909090905,32.44525252525253,22791900.0,22.7919,21.8989898989899,40.303030303030305,0.5,1.275996790595446,0.0003492942179297028,0.5111368658642191,,0.28858585858585856,2494.848484848485,,,,,,,,,,,,,,,,,,,,,,generalized_hoek_brown,,,,,,,,True,2.1912588767521863,31.0,False,Interbedded_ST: segment_p95_plastic_zone_ratio_to_radius too large,Interbedded_ST,,,,,,,,,"All-results row format: one parameter_set_id x formation row; main metrics are segment_p95 values within that formation. Displacement is CCM hydrostatic-equivalent estimate, not directional K0 crown/wall solution."
P0069,SS_NK,SS_NK,SS_NK,False,min_max_sweep_100_lhs,461364300.0,0.4613643,219476.4545454545,0.2194764545454545,25.024242424242424,250571.18181818182,0.25057118181818183,12.505050505050505,35.2020202020202,0.5,0.5715030365242342,0.00017693455496378807,0.5157336782816273,,0.38,2390.0,,,,,,,,,,,,,,,,,,,,,,generalized_hoek_brown,,,,,,,,True,2.1912588767521863,31.0,False,Interbedded_ST: segment_p95_plastic_zone_ratio_to_radius too large,Interbedded_ST,,,,,,,,,"All-results row format: one parameter_set_id x formation row; main metrics are segment_p95 values within that formation. Displacement is CCM hydrostatic-equivalent estimate, not directional K0 crown/wall solution."
P0070,Fault,Fault,Fault,True,min_max_sweep_100_lhs,248484848.4848485,0.2484848484848485,24141.41414141414,0.02414141414141414,17.292929292929294,5000000.0,5.0,4.363636363636363,18.181818181818183,0.5,0.0886731485144214,1.829119229940759e-05,0.5493821293910376,,0.32525252525252524,2490.0,,7.197700604853328,10.197700604853328,segment_p95,segment_p95,246.0,,,7.197700604853328,2.399233534951109,,,6.864535786721126,2.288178595573709,7.227170172302573,2.4090567241008576,,,,,disabled_plastic_zone_only,generalized_hoek_brown,974.5673622137676,plastic_estimate,True,False,segment_p95_plastic_zone_ratio_to_radius too large,2.283601388871348,96.0,True,2.283601388871348,52.0,False,Interbedded_ST: segment_p95_plastic_zone_ratio_to_radius too large; Fault: segment_p95_plastic_zone_ratio_to_radius too large,Interbedded_ST; Fault,1429.0,Fault,1.1996167674755545,,,0.0,0.14569941842669115,6.883019211716737,"All-results row format: one parameter_set_id x formation row; main metrics are segment_p95 values within that formation. Displacement is CCM hydrostatic-equivalent estimate, not directional K0 crown/wall solution."
P0070,Interbedded_ST,Interbedded_ST,Interbedded_ST,True,min_max_sweep_100_lhs,1813573709.0909092,1.8135737090909092,144207.0,0.144207,20.926262626262627,1618650.0,1.61865,9.222222222222221,45.0,0.5,0.6720439165487686,0.0006533919798673806,0.5080857390944207,,0.34818181818181815,2520.0,,6.477549372644788,9.477549372644788,segment_p95,segment_p95,924.0,,,6.477549372644788,2.1591831242149295,,,6.168618900329921,2.0562063001099737,6.49631408414737,2.1654380280491234,,,,,disabled_plastic_zone_only,generalized_hoek_brown,485.3681242242478,plastic_estimate,True,False,segment_p95_plastic_zone_ratio_to_radius too large,2.060501788123194,1.0,True,2.283601388871348,52.0,False,Interbedded_ST: segment_p95_plastic_zone_ratio_to_radius too large; Fault: segment_p95_plastic_zone_ratio_to_radius too large,Interbedded_ST; Fault,767.0,Interbedded_ST,1.0795915621074648,,,0.0,0.268299153147638,6.186965794426068,"All-results row format: one parameter_set_id x formation row; main metrics are segment_p95 values within that formation. Displacement is CCM hydrostatic-equivalent estimate, not directional K0 crown/wall solution."
P0070,SH_ST,SH_ST,SH_ST,True,min_max_sweep_100_lhs,2964680100.0,2.9646801,17021.83636363636,0.017021836363636363,41.69050505050505,18742738.272727273,18.742738272727273,6.464646464646465,29.545454545454547,0.5,0.22568162118468582,8.322694587016918e-05,0.5230377480784557,,0.38,2444.040404040404,,4.88259969137315,7.88259969137315,segment_p95,segment_p95,2261.0,,,4.88259969137315,1.6275332304577166,,,3.6504268445045525,1.216808948168184,5.135043042771801,1.711681014257267,,,,,disabled_plastic_zone_only,generalized_hoek_brown,132.02235324250685,plastic_estimate,False,True,,1.607833560878578,19.0,True,2.283601388871348,52.0,False,Interbedded_ST: segment_p95_plastic_zone_ratio_to_radius too large; Fault: segment_p95_plastic_zone_ratio_to_radius too large,Interbedded_ST; Fault,1077.0,SH_ST,0.8137666152288583,,,0.0,0.38810325476992147,4.890517183592191,"All-results row format: one parameter_set_id x formation row; main metrics are segment_p95 values within that formation. Displacement is CCM hydrostatic-equivalent estimate, not directional K0 crown/wall solution."
P0070,SS_NC,SS_NC,SS_NC,False,min_max_sweep_100_lhs,2895816872.7272735,2.8958168727272735,347262.10909090907,0.34726210909090904,18.68090909090909,50477900.0,50.4779,14.929292929292929,42.878787878787875,0.5,0.9834067415449284,0.0004924283372005971,0.5093461949799458,,0.2306060606060606,2523.939393939394,,,,,,,,,,,,,,,,,,,,,,generalized_hoek_brown,,,,,,,,True,2.283601388871348,52.0,False,Interbedded_ST: segment_p95_plastic_zone_ratio_to_radius too large; Fault: segment_p95_plastic_zone_ratio_to_radius too large,Interbedded_ST; Fault,,,,,,,,,"All-results row format: one parameter_set_id x formation row; main metrics are segment_p95 values within that formation. Displacement is CCM hydrostatic-equivalent estimate, not directional K0 crown/wall solution."
P0070,SS_NK,SS_NK,SS_NK,False,min_max_sweep_100_lhs,461364300.0,0.4613643,88755.72727272726,0.08875572727272726,24.43030303030303,253960.09090909094,0.25396009090909094,15.131313131313131,54.7979797979798,0.5,1.7581975438499078,0.0024128756502221444,0.504105915198524,,0.38,2390.0,,,,,,,,,,,,,,,,,,,,,,generalized_hoek_brown,,,,,,,,True,2.283601388871348,52.0,False,Interbedded_ST: segment_p95_plastic_zone_ratio_to_radius too large; Fault: segment_p95_plastic_zone_ratio_to_radius too large,Interbedded_ST; Fault,,,,,,,,,"All-results row format: one parameter_set_id x formation row; main metrics are segment_p95 values within that formation. Displacement is CCM hydrostatic-equivalent estimate, not directional K0 crown/wall solution."
P0071,Fault,Fault,Fault,True,min_max_sweep_100_lhs,430303030.3030303,0.4303030303030303,25454.545454545456,0.025454545454545455,16.525252525252526,7929292.929292929,7.929292929292929,3.5757575757575757,20.303030303030305,0.5,0.08038588064441207,2.427016775392515e-05,0.5428421231752298,,0.34494949494949495,2490.0,,6.477397892585207,9.477397892585207,segment_p95,segment_p95,246.0,,,6.477397892585207,2.159132630861736,,,6.144233074453008,2.0480776914843357,6.506867460034453,2.1689558200114845,,,,,disabled_plastic_zone_only,generalized_hoek_brown,490.28117837731776,plastic_estimate,True,False,segment_p95_plastic_zone_ratio_to_radius too large,2.0611951931990093,74.0,True,2.3680571669572084,76.0,False,Interbedded_ST: segment_p95_plastic_zone_ratio_to_radius too large; Fault: segment_p95_plastic_zone_ratio_to_radius too large,Interbedded_ST; Fault,1429.0,Fault,1.079566315430868,,,0.0,0.24234261810019397,6.197016628604242,"All-results row format: one parameter_set_id x formation row; main metrics are segment_p95 values within that formation. Displacement is CCM hydrostatic-equivalent estimate, not directional K0 crown/wall solution."
P0071,Interbedded_ST,Interbedded_ST,Interbedded_ST,True,min_max_sweep_100_lhs,1988298727.2727275,1.9882987272727275,90648.36363636363,0.09064836363636364,19.14848484848485,1618650.0,1.61865,9.171717171717171,32.42424242424242,0.5,0.36722935176620985,0.00012216951504070858,0.5189777089558295,,0.3117171717171717,2520.0,,7.475132840284719,10.475132840284719,segment_p95,segment_p95,924.0,,,7.475132840284719,2.491710946761573,,,7.166202367969852,2.3887341226566177,7.493897551787301,2.497965850595767,,,,,disabled_plastic_zone_only,generalized_hoek_brown,1256.7067316854227,plastic_estimate,True,False,segment_p95_plastic_zone_ratio_to_radius too large,2.3680571669572084,83.0,True,2.3680571669572084,76.0,False,Interbedded_ST: segment_p95_plastic_zone_ratio_to_radius too large; Fault: segment_p95_plastic_zone_ratio_to_radius too large,Interbedded_ST; Fault,767.0,Interbedded_ST,1.2458554733807865,,,0.0,0.12513008876645243,7.137045287416478,"All-results row format: one parameter_set_id x formation row; main metrics are segment_p95 values within that formation. Displacement is CCM hydrostatic-equivalent estimate, not directional K0 crown/wall solution."
P0071,SH_ST,SH_ST,SH_ST,True,min_max_sweep_100_lhs,2964680100.0,2.9646801,74408.35454545455,0.07440835454545455,36.43424242424242,11691954.363636361,11.691954363636361,7.272727272727273,25.151515151515152,0.5,0.20595816726612126,4.632642710969407e-05,0.5309507896383611,,0.38,2478.3838383838383,,5.797418753275084,8.797418753275084,segment_p95,segment_p95,2261.0,,,5.797418753275084,1.932472917758361,,,4.550222645378872,1.5167408817929575,6.049862104673734,2.0166207015579114,,,,,disabled_plastic_zone_only,generalized_hoek_brown,316.91162425966877,plastic_estimate,False,True,,1.8808142978795068,66.0,True,2.3680571669572084,76.0,False,Interbedded_ST: segment_p95_plastic_zone_ratio_to_radius too large; Fault: segment_p95_plastic_zone_ratio_to_radius too large,Interbedded_ST; Fault,1077.0,SH_ST,0.9662364588791805,,,0.0,0.07564534231200896,5.761773433022604,"All-results row format: one parameter_set_id x formation row; main metrics are segment_p95 values within that formation. Displacement is CCM hydrostatic-equivalent estimate, not directional K0 crown/wall solution."
P0071,SS_NC,SS_NC,SS_NC,False,min_max_sweep_100_lhs,2972971036.363637,2.972971036363637,26601.94545454545,0.02660194545454545,22.842222222222222,48263020.00000001,48.263020000000004,15.333333333333334,46.96969696969697,0.5,1.2272508450999022,0.000849632146727552,0.5070646323196677,,0.21787878787878787,2513.030303030303,,,,,,,,,,,,,,,,,,,,,,generalized_hoek_brown,,,,,,,,True,2.3680571669572084,76.0,False,Interbedded_ST: segment_p95_plastic_zone_ratio_to_radius too large; Fault: segment_p95_plastic_zone_ratio_to_radius too large,Interbedded_ST; Fault,,,,,,,,,"All-results row format: one parameter_set_id x formation row; main metrics are segment_p95 values within that formation. Displacement is CCM hydrostatic-equivalent estimate, not directional K0 crown/wall solution."
P0071,SS_NK,SS_NK,SS_NK,False,min_max_sweep_100_lhs,461364300.0,0.4613643,127203.00000000001,0.127203,33.93333333333334,195219.0,0.195219,16.141414141414142,38.83838383838384,0.5,0.8771566903473756,0.000287329144356067,0.5123009208520575,,0.38,2390.0,,,,,,,,,,,,,,,,,,,,,,generalized_hoek_brown,,,,,,,,True,2.3680571669572084,76.0,False,Interbedded_ST: segment_p95_plastic_zone_ratio_to_radius too large; Fault: segment_p95_plastic_zone_ratio_to_radius too large,Interbedded_ST; Fault,,,,,,,,,"All-results row format: one parameter_set_id x formation row; main metrics are segment_p95 values within that formation. Displacement is CCM hydrostatic-equivalent estimate, not directional K0 crown/wall solution."
P0072,Fault,Fault,Fault,True,min_max_sweep_100_lhs,450505050.50505054,0.4505050505050505,27777.777777777777,0.027777777777777776,18.464646464646464,12676767.676767677,12.676767676767676,5.878787878787879,28.03030303030303,0.5,0.1909434764534429,6.800294152796305e-05,0.5255089242595299,,0.3404040404040404,2490.0,,5.222828813117834,8.222828813117834,segment_p95,segment_p95,246.0,,,5.222828813117834,1.7409429377059447,,,4.889663994985632,1.6298879983285441,5.25229838056708,1.750766126855693,,,,,disabled_plastic_zone_only,generalized_hoek_brown,147.7383815091102,plastic_estimate,False,True,,1.661351790414207,11.0,True,2.2336592502463772,37.0,False,SH_ST: segment_p95_plastic_zone_ratio_to_radius too large; Interbedded_ST: segment_p95_plastic_zone_ratio_to_radius too large,SH_ST; Interbedded_ST,1429.0,Fault,0.8704714688529723,,,0.0,0.16120803999591887,5.002188933873409,"All-results row format: one parameter_set_id x formation row; main metrics are segment_p95 values within that formation. Displacement is CCM hydrostatic-equivalent estimate, not directional K0 crown/wall solution."
P0072,Interbedded_ST,Interbedded_ST,Interbedded_ST,True,min_max_sweep_100_lhs,1677676472.7272727,1.6776764727272728,115718.36363636363,0.11571836363636363,20.885858585858585,1618650.0,1.61865,8.818181818181818,37.72727272727273,0.5,0.4545023205473242,0.0002477648856942644,0.5132630045628501,,0.31363636363636366,2520.0,,7.04000937594296,10.04000937594296,segment_p95,segment_p95,924.0,,,7.04000937594296,2.346669791980987,,,6.731078903628093,2.243692967876031,7.058774087445542,2.352924695815181,,,,,disabled_plastic_zone_only,generalized_hoek_brown,830.0101326009412,plastic_estimate,True,False,segment_p95_plastic_zone_ratio_to_radius too large,2.2336592502463772,48.0,True,2.2336592502463772,37.0,False,SH_ST: segment_p95_plastic_zone_ratio_to_radius too large; Interbedded_ST: segment_p95_plastic_zone_ratio_to_radius too large,SH_ST; Interbedded_ST,767.0,Interbedded_ST,1.1733348959904935,,,0.0,0.18259361289664322,6.7226419880433745,"All-results row format: one parameter_set_id x formation row; main metrics are segment_p95 values within that formation. Displacement is CCM hydrostatic-equivalent estimate, not directional K0 crown/wall solution."
P0072,SH_ST,SH_ST,SH_ST,True,min_max_sweep_100_lhs,2964680100.0,2.9646801,157519.86363636365,0.15751986363636364,25.303333333333335,3878923.545454545,3.878923545454545,7.070707070707071,35.303030303030305,0.5,0.32470194949623327,0.00017933363106421065,0.5156266600006871,,0.38,2469.7979797979797,,6.058892191539092,9.058892191539092,segment_p95,segment_p95,2261.0,,,6.058892191539092,2.0196307305130308,,,4.807681235045525,1.6025604116818417,6.311335542937743,2.103778514312581,,,,,disabled_plastic_zone_only,generalized_hoek_brown,406.8077062850924,plastic_estimate,True,False,segment_p95_plastic_zone_ratio_to_radius too large,1.9647966672238366,74.0,True,2.2336592502463772,37.0,False,SH_ST: segment_p95_plastic_zone_ratio_to_radius too large; Interbedded_ST: segment_p95_plastic_zone_ratio_to_radius too large,SH_ST; Interbedded_ST,1077.0,SH_ST,1.0098153652565154,,,0.0,0.10551984491378433,6.010795755178804,"All-results row format: one parameter_set_id x formation row; main metrics are segment_p95 values within that formation. Displacement is CCM hydrostatic-equivalent estimate, not directional K0 crown/wall solution."
P0072,SS_NC,SS_NC,SS_NC,False,min_max_sweep_100_lhs,928385700.0000002,0.9283857000000002,108933.6090909091,0.1089336090909091,32.76535353535354,2857980.0,2.85798,13.919191919191919,45.303030303030305,0.5,1.0290653847058613,0.0006803322386052529,0.5079197877874092,,0.2829292929292929,2499.6969696969695,,,,,,,,,,,,,,,,,,,,,,generalized_hoek_brown,,,,,,,,True,2.2336592502463772,37.0,False,SH_ST: segment_p95_plastic_zone_ratio_to_radius too large; Interbedded_ST: segment_p95_plastic_zone_ratio_to_radius too large,SH_ST; Interbedded_ST,,,,,,,,,"All-results row format: one parameter_set_id x formation row; main metrics are segment_p95 values within that formation. Displacement is CCM hydrostatic-equivalent estimate, not directional K0 crown/wall solution."
P0072,SS_NK,SS_NK,SS_NK,False,min_max_sweep_100_lhs,461364300.0,0.4613643,63765.0,0.063765,35.56666666666667,267515.7272727273,0.26751572727272727,18.161616161616163,45.505050505050505,0.5,1.3556930097524948,0.0006989067244902607,0.5078110015489238,,0.38,2390.0,,,,,,,,,,,,,,,,,,,,,,generalized_hoek_brown,,,,,,,,True,2.2336592502463772,37.0,False,SH_ST: segment_p95_plastic_zone_ratio_to_radius too large; Interbedded_ST: segment_p95_plastic_zone_ratio_to_radius too large,SH_ST; Interbedded_ST,,,,,,,,,"All-results row format: one parameter_set_id x formation row; main metrics are segment_p95 values within that formation. Displacement is CCM hydrostatic-equivalent estimate, not directional K0 crown/wall solution."
P0073,Fault,Fault,Fault,True,min_max_sweep_100_lhs,236363636.36363637,0.2363636363636364,27373.737373737375,0.027373737373737373,17.656565656565657,11060606.06060606,11.06060606060606,4.333333333333334,25.454545454545453,0.5,0.1245003837204542,4.823653003594919e-05,0.530327552717188,,0.30606060606060603,2490.0,,5.605819744702089,8.605819744702089,segment_p95,segment_p95,246.0,,,5.605819744702089,1.868606581567363,,,5.27265492656989,1.757551642189963,5.635289312151335,1.8784297707171118,,,,,disabled_plastic_zone_only,generalized_hoek_brown,213.2068639423226,plastic_estimate,False,True,,1.7890980531766536,22.0,True,2.7111579258363983,98.0,False,SH_ST: segment_p95_plastic_zone_ratio_to_radius too large; Interbedded_ST: segment_p95_plastic_zone_ratio_to_radius too large,SH_ST; Interbedded_ST,1429.0,Fault,0.9343032907836815,,,0.0,0.2996428935822875,5.366942202048891,"All-results row format: one parameter_set_id x formation row; main metrics are segment_p95 values within that formation. Displacement is CCM hydrostatic-equivalent estimate, not directional K0 crown/wall solution."
P0073,Interbedded_ST,Interbedded_ST,Interbedded_ST,True,min_max_sweep_100_lhs,1978591781.818182,1.978591781818182,62159.72727272728,0.062159727272727276,21.693939393939395,1618650.0,1.61865,7.555555555555555,43.63636363636364,0.5,0.5159736626687826,0.0005447674698613483,0.5088754403293492,,0.23878787878787877,2520.0,,6.580779019852978,9.580779019852978,segment_p95,segment_p95,924.0,,,6.580779019852978,2.193593006617659,,,6.271848547538109,2.0906161825127034,6.59954373135556,2.199847910451853,,,,,disabled_plastic_zone_only,generalized_hoek_brown,535.614384376441,plastic_estimate,True,False,segment_p95_plastic_zone_ratio_to_radius too large,2.0938845272091204,10.0,True,2.7111579258363983,98.0,False,SH_ST: segment_p95_plastic_zone_ratio_to_radius too large; Interbedded_ST: segment_p95_plastic_zone_ratio_to_radius too large,SH_ST; Interbedded_ST,767.0,Interbedded_ST,1.0967965033088296,,,0.0,0.2846240179573513,6.285279744148152,"All-results row format: one parameter_set_id x formation row; main metrics are segment_p95 values within that formation. Displacement is CCM hydrostatic-equivalent estimate, not directional K0 crown/wall solution."
P0073,SH_ST,SH_ST,SH_ST,True,min_max_sweep_100_lhs,2964680100.0,2.9646801,115964.1090909091,0.1159641090909091,29.322828282828283,829935.909090909,0.829935909090909,5.8989898989899,26.666666666666668,0.5,0.17955344720280247,5.6697650936635075e-05,0.5279567802674544,,0.38,2500.7070707070707,,8.441042655336911,11.441042655336911,segment_p95,segment_p95,2261.0,,,8.441042655336911,2.8136808851123036,,,7.156891116227404,2.385630372075801,8.693486006735561,2.897828668911854,,,,,disabled_plastic_zone_only,generalized_hoek_brown,3941.2641027134227,plastic_estimate,True,False,segment_p95_plastic_zone_ratio_to_radius too large,2.7111579258363983,98.0,True,2.7111579258363983,98.0,False,SH_ST: segment_p95_plastic_zone_ratio_to_radius too large; Interbedded_ST: segment_p95_plastic_zone_ratio_to_radius too large,SH_ST; Interbedded_ST,1077.0,SH_ST,1.4068404425561518,,,0.0,0.002509947964493414,8.279510482605298,"All-results row format: one parameter_set_id x formation row; main metrics are segment_p95 values within that formation. Displacement is CCM hydrostatic-equivalent estimate, not directional K0 crown/wall solution."
P0073,SS_NC,SS_NC,SS_NC,False,min_max_sweep_100_lhs,3050125200.000001,3.050125200000001,277930.1818181818,0.2779301818181818,25.72313131313131,46601860.0,46.60186,17.454545454545453,46.21212121212121,0.5,1.3475289905627266,0.0007680028055854866,0.5074415831759974,,0.2532323232323232,2498.4848484848485,,,,,,,,,,,,,,,,,,,,,,generalized_hoek_brown,,,,,,,,True,2.7111579258363983,98.0,False,SH_ST: segment_p95_plastic_zone_ratio_to_radius too large; Interbedded_ST: segment_p95_plastic_zone_ratio_to_radius too large,SH_ST; Interbedded_ST,,,,,,,,,"All-results row format: one parameter_set_id x formation row; main metrics are segment_p95 values within that formation. Displacement is CCM hydrostatic-equivalent estimate, not directional K0 crown/wall solution."
P0073,SS_NK,SS_NK,SS_NK,False,min_max_sweep_100_lhs,461364300.0,0.4613643,140659.54545454544,0.14065954545454545,30.221212121212123,224589.54545454547,0.22458954545454546,13.414141414141413,48.535353535353536,0.5,1.156747316805079,0.0010468675473212896,0.5063434021157472,,0.38,2390.0,,,,,,,,,,,,,,,,,,,,,,generalized_hoek_brown,,,,,,,,True,2.7111579258363983,98.0,False,SH_ST: segment_p95_plastic_zone_ratio_to_radius too large; Interbedded_ST: segment_p95_plastic_zone_ratio_to_radius too large,SH_ST; Interbedded_ST,,,,,,,,,"All-results row format: one parameter_set_id x formation row; main metrics are segment_p95 values within that formation. Displacement is CCM hydrostatic-equivalent estimate, not directional K0 crown/wall solution."
P0074,Fault,Fault,Fault,True,min_max_sweep_100_lhs,511111111.11111104,0.5111111111111111,23838.383838383837,0.023838383838383836,17.09090909090909,6212121.212121212,6.212121212121212,5.363636363636363,15.606060606060606,0.5,0.09641274778722603,1.297449238105223e-05,0.5586732111719244,,0.32676767676767676,2490.0,,7.27766893878152,10.27766893878152,segment_p95,segment_p95,246.0,,,7.27766893878152,2.425889646260507,,,6.944504120649321,2.314834706883107,7.307138506230766,2.4357128354102553,,,,,disabled_plastic_zone_only,generalized_hoek_brown,1051.7694367884844,plastic_estimate,True,False,segment_p95_plastic_zone_ratio_to_radius too large,2.3072867944932245,99.0,True,2.3983641823751882,85.0,False,Interbedded_ST: segment_p95_plastic_zone_ratio_to_radius too large; Fault: segment_p95_plastic_zone_ratio_to_radius too large,Interbedded_ST; Fault,1429.0,Fault,1.2129448231302535,,,0.0,0.11484542393633301,6.9591795297435874,"All-results row format: one parameter_set_id x formation row; main metrics are segment_p95 values within that formation. Displacement is CCM hydrostatic-equivalent estimate, not directional K0 crown/wall solution."
P0074,Interbedded_ST,Interbedded_ST,Interbedded_ST,True,min_max_sweep_100_lhs,1871815381.818182,1.871815381818182,87229.72727272726,0.08722972727272726,19.22929292929293,1618650.0,1.61865,11.494949494949495,31.21212121212121,0.5,0.43443649082885794,0.00010393787722042512,0.5205927775781345,,0.27525252525252525,2520.0,,7.578755385082328,10.578755385082328,segment_p95,segment_p95,924.0,,,7.578755385082328,2.526251795027443,,,7.269824912767462,2.4232749709224874,7.597520096584912,2.532506698861637,,,,,disabled_plastic_zone_only,generalized_hoek_brown,1387.1586356066762,plastic_estimate,True,False,segment_p95_plastic_zone_ratio_to_radius too large,2.3983641823751882,92.0,True,2.3983641823751882,85.0,False,Interbedded_ST: segment_p95_plastic_zone_ratio_to_radius too large; Fault: segment_p95_plastic_zone_ratio_to_radius too large,Interbedded_ST; Fault,767.0,Interbedded_ST,1.2631258975137214,,,0.0,0.07746148352208955,7.235733425318964,"All-results row format: one parameter_set_id x formation row; main metrics are segment_p95 values within that formation. Displacement is CCM hydrostatic-equivalent estimate, not directional K0 crown/wall solution."
P0074,SH_ST,SH_ST,SH_ST,True,min_max_sweep_100_lhs,2964680100.0,2.9646801,191160.23636363636,0.19116023636363635,39.83535353535353,14550380.272727272,14.550380272727272,6.505050505050505,32.121212121212125,0.5,0.256726399038075,0.0001173317634859323,0.5193693243702919,,0.38,2497.2727272727275,,4.947600673982824,7.947600673982824,segment_p95,segment_p95,2261.0,,,4.947600673982824,1.6492002246609412,,,3.7142778760729227,1.2380926253576408,5.200044025381475,1.7333480084604915,,,,,disabled_plastic_zone_only,generalized_hoek_brown,140.5174288121654,plastic_estimate,False,True,,1.6198427311160313,23.0,True,2.3983641823751882,85.0,False,Interbedded_ST: segment_p95_plastic_zone_ratio_to_radius too large; Fault: segment_p95_plastic_zone_ratio_to_radius too large,Interbedded_ST; Fault,1077.0,SH_ST,0.8246001123304706,,,0.0,0.2181614121008061,4.95242288131569,"All-results row format: one parameter_set_id x formation row; main metrics are segment_p95 values within that formation. Displacement is CCM hydrostatic-equivalent estimate, not directional K0 crown/wall solution."
P0074,SS_NC,SS_NC,SS_NC,False,min_max_sweep_100_lhs,1699927336.3636367,1.6999273363636367,260597.19999999998,0.2605972,35.32616161616161,4519140.0,4.51914,18.767676767676768,44.84848484848485,0.5,1.3578104552240275,0.0006403245802468257,0.5081699804529777,,0.23909090909090908,2610.0,,,,,,,,,,,,,,,,,,,,,,generalized_hoek_brown,,,,,,,,True,2.3983641823751882,85.0,False,Interbedded_ST: segment_p95_plastic_zone_ratio_to_radius too large; Fault: segment_p95_plastic_zone_ratio_to_radius too large,Interbedded_ST; Fault,,,,,,,,,"All-results row format: one parameter_set_id x formation row; main metrics are segment_p95 values within that formation. Displacement is CCM hydrostatic-equivalent estimate, not directional K0 crown/wall solution."
P0074,SS_NK,SS_NK,SS_NK,False,min_max_sweep_100_lhs,461364300.0,0.4613643,192563.36363636362,0.19256336363636362,30.96363636363637,299145.54545454547,0.29914554545454547,15.030303030303031,42.474747474747474,0.5,0.9711936723006619,0.0004666021129297557,0.5096071564775138,,0.38,2390.0,,,,,,,,,,,,,,,,,,,,,,generalized_hoek_brown,,,,,,,,True,2.3983641823751882,85.0,False,Interbedded_ST: segment_p95_plastic_zone_ratio_to_radius too large; Fault: segment_p95_plastic_zone_ratio_to_radius too large,Interbedded_ST; Fault,,,,,,,,,"All-results row format: one parameter_set_id x formation row; main metrics are segment_p95 values within that formation. Displacement is CCM hydrostatic-equivalent estimate, not directional K0 crown/wall solution."
P0075,Fault,Fault,Fault,True,min_max_sweep_100_lhs,402020202.02020204,0.40202020202020206,24444.44444444444,0.024444444444444442,19.636363636363637,9141414.141414141,9.141414141414142,4.0606060606060606,19.242424242424242,0.5,0.08678976256124689,2.106965366411907e-05,0.5459965682529077,,0.3277777777777778,2490.0,,6.444302283009397,9.444302283009396,segment_p95,segment_p95,246.0,,,6.444302283009397,2.1481007610031324,,,6.111137464877197,2.0370458216257323,6.4737718504586415,2.1579239501528806,,,,,disabled_plastic_zone_only,generalized_hoek_brown,475.0376750846627,plastic_estimate,True,False,segment_p95_plastic_zone_ratio_to_radius too large,2.0455793342238664,70.0,True,2.4401889377132844,93.0,False,SH_ST: segment_p95_plastic_zone_ratio_to_radius too large; Interbedded_ST: segment_p95_plastic_zone_ratio_to_radius too large; Fault: segment_p95_plastic_zone_ratio_to_radius too large,SH_ST; Interbedded_ST; Fault,1429.0,Fault,1.0740503805015662,,,0.0,0.13884297520661162,6.165497000436803,"All-results row format: one parameter_set_id x formation row; main metrics are segment_p95 values within that formation. Displacement is CCM hydrostatic-equivalent estimate, not directional K0 crown/wall solution."
P0075,Interbedded_ST,Interbedded_ST,Interbedded_ST,True,min_max_sweep_100_lhs,2080514709.090909,2.080514709090909,57601.54545454546,0.05760154545454546,19.31010101010101,1618650.0,1.61865,7.959595959595959,30.303030303030305,0.5,0.28807768974060904,9.207295620664066e-05,0.5218926724836206,,0.3846464646464647,2520.0,,7.65769647070035,10.657696470700351,segment_p95,segment_p95,924.0,,,7.65769647070035,2.5525654902334503,,,7.348765998385483,2.449588666128494,7.6764611822029325,2.558820394067644,,,,,disabled_plastic_zone_only,generalized_hoek_brown,1495.546518421472,plastic_estimate,True,False,segment_p95_plastic_zone_ratio_to_radius too large,2.4401889377132844,100.0,True,2.4401889377132844,93.0,False,SH_ST: segment_p95_plastic_zone_ratio_to_radius too large; Interbedded_ST: segment_p95_plastic_zone_ratio_to_radius too large; Fault: segment_p95_plastic_zone_ratio_to_radius too large,SH_ST; Interbedded_ST; Fault,767.0,Interbedded_ST,1.2762827451167251,,,0.0,0.4158759310274462,7.310915411621841,"All-results row format: one parameter_set_id x formation row; main metrics are segment_p95 values within that formation. Displacement is CCM hydrostatic-equivalent estimate, not directional K0 crown/wall solution."
P0075,SH_ST,SH_ST,SH_ST,True,min_max_sweep_100_lhs,2964680100.0,2.9646801,119921.79999999999,0.1199218,24.375757575757575,1592182.8181818181,1.592182818181818,4.808080808080808,33.18181818181818,0.5,0.19958398022463414,0.000135154646016651,0.5180325938326162,,0.38,2562.5252525252527,,7.208198135422146,10.208198135422146,segment_p95,segment_p95,2261.0,,,7.208198135422146,2.402732711807382,,,5.940654184890332,1.9802180616301104,7.460641486820796,2.486880495606932,,,,,disabled_plastic_zone_only,generalized_hoek_brown,1217.496309809988,plastic_estimate,True,False,segment_p95_plastic_zone_ratio_to_radius too large,2.3283548199802877,93.0,True,2.4401889377132844,93.0,False,SH_ST: segment_p95_plastic_zone_ratio_to_radius too large; Interbedded_ST: segment_p95_plastic_zone_ratio_to_radius too large; Fault: segment_p95_plastic_zone_ratio_to_radius too large,SH_ST; Interbedded_ST; Fault,1077.0,SH_ST,1.201366355903691,,,0.0,0.1251096826854403,7.105372844591235,"All-results row format: one parameter_set_id x formation row; main metrics are segment_p95 values within that formation. Displacement is CCM hydrostatic-equivalent estimate, not directional K0 crown/wall solution."
P0075,SS_NC,SS_NC,SS_NC,False,min_max_sweep_100_lhs,3358741854.545455,3.358741854545455,100267.1181818182,0.10026711818181819,35.00606060606061,54353940.0,54.35394,17.353535353535353,51.96969696969697,0.5,1.7623338209130883,0.0016548574545556145,0.5050019049487693,,0.2716161616161616,2606.3636363636365,,,,,,,,,,,,,,,,,,,,,,generalized_hoek_brown,,,,,,,,True,2.4401889377132844,93.0,False,SH_ST: segment_p95_plastic_zone_ratio_to_radius too large; Interbedded_ST: segment_p95_plastic_zone_ratio_to_radius too large; Fault: segment_p95_plastic_zone_ratio_to_radius too large,SH_ST; Interbedded_ST; Fault,,,,,,,,,"All-results row format: one parameter_set_id x formation row; main metrics are segment_p95 values within that formation. Displacement is CCM hydrostatic-equivalent estimate, not directional K0 crown/wall solution."
P0075,SS_NK,SS_NK,SS_NK,False,min_max_sweep_100_lhs,461364300.0,0.4613643,131047.72727272726,0.13104772727272726,26.80606060606061,295756.63636363635,0.29575663636363636,18.363636363636363,52.17171717171718,0.5,1.8829414346971614,0.0017000385068226074,0.5049321533461213,,0.38,2390.0,,,,,,,,,,,,,,,,,,,,,,generalized_hoek_brown,,,,,,,,True,2.4401889377132844,93.0,False,SH_ST: segment_p95_plastic_zone_ratio_to_radius too large; Interbedded_ST: segment_p95_plastic_zone_ratio_to_radius too large; Fault: segment_p95_plastic_zone_ratio_to_radius too large,SH_ST; Interbedded_ST; Fault,,,,,,,,,"All-results row format: one parameter_set_id x formation row; main metrics are segment_p95 values within that formation. Displacement is CCM hydrostatic-equivalent estimate, not directional K0 crown/wall solution."
P0076,Fault,Fault,Fault,True,min_max_sweep_100_lhs,406060606.06060606,0.40606060606060607,28989.89898989899,0.02898989898989899,16.96969696969697,7424242.424242424,7.424242424242424,5.212121212121213,23.939393939393938,0.5,0.1393248939653402,3.941302780308081e-05,0.5335735463147955,,0.30757575757575756,2490.0,,6.171449481837789,9.17144948183779,segment_p95,segment_p95,246.0,,,6.171449481837789,2.057149827279263,,,5.83828466370559,1.9460948879018634,6.200919049287036,2.066973016429012,,,,,disabled_plastic_zone_only,generalized_hoek_brown,366.10106433251303,plastic_estimate,True,False,segment_p95_plastic_zone_ratio_to_radius too large,1.966447001926023,58.0,True,2.2317565842640676,36.0,False,SH_ST: segment_p95_plastic_zone_ratio_to_radius too large; Interbedded_ST: segment_p95_plastic_zone_ratio_to_radius too large; Fault: segment_p95_plastic_zone_ratio_to_radius too large,SH_ST; Interbedded_ST; Fault,1429.0,Fault,1.0285749136396316,,,0.0,0.2777675747372718,5.9056371897971776,"All-results row format: one parameter_set_id x formation row; main metrics are segment_p95 values within that formation. Displacement is CCM hydrostatic-equivalent estimate, not directional K0 crown/wall solution."
P0076,Interbedded_ST,Interbedded_ST,Interbedded_ST,True,min_max_sweep_100_lhs,1857254963.6363637,1.8572549636363638,50764.27272727273,0.05076427272727273,22.25959595959596,1618650.0,1.61865,10.484848484848484,40.60606060606061,0.5,0.6198042263915033,0.0003636961036225436,0.5109098940763594,,0.21767676767676766,2520.0,,6.81358236145269,9.81358236145269,segment_p95,segment_p95,924.0,,,6.81358236145269,2.27119412048423,,,6.504651889137822,2.1682172963792743,6.832347072955272,2.277449024318424,,,,,disabled_plastic_zone_only,generalized_hoek_brown,668.8120913241679,plastic_estimate,True,False,segment_p95_plastic_zone_ratio_to_radius too large,2.175458221222362,31.0,True,2.2317565842640676,36.0,False,SH_ST: segment_p95_plastic_zone_ratio_to_radius too large; Interbedded_ST: segment_p95_plastic_zone_ratio_to_radius too large; Fault: segment_p95_plastic_zone_ratio_to_radius too large,SH_ST; Interbedded_ST; Fault,767.0,Interbedded_ST,1.135597060242115,,,0.0,0.44721967146209574,6.506997212338354,"All-results row format: one parameter_set_id x formation row; main metrics are segment_p95 values within that formation. Displacement is CCM hydrostatic-equivalent estimate, not directional K0 crown/wall solution."
P0076,SH_ST,SH_ST,SH_ST,True,min_max_sweep_100_lhs,2964680100.0,2.9646801,139710.25454545455,0.13971025454545455,32.41474747474747,3688361.818181818,3.688361818181818,4.7272727272727275,26.21212121212121,0.5,0.14080771145161547,5.336348548087397e-05,0.5288234478791446,,0.38,2502.4242424242425,,6.9181449375644295,9.91814493756443,segment_p95,segment_p95,2261.0,,,6.9181449375644295,2.3060483125214764,,,5.654577833177502,1.8848592777258337,7.17058828896308,2.3901960963210267,,,,,disabled_plastic_zone_only,generalized_hoek_brown,923.3878214560762,plastic_estimate,True,False,segment_p95_plastic_zone_ratio_to_radius too large,2.2317565842640676,87.0,True,2.2317565842640676,36.0,False,SH_ST: segment_p95_plastic_zone_ratio_to_radius too large; Interbedded_ST: segment_p95_plastic_zone_ratio_to_radius too large; Fault: segment_p95_plastic_zone_ratio_to_radius too large,SH_ST; Interbedded_ST; Fault,1077.0,SH_ST,1.1530241562607382,,,0.0,0.023242526272829314,6.829131703774363,"All-results row format: one parameter_set_id x formation row; main metrics are segment_p95 values within that formation. Displacement is CCM hydrostatic-equivalent estimate, not directional K0 crown/wall solution."
P0076,SS_NC,SS_NC,SS_NC,False,min_max_sweep_100_lhs,3513050181.8181825,3.5130501818181825,438260.2636363636,0.4382602636363636,47.49,28882820.0,28.88282,16.444444444444443,47.878787878787875,0.5,1.3744109158271616,0.0009591194351455538,0.5066367160318945,,0.16838383838383839,2557.878787878788,,,,,,,,,,,,,,,,,,,,,,generalized_hoek_brown,,,,,,,,True,2.2317565842640676,36.0,False,SH_ST: segment_p95_plastic_zone_ratio_to_radius too large; Interbedded_ST: segment_p95_plastic_zone_ratio_to_radius too large; Fault: segment_p95_plastic_zone_ratio_to_radius too large,SH_ST; Interbedded_ST; Fault,,,,,,,,,"All-results row format: one parameter_set_id x formation row; main metrics are segment_p95 values within that formation. Displacement is CCM hydrostatic-equivalent estimate, not directional K0 crown/wall solution."
P0076,SS_NK,SS_NK,SS_NK,False,min_max_sweep_100_lhs,461364300.0,0.4613643,175262.09090909088,0.1752620909090909,22.945454545454545,283330.6363636364,0.2833306363636364,17.050505050505052,41.06060606060606,0.5,1.029982712771294,0.00038641993761063295,0.5105779191091319,,0.38,2390.0,,,,,,,,,,,,,,,,,,,,,,generalized_hoek_brown,,,,,,,,True,2.2317565842640676,36.0,False,SH_ST: segment_p95_plastic_zone_ratio_to_radius too large; Interbedded_ST: segment_p95_plastic_zone_ratio_to_radius too large; Fault: segment_p95_plastic_zone_ratio_to_radius too large,SH_ST; Interbedded_ST; Fault,,,,,,,,,"All-results row format: one parameter_set_id x formation row; main metrics are segment_p95 values within that formation. Displacement is CCM hydrostatic-equivalent estimate, not directional K0 crown/wall solution."
P0077,Fault,Fault,Fault,True,min_max_sweep_100_lhs,345454545.45454544,0.34545454545454546,23030.30303030303,0.02303030303030303,19.555555555555557,8333333.333333334,8.333333333333334,4.636363636363637,29.84848484848485,0.5,0.1642085552631302,8.665850843106913e-05,0.5225727666600489,,0.31767676767676767,2490.0,,5.500709117011452,8.500709117011452,segment_p95,segment_p95,246.0,,,5.500709117011452,1.8335697056704838,,,5.167544298879252,1.7225147662930842,5.530178684460697,1.8433928948202325,,,,,disabled_plastic_zone_only,generalized_hoek_brown,192.8019657014416,plastic_estimate,False,True,,1.7501591506316116,18.0,True,2.234108798412768,38.0,False,Interbedded_ST: segment_p95_plastic_zone_ratio_to_radius too large,Interbedded_ST,1429.0,Fault,0.9167848528352419,,,0.0,0.18406285072951742,5.266836842343522,"All-results row format: one parameter_set_id x formation row; main metrics are segment_p95 values within that formation. Displacement is CCM hydrostatic-equivalent estimate, not directional K0 crown/wall solution."
P0077,Interbedded_ST,Interbedded_ST,Interbedded_ST,True,min_max_sweep_100_lhs,1653409109.090909,1.653409109090909,120276.54545454546,0.12027654545454546,18.3,1618650.0,1.61865,10.181818181818182,38.18181818181818,0.5,0.5362690176464308,0.00026324530485332575,0.5128607927859652,,0.28868686868686866,2520.0,,7.003866224638102,10.003866224638102,segment_p95,segment_p95,924.0,,,7.003866224638102,2.3346220748793676,,,6.694935752323236,2.231645250774412,7.022630936140686,2.340876978713562,,,,,disabled_plastic_zone_only,generalized_hoek_brown,801.891783156193,plastic_estimate,True,False,segment_p95_plastic_zone_ratio_to_radius too large,2.234108798412768,49.0,True,2.234108798412768,38.0,False,Interbedded_ST: segment_p95_plastic_zone_ratio_to_radius too large,Interbedded_ST,767.0,Interbedded_ST,1.1673110374396838,,,0.0,0.41963064993368027,6.6882199391816055,"All-results row format: one parameter_set_id x formation row; main metrics are segment_p95 values within that formation. Displacement is CCM hydrostatic-equivalent estimate, not directional K0 crown/wall solution."
P0077,SH_ST,SH_ST,SH_ST,True,min_max_sweep_100_lhs,2964680100.0,2.9646801,159498.70909090908,0.15949870909090907,31.177979797979795,17408806.181818184,17.408806181818182,7.95959595959596,37.27272727272727,0.5,0.40146507033919954,0.00023319480899116346,0.513677591125209,,0.38,2473.2323232323233,,4.324557486778135,7.324557486778135,segment_p95,segment_p95,2261.0,,,4.324557486778135,1.4415191622593782,,,3.103045106193382,1.0343483687311275,4.577000838176787,1.5256669460589287,,,,,disabled_plastic_zone_only,generalized_hoek_brown,77.18270170875194,plastic_estimate,False,True,,1.4164554839916872,3.0,True,2.234108798412768,38.0,False,Interbedded_ST: segment_p95_plastic_zone_ratio_to_radius too large,Interbedded_ST,1077.0,SH_ST,0.7207595811296891,,,0.0,0.0815222936435058,4.359048417311225,"All-results row format: one parameter_set_id x formation row; main metrics are segment_p95 values within that formation. Displacement is CCM hydrostatic-equivalent estimate, not directional K0 crown/wall solution."
P0077,SS_NC,SS_NC,SS_NC,False,min_max_sweep_100_lhs,2085698154.545455,2.085698154545455,269263.6909090909,0.2692636909090909,45.249292929292935,31097700.0,31.0977,12.303030303030303,53.63636363636364,0.5,1.3526334423451574,0.002066666860480782,0.5044535960337948,,0.16272727272727272,2583.3333333333335,,,,,,,,,,,,,,,,,,,,,,generalized_hoek_brown,,,,,,,,True,2.234108798412768,38.0,False,Interbedded_ST: segment_p95_plastic_zone_ratio_to_radius too large,Interbedded_ST,,,,,,,,,"All-results row format: one parameter_set_id x formation row; main metrics are segment_p95 values within that formation. Displacement is CCM hydrostatic-equivalent estimate, not directional K0 crown/wall solution."
P0077,SS_NK,SS_NK,SS_NK,False,min_max_sweep_100_lhs,461364300.0,0.4613643,234855.36363636362,0.2348553636363636,31.85454545454546,300275.1818181819,0.30027518181818186,12.606060606060606,37.82828282828283,0.5,0.6528680341628638,0.00025112435844346645,0.5131725679222705,,0.38,2390.0,,,,,,,,,,,,,,,,,,,,,,generalized_hoek_brown,,,,,,,,True,2.234108798412768,38.0,False,Interbedded_ST: segment_p95_plastic_zone_ratio_to_radius too large,Interbedded_ST,,,,,,,,,"All-results row format: one parameter_set_id x formation row; main metrics are segment_p95 values within that formation. Displacement is CCM hydrostatic-equivalent estimate, not directional K0 crown/wall solution."
P0078,Fault,Fault,Fault,True,min_max_sweep_100_lhs,575757575.7575756,0.5757575757575756,22222.222222222223,0.022222222222222223,18.02020202020202,12171717.17171717,12.171717171717171,5.484848484848484,24.242424242424242,0.5,0.14874614695665841,4.103808167483707e-05,0.5328978560261884,,0.3414141414141414,2490.0,,5.622564052158361,8.62256405215836,segment_p95,segment_p95,246.0,,,5.622564052158361,1.8741880173861203,,,5.289399234026159,1.7631330780087202,5.652033619607606,1.8840112065358687,,,,,disabled_plastic_zone_only,generalized_hoek_brown,216.65019447748938,plastic_estimate,False,True,,1.794519244856003,23.0,True,2.140750521567757,17.0,False,Interbedded_ST: segment_p95_plastic_zone_ratio_to_radius too large,Interbedded_ST,1429.0,Fault,0.9370940086930601,,,0.0,0.3024181205999389,5.382889161531054,"All-results row format: one parameter_set_id x formation row; main metrics are segment_p95 values within that formation. Displacement is CCM hydrostatic-equivalent estimate, not directional K0 crown/wall solution."
P0078,Interbedded_ST,Interbedded_ST,Interbedded_ST,True,min_max_sweep_100_lhs,1915496636.3636365,1.9154966363636365,127113.81818181816,0.12711381818181816,20.764646464646464,1618650.0,1.61865,11.747474747474747,41.36363636363636,0.5,0.7199528970876091,0.00040235256828481973,0.510362125879994,,0.3193939393939394,2520.0,,6.754898269523517,9.754898269523517,segment_p95,segment_p95,924.0,,,6.754898269523517,2.2516327565078393,,,6.445967797208651,2.1486559324028836,6.773662981026101,2.2578876603420337,,,,,disabled_plastic_zone_only,generalized_hoek_brown,632.403462726633,plastic_estimate,True,False,segment_p95_plastic_zone_ratio_to_radius too large,2.140750521567757,24.0,True,2.140750521567757,17.0,False,Interbedded_ST: segment_p95_plastic_zone_ratio_to_radius too large,Interbedded_ST,767.0,Interbedded_ST,1.1258163782539197,,,0.0,0.12333435363738399,6.451107600977239,"All-results row format: one parameter_set_id x formation row; main metrics are segment_p95 values within that formation. Displacement is CCM hydrostatic-equivalent estimate, not directional K0 crown/wall solution."
P0078,SH_ST,SH_ST,SH_ST,True,min_max_sweep_100_lhs,2964680100.0,2.9646801,193139.08181818182,0.19313908181818182,31.796363636363637,4450608.727272727,4.450608727272726,4.888888888888889,35.151515151515156,0.5,0.22289420626886997,0.0001757470792014269,0.5157874582776657,,0.38,2543.6363636363635,,5.95786347471597,8.957863474715971,segment_p95,segment_p95,2261.0,,,5.95786347471597,1.98595449157199,,,4.70818370240117,1.5693945674670566,6.210306826114621,2.0701022753715406,,,,,disabled_plastic_zone_only,generalized_hoek_brown,369.39793571504777,plastic_estimate,False,True,,1.9371689773623058,72.0,True,2.140750521567757,17.0,False,Interbedded_ST: segment_p95_plastic_zone_ratio_to_radius too large,Interbedded_ST,1077.0,SH_ST,0.992977245785995,,,0.0,0.19040914192429353,5.914577929632974,"All-results row format: one parameter_set_id x formation row; main metrics are segment_p95 values within that formation. Displacement is CCM hydrostatic-equivalent estimate, not directional K0 crown/wall solution."
P0078,SS_NC,SS_NC,SS_NC,False,min_max_sweep_100_lhs,1044116945.4545456,1.0441169454545456,381928.0727272727,0.3819280727272727,36.92666666666667,30543979.999999996,30.543979999999998,13.414141414141413,54.24242424242424,0.5,1.5179751383937816,0.0022406033403551797,0.5042688404056184,,0.17404040404040402,2559.090909090909,,,,,,,,,,,,,,,,,,,,,,generalized_hoek_brown,,,,,,,,True,2.140750521567757,17.0,False,Interbedded_ST: segment_p95_plastic_zone_ratio_to_radius too large,Interbedded_ST,,,,,,,,,"All-results row format: one parameter_set_id x formation row; main metrics are segment_p95 values within that formation. Displacement is CCM hydrostatic-equivalent estimate, not directional K0 crown/wall solution."
P0078,SS_NK,SS_NK,SS_NK,False,min_max_sweep_100_lhs,461364300.0,0.4613643,156038.45454545453,0.15603845454545454,28.58787878787879,287849.1818181819,0.28784918181818187,16.04040404040404,37.62626262626263,0.5,0.8227793831100989,0.0002444503550495343,0.5133540522594952,,0.38,2390.0,,,,,,,,,,,,,,,,,,,,,,generalized_hoek_brown,,,,,,,,True,2.140750521567757,17.0,False,Interbedded_ST: segment_p95_plastic_zone_ratio_to_radius too large,Interbedded_ST,,,,,,,,,"All-results row format: one parameter_set_id x formation row; main metrics are segment_p95 values within that formation. Displacement is CCM hydrostatic-equivalent estimate, not directional K0 crown/wall solution."
P0079,Fault,Fault,Fault,True,min_max_sweep_100_lhs,365656565.65656567,0.3656565656565657,22121.21212121212,0.02212121212121212,19.434343434343436,8131313.131313131,8.131313131313131,4.424242424242424,16.515151515151516,0.5,0.0830452270622862,1.4646441818079538e-05,0.555210397706093,,0.3181818181818182,2490.0,,6.883411121395139,9.883411121395138,segment_p95,segment_p95,246.0,,,6.883411121395139,2.29447037379838,,,6.550246303262939,2.1834154344209793,6.912880688844384,2.304293562948128,,,,,disabled_plastic_zone_only,generalized_hoek_brown,722.2072935518394,plastic_estimate,True,False,segment_p95_plastic_zone_ratio_to_radius too large,2.186662559104945,92.0,True,2.186662559104945,28.0,False,Interbedded_ST: segment_p95_plastic_zone_ratio_to_radius too large; Fault: segment_p95_plastic_zone_ratio_to_radius too large,Interbedded_ST; Fault,1429.0,Fault,1.14723518689919,,,0.0,0.1899398020610142,6.583695894137509,"All-results row format: one parameter_set_id x formation row; main metrics are segment_p95 values within that formation. Displacement is CCM hydrostatic-equivalent estimate, not directional K0 crown/wall solution."
P0079,Interbedded_ST,Interbedded_ST,Interbedded_ST,True,min_max_sweep_100_lhs,1667969527.2727273,1.6679695272727273,61020.18181818182,0.06102018181818182,21.613131313131316,1618650.0,1.61865,11.09090909090909,41.515151515151516,0.5,0.6846366543475786,0.00041056356308390727,0.5102558530954865,,0.3385858585858586,2520.0,,6.743202257569277,9.743202257569276,segment_p95,segment_p95,924.0,,,6.743202257569277,2.247734085856426,,,6.434271785254411,2.1447572617514705,6.76196696907186,2.2539889896906202,,,,,disabled_plastic_zone_only,generalized_hoek_brown,625.3870945995384,plastic_estimate,True,False,segment_p95_plastic_zone_ratio_to_radius too large,2.1450762168942386,25.0,True,2.186662559104945,28.0,False,Interbedded_ST: segment_p95_plastic_zone_ratio_to_radius too large; Fault: segment_p95_plastic_zone_ratio_to_radius too large,Interbedded_ST; Fault,767.0,Interbedded_ST,1.123867042928213,,,0.0,0.2836445260687685,6.439968541973201,"All-results row format: one parameter_set_id x formation row; main metrics are segment_p95 values within that formation. Displacement is CCM hydrostatic-equivalent estimate, not directional K0 crown/wall solution."
P0079,SH_ST,SH_ST,SH_ST,True,min_max_sweep_100_lhs,2964680100.0,2.9646801,149604.4818181818,0.1496044818181818,31.48717171717172,10167460.545454543,10.167460545454544,7.111111111111111,31.96969696969697,0.5,0.27862743902742226,0.00011498520722430451,0.5195681189151514,,0.38,2493.838383838384,,5.335411856185919,8.33541185618592,segment_p95,segment_p95,2261.0,,,5.335411856185919,1.7784706187286399,,,4.095527327476863,1.3651757758256209,5.587855207584571,1.8626184025281902,,,,,disabled_plastic_zone_only,generalized_hoek_brown,203.74531980286403,plastic_estimate,False,True,,1.7332174122885944,42.0,True,2.186662559104945,28.0,False,Interbedded_ST: segment_p95_plastic_zone_ratio_to_radius too large; Fault: segment_p95_plastic_zone_ratio_to_radius too large,Interbedded_ST; Fault,1077.0,SH_ST,0.8892353093643199,,,0.0,0.038751147842056965,5.321766864366258,"All-results row format: one parameter_set_id x formation row; main metrics are segment_p95 values within that formation. Displacement is CCM hydrostatic-equivalent estimate, not directional K0 crown/wall solution."
P0079,SS_NC,SS_NC,SS_NC,False,min_max_sweep_100_lhs,4246014736.3636374,4.246014736363637,282263.42727272725,0.28226342727272724,24.762828282828284,31651419.999999996,31.651419999999995,21.09090909090909,46.515151515151516,0.5,1.6519304140574924,0.0007996686278352246,0.5072885145535969,,0.21080808080808078,2563.939393939394,,,,,,,,,,,,,,,,,,,,,,generalized_hoek_brown,,,,,,,,True,2.186662559104945,28.0,False,Interbedded_ST: segment_p95_plastic_zone_ratio_to_radius too large; Fault: segment_p95_plastic_zone_ratio_to_radius too large,Interbedded_ST; Fault,,,,,,,,,"All-results row format: one parameter_set_id x formation row; main metrics are segment_p95 values within that formation. Displacement is CCM hydrostatic-equivalent estimate, not directional K0 crown/wall solution."
P0079,SS_NK,SS_NK,SS_NK,False,min_max_sweep_100_lhs,461364300.0,0.4613643,142581.90909090906,0.14258190909090906,31.557575757575762,296886.27272727276,0.29688627272727275,18.464646464646464,36.61616161616162,0.5,0.9026502538260797,0.00021364849263957267,0.5142990595920632,,0.38,2390.0,,,,,,,,,,,,,,,,,,,,,,generalized_hoek_brown,,,,,,,,True,2.186662559104945,28.0,False,Interbedded_ST: segment_p95_plastic_zone_ratio_to_radius too large; Fault: segment_p95_plastic_zone_ratio_to_radius too large,Interbedded_ST; Fault,,,,,,,,,"All-results row format: one parameter_set_id x formation row; main metrics are segment_p95 values within that formation. Displacement is CCM hydrostatic-equivalent estimate, not directional K0 crown/wall solution."
P0080,Fault,Fault,Fault,True,min_max_sweep_100_lhs,583838383.8383838,0.5838383838383838,29292.929292929293,0.029292929292929294,17.8989898989899,14595959.595959594,14.595959595959595,4.606060606060606,26.96969696969697,0.5,0.14223701142147405,5.903537382446805e-05,0.5273934215176133,,0.3368686868686869,2490.0,,5.172104046498729,8.17210404649873,segment_p95,segment_p95,246.0,,,5.172104046498729,1.7240346821662431,,,4.83893922836653,1.612979742788843,5.201573613947975,1.7338578713159918,,,,,disabled_plastic_zone_only,generalized_hoek_brown,140.72373470200236,plastic_estimate,False,True,,1.655389126136392,8.0,True,2.2918356979045855,55.0,False,Interbedded_ST: segment_p95_plastic_zone_ratio_to_radius too large,Interbedded_ST,1429.0,Fault,0.8620173410831216,,,0.0,0.3620038771553925,4.953879632331406,"All-results row format: one parameter_set_id x formation row; main metrics are segment_p95 values within that formation. Displacement is CCM hydrostatic-equivalent estimate, not directional K0 crown/wall solution."
P0080,Interbedded_ST,Interbedded_ST,Interbedded_ST,True,min_max_sweep_100_lhs,1784452872.7272727,1.7844528727272728,107741.54545454546,0.10774154545454545,21.41111111111111,1618650.0,1.61865,7.151515151515151,35.60606060606061,0.5,0.33318618777034387,0.0001867278057252655,0.5153098953534061,,0.2195959595959596,2520.0,,7.210885965485576,10.210885965485577,segment_p95,segment_p95,924.0,,,7.210885965485576,2.403628655161859,,,6.901955493170709,2.300651831056903,7.229650676988158,2.4098835589960528,,,,,disabled_plastic_zone_only,generalized_hoek_brown,976.8747527211966,plastic_estimate,True,False,segment_p95_plastic_zone_ratio_to_radius too large,2.2918356979045855,63.0,True,2.2918356979045855,55.0,False,Interbedded_ST: segment_p95_plastic_zone_ratio_to_radius too large,Interbedded_ST,767.0,Interbedded_ST,1.2018143275809294,,,0.0,0.26797265585144375,6.88538159713158,"All-results row format: one parameter_set_id x formation row; main metrics are segment_p95 values within that formation. Displacement is CCM hydrostatic-equivalent estimate, not directional K0 crown/wall solution."
P0080,SH_ST,SH_ST,SH_ST,True,min_max_sweep_100_lhs,2964680100.0,2.9646801,62535.28181818183,0.06253528181818183,36.1250505050505,13025886.454545451,13.025886454545452,5.737373737373737,25.606060606060606,0.5,0.16603328910023754,4.9220915195809375e-05,0.5300206240740349,,0.38,2432.020202020202,,5.620674957486431,8.62067495748643,segment_p95,segment_p95,2261.0,,,5.620674957486431,1.8735583191621437,,,4.376214821661252,1.4587382738870842,5.873118308885082,1.957706102961694,,,,,disabled_plastic_zone_only,generalized_hoek_brown,267.6598304291466,plastic_estimate,False,True,,1.8322959160369088,60.0,True,2.2918356979045855,55.0,False,Interbedded_ST: segment_p95_plastic_zone_ratio_to_radius too large,Interbedded_ST,1077.0,SH_ST,0.9367791595810718,,,0.0,0.22044689317416588,5.593446008461983,"All-results row format: one parameter_set_id x formation row; main metrics are segment_p95 values within that formation. Displacement is CCM hydrostatic-equivalent estimate, not directional K0 crown/wall solution."
P0080,SS_NC,SS_NC,SS_NC,False,min_max_sweep_100_lhs,4207437654.545456,4.207437654545456,225931.2363636364,0.22593123636363638,34.36585858585859,23899340.0,23.89934,15.838383838383837,54.39393939393939,0.5,1.8052862727281194,0.00228632836816574,0.5042238061530393,,0.17545454545454545,2593.030303030303,,,,,,,,,,,,,,,,,,,,,,generalized_hoek_brown,,,,,,,,True,2.2918356979045855,55.0,False,Interbedded_ST: segment_p95_plastic_zone_ratio_to_radius too large,Interbedded_ST,,,,,,,,,"All-results row format: one parameter_set_id x formation row; main metrics are segment_p95 values within that formation. Displacement is CCM hydrostatic-equivalent estimate, not directional K0 crown/wall solution."
P0080,SS_NK,SS_NK,SS_NK,False,min_max_sweep_100_lhs,461364300.0,0.4613643,86833.36363636363,0.08683336363636364,34.82424242424243,217811.7272727273,0.2178117272727273,21.8989898989899,47.92929292929293,0.5,1.8347037656612721,0.0009655999472975626,0.5066136948043111,,0.38,2390.0,,,,,,,,,,,,,,,,,,,,,,generalized_hoek_brown,,,,,,,,True,2.2918356979045855,55.0,False,Interbedded_ST: segment_p95_plastic_zone_ratio_to_radius too large,Interbedded_ST,,,,,,,,,"All-results row format: one parameter_set_id x formation row; main metrics are segment_p95 values within that formation. Displacement is CCM hydrostatic-equivalent estimate, not directional K0 crown/wall solution."
P0081,Fault,Fault,Fault,True,min_max_sweep_100_lhs,313131313.13131315,0.31313131313131315,27070.70707070707,0.02707070707070707,16.848484848484848,13080808.08080808,13.080808080808081,5.303030303030303,29.090909090909093,0.5,0.18116537983038852,7.83326971081007e-05,0.5237530726127502,,0.34444444444444444,2490.0,,5.094424003259367,8.094424003259366,segment_p95,segment_p95,246.0,,,5.094424003259367,1.698141334419789,,,4.761259185127166,1.5870863950423892,5.123893570708613,1.7079645235695375,,,,,disabled_plastic_zone_only,generalized_hoek_brown,130.61732231601766,plastic_estimate,False,True,,1.6257487520365572,3.0,True,2.3038752394855138,57.0,False,Interbedded_ST: segment_p95_plastic_zone_ratio_to_radius too large,Interbedded_ST,1429.0,Fault,0.8490706672098945,,,0.0,0.25932047750229575,4.879898638770108,"All-results row format: one parameter_set_id x formation row; main metrics are segment_p95 values within that formation. Displacement is CCM hydrostatic-equivalent estimate, not directional K0 crown/wall solution."
P0081,Interbedded_ST,Interbedded_ST,Interbedded_ST,True,min_max_sweep_100_lhs,2051393872.7272727,2.0513938727272727,67857.45454545456,0.06785745454545455,18.906060606060606,1618650.0,1.61865,11.242424242424242,35.15151515151515,0.5,0.5125645693744881,0.0001757470792014269,0.5157874582776657,,0.27141414141414144,2520.0,,7.248014105859827,10.248014105859827,segment_p95,segment_p95,924.0,,,7.248014105859827,2.416004701953276,,,6.9390836335449615,2.3130278778483206,7.266778817362411,2.4222596057874703,,,,,disabled_plastic_zone_only,generalized_hoek_brown,1012.0711420161064,plastic_estimate,True,False,segment_p95_plastic_zone_ratio_to_radius too large,2.3038752394855138,65.0,True,2.3038752394855138,57.0,False,Interbedded_ST: segment_p95_plastic_zone_ratio_to_radius too large,Interbedded_ST,767.0,Interbedded_ST,1.208002350976638,,,0.0,0.27450260177532915,6.920741730821344,"All-results row format: one parameter_set_id x formation row; main metrics are segment_p95 values within that formation. Displacement is CCM hydrostatic-equivalent estimate, not directional K0 crown/wall solution."
P0081,SH_ST,SH_ST,SH_ST,True,min_max_sweep_100_lhs,2964680100.0,2.9646801,153562.1727272727,0.1535621727272727,15.409191919191919,5403417.363636363,5.403417363636363,6.424242424242424,38.78787878787879,0.5,0.34826757476297887,0.0002854007680995882,0.512343123262325,,0.38,2471.5151515151515,,5.431872128520488,8.431872128520489,segment_p95,segment_p95,2261.0,,,5.431872128520488,1.8106240428401625,,,4.190409081422938,1.3968030271409797,5.684315479919139,1.8947718266397129,,,,,disabled_plastic_zone_only,generalized_hoek_brown,223.44569625094647,plastic_estimate,False,True,,1.7749288131205117,55.0,True,2.3038752394855138,57.0,False,Interbedded_ST: segment_p95_plastic_zone_ratio_to_radius too large,Interbedded_ST,1077.0,SH_ST,0.9053120214200813,,,0.0,0.26436077951229464,5.41363379039918,"All-results row format: one parameter_set_id x formation row; main metrics are segment_p95 values within that formation. Displacement is CCM hydrostatic-equivalent estimate, not directional K0 crown/wall solution."
P0081,SS_NC,SS_NC,SS_NC,False,min_max_sweep_100_lhs,2240006481.8181825,2.2400064818181824,433927.0181818182,0.43392701818181817,18.36080808080808,25006780.0,25.00678,14.323232323232324,54.09090909090909,0.5,1.6091976018380625,0.0021957927823108123,0.5043143318548242,,0.1938383838383838,2515.4545454545455,,,,,,,,,,,,,,,,,,,,,,generalized_hoek_brown,,,,,,,,True,2.3038752394855138,57.0,False,Interbedded_ST: segment_p95_plastic_zone_ratio_to_radius too large,Interbedded_ST,,,,,,,,,"All-results row format: one parameter_set_id x formation row; main metrics are segment_p95 values within that formation. Displacement is CCM hydrostatic-equivalent estimate, not directional K0 crown/wall solution."
P0081,SS_NK,SS_NK,SS_NK,False,min_max_sweep_100_lhs,461364300.0,0.4613643,182951.54545454544,0.18295154545454545,30.518181818181823,244923.0,0.244923,14.222222222222221,42.07070707070707,0.5,0.9014667933041389,0.00044213038800369124,0.509875242767026,,0.38,2390.0,,,,,,,,,,,,,,,,,,,,,,generalized_hoek_brown,,,,,,,,True,2.3038752394855138,57.0,False,Interbedded_ST: segment_p95_plastic_zone_ratio_to_radius too large,Interbedded_ST,,,,,,,,,"All-results row format: one parameter_set_id x formation row; main metrics are segment_p95 values within that formation. Displacement is CCM hydrostatic-equivalent estimate, not directional K0 crown/wall solution."
P0082,Fault,Fault,Fault,True,min_max_sweep_100_lhs,296969696.969697,0.296969696969697,24545.454545454544,0.024545454545454544,18.383838383838384,9949494.94949495,9.94949494949495,4.696969696969697,17.272727272727273,0.5,0.09140305432652292,1.6203180135948035e-05,0.5524807910270577,,0.3313131313131313,2490.0,,6.581022029917614,9.581022029917614,segment_p95,segment_p95,246.0,,,6.581022029917614,2.193674009972538,,,6.247857211785414,2.0826190705951384,6.61049159736686,2.2034971991222867,,,,,disabled_plastic_zone_only,generalized_hoek_brown,541.2386852581811,plastic_estimate,True,False,segment_p95_plastic_zone_ratio_to_radius too large,2.0855114856386354,80.0,True,2.1320318299719503,13.0,False,Interbedded_ST: segment_p95_plastic_zone_ratio_to_radius too large; Fault: segment_p95_plastic_zone_ratio_to_radius too large,Interbedded_ST; Fault,1429.0,Fault,1.096837004986269,,,0.0,0.07484950515253547,6.295706283206534,"All-results row format: one parameter_set_id x formation row; main metrics are segment_p95 values within that formation. Displacement is CCM hydrostatic-equivalent estimate, not directional K0 crown/wall solution."
P0082,Interbedded_ST,Interbedded_ST,Interbedded_ST,True,min_max_sweep_100_lhs,1692236890.909091,1.692236890909091,84950.63636363637,0.08495063636363637,21.007070707070707,1618650.0,1.61865,11.848484848484848,41.96969696969697,0.5,0.7474052296522381,0.00043621568901033614,0.5099434002680588,,0.37888888888888894,2520.0,,6.708192988037948,9.708192988037947,segment_p95,segment_p95,924.0,,,6.708192988037948,2.2360643293459828,,,6.399262515723081,2.1330875052410274,6.726957699540531,2.242319233180177,,,,,disabled_plastic_zone_only,generalized_hoek_brown,604.8463345199926,plastic_estimate,True,False,segment_p95_plastic_zone_ratio_to_radius too large,2.1320318299719503,20.0,True,2.1320318299719503,13.0,False,Interbedded_ST: segment_p95_plastic_zone_ratio_to_radius too large; Fault: segment_p95_plastic_zone_ratio_to_radius too large,Interbedded_ST; Fault,767.0,Interbedded_ST,1.1180321646729914,,,0.0,0.243648607284971,6.406626380514792,"All-results row format: one parameter_set_id x formation row; main metrics are segment_p95 values within that formation. Displacement is CCM hydrostatic-equivalent estimate, not directional K0 crown/wall solution."
P0082,SH_ST,SH_ST,SH_ST,True,min_max_sweep_100_lhs,2964680100.0,2.9646801,40767.98181818182,0.040767981818181816,19.11949494949495,5593979.09090909,5.59397909090909,4.96969696969697,38.63636363636364,0.5,0.2674777066566816,0.00027969294491888777,0.5124705864258157,,0.38,2426.868686868687,,5.3883017737185845,8.388301773718585,segment_p95,segment_p95,2261.0,,,5.3883017737185845,1.7961005912395283,,,4.147551731100325,1.3825172437001083,5.640745125117236,1.8802483750390786,,,,,disabled_plastic_zone_only,generalized_hoek_brown,214.32278210409035,plastic_estimate,False,True,,1.7667093703079995,53.0,True,2.1320318299719503,13.0,False,Interbedded_ST: segment_p95_plastic_zone_ratio_to_radius too large; Fault: segment_p95_plastic_zone_ratio_to_radius too large,Interbedded_ST; Fault,1077.0,SH_ST,0.8980502956197641,,,0.0,0.3748801142740537,5.372138214397368,"All-results row format: one parameter_set_id x formation row; main metrics are segment_p95 values within that formation. Displacement is CCM hydrostatic-equivalent estimate, not directional K0 crown/wall solution."
P0082,SS_NC,SS_NC,SS_NC,False,min_max_sweep_100_lhs,1931389827.2727277,1.9313898272727277,243264.21818181817,0.24326421818181818,43.00858585858586,48816740.0,48.81674,17.151515151515152,50.45454545454545,0.5,1.6205719742096314,0.0013521483161812705,0.5055560907478934,,0.2009090909090909,2562.7272727272725,,,,,,,,,,,,,,,,,,,,,,generalized_hoek_brown,,,,,,,,True,2.1320318299719503,13.0,False,Interbedded_ST: segment_p95_plastic_zone_ratio_to_radius too large; Fault: segment_p95_plastic_zone_ratio_to_radius too large,Interbedded_ST; Fault,,,,,,,,,"All-results row format: one parameter_set_id x formation row; main metrics are segment_p95 values within that formation. Displacement is CCM hydrostatic-equivalent estimate, not directional K0 crown/wall solution."
P0082,SS_NK,SS_NK,SS_NK,False,min_max_sweep_100_lhs,461364300.0,0.4613643,144504.27272727274,0.14450427272727273,30.81515151515152,206515.36363636365,0.20651536363636364,12.303030303030303,52.57575757575758,0.5,1.2860150643212525,0.001794134899722733,0.5047954370112248,,0.38,2390.0,,,,,,,,,,,,,,,,,,,,,,generalized_hoek_brown,,,,,,,,True,2.1320318299719503,13.0,False,Interbedded_ST: segment_p95_plastic_zone_ratio_to_radius too large; Fault: segment_p95_plastic_zone_ratio_to_radius too large,Interbedded_ST; Fault,,,,,,,,,"All-results row format: one parameter_set_id x formation row; main metrics are segment_p95 values within that formation. Displacement is CCM hydrostatic-equivalent estimate, not directional K0 crown/wall solution."
P0083,Fault,Fault,Fault,True,min_max_sweep_100_lhs,357575757.57575756,0.35757575757575755,27878.787878787876,0.027878787878787878,16.32323232323232,5202020.202020203,5.202020202020202,3.1818181818181817,26.515151515151516,0.5,0.0961519322844195,5.556373609659349e-05,0.5282427563606605,,0.3101010101010101,2490.0,,6.2976858848423785,9.297685884842378,segment_p95,segment_p95,246.0,,,6.2976858848423785,2.099228628280793,,,5.96452106671018,1.988173688903393,6.327155452291624,2.1090518174305415,,,,,disabled_plastic_zone_only,generalized_hoek_brown,412.99849374261504,plastic_estimate,True,False,segment_p95_plastic_zone_ratio_to_radius too large,2.00672867766,64.0,True,2.417597617763393,88.0,False,Interbedded_ST: segment_p95_plastic_zone_ratio_to_radius too large; Fault: segment_p95_plastic_zone_ratio_to_radius too large,Interbedded_ST; Fault,1429.0,Fault,1.0496143141403964,,,0.0,0.28690949903071117,6.025862335515834,"All-results row format: one parameter_set_id x formation row; main metrics are segment_p95 values within that formation. Displacement is CCM hydrostatic-equivalent estimate, not directional K0 crown/wall solution."
P0083,Interbedded_ST,Interbedded_ST,Interbedded_ST,True,min_max_sweep_100_lhs,1633995218.1818182,1.6339952181818183,92927.45454545454,0.09292745454545455,21.16868686868687,1618650.0,1.61865,10.535353535353536,30.90909090909091,0.5,0.39246548372641915,9.982207446099097e-05,0.5210173524443397,,0.3654545454545455,2520.0,,7.604947936170273,10.604947936170273,segment_p95,segment_p95,924.0,,,7.604947936170273,2.534982645390091,,,7.296017463855405,2.4320058212851348,7.623712647672853,2.5412375492242845,,,,,disabled_plastic_zone_only,generalized_hoek_brown,1422.222167534153,plastic_estimate,True,False,segment_p95_plastic_zone_ratio_to_radius too large,2.417597617763393,95.0,True,2.417597617763393,88.0,False,Interbedded_ST: segment_p95_plastic_zone_ratio_to_radius too large; Fault: segment_p95_plastic_zone_ratio_to_radius too large,Interbedded_ST; Fault,767.0,Interbedded_ST,1.2674913226950455,,,0.0,0.2968676665646363,7.260678712069385,"All-results row format: one parameter_set_id x formation row; main metrics are segment_p95 values within that formation. Displacement is CCM hydrostatic-equivalent estimate, not directional K0 crown/wall solution."
P0083,SH_ST,SH_ST,SH_ST,True,min_max_sweep_100_lhs,2964680100.0,2.9646801,125858.33636363636,0.12585833636363636,17.573535353535352,13597571.636363635,13.597571636363634,7.434343434343434,29.696969696969695,0.5,0.26141317453202634,8.492539661598396e-05,0.5228040831837348,,0.38,2433.7373737373737,,5.201730337528454,8.201730337528453,segment_p95,segment_p95,2261.0,,,5.201730337528454,1.7339101125094845,,,3.9640592843218676,1.3213530947739558,5.454173688927104,1.8180578963090346,,,,,disabled_plastic_zone_only,generalized_hoek_brown,179.2691717148979,plastic_estimate,False,True,,1.703459135733252,37.0,True,2.417597617763393,88.0,False,Interbedded_ST: segment_p95_plastic_zone_ratio_to_radius too large; Fault: segment_p95_plastic_zone_ratio_to_radius too large,Interbedded_ST; Fault,1077.0,SH_ST,0.8669550562547422,,,0.0,0.2870523415977961,5.194451132311528,"All-results row format: one parameter_set_id x formation row; main metrics are segment_p95 values within that formation. Displacement is CCM hydrostatic-equivalent estimate, not directional K0 crown/wall solution."
P0083,SS_NC,SS_NC,SS_NC,False,min_max_sweep_100_lhs,2278583563.636364,2.278583563636364,91600.62727272727,0.09160062727272728,42.68848484848485,1750540.0,1.75054,17.858585858585858,51.515151515151516,0.5,1.7747899612947222,0.00155754180799815,0.5051623235792607,,0.2631313131313131,2543.3333333333335,,,,,,,,,,,,,,,,,,,,,,generalized_hoek_brown,,,,,,,,True,2.417597617763393,88.0,False,Interbedded_ST: segment_p95_plastic_zone_ratio_to_radius too large; Fault: segment_p95_plastic_zone_ratio_to_radius too large,Interbedded_ST; Fault,,,,,,,,,"All-results row format: one parameter_set_id x formation row; main metrics are segment_p95 values within that formation. Displacement is CCM hydrostatic-equivalent estimate, not directional K0 crown/wall solution."
P0083,SS_NK,SS_NK,SS_NK,False,min_max_sweep_100_lhs,461364300.0,0.4613643,102212.27272727272,0.10221227272727272,23.687878787878788,269775.0,0.269775,14.424242424242424,39.84848484848485,0.5,0.8224664630403599,0.00032875360123607925,0.5114860378569519,,0.38,2390.0,,,,,,,,,,,,,,,,,,,,,,generalized_hoek_brown,,,,,,,,True,2.417597617763393,88.0,False,Interbedded_ST: segment_p95_plastic_zone_ratio_to_radius too large; Fault: segment_p95_plastic_zone_ratio_to_radius too large,Interbedded_ST; Fault,,,,,,,,,"All-results row format: one parameter_set_id x formation row; main metrics are segment_p95 values within that formation. Displacement is CCM hydrostatic-equivalent estimate, not directional K0 crown/wall solution."
P0084,Fault,Fault,Fault,True,min_max_sweep_100_lhs,478787878.7878788,0.4787878787878788,27474.747474747473,0.027474747474747475,18.626262626262626,11565656.565656565,11.565656565656566,3.212121212121212,17.12121212121212,0.5,0.062058523361837245,1.58791274440199e-05,0.5530157397211477,,0.34747474747474744,2490.0,,6.440904156775279,9.440904156775279,segment_p95,segment_p95,246.0,,,6.440904156775279,2.1469680522584262,,,6.107739338643077,2.035913112881026,6.470373724224524,2.156791241408175,,,,,disabled_plastic_zone_only,generalized_hoek_brown,473.49955951599907,plastic_estimate,True,False,segment_p95_plastic_zone_ratio_to_radius too large,2.050629130608412,72.0,True,2.2419123136220542,40.0,False,Interbedded_ST: segment_p95_plastic_zone_ratio_to_radius too large; Fault: segment_p95_plastic_zone_ratio_to_radius too large,Interbedded_ST; Fault,1429.0,Fault,1.0734840261292131,,,0.0,0.2612794612794614,6.162260689737643,"All-results row format: one parameter_set_id x formation row; main metrics are segment_p95 values within that formation. Displacement is CCM hydrostatic-equivalent estimate, not directional K0 crown/wall solution."
P0084,Interbedded_ST,Interbedded_ST,Interbedded_ST,True,min_max_sweep_100_lhs,1954324418.1818182,1.9543244181818182,111160.18181818182,0.11116018181818182,20.360606060606063,1618650.0,1.61865,8.01010101010101,37.27272727272727,0.5,0.40401243753678323,0.00023319480899116346,0.513677591125209,,0.25606060606060604,2520.0,,7.076312390953676,10.076312390953676,segment_p95,segment_p95,924.0,,,7.076312390953676,2.358770796984559,,,6.767381918638809,2.255793972879603,7.0950771024562584,2.365025700818753,,,,,disabled_plastic_zone_only,generalized_hoek_brown,859.2441876338315,plastic_estimate,True,False,segment_p95_plastic_zone_ratio_to_radius too large,2.2419123136220542,51.0,True,2.2419123136220542,40.0,False,Interbedded_ST: segment_p95_plastic_zone_ratio_to_radius too large; Fault: segment_p95_plastic_zone_ratio_to_radius too large,Interbedded_ST; Fault,767.0,Interbedded_ST,1.1793853984922795,,,0.0,0.11860014284256715,6.75721628805358,"All-results row format: one parameter_set_id x formation row; main metrics are segment_p95 values within that formation. Displacement is CCM hydrostatic-equivalent estimate, not directional K0 crown/wall solution."
P0084,SH_ST,SH_ST,SH_ST,True,min_max_sweep_100_lhs,2964680100.0,2.9646801,133773.7181818182,0.1337737181818182,27.158484848484846,10548583.999999998,10.548583999999998,7.353535353535354,36.515151515151516,0.5,0.3577550212423925,0.00021079036173829528,0.5143971076339843,,0.38,2481.818181818182,,4.915105970453526,7.915105970453526,segment_p95,segment_p95,2261.0,,,4.915105970453526,1.638368656817842,,,3.6823580456710783,1.2274526818903593,5.167549321852176,1.722516440617392,,,,,disabled_plastic_zone_only,generalized_hoek_brown,136.2049158720506,plastic_estimate,False,True,,1.6005148010017547,17.0,True,2.2419123136220542,40.0,False,Interbedded_ST: segment_p95_plastic_zone_ratio_to_radius too large; Fault: segment_p95_plastic_zone_ratio_to_radius too large,Interbedded_ST; Fault,1077.0,SH_ST,0.819184328408921,,,0.0,0.0366289154167942,4.921475544621121,"All-results row format: one parameter_set_id x formation row; main metrics are segment_p95 values within that formation. Displacement is CCM hydrostatic-equivalent estimate, not directional K0 crown/wall solution."
P0084,SS_NC,SS_NC,SS_NC,False,min_max_sweep_100_lhs,3320164772.7272735,3.3201647727272734,416594.0363636363,0.41659403636363634,43.96888888888889,49370460.0,49.37046,12.808080808080808,43.484848484848484,0.5,0.8683838779935417,0.0005338724872960556,0.5089676988908144,,0.2221212121212121,2540.909090909091,,,,,,,,,,,,,,,,,,,,,,generalized_hoek_brown,,,,,,,,True,2.2419123136220542,40.0,False,Interbedded_ST: segment_p95_plastic_zone_ratio_to_radius too large; Fault: segment_p95_plastic_zone_ratio_to_radius too large,Interbedded_ST; Fault,,,,,,,,,"All-results row format: one parameter_set_id x formation row; main metrics are segment_p95 values within that formation. Displacement is CCM hydrostatic-equivalent estimate, not directional K0 crown/wall solution."
P0084,SS_NK,SS_NK,SS_NK,False,min_max_sweep_100_lhs,461364300.0,0.4613643,240622.4545454545,0.2406224545454545,34.67575757575758,307053.0,0.307053,18.86868686868687,40.25252525252525,0.5,1.0967880167252217,0.0003469499702624831,0.5111751422917337,,0.38,2390.0,,,,,,,,,,,,,,,,,,,,,,generalized_hoek_brown,,,,,,,,True,2.2419123136220542,40.0,False,Interbedded_ST: segment_p95_plastic_zone_ratio_to_radius too large; Fault: segment_p95_plastic_zone_ratio_to_radius too large,Interbedded_ST; Fault,,,,,,,,,"All-results row format: one parameter_set_id x formation row; main metrics are segment_p95 values within that formation. Displacement is CCM hydrostatic-equivalent estimate, not directional K0 crown/wall solution."
P0085,Fault,Fault,Fault,True,min_max_sweep_100_lhs,515151515.1515151,0.5151515151515151,25656.565656565654,0.025656565656565655,18.424242424242426,13484848.484848484,13.484848484848484,4.666666666666667,22.272727272727273,0.5,0.11522671456352325,3.1559485524126905e-05,0.5375440046686026,,0.3207070707070707,2490.0,,5.71249890667993,8.71249890667993,segment_p95,segment_p95,246.0,,,5.71249890667993,1.9041663022266435,,,5.379334088547731,1.7931113628492432,5.741968474129176,1.913989491376392,,,,,disabled_plastic_zone_only,generalized_hoek_brown,236.11408673363633,plastic_estimate,False,True,,1.8120028653234193,27.0,True,2.344722561386594,69.0,False,Interbedded_ST: segment_p95_plastic_zone_ratio_to_radius too large,Interbedded_ST,1429.0,Fault,0.9520831511133218,,,0.0,0.08464442403836346,5.468541403932549,"All-results row format: one parameter_set_id x formation row; main metrics are segment_p95 values within that formation. Displacement is CCM hydrostatic-equivalent estimate, not directional K0 crown/wall solution."
P0085,Interbedded_ST,Interbedded_ST,Interbedded_ST,True,min_max_sweep_100_lhs,1934910527.2727275,1.9349105272727274,105462.45454545454,0.10546245454545454,18.784848484848485,1618650.0,1.61865,7.909090909090909,33.63636363636364,0.5,0.33549094439124766,0.0001435991459939969,0.5174880169880441,,0.22343434343434343,2520.0,,7.373223303088485,10.373223303088485,segment_p95,segment_p95,924.0,,,7.373223303088485,2.4577411010294954,,,7.06429283077362,2.35476427692454,7.391988014591069,2.4639960048636897,,,,,disabled_plastic_zone_only,generalized_hoek_brown,1140.3745781345508,plastic_estimate,True,False,segment_p95_plastic_zone_ratio_to_radius too large,2.344722561386594,75.0,True,2.344722561386594,69.0,False,Interbedded_ST: segment_p95_plastic_zone_ratio_to_radius too large,Interbedded_ST,767.0,Interbedded_ST,1.2288705505147477,,,0.0,0.30143862871135596,7.039988585324828,"All-results row format: one parameter_set_id x formation row; main metrics are segment_p95 values within that formation. Displacement is CCM hydrostatic-equivalent estimate, not directional K0 crown/wall solution."
P0085,SH_ST,SH_ST,SH_ST,True,min_max_sweep_100_lhs,2964680100.0,2.9646801,155541.0181818182,0.15554101818181817,45.71,4831732.181818181,4.831732181818181,7.474747474747475,36.21212121212121,0.5,0.35844225657031914,0.00020244334161718323,0.514695244600451,,0.38,2523.030303030303,,5.776709974702554,8.776709974702554,segment_p95,segment_p95,2261.0,,,5.776709974702554,1.9255699915675177,,,4.529834436134091,1.5099448120446965,6.029153326101204,2.009717775367068,,,,,disabled_plastic_zone_only,generalized_hoek_brown,310.70299233117146,plastic_estimate,False,True,,1.8832027099245383,67.0,True,2.344722561386594,69.0,False,Interbedded_ST: segment_p95_plastic_zone_ratio_to_radius too large,Interbedded_ST,1077.0,SH_ST,0.9627849957837589,,,0.0,0.25407611468217534,5.742050786763052,"All-results row format: one parameter_set_id x formation row; main metrics are segment_p95 values within that formation. Displacement is CCM hydrostatic-equivalent estimate, not directional K0 crown/wall solution."
P0085,SS_NC,SS_NC,SS_NC,False,min_max_sweep_100_lhs,3590204345.454546,3.590204345454546,30935.190909090907,0.030935190909090908,45.56939393939394,5072859.999999999,5.0728599999999995,16.848484848484848,50.151515151515156,0.5,1.569133190682047,0.0012986050274425504,0.5056738049970906,,0.20797979797979796,2539.6969696969695,,,,,,,,,,,,,,,,,,,,,,generalized_hoek_brown,,,,,,,,True,2.344722561386594,69.0,False,Interbedded_ST: segment_p95_plastic_zone_ratio_to_radius too large,Interbedded_ST,,,,,,,,,"All-results row format: one parameter_set_id x formation row; main metrics are segment_p95 values within that formation. Displacement is CCM hydrostatic-equivalent estimate, not directional K0 crown/wall solution."
P0085,SS_NK,SS_NK,SS_NK,False,min_max_sweep_100_lhs,461364300.0,0.4613643,200252.81818181818,0.20025281818181817,27.845454545454547,273163.9090909091,0.2731639090909091,12.404040404040405,40.858585858585855,0.5,0.742126505554952,0.00037615025293694576,0.5107242223029227,,0.38,2390.0,,,,,,,,,,,,,,,,,,,,,,generalized_hoek_brown,,,,,,,,True,2.344722561386594,69.0,False,Interbedded_ST: segment_p95_plastic_zone_ratio_to_radius too large,Interbedded_ST,,,,,,,,,"All-results row format: one parameter_set_id x formation row; main metrics are segment_p95 values within that formation. Displacement is CCM hydrostatic-equivalent estimate, not directional K0 crown/wall solution."
P0086,Fault,Fault,Fault,True,min_max_sweep_100_lhs,264646464.64646468,0.2646464646464647,23434.34343434343,0.023434343434343433,18.545454545454547,10454545.454545453,10.454545454545453,4.242424242424242,15.303030303030303,0.5,0.0751661582907605,1.2460719606657929e-05,0.5598749110444853,,0.3292929292929293,2490.0,,6.76905831401737,9.76905831401737,segment_p95,segment_p95,246.0,,,6.76905831401737,2.2563527713391234,,,6.43589349588517,2.1452978319617237,6.798527881466616,2.266175960488872,,,,,disabled_plastic_zone_only,generalized_hoek_brown,647.5820111121033,plastic_estimate,True,False,segment_p95_plastic_zone_ratio_to_radius too large,2.1476893075594248,87.0,True,2.9194647791252946,99.0,False,SH_ST: segment_p95_plastic_zone_ratio_to_radius too large; plastic zone reaches 4a check limit; Interbedded_ST: segment_p95_plastic_zone_ratio_to_radius too large; Fault: segment_p95_plastic_zone_ratio_to_radius too large,SH_ST; Interbedded_ST; Fault,1429.0,Fault,1.1281763856695617,,,0.0,0.13198653198653196,6.474788458539635,"All-results row format: one parameter_set_id x formation row; main metrics are segment_p95 values within that formation. Displacement is CCM hydrostatic-equivalent estimate, not directional K0 crown/wall solution."
P0086,Interbedded_ST,Interbedded_ST,Interbedded_ST,True,min_max_sweep_100_lhs,1808720236.3636365,1.8087202363636365,123695.18181818181,0.12369518181818182,21.532323232323233,1618650.0,1.61865,8.515151515151516,38.63636363636364,0.5,0.45830021689346057,0.00027969294491888777,0.5124705864258157,,0.21,2520.0,,6.967877401366803,9.967877401366803,segment_p95,segment_p95,924.0,,,6.967877401366803,2.322625800455601,,,6.658946929051935,2.219648976350645,6.986642112869385,2.3288807042897948,,,,,disabled_plastic_zone_only,generalized_hoek_brown,774.8388797207227,plastic_estimate,True,False,segment_p95_plastic_zone_ratio_to_radius too large,2.2200697412862196,45.0,True,2.9194647791252946,99.0,False,SH_ST: segment_p95_plastic_zone_ratio_to_radius too large; plastic zone reaches 4a check limit; Interbedded_ST: segment_p95_plastic_zone_ratio_to_radius too large; Fault: segment_p95_plastic_zone_ratio_to_radius too large,SH_ST; Interbedded_ST; Fault,767.0,Interbedded_ST,1.1613129002278004,,,0.0,0.36592184470972355,6.653944869399414,"All-results row format: one parameter_set_id x formation row; main metrics are segment_p95 values within that formation. Displacement is CCM hydrostatic-equivalent estimate, not directional K0 crown/wall solution."
P0086,SH_ST,SH_ST,SH_ST,True,min_max_sweep_100_lhs,2964680100.0,2.9646801,66492.97272727273,0.06649297272727273,38.907777777777774,258250.72727272724,0.25825072727272724,6.707070707070708,32.72727272727273,0.5,0.27244979943101233,0.00012720673381058853,0.5185939255859529,,0.38,2428.5858585858587,,9.0,12.0,segment_p95,segment_p95,2261.0,,,9.0,3.0,,,7.793254182933055,2.597751394311018,9.0,3.0,,,,,disabled_plastic_zone_only,generalized_hoek_brown,7382.846176683197,plastic_reaches_4a_estimate,True,False,segment_p95_plastic_zone_ratio_to_radius too large; plastic zone reaches 4a check limit,2.9194647791252946,99.0,True,2.9194647791252946,99.0,False,SH_ST: segment_p95_plastic_zone_ratio_to_radius too large; plastic zone reaches 4a check limit; Interbedded_ST: segment_p95_plastic_zone_ratio_to_radius too large; Fault: segment_p95_plastic_zone_ratio_to_radius too large,SH_ST; Interbedded_ST; Fault,1077.0,SH_ST,1.5,,,0.0,0.261095806550352,8.907049943988884,"All-results row format: one parameter_set_id x formation row; main metrics are segment_p95 values within that formation. Displacement is CCM hydrostatic-equivalent estimate, not directional K0 crown/wall solution."
P0086,SS_NC,SS_NC,SS_NC,False,min_max_sweep_100_lhs,1738504418.1818185,1.7385044181818186,199931.76363636364,0.19993176363636364,24.442727272727275,17808420.0,17.80842,20.383838383838384,42.72727272727273,0.5,1.3330500981601803,0.0004825801020447391,0.5094432327356009,,0.18676767676767675,2607.5757575757575,,,,,,,,,,,,,,,,,,,,,,generalized_hoek_brown,,,,,,,,True,2.9194647791252946,99.0,False,SH_ST: segment_p95_plastic_zone_ratio_to_radius too large; plastic zone reaches 4a check limit; Interbedded_ST: segment_p95_plastic_zone_ratio_to_radius too large; Fault: segment_p95_plastic_zone_ratio_to_radius too large,SH_ST; Interbedded_ST; Fault,,,,,,,,,"All-results row format: one parameter_set_id x formation row; main metrics are segment_p95 values within that formation. Displacement is CCM hydrostatic-equivalent estimate, not directional K0 crown/wall solution."
P0086,SS_NK,SS_NK,SS_NK,False,min_max_sweep_100_lhs,461364300.0,0.4613643,209864.63636363632,0.20986463636363634,35.26969696969697,237015.54545454544,0.23701554545454545,21.19191919191919,51.161616161616166,0.5,2.0708985872095655,0.0014858258820621495,0.5052904981696704,,0.38,2390.0,,,,,,,,,,,,,,,,,,,,,,generalized_hoek_brown,,,,,,,,True,2.9194647791252946,99.0,False,SH_ST: segment_p95_plastic_zone_ratio_to_radius too large; plastic zone reaches 4a check limit; Interbedded_ST: segment_p95_plastic_zone_ratio_to_radius too large; Fault: segment_p95_plastic_zone_ratio_to_radius too large,SH_ST; Interbedded_ST; Fault,,,,,,,,,"All-results row format: one parameter_set_id x formation row; main metrics are segment_p95 values within that formation. Displacement is CCM hydrostatic-equivalent estimate, not directional K0 crown/wall solution."
P0087,Fault,Fault,Fault,True,min_max_sweep_100_lhs,458585858.5858586,0.4585858585858586,27272.727272727272,0.02727272727272727,17.373737373737374,7020202.020202021,7.020202020202021,3.0,21.96969696969697,0.5,0.0730130981613797,3.0309771549970446e-05,0.5383145110596674,,0.32474747474747473,2490.0,,6.429134463986145,9.429134463986145,segment_p95,segment_p95,246.0,,,6.429134463986145,2.143044821328715,,,6.095969645853945,2.031989881951315,6.4586040314353905,2.1528680104784637,,,,,disabled_plastic_zone_only,generalized_hoek_brown,468.21048285708855,plastic_estimate,True,False,segment_p95_plastic_zone_ratio_to_radius too large,2.0377578236059715,67.0,True,2.3465576396076386,70.0,False,SH_ST: segment_p95_plastic_zone_ratio_to_radius too large; Interbedded_ST: segment_p95_plastic_zone_ratio_to_radius too large; Fault: segment_p95_plastic_zone_ratio_to_radius too large,SH_ST; Interbedded_ST; Fault,1429.0,Fault,1.0715224106643575,,,0.0,0.07811447811447812,6.1510514585098965,"All-results row format: one parameter_set_id x formation row; main metrics are segment_p95 values within that formation. Displacement is CCM hydrostatic-equivalent estimate, not directional K0 crown/wall solution."
P0087,Interbedded_ST,Interbedded_ST,Interbedded_ST,True,min_max_sweep_100_lhs,2065954290.909091,2.065954290909091,74694.72727272728,0.07469472727272727,20.805050505050506,1618650.0,1.61865,8.464646464646464,33.333333333333336,0.5,0.3539127290829405,0.00013791280933656217,0.5178492315700927,,0.2867676767676768,2520.0,,7.398548676271946,10.398548676271947,segment_p95,segment_p95,924.0,,,7.398548676271946,2.466182892090649,,,7.089618203957079,2.363206067985693,7.417313387774529,2.472437795924843,,,,,disabled_plastic_zone_only,generalized_hoek_brown,1168.2385317607468,plastic_estimate,True,False,segment_p95_plastic_zone_ratio_to_radius too large,2.3465576396076386,76.0,True,2.3465576396076386,70.0,False,SH_ST: segment_p95_plastic_zone_ratio_to_radius too large; Interbedded_ST: segment_p95_plastic_zone_ratio_to_radius too large; Fault: segment_p95_plastic_zone_ratio_to_radius too large,SH_ST; Interbedded_ST; Fault,767.0,Interbedded_ST,1.2330914460453244,,,0.0,0.17834914804611782,7.064107988356695,"All-results row format: one parameter_set_id x formation row; main metrics are segment_p95 values within that formation. Displacement is CCM hydrostatic-equivalent estimate, not directional K0 crown/wall solution."
P0087,SH_ST,SH_ST,SH_ST,True,min_max_sweep_100_lhs,2964680100.0,2.9646801,48683.36363636363,0.048683363636363636,32.105555555555554,4260046.999999999,4.260046999999999,5.05050505050505,31.363636363636363,0.5,0.19225935328339813,0.00010605898551339095,0.5203836850433791,,0.38,2437.1717171717173,,6.276607123525176,9.276607123525176,segment_p95,segment_p95,2261.0,,,6.276607123525176,2.092202374508392,,,5.022154156225866,1.6740513854086219,6.529050474923828,2.1763501583079425,,,,,disabled_plastic_zone_only,generalized_hoek_brown,500.770733628887,plastic_estimate,True,False,segment_p95_plastic_zone_ratio_to_radius too large,2.038492278073171,81.0,True,2.3465576396076386,70.0,False,SH_ST: segment_p95_plastic_zone_ratio_to_radius too large; Interbedded_ST: segment_p95_plastic_zone_ratio_to_radius too large; Fault: segment_p95_plastic_zone_ratio_to_radius too large,SH_ST; Interbedded_ST; Fault,1077.0,SH_ST,1.046101187254196,,,0.0,0.20575451484542392,6.218143309451265,"All-results row format: one parameter_set_id x formation row; main metrics are segment_p95 values within that formation. Displacement is CCM hydrostatic-equivalent estimate, not directional K0 crown/wall solution."
P0087,SS_NC,SS_NC,SS_NC,False,min_max_sweep_100_lhs,1584196090.9090912,1.5841960909090913,134933.08181818182,0.1349330818181818,27.003535353535355,29990260.0,29.99026,21.595959595959595,45.90909090909091,0.5,1.6433694316932177,0.0007375909081038948,0.5075977755405124,,0.15565656565656566,2532.4242424242425,,,,,,,,,,,,,,,,,,,,,,generalized_hoek_brown,,,,,,,,True,2.3465576396076386,70.0,False,SH_ST: segment_p95_plastic_zone_ratio_to_radius too large; Interbedded_ST: segment_p95_plastic_zone_ratio_to_radius too large; Fault: segment_p95_plastic_zone_ratio_to_radius too large,SH_ST; Interbedded_ST; Fault,,,,,,,,,"All-results row format: one parameter_set_id x formation row; main metrics are segment_p95 values within that formation. Displacement is CCM hydrostatic-equivalent estimate, not directional K0 crown/wall solution."
P0087,SS_NK,SS_NK,SS_NK,False,min_max_sweep_100_lhs,461364300.0,0.4613643,188718.63636363632,0.1887186363636363,36.903030303030306,301404.8181818182,0.3014048181818182,19.272727272727273,53.38383838383838,0.5,2.0935763630180766,0.0019982405402468027,0.5045328080972895,,0.38,2390.0,,,,,,,,,,,,,,,,,,,,,,generalized_hoek_brown,,,,,,,,True,2.3465576396076386,70.0,False,SH_ST: segment_p95_plastic_zone_ratio_to_radius too large; Interbedded_ST: segment_p95_plastic_zone_ratio_to_radius too large; Fault: segment_p95_plastic_zone_ratio_to_radius too large,SH_ST; Interbedded_ST; Fault,,,,,,,,,"All-results row format: one parameter_set_id x formation row; main metrics are segment_p95 values within that formation. Displacement is CCM hydrostatic-equivalent estimate, not directional K0 crown/wall solution."
P0088,Fault,Fault,Fault,True,min_max_sweep_100_lhs,373737373.73737377,0.37373737373737376,27676.767676767675,0.027676767676767675,19.838383838383837,13989898.989898989,13.98989898989899,5.242424242424242,23.03030303030303,0.5,0.1341979094825266,3.491387432502856e-05,0.5356844832712456,,0.33888888888888885,2490.0,,5.5968416217992365,8.596841621799236,segment_p95,segment_p95,246.0,,,5.5968416217992365,1.865613873933079,,,5.263676803667036,1.7545589345556787,5.626311189248482,1.8754370630828274,,,,,disabled_plastic_zone_only,generalized_hoek_brown,211.38307652336374,plastic_estimate,False,True,,1.785857547545392,21.0,True,2.361526318579277,74.0,False,Interbedded_ST: segment_p95_plastic_zone_ratio_to_radius too large,Interbedded_ST,1429.0,Fault,0.9328069369665395,,,0.0,0.291480461177431,5.358391608808079,"All-results row format: one parameter_set_id x formation row; main metrics are segment_p95 values within that formation. Displacement is CCM hydrostatic-equivalent estimate, not directional K0 crown/wall solution."
P0088,Interbedded_ST,Interbedded_ST,Interbedded_ST,True,min_max_sweep_100_lhs,1638848690.909091,1.638848690909091,49624.72727272728,0.04962472727272728,21.815151515151516,1618650.0,1.61865,8.11111111111111,33.18181818181818,0.5,0.33669314311004456,0.000135154646016651,0.5180325938326162,,0.2733333333333333,2520.0,,7.41124862756104,10.41124862756104,segment_p95,segment_p95,924.0,,,7.41124862756104,2.4704162091870137,,,7.102318155246174,2.367439385082058,7.430013339063622,2.4766711130212076,,,,,disabled_plastic_zone_only,generalized_hoek_brown,1182.4665679068203,plastic_estimate,True,False,segment_p95_plastic_zone_ratio_to_radius too large,2.361526318579277,80.0,True,2.361526318579277,74.0,False,Interbedded_ST: segment_p95_plastic_zone_ratio_to_radius too large,Interbedded_ST,767.0,Interbedded_ST,1.2352081045935068,,,0.0,0.3975920824405673,7.076203180060594,"All-results row format: one parameter_set_id x formation row; main metrics are segment_p95 values within that formation. Displacement is CCM hydrostatic-equivalent estimate, not directional K0 crown/wall solution."
P0088,SH_ST,SH_ST,SH_ST,True,min_max_sweep_100_lhs,2964680100.0,2.9646801,76387.19999999998,0.07638719999999999,43.545656565656564,16837121.0,16.837121,8.0,26.81818181818182,0.5,0.24526722631946432,5.785470610083026e-05,0.5276736782815239,,0.38,2435.4545454545455,,5.238688475803631,8.238688475803631,segment_p95,segment_p95,2261.0,,,5.238688475803631,1.7462294919345438,,,4.00039627741595,1.333465425805317,5.491131827202282,1.830377275734094,,,,,disabled_plastic_zone_only,generalized_hoek_brown,185.72731783127634,plastic_estimate,False,True,,1.715942954076288,39.0,True,2.361526318579277,74.0,False,Interbedded_ST: segment_p95_plastic_zone_ratio_to_radius too large,Interbedded_ST,1077.0,SH_ST,0.8731147459672719,,,0.0,0.3035404550556066,5.229649359240269,"All-results row format: one parameter_set_id x formation row; main metrics are segment_p95 values within that formation. Displacement is CCM hydrostatic-equivalent estimate, not directional K0 crown/wall solution."
P0088,SS_NC,SS_NC,SS_NC,False,min_max_sweep_100_lhs,2664354381.818183,2.6643543818181827,69934.4,0.0699344,21.241717171717173,32758860.0,32.75886,18.666666666666668,54.84848484848485,0.5,2.1742140697440586,0.002429178802258864,0.504091400856475,,0.2447474747474747,2525.151515151515,,,,,,,,,,,,,,,,,,,,,,generalized_hoek_brown,,,,,,,,True,2.361526318579277,74.0,False,Interbedded_ST: segment_p95_plastic_zone_ratio_to_radius too large,Interbedded_ST,,,,,,,,,"All-results row format: one parameter_set_id x formation row; main metrics are segment_p95 values within that formation. Displacement is CCM hydrostatic-equivalent estimate, not directional K0 crown/wall solution."
P0088,SS_NK,SS_NK,SS_NK,False,min_max_sweep_100_lhs,461364300.0,0.4613643,159883.18181818182,0.1598831818181818,26.65757575757576,203126.45454545456,0.20312645454545455,14.727272727272727,42.676767676767675,0.5,0.9608118572796841,0.00047934132161152646,0.50947579708377,,0.38,2390.0,,,,,,,,,,,,,,,,,,,,,,generalized_hoek_brown,,,,,,,,True,2.361526318579277,74.0,False,Interbedded_ST: segment_p95_plastic_zone_ratio_to_radius too large,Interbedded_ST,,,,,,,,,"All-results row format: one parameter_set_id x formation row; main metrics are segment_p95 values within that formation. Displacement is CCM hydrostatic-equivalent estimate, not directional K0 crown/wall solution."
P0089,Fault,Fault,Fault,True,min_max_sweep_100_lhs,220202020.2020202,0.2202020202020202,28484.848484848484,0.028484848484848484,19.7979797979798,9646464.646464648,9.646464646464647,3.787878787878788,18.484848484848484,0.5,0.07809199643303244,1.9045363560080585e-05,0.5483902780859854,,0.3095959595959596,2490.0,,6.473063100087196,9.473063100087195,segment_p95,segment_p95,246.0,,,6.473063100087196,2.1576877000290655,,,6.139898281954998,2.046632760651666,6.502532667536444,2.1675108891788146,,,,,disabled_plastic_zone_only,generalized_hoek_brown,488.25716684111075,plastic_estimate,True,False,segment_p95_plastic_zone_ratio_to_radius too large,2.072528414197189,77.0,True,2.432855840838314,90.0,False,Interbedded_ST: segment_p95_plastic_zone_ratio_to_radius too large; Fault: segment_p95_plastic_zone_ratio_to_radius too large,Interbedded_ST; Fault,1429.0,Fault,1.0788438500145328,,,0.0,0.4963575145393328,6.192888254796613,"All-results row format: one parameter_set_id x formation row; main metrics are segment_p95 values within that formation. Displacement is CCM hydrostatic-equivalent estimate, not directional K0 crown/wall solution."
P0089,Interbedded_ST,Interbedded_ST,Interbedded_ST,True,min_max_sweep_100_lhs,1964031363.6363637,1.9640313636363638,98625.18181818182,0.09862518181818182,21.330303030303032,1618650.0,1.61865,10.98989898989899,30.0,0.5,0.39205358345263236,8.842698865988302e-05,0.5223437749058788,,0.31747474747474747,2520.0,,7.684258175695362,10.684258175695362,segment_p95,segment_p95,924.0,,,7.684258175695362,2.561419391898454,,,7.375327703380496,2.4584425677934982,7.703022887197944,2.567674295732648,,,,,disabled_plastic_zone_only,generalized_hoek_brown,1533.8873558566816,plastic_estimate,True,False,segment_p95_plastic_zone_ratio_to_radius too large,2.432855840838314,97.0,True,2.432855840838314,90.0,False,Interbedded_ST: segment_p95_plastic_zone_ratio_to_radius too large; Fault: segment_p95_plastic_zone_ratio_to_radius too large,Interbedded_ST; Fault,767.0,Interbedded_ST,1.280709695949227,,,0.0,0.10162228344046534,7.336212273521852,"All-results row format: one parameter_set_id x formation row; main metrics are segment_p95 values within that formation. Displacement is CCM hydrostatic-equivalent estimate, not directional K0 crown/wall solution."
P0089,SH_ST,SH_ST,SH_ST,True,min_max_sweep_100_lhs,2964680100.0,2.9646801,127837.18181818182,0.12783718181818182,33.96070707070707,17789929.636363633,17.789929636363635,6.141414141414142,27.272727272727273,0.5,0.1924058316128272,6.14694842735143e-05,0.5268413295634181,,0.38,2571.1111111111113,,5.1957505488313664,8.195750548831366,segment_p95,segment_p95,2261.0,,,5.1957505488313664,1.7319168496104553,,,3.9581799962751525,1.3193933320917173,5.448193900230017,1.8160646334100057,,,,,disabled_plastic_zone_only,generalized_hoek_brown,178.2454499717035,plastic_estimate,False,True,,1.6941774910164424,35.0,True,2.432855840838314,90.0,False,Interbedded_ST: segment_p95_plastic_zone_ratio_to_radius too large; Fault: segment_p95_plastic_zone_ratio_to_radius too large,Interbedded_ST; Fault,1077.0,SH_ST,0.8659584248052277,,,0.0,0.13914906642179378,5.188756095457159,"All-results row format: one parameter_set_id x formation row; main metrics are segment_p95 values within that formation. Displacement is CCM hydrostatic-equivalent estimate, not directional K0 crown/wall solution."
P0089,SS_NC,SS_NC,SS_NC,False,min_max_sweep_100_lhs,2741508545.454546,2.741508545454546,195598.5181818182,0.1955985181818182,22.2020202020202,6734020.0,6.73402,16.242424242424242,43.333333333333336,0.5,1.093314492589295,0.0005231953970456776,0.5090608940794171,,0.28717171717171713,2573.6363636363635,,,,,,,,,,,,,,,,,,,,,,generalized_hoek_brown,,,,,,,,True,2.432855840838314,90.0,False,Interbedded_ST: segment_p95_plastic_zone_ratio_to_radius too large; Fault: segment_p95_plastic_zone_ratio_to_radius too large,Interbedded_ST; Fault,,,,,,,,,"All-results row format: one parameter_set_id x formation row; main metrics are segment_p95 values within that formation. Displacement is CCM hydrostatic-equivalent estimate, not directional K0 crown/wall solution."
P0089,SS_NK,SS_NK,SS_NK,False,min_max_sweep_100_lhs,461364300.0,0.4613643,94522.81818181818,0.09452281818181818,25.46969696969697,264126.81818181823,0.2641268181818182,17.95959595959596,46.515151515151516,0.5,1.4066725460700296,0.0007996686278352246,0.5072885145535969,,0.38,2390.0,,,,,,,,,,,,,,,,,,,,,,generalized_hoek_brown,,,,,,,,True,2.432855840838314,90.0,False,Interbedded_ST: segment_p95_plastic_zone_ratio_to_radius too large; Fault: segment_p95_plastic_zone_ratio_to_radius too large,Interbedded_ST; Fault,,,,,,,,,"All-results row format: one parameter_set_id x formation row; main metrics are segment_p95 values within that formation. Displacement is CCM hydrostatic-equivalent estimate, not directional K0 crown/wall solution."
P0090,Fault,Fault,Fault,True,min_max_sweep_100_lhs,539393939.3939394,0.5393939393939394,21111.111111111113,0.021111111111111112,16.444444444444443,11868686.868686868,11.868686868686869,5.545454545454545,23.78787878787879,0.5,0.14716953789169773,3.862479378670452e-05,0.5339165449262623,,0.32626262626262625,2490.0,,5.693816826089485,8.693816826089485,segment_p95,segment_p95,246.0,,,5.693816826089485,1.8979389420298283,,,5.360652007957285,1.7868840026524284,5.72328639353873,1.907762131179577,,,,,disabled_plastic_zone_only,generalized_hoek_brown,231.93255455361427,plastic_estimate,False,True,,1.8188588331249624,28.0,True,2.39087767660097,80.0,False,Interbedded_ST: segment_p95_plastic_zone_ratio_to_radius too large,Interbedded_ST,1429.0,Fault,0.9489694710149141,,,0.0,0.3396388123660851,5.450748946227363,"All-results row format: one parameter_set_id x formation row; main metrics are segment_p95 values within that formation. Displacement is CCM hydrostatic-equivalent estimate, not directional K0 crown/wall solution."
P0090,Interbedded_ST,Interbedded_ST,Interbedded_ST,True,min_max_sweep_100_lhs,1998005672.7272727,1.9980056727272728,121416.0909090909,0.1214160909090909,22.05757575757576,1618650.0,1.61865,11.545454545454545,32.121212121212125,0.5,0.45564949394490634,0.0001173317634859323,0.5193693243702919,,0.3808080808080808,2520.0,,7.500871609573008,10.500871609573007,segment_p95,segment_p95,924.0,,,7.500871609573008,2.500290536524336,,,7.191941137258142,2.3973137124193804,7.51963632107559,2.50654544035853,,,,,disabled_plastic_zone_only,generalized_hoek_brown,1287.9180197388819,plastic_estimate,True,False,segment_p95_plastic_zone_ratio_to_radius too large,2.39087767660097,87.0,True,2.39087767660097,80.0,False,Interbedded_ST: segment_p95_plastic_zone_ratio_to_radius too large,Interbedded_ST,767.0,Interbedded_ST,1.250145268262168,,,0.0,0.419140903989389,7.161558401024372,"All-results row format: one parameter_set_id x formation row; main metrics are segment_p95 values within that formation. Displacement is CCM hydrostatic-equivalent estimate, not directional K0 crown/wall solution."
P0090,SH_ST,SH_ST,SH_ST,True,min_max_sweep_100_lhs,2964680100.0,2.9646801,80344.89090909091,0.08034489090909092,16.027575757575757,18933300.0,18.9333,5.01010101010101,37.72727272727273,0.5,0.2582281225560971,0.0002477648856942644,0.5132630045628501,,0.38,2545.3535353535353,,4.230291878413555,7.230291878413555,segment_p95,segment_p95,2261.0,,,4.230291878413555,1.4100972928045181,,,3.0107723351496456,1.0035907783832152,4.4827352298122065,1.4942450766040687,,,,,disabled_plastic_zone_only,generalized_hoek_brown,70.46956161925227,plastic_estimate,False,True,,1.394577351377786,1.0,True,2.39087767660097,80.0,False,Interbedded_ST: segment_p95_plastic_zone_ratio_to_radius too large,Interbedded_ST,1077.0,SH_ST,0.7050486464022591,,,0.0,0.23873074176104483,4.269271647440196,"All-results row format: one parameter_set_id x formation row; main metrics are segment_p95 values within that formation. Displacement is CCM hydrostatic-equivalent estimate, not directional K0 crown/wall solution."
P0090,SS_NC,SS_NC,SS_NC,False,min_max_sweep_100_lhs,1082694027.2727275,1.0826940272727275,364595.0909090909,0.36459509090909087,20.281414141414142,28329099.999999996,28.329099999999997,14.727272727272727,42.57575757575758,0.5,0.9562014445672495,0.0004729288249604585,0.509541255637717,,0.24898989898989898,2492.4242424242425,,,,,,,,,,,,,,,,,,,,,,generalized_hoek_brown,,,,,,,,True,2.39087767660097,80.0,False,Interbedded_ST: segment_p95_plastic_zone_ratio_to_radius too large,Interbedded_ST,,,,,,,,,"All-results row format: one parameter_set_id x formation row; main metrics are segment_p95 values within that formation. Displacement is CCM hydrostatic-equivalent estimate, not directional K0 crown/wall solution."
P0090,SS_NK,SS_NK,SS_NK,False,min_max_sweep_100_lhs,461364300.0,0.4613643,236777.72727272726,0.23677772727272728,25.766666666666666,199737.54545454547,0.19973754545454547,21.7979797979798,39.44444444444444,0.5,1.2192298782463316,0.00031151157108883507,0.5118054215180742,,0.38,2390.0,,,,,,,,,,,,,,,,,,,,,,generalized_hoek_brown,,,,,,,,True,2.39087767660097,80.0,False,Interbedded_ST: segment_p95_plastic_zone_ratio_to_radius too large,Interbedded_ST,,,,,,,,,"All-results row format: one parameter_set_id x formation row; main metrics are segment_p95 values within that formation. Displacement is CCM hydrostatic-equivalent estimate, not directional K0 crown/wall solution."
P0091,Fault,Fault,Fault,True,min_max_sweep_100_lhs,305050505.0505051,0.3050505050505051,22828.28282828283,0.02282828282828283,19.91919191919192,12070707.070707072,12.070707070707071,5.424242424242424,20.151515151515152,0.5,0.12106465249590583,2.3784780741732513e-05,0.5432792182095882,,0.31717171717171716,2490.0,,6.052570284260647,9.052570284260646,segment_p95,segment_p95,246.0,,,6.052570284260647,2.0175234280868826,,,5.719405466128448,1.9064684887094827,6.082039851709894,2.0273466172366312,,,,,disabled_plastic_zone_only,generalized_hoek_brown,326.8049957365034,plastic_estimate,True,False,segment_p95_plastic_zone_ratio_to_radius too large,1.929384216897382,47.0,True,2.1864688845610853,27.0,False,Interbedded_ST: segment_p95_plastic_zone_ratio_to_radius too large; Fault: segment_p95_plastic_zone_ratio_to_radius too large,Interbedded_ST; Fault,1429.0,Fault,1.0087617140434413,,,0.0,0.2865830017345169,5.792418906390376,"All-results row format: one parameter_set_id x formation row; main metrics are segment_p95 values within that formation. Displacement is CCM hydrostatic-equivalent estimate, not directional K0 crown/wall solution."
P0091,Interbedded_ST,Interbedded_ST,Interbedded_ST,True,min_max_sweep_100_lhs,1731064672.7272727,1.7310646727272727,106602.0,0.106602,21.734343434343437,1618650.0,1.61865,10.636363636363637,39.696969696969695,0.5,0.6021225941892397,0.00032217875058529444,0.5116047997201273,,0.2637373737373737,2520.0,,6.884473945315552,9.884473945315552,segment_p95,segment_p95,924.0,,,6.884473945315552,2.2948246484385173,,,6.575543473000683,2.1918478243335615,6.903238656818134,2.301079552272711,,,,,disabled_plastic_zone_only,generalized_hoek_brown,715.59656149101,plastic_estimate,True,False,segment_p95_plastic_zone_ratio_to_radius too large,2.1864688845610853,35.0,True,2.1864688845610853,27.0,False,Interbedded_ST: segment_p95_plastic_zone_ratio_to_radius too large; Fault: segment_p95_plastic_zone_ratio_to_radius too large,Interbedded_ST; Fault,767.0,Interbedded_ST,1.1474123242192587,,,0.0,0.2201408019589838,6.5745130064934605,"All-results row format: one parameter_set_id x formation row; main metrics are segment_p95 values within that formation. Displacement is CCM hydrostatic-equivalent estimate, not directional K0 crown/wall solution."
P0091,SH_ST,SH_ST,SH_ST,True,min_max_sweep_100_lhs,2964680100.0,2.9646801,161477.55454545454,0.16147755454545454,42.30888888888889,18552176.545454543,18.552176545454543,5.171717171717171,37.121212121212125,0.5,0.258975136665001,0.00022853106983852626,0.51381860207001,,0.38,2565.959595959596,,4.308550441125824,7.308550441125824,segment_p95,segment_p95,2261.0,,,4.308550441125824,1.4361834803752749,,,3.087370803197268,1.029123601065756,4.560993792524476,1.5203312641748254,,,,,disabled_plastic_zone_only,generalized_hoek_brown,75.99986063585406,plastic_estimate,False,True,,1.4213882970396576,4.0,True,2.1864688845610853,27.0,False,Interbedded_ST: segment_p95_plastic_zone_ratio_to_radius too large; Fault: segment_p95_plastic_zone_ratio_to_radius too large,Interbedded_ST; Fault,1077.0,SH_ST,0.7180917401876374,,,0.0,0.2811753902662995,4.343803611928073,"All-results row format: one parameter_set_id x formation row; main metrics are segment_p95 values within that formation. Displacement is CCM hydrostatic-equivalent estimate, not directional K0 crown/wall solution."
P0091,SS_NC,SS_NC,SS_NC,False,min_max_sweep_100_lhs,2047121072.7272727,2.047121072727273,152266.06363636363,0.15226606363636364,33.085454545454546,38849780.0,38.84978,19.575757575757574,49.54545454545455,0.5,1.7712659903786574,0.0011977952218190572,0.5059164892665391,,0.17262626262626263,2608.787878787879,,,,,,,,,,,,,,,,,,,,,,generalized_hoek_brown,,,,,,,,True,2.1864688845610853,27.0,False,Interbedded_ST: segment_p95_plastic_zone_ratio_to_radius too large; Fault: segment_p95_plastic_zone_ratio_to_radius too large,Interbedded_ST; Fault,,,,,,,,,"All-results row format: one parameter_set_id x formation row; main metrics are segment_p95 values within that formation. Displacement is CCM hydrostatic-equivalent estimate, not directional K0 crown/wall solution."
P0091,SS_NK,SS_NK,SS_NK,False,min_max_sweep_100_lhs,461364300.0,0.4613643,104134.63636363635,0.10413463636363636,34.37878787878788,259608.2727272727,0.2596082727272727,18.767676767676768,36.81818181818182,0.5,0.9263325908672081,0.00021948154109105087,0.5141049332060894,,0.38,2390.0,,,,,,,,,,,,,,,,,,,,,,generalized_hoek_brown,,,,,,,,True,2.1864688845610853,27.0,False,Interbedded_ST: segment_p95_plastic_zone_ratio_to_radius too large; Fault: segment_p95_plastic_zone_ratio_to_radius too large,Interbedded_ST; Fault,,,,,,,,,"All-results row format: one parameter_set_id x formation row; main metrics are segment_p95 values within that formation. Displacement is CCM hydrostatic-equivalent estimate, not directional K0 crown/wall solution."
P0092,Fault,Fault,Fault,True,min_max_sweep_100_lhs,321212121.21212125,0.3212121212121212,29898.989898989897,0.029898989898989897,18.747474747474747,9444444.444444444,9.444444444444445,3.909090909090909,20.90909090909091,0.5,0.09045263609532701,2.6312813148692228e-05,0.5411372325379051,,0.33939393939393936,2490.0,,6.22885481978334,9.22885481978334,segment_p95,segment_p95,246.0,,,6.22885481978334,2.0762849399277803,,,5.895690001651141,1.96523000055038,6.258324387232587,2.086108129077529,,,,,disabled_plastic_zone_only,generalized_hoek_brown,386.7298910948726,plastic_estimate,True,False,segment_p95_plastic_zone_ratio_to_radius too large,1.986532327896059,63.0,True,2.3623543816374495,75.0,False,SH_ST: segment_p95_plastic_zone_ratio_to_radius too large; Interbedded_ST: segment_p95_plastic_zone_ratio_to_radius too large; Fault: segment_p95_plastic_zone_ratio_to_radius too large,SH_ST; Interbedded_ST; Fault,1429.0,Fault,1.0381424699638901,,,0.0,0.317273747576778,5.960308940221512,"All-results row format: one parameter_set_id x formation row; main metrics are segment_p95 values within that formation. Displacement is CCM hydrostatic-equivalent estimate, not directional K0 crown/wall solution."
P0092,Interbedded_ST,Interbedded_ST,Interbedded_ST,True,min_max_sweep_100_lhs,1799013290.909091,1.799013290909091,65578.36363636363,0.06557836363636363,19.26969696969697,1618650.0,1.61865,10.131313131313131,32.72727272727273,0.5,0.41154691088750806,0.00012720673381058853,0.5185939255859529,,0.36353535353535354,2520.0,,7.449501062590905,10.449501062590905,segment_p95,segment_p95,924.0,,,7.449501062590905,2.483167020863635,,,7.140570590276038,2.38019019675868,7.468265774093489,2.4894219246978295,,,,,disabled_plastic_zone_only,generalized_hoek_brown,1226.3762876100523,plastic_estimate,True,False,segment_p95_plastic_zone_ratio_to_radius too large,2.3623543816374495,82.0,True,2.3623543816374495,75.0,False,SH_ST: segment_p95_plastic_zone_ratio_to_radius too large; Interbedded_ST: segment_p95_plastic_zone_ratio_to_radius too large; Fault: segment_p95_plastic_zone_ratio_to_radius too large,SH_ST; Interbedded_ST; Fault,767.0,Interbedded_ST,1.2415835104318176,,,0.0,0.17279869401081527,7.112634070565227,"All-results row format: one parameter_set_id x formation row; main metrics are segment_p95 values within that formation. Displacement is CCM hydrostatic-equivalent estimate, not directional K0 crown/wall solution."
P0092,SH_ST,SH_ST,SH_ST,True,min_max_sweep_100_lhs,2964680100.0,2.9646801,141689.09999999998,0.14168909999999998,23.138989898989898,4641170.454545453,4.6411704545454535,6.98989898989899,33.63636363636364,0.5,0.296500298235943,0.0001435991459939969,0.5174880169880441,,0.38,2557.373737373737,,6.044706137662767,9.044706137662768,segment_p95,segment_p95,2261.0,,,6.044706137662767,2.014902045887589,,,4.793708505287641,1.5979028350958802,6.297149489061418,2.0990498296871394,,,,,disabled_plastic_zone_only,generalized_hoek_brown,401.33506145853823,plastic_estimate,True,False,segment_p95_plastic_zone_ratio_to_radius too large,1.9622068268745652,73.0,True,2.3623543816374495,75.0,False,SH_ST: segment_p95_plastic_zone_ratio_to_radius too large; Interbedded_ST: segment_p95_plastic_zone_ratio_to_radius too large; Fault: segment_p95_plastic_zone_ratio_to_radius too large,SH_ST; Interbedded_ST; Fault,1077.0,SH_ST,1.0074510229437945,,,0.0,0.14323028262422208,5.9972852276775415,"All-results row format: one parameter_set_id x formation row; main metrics are segment_p95 values within that formation. Displacement is CCM hydrostatic-equivalent estimate, not directional K0 crown/wall solution."
P0092,SS_NC,SS_NC,SS_NC,False,min_max_sweep_100_lhs,1507041927.2727275,1.5070419272727276,290929.91818181815,0.2909299181818181,22.522121212121213,27221660.0,27.22166,18.96969696969697,52.878787878787875,0.5,2.0116908065801407,0.0018681095732701282,0.5046952895302752,,0.2801010101010101,2590.6060606060605,,,,,,,,,,,,,,,,,,,,,,generalized_hoek_brown,,,,,,,,True,2.3623543816374495,75.0,False,SH_ST: segment_p95_plastic_zone_ratio_to_radius too large; Interbedded_ST: segment_p95_plastic_zone_ratio_to_radius too large; Fault: segment_p95_plastic_zone_ratio_to_radius too large,SH_ST; Interbedded_ST; Fault,,,,,,,,,"All-results row format: one parameter_set_id x formation row; main metrics are segment_p95 values within that formation. Displacement is CCM hydrostatic-equivalent estimate, not directional K0 crown/wall solution."
P0092,SS_NK,SS_NK,SS_NK,False,min_max_sweep_100_lhs,461364300.0,0.4613643,173339.72727272726,0.17333972727272726,32.74545454545455,276552.8181818182,0.27655281818181815,16.444444444444443,36.21212121212121,0.5,0.788572964454702,0.00020244334161718323,0.514695244600451,,0.38,2390.0,,,,,,,,,,,,,,,,,,,,,,generalized_hoek_brown,,,,,,,,True,2.3623543816374495,75.0,False,SH_ST: segment_p95_plastic_zone_ratio_to_radius too large; Interbedded_ST: segment_p95_plastic_zone_ratio_to_radius too large; Fault: segment_p95_plastic_zone_ratio_to_radius too large,SH_ST; Interbedded_ST; Fault,,,,,,,,,"All-results row format: one parameter_set_id x formation row; main metrics are segment_p95 values within that formation. Displacement is CCM hydrostatic-equivalent estimate, not directional K0 crown/wall solution."
P0093,Fault,Fault,Fault,True,min_max_sweep_100_lhs,200000000.0,0.2,22929.292929292933,0.022929292929292935,18.707070707070706,10757575.757575758,10.757575757575758,3.515151515151515,28.484848484848484,0.5,0.11667059108705088,7.225178428044667e-05,0.5247411901938472,,0.33838383838383834,2490.0,,5.354069501688687,8.354069501688688,segment_p95,segment_p95,246.0,,,5.354069501688687,1.7846898338962291,,,5.020904683556486,1.673634894518829,5.383539069137933,1.7945130230459776,,,,,disabled_plastic_zone_only,generalized_hoek_brown,167.5411722842902,plastic_estimate,False,True,,1.7105257385294357,13.0,True,2.2013198564245045,32.0,False,Interbedded_ST: segment_p95_plastic_zone_ratio_to_radius too large,Interbedded_ST,1429.0,Fault,0.8923449169481146,,,0.0,0.3166207529843894,5.127180065845651,"All-results row format: one parameter_set_id x formation row; main metrics are segment_p95 values within that formation. Displacement is CCM hydrostatic-equivalent estimate, not directional K0 crown/wall solution."
P0093,Interbedded_ST,Interbedded_ST,Interbedded_ST,True,min_max_sweep_100_lhs,1891229272.7272727,1.8912292727272728,100904.27272727274,0.10090427272727273,21.20909090909091,1618650.0,1.61865,8.363636363636363,38.93939393939394,0.5,0.45668810558330836,0.00029122507346567754,0.512216941124816,,0.36737373737373735,2520.0,,6.943967941960495,9.943967941960494,segment_p95,segment_p95,924.0,,,6.943967941960495,2.3146559806534985,,,6.635037469645628,2.2116791565485423,6.962732653463077,2.3209108844876924,,,,,disabled_plastic_zone_only,generalized_hoek_brown,757.3719433125192,plastic_estimate,True,False,segment_p95_plastic_zone_ratio_to_radius too large,2.2013198564245045,41.0,True,2.2013198564245045,32.0,False,Interbedded_ST: segment_p95_plastic_zone_ratio_to_radius too large,Interbedded_ST,767.0,Interbedded_ST,1.1573279903267493,,,0.0,0.14178145087236005,6.631173955679121,"All-results row format: one parameter_set_id x formation row; main metrics are segment_p95 values within that formation. Displacement is CCM hydrostatic-equivalent estimate, not directional K0 crown/wall solution."
P0093,SH_ST,SH_ST,SH_ST,True,min_max_sweep_100_lhs,2964680100.0,2.9646801,26916.063636363637,0.026916063636363636,45.400808080808076,12644762.999999998,12.644762999999998,4.484848484848484,35.90909090909091,0.5,0.21198424149357217,0.0001944268524763669,0.5149994657857697,,0.38,2495.5555555555557,,4.779638441095282,7.779638441095282,segment_p95,segment_p95,2261.0,,,4.779638441095282,1.5932128136984274,,,3.549311810583011,1.1831039368610037,5.032081792493934,1.6773605974979782,,,,,disabled_plastic_zone_only,generalized_hoek_brown,119.59753564873597,plastic_estimate,False,True,,1.5726989473426727,13.0,True,2.2013198564245045,32.0,False,Interbedded_ST: segment_p95_plastic_zone_ratio_to_radius too large,Interbedded_ST,1077.0,SH_ST,0.7966064068492137,,,0.0,0.33504744413835325,4.792458849994223,"All-results row format: one parameter_set_id x formation row; main metrics are segment_p95 values within that formation. Displacement is CCM hydrostatic-equivalent estimate, not directional K0 crown/wall solution."
P0093,SS_NC,SS_NC,SS_NC,False,min_max_sweep_100_lhs,1892812745.4545457,1.8928127454545458,295263.16363636364,0.2952631636363636,30.204545454545453,51031620.00000001,51.03162000000001,20.080808080808083,50.90909090909091,0.5,1.938863931879921,0.0014366309200863874,0.5053839187595246,,0.15848484848484848,2597.878787878788,,,,,,,,,,,,,,,,,,,,,,generalized_hoek_brown,,,,,,,,True,2.2013198564245045,32.0,False,Interbedded_ST: segment_p95_plastic_zone_ratio_to_radius too large,Interbedded_ST,,,,,,,,,"All-results row format: one parameter_set_id x formation row; main metrics are segment_p95 values within that formation. Displacement is CCM hydrostatic-equivalent estimate, not directional K0 crown/wall solution."
P0093,SS_NK,SS_NK,SS_NK,False,min_max_sweep_100_lhs,461364300.0,0.4613643,107979.36363636362,0.10797936363636362,29.47878787878788,240404.45454545456,0.24040445454545456,12.1010101010101,35.60606060606061,0.5,0.56378114823287,0.0001867278057252655,0.5153098953534061,,0.38,2390.0,,,,,,,,,,,,,,,,,,,,,,generalized_hoek_brown,,,,,,,,True,2.2013198564245045,32.0,False,Interbedded_ST: segment_p95_plastic_zone_ratio_to_radius too large,Interbedded_ST,,,,,,,,,"All-results row format: one parameter_set_id x formation row; main metrics are segment_p95 values within that formation. Displacement is CCM hydrostatic-equivalent estimate, not directional K0 crown/wall solution."
P0094,Fault,Fault,Fault,True,min_max_sweep_100_lhs,595959595.959596,0.595959595959596,28585.858585858583,0.028585858585858583,18.949494949494948,11767676.767676769,11.767676767676768,5.090909090909091,23.484848484848484,0.5,0.13317087171053058,3.70953029302312e-05,0.534613024070017,,0.3126262626262626,2490.0,,5.732903013642746,8.732903013642746,segment_p95,segment_p95,246.0,,,5.732903013642746,1.9109676712142487,,,5.3997381955105475,1.7999127318368486,5.7623725810919915,1.9207908603639972,,,,,disabled_plastic_zone_only,generalized_hoek_brown,240.76686323586543,plastic_estimate,False,True,,1.83365464926077,33.0,True,2.2612486584455684,42.0,False,Interbedded_ST: segment_p95_plastic_zone_ratio_to_radius too large,Interbedded_ST,1429.0,Fault,0.9554838356071244,,,0.0,0.3889399040914194,5.487973886754278,"All-results row format: one parameter_set_id x formation row; main metrics are segment_p95 values within that formation. Displacement is CCM hydrostatic-equivalent estimate, not directional K0 crown/wall solution."
P0094,Interbedded_ST,Interbedded_ST,Interbedded_ST,True,min_max_sweep_100_lhs,1663116054.5454547,1.6631160545454546,138509.27272727274,0.13850927272727273,20.037373737373738,1618650.0,1.61865,10.737373737373737,36.96969696969697,0.5,0.5338115135368321,0.00022396060232850382,0.513961044585773,,0.35393939393939394,2520.0,,7.10060603565948,10.10060603565948,segment_p95,segment_p95,924.0,,,7.10060603565948,2.36686867855316,,,6.791675563344612,2.263891854448204,7.119370747162062,2.373123582387354,,,,,disabled_plastic_zone_only,generalized_hoek_brown,879.3795246722848,plastic_estimate,True,False,segment_p95_plastic_zone_ratio_to_radius too large,2.2612486584455684,54.0,True,2.2612486584455684,42.0,False,Interbedded_ST: segment_p95_plastic_zone_ratio_to_radius too large,Interbedded_ST,767.0,Interbedded_ST,1.18343433927658,,,0.0,0.35204570962146725,6.7803530925352975,"All-results row format: one parameter_set_id x formation row; main metrics are segment_p95 values within that formation. Displacement is CCM hydrostatic-equivalent estimate, not directional K0 crown/wall solution."
P0094,SH_ST,SH_ST,SH_ST,True,min_max_sweep_100_lhs,2964680100.0,2.9646801,52641.05454545454,0.05264105454545454,16.955151515151513,16646559.27272727,16.64655927272727,7.030303030303031,31.666666666666668,0.5,0.2715148503266066,0.00011043194477711959,0.5199717830984983,,0.38,2572.8282828282827,,4.876396128211207,7.876396128211207,segment_p95,segment_p95,2261.0,,,4.876396128211207,1.6254653760704023,,,3.6443330303591854,1.2147776767863951,5.128839479609859,1.7096131598699529,,,,,disabled_plastic_zone_only,generalized_hoek_brown,131.2387536024955,plastic_estimate,False,True,,1.60387668846568,18.0,True,2.2612486584455684,42.0,False,Interbedded_ST: segment_p95_plastic_zone_ratio_to_radius too large,Interbedded_ST,1077.0,SH_ST,0.8127326880352012,,,0.0,0.3481073359861239,4.884609028199866,"All-results row format: one parameter_set_id x formation row; main metrics are segment_p95 values within that formation. Displacement is CCM hydrostatic-equivalent estimate, not directional K0 crown/wall solution."
P0094,SS_NC,SS_NC,SS_NC,False,min_max_sweep_100_lhs,1777081500.0000005,1.7770815000000004,273596.93636363634,0.27359693636363636,33.40555555555555,41064660.0,41.06466,18.161616161616163,41.06060606060606,0.5,1.097102439314447,0.00038641993761063295,0.5105779191091319,,0.21505050505050505,2553.030303030303,,,,,,,,,,,,,,,,,,,,,,generalized_hoek_brown,,,,,,,,True,2.2612486584455684,42.0,False,Interbedded_ST: segment_p95_plastic_zone_ratio_to_radius too large,Interbedded_ST,,,,,,,,,"All-results row format: one parameter_set_id x formation row; main metrics are segment_p95 values within that formation. Displacement is CCM hydrostatic-equivalent estimate, not directional K0 crown/wall solution."
P0094,SS_NK,SS_NK,SS_NK,False,min_max_sweep_100_lhs,461364300.0,0.4613643,117591.18181818182,0.11759118181818182,25.618181818181817,200867.18181818182,0.20086718181818183,14.02020202020202,43.282828282828284,0.5,0.9414647141821678,0.00051968403176659,0.5090921689223776,,0.38,2390.0,,,,,,,,,,,,,,,,,,,,,,generalized_hoek_brown,,,,,,,,True,2.2612486584455684,42.0,False,Interbedded_ST: segment_p95_plastic_zone_ratio_to_radius too large,Interbedded_ST,,,,,,,,,"All-results row format: one parameter_set_id x formation row; main metrics are segment_p95 values within that formation. Displacement is CCM hydrostatic-equivalent estimate, not directional K0 crown/wall solution."
P0095,Fault,Fault,Fault,True,min_max_sweep_100_lhs,519191919.1919192,0.5191919191919192,20808.080808080806,0.020808080808080807,16.282828282828284,11666666.666666668,11.666666666666668,4.757575757575758,29.696969696969695,0.5,0.16729022446275058,8.492539661598396e-05,0.5228040831837348,,0.302020202020202,2490.0,,5.160774860788123,8.160774860788123,segment_p95,segment_p95,246.0,,,5.160774860788123,1.7202582869293748,,,4.827610042655924,1.6092033475519747,5.190244428237371,1.7300814760791234,,,,,disabled_plastic_zone_only,generalized_hoek_brown,139.20279800691156,plastic_estimate,False,True,,1.6601162315429518,10.0,True,2.186321223159091,26.0,False,SH_ST: segment_p95_plastic_zone_ratio_to_radius too large; Interbedded_ST: segment_p95_plastic_zone_ratio_to_radius too large,SH_ST; Interbedded_ST,1429.0,Fault,0.8601291434646874,,,0.0,0.5280277522701765,4.943089931654638,"All-results row format: one parameter_set_id x formation row; main metrics are segment_p95 values within that formation. Displacement is CCM hydrostatic-equivalent estimate, not directional K0 crown/wall solution."
P0095,Interbedded_ST,Interbedded_ST,Interbedded_ST,True,min_max_sweep_100_lhs,1716504254.5454545,1.7165042545454545,141927.9090909091,0.14192790909090908,20.522222222222222,1618650.0,1.61865,11.94949494949495,39.84848484848485,0.5,0.6813570208520628,0.00032875360123607925,0.5114860378569519,,0.34434343434343434,2520.0,,6.872621603449474,9.872621603449474,segment_p95,segment_p95,924.0,,,6.872621603449474,2.2908738678164915,,,6.563691131134608,2.1878970437115357,6.891386314952056,2.2971287716506854,,,,,disabled_plastic_zone_only,generalized_hoek_brown,707.5531414258987,plastic_estimate,True,False,segment_p95_plastic_zone_ratio_to_radius too large,2.186321223159091,34.0,True,2.186321223159091,26.0,False,SH_ST: segment_p95_plastic_zone_ratio_to_radius too large; Interbedded_ST: segment_p95_plastic_zone_ratio_to_radius too large,SH_ST; Interbedded_ST,767.0,Interbedded_ST,1.1454369339082457,,,0.0,0.2919702071217224,6.563225061859102,"All-results row format: one parameter_set_id x formation row; main metrics are segment_p95 values within that formation. Displacement is CCM hydrostatic-equivalent estimate, not directional K0 crown/wall solution."
P0095,SH_ST,SH_ST,SH_ST,True,min_max_sweep_100_lhs,2964680100.0,2.9646801,70450.66363636364,0.07045066363636364,25.612525252525252,2354429.727272727,2.354429727272727,6.5858585858585865,36.66666666666667,0.5,0.32272706786977695,0.00021509205806226583,0.5142502826120983,,0.38,2474.949494949495,,6.474660399707412,9.474660399707412,segment_p95,segment_p95,2261.0,,,6.474660399707412,2.158220133235804,,,5.217350736280614,1.739116912093538,6.727103751106064,2.2423679170353545,,,,,disabled_plastic_zone_only,generalized_hoek_brown,604.9306116246474,plastic_estimate,True,False,segment_p95_plastic_zone_ratio_to_radius too large,2.094467912527801,82.0,True,2.186321223159091,26.0,False,SH_ST: segment_p95_plastic_zone_ratio_to_radius too large; Interbedded_ST: segment_p95_plastic_zone_ratio_to_radius too large,SH_ST; Interbedded_ST,1077.0,SH_ST,1.079110066617902,,,0.0,0.07564534231200895,6.40676547724387,"All-results row format: one parameter_set_id x formation row; main metrics are segment_p95 values within that formation. Displacement is CCM hydrostatic-equivalent estimate, not directional K0 crown/wall solution."
P0095,SS_NC,SS_NC,SS_NC,False,min_max_sweep_100_lhs,2162852318.1818185,2.1628523181818187,191265.27272727274,0.19126527272727273,42.04828282828283,36081180.0,36.08118,15.737373737373737,43.63636363636364,0.5,1.0747151957726784,0.0005447674698613483,0.5088754403293492,,0.2772727272727272,2550.6060606060605,,,,,,,,,,,,,,,,,,,,,,generalized_hoek_brown,,,,,,,,True,2.186321223159091,26.0,False,SH_ST: segment_p95_plastic_zone_ratio_to_radius too large; Interbedded_ST: segment_p95_plastic_zone_ratio_to_radius too large,SH_ST; Interbedded_ST,,,,,,,,,"All-results row format: one parameter_set_id x formation row; main metrics are segment_p95 values within that formation. Displacement is CCM hydrostatic-equivalent estimate, not directional K0 crown/wall solution."
P0095,SS_NK,SS_NK,SS_NK,False,min_max_sweep_100_lhs,461364300.0,0.4613643,100289.9090909091,0.1002899090909091,25.172727272727272,222330.27272727274,0.22233027272727274,20.383838383838384,50.55555555555556,0.5,1.9352664094005818,0.001370482251631251,0.5055173781663013,,0.38,2390.0,,,,,,,,,,,,,,,,,,,,,,generalized_hoek_brown,,,,,,,,True,2.186321223159091,26.0,False,SH_ST: segment_p95_plastic_zone_ratio_to_radius too large; Interbedded_ST: segment_p95_plastic_zone_ratio_to_radius too large,SH_ST; Interbedded_ST,,,,,,,,,"All-results row format: one parameter_set_id x formation row; main metrics are segment_p95 values within that formation. Displacement is CCM hydrostatic-equivalent estimate, not directional K0 crown/wall solution."
P0096,Fault,Fault,Fault,True,min_max_sweep_100_lhs,353535353.53535354,0.35353535353535354,23131.31313131313,0.02313131313131313,17.21212121212121,12474747.474747473,12.474747474747474,4.090909090909091,26.060606060606062,0.5,0.12097682218165749,5.229625170480921e-05,0.529118222553117,,0.30656565656565654,2490.0,,5.4219714187120145,8.421971418712015,segment_p95,segment_p95,246.0,,,5.4219714187120145,1.8073238062373382,,,5.088806600579816,1.6962688668599382,5.451440986161261,1.8171469953870871,,,,,disabled_plastic_zone_only,generalized_hoek_brown,178.80061783185334,plastic_estimate,False,True,,1.7250417588234765,14.0,True,2.104671125382424,8.0,False,Interbedded_ST: segment_p95_plastic_zone_ratio_to_radius too large,Interbedded_ST,1429.0,Fault,0.9036619031186691,,,0.0,0.17851239669421487,5.191848558248821,"All-results row format: one parameter_set_id x formation row; main metrics are segment_p95 values within that formation. Displacement is CCM hydrostatic-equivalent estimate, not directional K0 crown/wall solution."
P0096,Interbedded_ST,Interbedded_ST,Interbedded_ST,True,min_max_sweep_100_lhs,1837841072.727273,1.837841072727273,110020.63636363637,0.11002063636363636,19.714141414141416,1618650.0,1.61865,10.333333333333334,42.878787878787875,0.5,0.6806665064955763,0.0004924283372005971,0.5093461949799458,,0.24262626262626263,2520.0,,6.638515268139194,9.638515268139194,segment_p95,segment_p95,924.0,,,6.638515268139194,2.212838422713065,,,6.329584795824329,2.1098615986081093,6.6572799796417765,2.219093326547259,,,,,disabled_plastic_zone_only,generalized_hoek_brown,565.9474662267587,plastic_estimate,True,False,segment_p95_plastic_zone_ratio_to_radius too large,2.104671125382424,12.0,True,2.104671125382424,8.0,False,Interbedded_ST: segment_p95_plastic_zone_ratio_to_radius too large,Interbedded_ST,767.0,Interbedded_ST,1.1064192113565325,,,0.0,0.13606774818896034,6.3402666472778835,"All-results row format: one parameter_set_id x formation row; main metrics are segment_p95 values within that formation. Displacement is CCM hydrostatic-equivalent estimate, not directional K0 crown/wall solution."
P0096,SH_ST,SH_ST,SH_ST,True,min_max_sweep_100_lhs,2964680100.0,2.9646801,22958.372727272726,0.022958372727272726,39.2169696969697,11120269.18181818,11.12026918181818,4.404040404040404,28.636363636363637,0.5,0.14723195582379964,7.372625983177851e-05,0.5244904054226968,,0.38,2533.3333333333335,,5.549497788538581,8.54949778853858,segment_p95,segment_p95,2261.0,,,5.549497788538581,1.849832596179527,,,4.3061446495250575,1.4353815498416855,5.801941139937231,1.9339803799790771,,,,,disabled_plastic_zone_only,generalized_hoek_brown,250.05153292374632,plastic_estimate,False,True,,1.810967629600231,59.0,True,2.104671125382424,8.0,False,Interbedded_ST: segment_p95_plastic_zone_ratio_to_radius too large,Interbedded_ST,1077.0,SH_ST,0.9249162980897635,,,0.0,0.2429752066115703,5.52565822851165,"All-results row format: one parameter_set_id x formation row; main metrics are segment_p95 values within that formation. Displacement is CCM hydrostatic-equivalent estimate, not directional K0 crown/wall solution."
P0096,SS_NC,SS_NC,SS_NC,False,min_max_sweep_100_lhs,3821666836.3636374,3.8216668363636375,104600.36363636365,0.10460036363636364,26.363333333333337,46048140.0,46.04814,17.252525252525253,52.42424242424242,0.5,1.7904128911522426,0.0017582534098510316,0.504846274573177,,0.28575757575757577,2548.181818181818,,,,,,,,,,,,,,,,,,,,,,generalized_hoek_brown,,,,,,,,True,2.104671125382424,8.0,False,Interbedded_ST: segment_p95_plastic_zone_ratio_to_radius too large,Interbedded_ST,,,,,,,,,"All-results row format: one parameter_set_id x formation row; main metrics are segment_p95 values within that formation. Displacement is CCM hydrostatic-equivalent estimate, not directional K0 crown/wall solution."
P0096,SS_NK,SS_NK,SS_NK,False,min_max_sweep_100_lhs,461364300.0,0.4613643,223321.1818181818,0.2233211818181818,33.63636363636364,246052.63636363638,0.2460526363636364,20.88888888888889,42.878787878787875,0.5,1.3759710023781542,0.0004924283372005971,0.5093461949799458,,0.38,2390.0,,,,,,,,,,,,,,,,,,,,,,generalized_hoek_brown,,,,,,,,True,2.104671125382424,8.0,False,Interbedded_ST: segment_p95_plastic_zone_ratio_to_radius too large,Interbedded_ST,,,,,,,,,"All-results row format: one parameter_set_id x formation row; main metrics are segment_p95 values within that formation. Displacement is CCM hydrostatic-equivalent estimate, not directional K0 crown/wall solution."
P0097,Fault,Fault,Fault,True,min_max_sweep_100_lhs,587878787.8787879,0.5878787878787879,22424.242424242424,0.022424242424242423,16.606060606060606,13888888.88888889,13.88888888888889,3.090909090909091,28.333333333333336,0.5,0.10185213636981875,7.080679724726895e-05,0.524994520981526,,0.3131313131313131,2490.0,,5.0994892491014445,8.099489249101445,segment_p95,segment_p95,246.0,,,5.0994892491014445,1.6998297497004815,,,4.766324430969245,1.5887748103230814,5.12895881655069,1.70965293885023,,,,,disabled_plastic_zone_only,generalized_hoek_brown,131.25378395024333,plastic_estimate,False,True,,1.6329706324255873,4.0,True,2.3160417336106924,61.0,False,Interbedded_ST: segment_p95_plastic_zone_ratio_to_radius too large,Interbedded_ST,1429.0,Fault,0.8499148748502408,,,0.0,0.3717987960412203,4.884722682429229,"All-results row format: one parameter_set_id x formation row; main metrics are segment_p95 values within that formation. Displacement is CCM hydrostatic-equivalent estimate, not directional K0 crown/wall solution."
P0097,Interbedded_ST,Interbedded_ST,Interbedded_ST,True,min_max_sweep_100_lhs,1862108436.3636365,1.8621084363636364,114578.81818181819,0.11457881818181818,21.37070707070707,1618650.0,1.61865,10.585858585858585,34.39393939393939,0.5,0.46552982689667366,0.0001588619856487517,0.5166162704948989,,0.33666666666666667,2520.0,,7.310331350920896,10.310331350920896,segment_p95,segment_p95,924.0,,,7.310331350920896,2.436777116973632,,,7.001400878606028,2.3338002928686765,7.329096062423479,2.443032020807826,,,,,disabled_plastic_zone_only,generalized_hoek_brown,1074.01671365007,plastic_estimate,True,False,segment_p95_plastic_zone_ratio_to_radius too large,2.3160417336106924,68.0,True,2.3160417336106924,61.0,False,Interbedded_ST: segment_p95_plastic_zone_ratio_to_radius too large,Interbedded_ST,767.0,Interbedded_ST,1.218388558486816,,,0.0,0.1246403428221611,6.980091488022361,"All-results row format: one parameter_set_id x formation row; main metrics are segment_p95 values within that formation. Displacement is CCM hydrostatic-equivalent estimate, not directional K0 crown/wall solution."
P0097,SH_ST,SH_ST,SH_ST,True,min_max_sweep_100_lhs,2964680100.0,2.9646801,163456.4,0.1634564,44.164040404040406,15503188.909090906,15.503188909090907,4.565656565656566,29.848484848484848,0.5,0.16170428535715653,8.665850843106913e-05,0.522572766660049,,0.38,2457.777777777778,,5.060977486299124,8.060977486299123,segment_p95,segment_p95,2261.0,,,5.060977486299124,1.6869924954330413,,,3.825672027230846,1.2752240090769487,5.313420837697774,1.7711402792325914,,,,,disabled_plastic_zone_only,generalized_hoek_brown,156.65369091605055,plastic_estimate,False,True,,1.658957013239903,28.0,True,2.3160417336106924,61.0,False,Interbedded_ST: segment_p95_plastic_zone_ratio_to_radius too large,Interbedded_ST,1077.0,SH_ST,0.8434962477165207,,,0.0,0.2850933578206306,5.060400797807405,"All-results row format: one parameter_set_id x formation row; main metrics are segment_p95 values within that formation. Displacement is CCM hydrostatic-equivalent estimate, not directional K0 crown/wall solution."
P0097,SS_NC,SS_NC,SS_NC,False,min_max_sweep_100_lhs,1969966909.0909095,1.9699669090909095,165265.8,0.1652658,35.96636363636364,11717500.000000002,11.717500000000001,14.121212121212121,41.21212121212121,0.5,0.8592075854496695,0.00039430578785264864,0.5104694775667994,,0.1712121212121212,2589.3939393939395,,,,,,,,,,,,,,,,,,,,,,generalized_hoek_brown,,,,,,,,True,2.3160417336106924,61.0,False,Interbedded_ST: segment_p95_plastic_zone_ratio_to_radius too large,Interbedded_ST,,,,,,,,,"All-results row format: one parameter_set_id x formation row; main metrics are segment_p95 values within that formation. Displacement is CCM hydrostatic-equivalent estimate, not directional K0 crown/wall solution."
P0097,SS_NK,SS_NK,SS_NK,False,min_max_sweep_100_lhs,461364300.0,0.4613643,119513.54545454546,0.11951354545454546,31.260606060606065,284460.27272727276,0.28446027272727276,14.828282828282829,54.19191919191919,0.5,1.6739718864697448,0.0022255657906787934,0.5042839531941471,,0.38,2390.0,,,,,,,,,,,,,,,,,,,,,,generalized_hoek_brown,,,,,,,,True,2.3160417336106924,61.0,False,Interbedded_ST: segment_p95_plastic_zone_ratio_to_radius too large,Interbedded_ST,,,,,,,,,"All-results row format: one parameter_set_id x formation row; main metrics are segment_p95 values within that formation. Displacement is CCM hydrostatic-equivalent estimate, not directional K0 crown/wall solution."
P0098,Fault,Fault,Fault,True,min_max_sweep_100_lhs,216161616.16161618,0.21616161616161617,29191.91919191919,0.02919191919191919,16.92929292929293,12878787.878787879,12.878787878787879,3.666666666666667,28.636363636363637,0.5,0.1225807338624754,7.372625983177851e-05,0.5244904054226968,,0.34848484848484845,2490.0,,5.151463111685902,8.151463111685903,segment_p95,segment_p95,246.0,,,5.151463111685902,1.7171543705619674,,,4.818298293553702,1.6060994311845675,5.180932679135148,1.726977559711716,,,,,disabled_plastic_zone_only,generalized_hoek_brown,137.9649300052053,plastic_estimate,False,True,,1.6579458650555696,9.0,True,2.2790720951153594,47.0,False,Interbedded_ST: segment_p95_plastic_zone_ratio_to_radius too large,Interbedded_ST,1429.0,Fault,0.8585771852809837,,,0.0,0.5433731251913071,4.934221599176332,"All-results row format: one parameter_set_id x formation row; main metrics are segment_p95 values within that formation. Displacement is CCM hydrostatic-equivalent estimate, not directional K0 crown/wall solution."
P0098,Interbedded_ST,Interbedded_ST,Interbedded_ST,True,min_max_sweep_100_lhs,1765038981.818182,1.765038981818182,102043.81818181818,0.10204381818181818,19.875757575757575,1618650.0,1.61865,7.656565656565657,35.75757575757576,0.5,0.3592993033924891,0.00019053844634871417,0.5151538966632034,,0.34626262626262627,2520.0,,7.198552106758319,10.198552106758319,segment_p95,segment_p95,924.0,,,7.198552106758319,2.39951736891944,,,6.889621634443451,2.2965405448144836,7.217316818260901,2.4057722727536337,,,,,disabled_plastic_zone_only,generalized_hoek_brown,965.4553162218245,plastic_estimate,True,False,segment_p95_plastic_zone_ratio_to_radius too large,2.2790720951153594,59.0,True,2.2790720951153594,47.0,False,Interbedded_ST: segment_p95_plastic_zone_ratio_to_radius too large,Interbedded_ST,767.0,Interbedded_ST,1.19975868445972,,,0.0,0.09052137536986024,6.873635065010382,"All-results row format: one parameter_set_id x formation row; main metrics are segment_p95 values within that formation. Displacement is CCM hydrostatic-equivalent estimate, not directional K0 crown/wall solution."
P0098,SH_ST,SH_ST,SH_ST,True,min_max_sweep_100_lhs,2964680100.0,2.9646801,189181.3909090909,0.1891813909090909,15.718383838383838,12835324.727272725,12.835324727272726,6.666666666666667,28.484848484848484,0.5,0.2212718106823379,7.225178428044667e-05,0.5247411901938472,,0.38,2586.5656565656564,,5.4343658182112975,8.434365818211297,segment_p95,segment_p95,2261.0,,,5.4343658182112975,1.8114552727370992,,,4.192861963277147,1.3976206544257155,5.686809169609949,1.89560305653665,,,,,disabled_plastic_zone_only,generalized_hoek_brown,223.97937536576,plastic_estimate,False,True,,1.7876081768582746,56.0,True,2.2790720951153594,47.0,False,Interbedded_ST: segment_p95_plastic_zone_ratio_to_radius too large,Interbedded_ST,1077.0,SH_ST,0.9057276363685496,,,0.0,0.5022140597898175,5.416008732961857,"All-results row format: one parameter_set_id x formation row; main metrics are segment_p95 values within that formation. Displacement is CCM hydrostatic-equivalent estimate, not directional K0 crown/wall solution."
P0098,SS_NC,SS_NC,SS_NC,False,min_max_sweep_100_lhs,1391310681.8181822,1.3913106818181822,65601.15454545456,0.06560115454545455,26.043232323232324,16147260.0,16.14726,18.060606060606062,44.54545454545455,0.5,1.2879353919650711,0.0006149685719773453,0.5083410375573363,,0.2673737373737374,2544.5454545454545,,,,,,,,,,,,,,,,,,,,,,generalized_hoek_brown,,,,,,,,True,2.2790720951153594,47.0,False,Interbedded_ST: segment_p95_plastic_zone_ratio_to_radius too large,Interbedded_ST,,,,,,,,,"All-results row format: one parameter_set_id x formation row; main metrics are segment_p95 values within that formation. Displacement is CCM hydrostatic-equivalent estimate, not directional K0 crown/wall solution."
P0098,SS_NK,SS_NK,SS_NK,False,min_max_sweep_100_lhs,461364300.0,0.4613643,71454.45454545454,0.07145445454545454,28.142424242424244,275423.1818181818,0.2754231818181818,20.282828282828284,52.97979797979798,0.5,2.161316207891657,0.0018934394870968546,0.504662354116305,,0.38,2390.0,,,,,,,,,,,,,,,,,,,,,,generalized_hoek_brown,,,,,,,,True,2.2790720951153594,47.0,False,Interbedded_ST: segment_p95_plastic_zone_ratio_to_radius too large,Interbedded_ST,,,,,,,,,"All-results row format: one parameter_set_id x formation row; main metrics are segment_p95 values within that formation. Displacement is CCM hydrostatic-equivalent estimate, not directional K0 crown/wall solution."
P0099,Fault,Fault,Fault,True,min_max_sweep_100_lhs,494949494.94949496,0.494949494949495,20505.050505050505,0.020505050505050505,19.232323232323232,7121212.121212121,7.121212121212121,3.4545454545454546,17.575757575757574,0.5,0.06820256955820765,1.6871259755363295e-05,0.5514269685758415,,0.3055555555555555,2490.0,,6.896589008775395,9.896589008775395,segment_p95,segment_p95,246.0,,,6.896589008775395,2.298863002925132,,,6.563424190643194,2.187808063547732,6.926058576224641,2.3086861920748802,,,,,disabled_plastic_zone_only,generalized_hoek_brown,731.3410077542205,plastic_estimate,True,False,segment_p95_plastic_zone_ratio_to_radius too large,2.2015044928321506,94.0,True,2.2308406204675677,35.0,False,Interbedded_ST: segment_p95_plastic_zone_ratio_to_radius too large; Fault: segment_p95_plastic_zone_ratio_to_radius too large,Interbedded_ST; Fault,1429.0,Fault,1.149431501462566,,,0.0,0.4036322824201613,6.596246263071087,"All-results row format: one parameter_set_id x formation row; main metrics are segment_p95 values within that formation. Displacement is CCM hydrostatic-equivalent estimate, not directional K0 crown/wall solution."
P0099,Interbedded_ST,Interbedded_ST,Interbedded_ST,True,min_max_sweep_100_lhs,1803866763.6363637,1.8038667636363637,34810.63636363636,0.03481063636363636,19.754545454545454,1618650.0,1.61865,8.16161616161616,37.878787878787875,0.5,0.42370799596523734,0.0002528211382155403,0.5131275774653553,,0.30787878787878786,2520.0,,7.027944173513415,10.027944173513415,segment_p95,segment_p95,924.0,,,7.027944173513415,2.3426480578378053,,,6.7190137011985485,2.239671233732849,7.046708885015997,2.348902961671999,,,,,disabled_plastic_zone_only,generalized_hoek_brown,820.5159221268128,plastic_estimate,True,False,segment_p95_plastic_zone_ratio_to_radius too large,2.2308406204675677,47.0,True,2.2308406204675677,35.0,False,Interbedded_ST: segment_p95_plastic_zone_ratio_to_radius too large; Fault: segment_p95_plastic_zone_ratio_to_radius too large,Interbedded_ST; Fault,767.0,Interbedded_ST,1.1713240289189026,,,0.0,0.20234669931639632,6.711151319062855,"All-results row format: one parameter_set_id x formation row; main metrics are segment_p95 values within that formation. Displacement is CCM hydrostatic-equivalent estimate, not directional K0 crown/wall solution."
P0099,SH_ST,SH_ST,SH_ST,True,min_max_sweep_100_lhs,2964680100.0,2.9646801,167414.0909090909,0.1674140909090909,28.395252525252523,8642966.727272725,8.642966727272725,4.444444444444445,33.484848484848484,0.5,0.18717087849959535,0.000140727259769965,0.5176677121287885,,0.38,2517.878787878788,,5.388145971776357,8.388145971776357,segment_p95,segment_p95,2261.0,,,5.388145971776357,1.7960486572587857,,,4.147398478769713,1.3824661595899042,5.640589323175009,1.8801964410583363,,,,,disabled_plastic_zone_only,generalized_hoek_brown,214.29083427663383,plastic_estimate,False,True,,1.7518698909871966,48.0,True,2.2308406204675677,35.0,False,Interbedded_ST: segment_p95_plastic_zone_ratio_to_radius too large; Fault: segment_p95_plastic_zone_ratio_to_radius too large,Interbedded_ST; Fault,1077.0,SH_ST,0.8980243286293929,,,0.0,0.0790735639220488,5.371989831595247,"All-results row format: one parameter_set_id x formation row; main metrics are segment_p95 values within that formation. Displacement is CCM hydrostatic-equivalent estimate, not directional K0 crown/wall solution."
P0099,SS_NC,SS_NC,SS_NC,False,min_max_sweep_100_lhs,3281587690.909092,3.2815876909090917,429593.7727272727,0.4295937727272727,31.484949494949497,43279540.00000001,43.279540000000004,17.050505050505052,41.515151515151516,0.5,1.0525197381955491,0.00041056356308390727,0.5102558530954865,,0.2405050505050505,2572.4242424242425,,,,,,,,,,,,,,,,,,,,,,generalized_hoek_brown,,,,,,,,True,2.2308406204675677,35.0,False,Interbedded_ST: segment_p95_plastic_zone_ratio_to_radius too large; Fault: segment_p95_plastic_zone_ratio_to_radius too large,Interbedded_ST; Fault,,,,,,,,,"All-results row format: one parameter_set_id x formation row; main metrics are segment_p95 values within that formation. Displacement is CCM hydrostatic-equivalent estimate, not directional K0 crown/wall solution."
P0099,SS_NK,SS_NK,SS_NK,False,min_max_sweep_100_lhs,461364300.0,0.4613643,92600.45454545454,0.09260045454545454,24.875757575757575,243793.36363636368,0.24379336363636367,17.454545454545453,53.18181818181818,0.5,1.877916410213821,0.0019451343253413232,0.5045971449315081,,0.38,2390.0,,,,,,,,,,,,,,,,,,,,,,generalized_hoek_brown,,,,,,,,True,2.2308406204675677,35.0,False,Interbedded_ST: segment_p95_plastic_zone_ratio_to_radius too large; Fault: segment_p95_plastic_zone_ratio_to_radius too large,Interbedded_ST; Fault,,,,,,,,,"All-results row format: one parameter_set_id x formation row; main metrics are segment_p95 values within that formation. Displacement is CCM hydrostatic-equivalent estimate, not directional K0 crown/wall solution."
P0100,Fault,Fault,Fault,True,min_max_sweep_100_lhs,434343434.3434344,0.4343434343434344,24040.40404040404,0.02404040404040404,16.2020202020202,5707070.707070706,5.707070707070707,4.454545454545455,22.727272727272727,0.5,0.11239580611740145,3.353133098152018e-05,0.536417041549819,,0.3232323232323232,2490.0,,6.56895375067921,9.56895375067921,segment_p95,segment_p95,246.0,,,6.56895375067921,2.1896512502264036,,,6.235788932547009,2.0785963108490035,6.5984233181284555,2.199474439376152,,,,,disabled_plastic_zone_only,generalized_hoek_brown,535.0420899060173,plastic_estimate,True,False,segment_p95_plastic_zone_ratio_to_radius too large,2.086756776537507,81.0,True,2.2230788567803232,34.0,False,Interbedded_ST: segment_p95_plastic_zone_ratio_to_radius too large; Fault: segment_p95_plastic_zone_ratio_to_radius too large,Interbedded_ST; Fault,1429.0,Fault,1.0948256251132018,,,0.0,0.17590041832466075,6.284212683931863,"All-results row format: one parameter_set_id x formation row; main metrics are segment_p95 values within that formation. Displacement is CCM hydrostatic-equivalent estimate, not directional K0 crown/wall solution."
P0100,Interbedded_ST,Interbedded_ST,Interbedded_ST,True,min_max_sweep_100_lhs,1682529945.4545455,1.6825299454545455,43927.0,0.043927,21.047474747474748,1618650.0,1.61865,11.797979797979798,38.333333333333336,0.5,0.6258906377308436,0.0002686174734423051,0.5127294079836894,,0.2771717171717172,2520.0,,6.9918530705436,9.9918530705436,segment_p95,segment_p95,924.0,,,6.9918530705436,2.3306176901812004,,,6.682922598228734,2.2276408660762446,7.010617782046182,2.3368725940153943,,,,,disabled_plastic_zone_only,generalized_hoek_brown,792.7581676002061,plastic_estimate,True,False,segment_p95_plastic_zone_ratio_to_radius too large,2.2230788567803232,46.0,True,2.2230788567803232,34.0,False,Interbedded_ST: segment_p95_plastic_zone_ratio_to_radius too large; Fault: segment_p95_plastic_zone_ratio_to_radius too large,Interbedded_ST; Fault,767.0,Interbedded_ST,1.1653088450906002,,,0.0,0.27482909907152336,6.676778840043984,"All-results row format: one parameter_set_id x formation row; main metrics are segment_p95 values within that formation. Displacement is CCM hydrostatic-equivalent estimate, not directional K0 crown/wall solution."
P0100,SH_ST,SH_ST,SH_ST,True,min_max_sweep_100_lhs,2964680100.0,2.9646801,108048.72727272726,0.10804872727272727,38.59858585858586,6356225.999999998,6.356225999999998,7.878787878787879,39.696969696969695,0.5,0.4460167364364739,0.00032217875058529444,0.5116047997201273,,0.38,2488.686868686869,,5.197178230975632,8.19717823097563,segment_p95,segment_p95,2261.0,,,5.197178230975632,1.7323927436585438,,,3.9595836837615317,1.3198612279205104,5.449621582374283,1.8165405274580944,,,,,disabled_plastic_zone_only,generalized_hoek_brown,178.4893352900558,plastic_estimate,False,True,,1.6909058215639114,33.0,True,2.2230788567803232,34.0,False,Interbedded_ST: segment_p95_plastic_zone_ratio_to_radius too large; Fault: segment_p95_plastic_zone_ratio_to_radius too large,Interbedded_ST; Fault,1077.0,SH_ST,0.8661963718292719,,,0.0,0.0647076828895011,5.190115792737413,"All-results row format: one parameter_set_id x formation row; main metrics are segment_p95 values within that formation. Displacement is CCM hydrostatic-equivalent estimate, not directional K0 crown/wall solution."
P0100,SS_NC,SS_NC,SS_NC,False,min_max_sweep_100_lhs,696923209.0909092,0.6969232090909092,355928.6,0.3559286,17.720606060606062,20577019.999999996,20.577019999999997,18.262626262626263,51.06060606060606,0.5,1.7760811931170866,0.0014659489111789343,0.5053276777841249,,0.19242424242424241,2517.878787878788,,,,,,,,,,,,,,,,,,,,,,generalized_hoek_brown,,,,,,,,True,2.2230788567803232,34.0,False,Interbedded_ST: segment_p95_plastic_zone_ratio_to_radius too large; Fault: segment_p95_plastic_zone_ratio_to_radius too large,Interbedded_ST; Fault,,,,,,,,,"All-results row format: one parameter_set_id x formation row; main metrics are segment_p95 values within that formation. Displacement is CCM hydrostatic-equivalent estimate, not directional K0 crown/wall solution."
P0100,SS_NK,SS_NK,SS_NK,False,min_max_sweep_100_lhs,461364300.0,0.4613643,152193.72727272726,0.15219372727272726,27.103030303030305,223459.9090909091,0.2234599090909091,16.747474747474747,44.292929292929294,0.5,1.1800181654910233,0.000594607265932033,0.5084862487538123,,0.38,2390.0,,,,,,,,,,,,,,,,,,,,,,generalized_hoek_brown,,,,,,,,True,2.2230788567803232,34.0,False,Interbedded_ST: segment_p95_plastic_zone_ratio_to_radius too large; Fault: segment_p95_plastic_zone_ratio_to_radius too large,Interbedded_ST; Fault,,,,,,,,,"All-results row format: one parameter_set_id x formation row; main metrics are segment_p95 values within that formation. Displacement is CCM hydrostatic-equivalent estimate, not directional K0 crown/wall solution."
