parameter_set_id,formation,parameter_level,n_segment_points,settlement_filter_metric,plastic_zone_filter_metric,segment_p95_crown_settlement_mm,segment_p95_wall_convergence_mm,segment_p95_radial_convergence_hydrostatic_equiv_mm,segment_p95_diametral_convergence_hydrostatic_equiv_mm,segment_p95_plastic_zone_thickness_estimate_m,segment_p95_plastic_zone_ratio_to_radius,mean_crown_settlement_mm,mean_wall_convergence_mm,mean_plastic_zone_thickness_estimate_m,mean_plastic_zone_ratio_to_radius,max_crown_settlement_mm,max_wall_convergence_mm,max_sidewall_convergence_mm,max_radial_convergence_hydrostatic_equiv_mm,max_diametral_convergence_hydrostatic_equiv_mm,max_plastic_zone_thickness_estimate_m,max_plastic_zone_ratio_to_radius,max_stability_index,displacement_model,danger_mileage,danger_formation,yield_state_control,result_invalid_reason,E_GPa,cohesion_MPa,friction,sigma_ci_MPa,mi,GSI,disturbance_D,hb_mb,hb_s,hb_a,poisson,density,material_invalid_reason,parameter_prior_penalty,reject_reason_formation,failure_flag_formation,pass_stage1_formation,plastic_zone_penalty,crown_settlement_penalty,wall_convergence_penalty,convergence_penalty,stability_penalty,score_2d_formation,rank_2d_formation
P0001,SH_ST,min_max_sweep_100_lhs,2261,segment_p95,segment_p95,,,,,5.529031241125629,1.8430104137085428,,,4.286003973720626,1.428667991240209,,,,,,5.78147459252428,1.9271581975080934,245.20543242457458,disabled_plastic_zone_only,1077.0,SH_ST,plastic_estimate,,2.9646801,0.20105446363636362,23.757373737373737,10.929707454545452,7.91919191919192,28.939393939393938,0.5,0.2685953750890561,7.676609591309484e-05,0.523996371835586,0.38,2505.8585858585857,,0.21424344454647484,,False,True,0.9215052068542714,,,0.0,5.506166278594553,1.803074333086938,57.0
P0001,Interbedded_ST,min_max_sweep_100_lhs,924,segment_p95,segment_p95,,,,,6.896341530118363,2.2987805100394545,,,6.5874110578034974,2.1958036859344987,,,,,,6.915106241620947,2.305035413873649,723.7418106674447,disabled_plastic_zone_only,767.0,Interbedded_ST,plastic_estimate,segment_p95_plastic_zone_ratio_to_radius too large,1.8524014909090913,0.10318336363636364,21.572727272727274,1.61865,9.373737373737374,39.54545454545455,0.5,0.5268307201718317,0.0003157353925201957,0.511724767277194,0.24838383838383837,2520.0,,0.16708499132741558,segment_p95_plastic_zone_ratio_to_radius too large,True,False,1.1493902550197272,,,0.0,6.585815468210425,2.1875600344732513,36.0
P0001,Fault,min_max_sweep_100_lhs,246,segment_p95,segment_p95,,,,,6.044338425097896,2.014779475032632,,,5.711173606965697,1.9037245356552324,,,,,,6.073807992547143,2.024602664182381,324.24509628450255,disabled_plastic_zone_only,1429.0,Fault,plastic_estimate,segment_p95_plastic_zone_ratio_to_radius too large,0.2404040404040404,0.028888888888888888,19.595959595959595,6.111111111111111,3.6969696969696972,27.424242424242422,0.5,0.11666193481455747,6.272392044580957e-05,0.5265694380424889,0.3090909090909091,2490.0,,0.4566880930517295,segment_p95_plastic_zone_ratio_to_radius too large,True,False,1.007389737516316,,,0.0,5.784579040521089,1.9352925158940413,49.0
P0002,SH_ST,min_max_sweep_100_lhs,2261,segment_p95,segment_p95,,,,,5.084447234410894,1.6948157448036314,,,3.84874732579452,1.28291577526484,,,,,,5.336890585809545,1.7789635286031817,160.2172668622453,disabled_plastic_zone_only,1077.0,SH_ST,plastic_estimate,,2.9646801,0.206991,18.81030303030303,6.737349454545453,4.363636363636363,40.0,0.5,0.2506150658950575,0.00033546262790251185,0.5113684695702436,0.38,2423.4343434343436,,0.49894908682787464,,False,True,0.8474078724018157,,,0.0,5.082752938866234,1.6770539464160021,30.0
P0002,Interbedded_ST,min_max_sweep_100_lhs,924,segment_p95,segment_p95,,,,,7.173946205534774,2.391315401844925,,,6.8650157332199075,2.288338577739969,,,,,,7.192710917037358,2.3975703056791193,943.0705262532778,disabled_plastic_zone_only,767.0,Interbedded_ST,plastic_estimate,segment_p95_plastic_zone_ratio_to_radius too large,1.9494709454545456,0.131672,21.855555555555558,1.61865,7.505050505050505,36.06060606060606,0.5,0.3573080978685392,0.00019839461110480523,0.5148465869643258,0.3097979797979798,2520.0,,0.27042138557290085,segment_p95_plastic_zone_ratio_to_radius too large,True,False,1.1956577009224625,,,0.0,6.850200873368912,2.2803045196442744,60.0
P0002,Fault,min_max_sweep_100_lhs,246,segment_p95,segment_p95,,,,,6.503358405888858,2.167786135296286,,,6.170193587756659,2.056731195918886,,,,,,6.5328279733381045,2.177609324446035,502.579163889638,disabled_plastic_zone_only,1429.0,Fault,plastic_estimate,segment_p95_plastic_zone_ratio_to_radius too large,0.26868686868686864,0.02616161616161616,18.98989898989899,9.848484848484848,4.878787878787879,18.03030303030303,0.5,0.09842877391828804,1.7925380770222155e-05,0.5498856198601928,0.3419191919191919,2490.0,,0.23760840730537708,segment_p95_plastic_zone_ratio_to_radius too large,True,False,1.083893067648143,,,0.0,6.221740926988671,2.0691484064991106,76.0
P0003,SH_ST,min_max_sweep_100_lhs,2261,segment_p95,segment_p95,,,,,5.170046952698488,1.7233489842328296,,,3.932908393354592,1.3109694644515306,,,,,,5.42249030409714,1.80749676803238,173.91086128931488,disabled_plastic_zone_only,1077.0,SH_ST,plastic_estimate,,2.9646801,0.19511792727272725,20.974646464646465,15.31262718181818,6.181818181818182,29.09090909090909,0.5,0.21118707134513864,7.83326971081007e-05,0.5237530726127502,0.38,2526.4646464646466,,0.24313845525966743,,False,True,0.8616744921164148,,,0.0,5.164276480092514,1.6912680878687973,34.0
P0003,Interbedded_ST,min_max_sweep_100_lhs,924,segment_p95,segment_p95,,,,,7.487988694678038,2.4959962315593462,,,7.179058222363172,2.3930194074543905,,,,,,7.506753406180621,2.5022511353935406,1272.2003346725312,disabled_plastic_zone_only,767.0,Interbedded_ST,plastic_estimate,segment_p95_plastic_zone_ratio_to_radius too large,1.9252035818181819,0.1362301818181818,19.592929292929295,1.61865,9.424242424242424,32.27272727272727,0.5,0.3746275770354471,0.0001197262070055988,0.5191725277436547,0.328989898989899,2520.0,,0.20006121824303652,segment_p95_plastic_zone_ratio_to_radius too large,True,False,1.2479981157796731,,,0.0,7.149288958267259,2.375859439400359,84.0
P0003,Fault,min_max_sweep_100_lhs,246,segment_p95,segment_p95,,,,,6.125655470928153,2.0418851569760514,,,5.792490652795954,1.9308302175986516,,,,,,6.155125038377401,2.0517083461258,350.4346744613423,disabled_plastic_zone_only,1429.0,Fault,plastic_estimate,segment_p95_plastic_zone_ratio_to_radius too large,0.4868686868686869,0.022525252525252525,16.88888888888889,5.808080808080808,6.0,27.12121212121212,0.5,0.18662407097044043,6.024013597996088e-05,0.527115981380768,0.3242424242424242,2490.0,,0.14863789409243958,segment_p95_plastic_zone_ratio_to_radius too large,True,False,1.0209425784880257,,,0.0,5.862023846073715,1.945543597785384,51.0
P0004,SH_ST,min_max_sweep_100_lhs,2261,segment_p95,segment_p95,,,,,4.526654415129551,1.5088848050431838,,,3.301078061707725,1.1003593539025749,,,,,,4.779097766528203,1.5930325888427341,93.77651840295123,disabled_plastic_zone_only,1077.0,SH_ST,plastic_estimate,,2.9646801,0.1713717818181818,18.19191919191919,18.361614818181817,4.242424242424242,34.54545454545455,0.5,0.1879182491370683,0.0001621039556043436,0.5164471425173605,0.38,2560.808080808081,,0.29456177941026435,,False,True,0.7544424025215919,,,0.0,4.551521682407812,1.4908642273432695,9.0
P0004,Interbedded_ST,min_max_sweep_100_lhs,924,segment_p95,segment_p95,,,,,7.360597305802579,2.4535324352675265,,,7.051666833487713,2.3505556111625707,,,,,,7.379362017305162,2.459787339101721,1126.732012211138,disabled_plastic_zone_only,767.0,Interbedded_ST,plastic_estimate,segment_p95_plastic_zone_ratio_to_radius too large,2.090221654545455,0.054182909090909094,18.461616161616163,1.61865,9.727272727272727,33.78787878787879,0.5,0.41560308728045986,0.0001465296401273793,0.5173101278133356,0.3923232323232323,2520.0,,0.5931639628609326,segment_p95_plastic_zone_ratio_to_radius too large,True,False,1.2267662176337633,,,0.0,7.027963826004917,2.355325626569353,79.0
P0004,Fault,min_max_sweep_100_lhs,246,segment_p95,segment_p95,,,,,5.7697508366099575,1.9232502788699857,,,5.436586018477757,1.812195339492586,,,,,,5.799220404059204,1.9330734680197346,249.40185603653538,disabled_plastic_zone_only,1429.0,Fault,plastic_estimate,,0.507070707070707,0.02515151515151515,18.262626262626263,6.616161616161616,5.696969696969697,29.545454545454547,0.5,0.19888192866900437,8.322694587016918e-05,0.5230377480784557,0.3323232323232323,2490.0,,0.07811447811447816,,False,True,0.9616251394349928,,,0.0,5.523067051484956,1.8297379887789598,30.0
P0005,SH_ST,min_max_sweep_100_lhs,2261,segment_p95,segment_p95,,,,,5.325329995936119,1.775109998645373,,,4.085610451229381,1.3618701504097939,,,,,,5.577773347334771,1.8592577824449237,201.78881000403183,disabled_plastic_zone_only,1077.0,SH_ST,plastic_estimate,,2.9646801,0.11398526363636363,30.25040404040404,7.8807198181818165,4.646464646464646,35.75757575757576,0.5,0.21804443213792216,0.00019053844634871417,0.5151538966632034,0.38,2584.848484848485,,0.17702275278032856,,False,True,0.8875549993226866,,,0.0,5.312165092699782,1.7369504056709877,44.0
P0005,Interbedded_ST,min_max_sweep_100_lhs,924,segment_p95,segment_p95,,,,,6.557763943500033,2.1859213145000114,,,6.248833471185166,2.0829444903950556,,,,,,6.576528655002615,2.1921762183342053,523.9802400125791,disabled_plastic_zone_only,767.0,Interbedded_ST,plastic_estimate,segment_p95_plastic_zone_ratio_to_radius too large,1.9397640000000003,0.09634609090909091,18.38080808080808,1.61865,8.767676767676768,43.93939393939394,0.5,0.6074527983187072,0.0005672289891977492,0.508693695529403,0.28101010101010104,2520.0,,0.22373227221712072,segment_p95_plastic_zone_ratio_to_radius too large,True,False,1.0929606572500057,,,0.0,6.263360623812016,2.0835792313107633,8.0
P0005,Fault,min_max_sweep_100_lhs,246,segment_p95,segment_p95,,,,,6.422396375417145,2.1407987918057154,,,6.089231557284945,2.0297438524283153,,,,,,6.451865942866391,2.1506219809554636,465.20909317966516,disabled_plastic_zone_only,1429.0,Fault,plastic_estimate,segment_p95_plastic_zone_ratio_to_radius too large,0.2727272727272727,0.023232323232323233,16.04040404040404,9.040404040404042,4.151515151515151,19.545454545454547,0.5,0.0900225155819489,2.193838474548913e-05,0.5450724258908712,0.3318181818181818,2490.0,,0.31286603407815533,segment_p95_plastic_zone_ratio_to_radius too large,True,False,1.0703993959028577,,,0.0,6.144634231301326,2.0473696948913163,71.0
P0006,SH_ST,min_max_sweep_100_lhs,2261,segment_p95,segment_p95,,,,,8.128792184939563,2.7095973949798546,,,6.848783730355454,2.2829279101184845,,,,,,8.381235536338215,2.793745178779405,2927.1587228244384,disabled_plastic_zone_only,1077.0,SH_ST,plastic_estimate,segment_p95_plastic_zone_ratio_to_radius too large,2.9646801,0.05066220909090909,20.356262626262627,1.0204976363636362,5.5353535353535355,27.87878787878788,0.5,0.17849619446205622,6.664292848877709e-05,0.525770049235076,0.38,2540.2020202020203,,0.19155188246097338,segment_p95_plastic_zone_ratio_to_radius too large,True,False,1.3547986974899273,,,0.0,7.982129082226872,2.6221024336858685,97.0
P0006,Interbedded_ST,min_max_sweep_100_lhs,924,segment_p95,segment_p95,,,,,6.592303308296284,2.1974344360987614,,,6.2833728359814165,2.0944576119938056,,,,,,6.611068019798866,2.2036893399329553,541.5364417825643,disabled_plastic_zone_only,767.0,Interbedded_ST,plastic_estimate,segment_p95_plastic_zone_ratio_to_radius too large,1.9688848363636364,0.14078836363636363,19.51212121212121,1.61865,7.404040404040404,43.484848484848484,0.5,0.5019916266319133,0.0005338724872960556,0.5089676988908144,0.3980808080808081,2520.0,,0.44085297418630753,segment_p95_plastic_zone_ratio_to_radius too large,True,False,1.0987172180493807,,,0.0,6.2962552569513015,2.1053316136366114,13.0
P0006,Fault,min_max_sweep_100_lhs,246,segment_p95,segment_p95,,,,,5.849286902573834,1.9497623008579446,,,5.516122084441634,1.8387073614805445,,,,,,5.878756470023079,1.9595854900076932,269.10632714977817,disabled_plastic_zone_only,1429.0,Fault,plastic_estimate,,0.2282828282828283,0.027171717171717173,19.717171717171716,11.161616161616163,4.9393939393939394,22.87878787878788,0.5,0.1255318166900377,3.421562034860295e-05,0.536048912531618,0.30808080808080807,2490.0,,0.4242016120804,,False,True,0.9748811504289723,,,0.0,5.598815685736267,1.8721340805730027,39.0
P0007,SH_ST,min_max_sweep_100_lhs,2261,segment_p95,segment_p95,,,,,4.8303268205538314,1.6101089401846105,,,3.599081028804142,1.1996936762680475,,,,,,5.082770171952483,1.694256723984161,125.56215066225765,disabled_plastic_zone_only,1077.0,SH_ST,plastic_estimate,,2.9646801,0.11002757272727273,34.888282828282826,15.693750636363633,4.929292929292929,32.57575757575758,0.5,0.19879469803494454,0.0001246626847920104,0.5187848481292073,0.38,2498.989898989899,,0.018181818181818195,,False,True,0.8050544700923052,,,0.0,4.840733497097603,1.5728466428978405,14.0
P0007,Interbedded_ST,min_max_sweep_100_lhs,924,segment_p95,segment_p95,,,,,6.778330617175827,2.2594435390586094,,,6.469400144860962,2.1564667149536536,,,,,,6.797095328678411,2.2656984428928038,646.6977306976403,disabled_plastic_zone_only,767.0,Interbedded_ST,plastic_estimate,segment_p95_plastic_zone_ratio_to_radius too large,1.7019438363636366,0.04050836363636364,19.027272727272727,1.61865,7.707070707070707,41.06060606060606,0.5,0.46556683047659786,0.00038641993761063295,0.5105779191091319,0.352020202020202,2520.0,,0.3567799204162841,segment_p95_plastic_zone_ratio_to_radius too large,True,False,1.1297217695293047,,,0.0,6.473424122550868,2.1598151476779663,28.0
P0007,Fault,min_max_sweep_100_lhs,246,segment_p95,segment_p95,,,,,5.557044282142317,1.8523480940474388,,,5.223879464010117,1.7412931546700388,,,,,,5.5865138495915625,1.8621712831971875,203.48392797056795,disabled_plastic_zone_only,1429.0,Fault,plastic_estimate,,0.498989898989899,0.029595959595959596,18.86868686868687,10.252525252525253,3.242424242424242,26.81818181818182,0.5,0.09940755006129803,5.785470610083026e-05,0.5276736782815239,0.3333333333333333,2490.0,,0.27793082338536895,,False,True,0.9261740470237194,,,0.0,5.3204893805633935,1.7726249525497366,20.0
P0008,SH_ST,min_max_sweep_100_lhs,2261,segment_p95,segment_p95,,,,,5.733751974714586,1.9112506582381954,,,4.48754142066606,1.4958471402220201,,,,,,5.986195326113237,1.9953984420377457,298.207827091142,disabled_plastic_zone_only,1077.0,SH_ST,plastic_estimate,,2.9646801,0.1060698818181818,37.98020202020202,8.071281545454545,7.151515151515152,30.0,0.5,0.25512310393792625,8.842698865988302e-05,0.5223437749058788,0.38,2459.4949494949497,,0.10649933680236709,,False,True,0.9556253291190977,,,0.0,5.701138405822131,1.8622716448438679,62.0
P0008,Interbedded_ST,min_max_sweep_100_lhs,924,segment_p95,segment_p95,,,,,6.766607669712982,2.2555358899043276,,,6.457677197398116,2.152559065799372,,,,,,6.785372381215565,2.2617907937385215,639.506590359187,disabled_plastic_zone_only,767.0,Interbedded_ST,plastic_estimate,segment_p95_plastic_zone_ratio_to_radius too large,2.0222730363636368,0.11799745454545454,19.916161616161617,1.61865,10.080808080808081,41.21212121212121,0.5,0.6133685052065595,0.00039430578785264864,0.5104694775667994,0.3712121212121212,2520.0,,0.2534435261707989,segment_p95_plastic_zone_ratio_to_radius too large,True,False,1.1277679449521638,,,0.0,6.462259410681491,2.150950017158961,26.0
P0008,Fault,min_max_sweep_100_lhs,246,segment_p95,segment_p95,,,,,5.620364489679861,1.8734548298932867,,,5.2871996715476595,1.7623998905158869,,,,,,5.649834057129107,1.8832780190430356,216.1947334119746,disabled_plastic_zone_only,1429.0,Fault,plastic_estimate,,0.3090909090909091,0.02,19.87878787878788,10.05050505050505,4.787878787878788,26.363636363636363,0.5,0.14364561279830745,5.4452498789804625e-05,0.528531635739647,0.3217171717171717,2490.0,,0.4212631364146516,,False,True,0.9367274149466434,,,0.0,5.380794340122959,1.799767586055307,25.0
P0009,SH_ST,min_max_sweep_100_lhs,2261,segment_p95,segment_p95,,,,,5.1753820768325625,1.7251273589441876,,,3.938153851536832,1.3127179505122777,,,,,,5.427825428231213,1.8092751427437377,174.80185741509905,disabled_plastic_zone_only,1077.0,SH_ST,plastic_estimate,,2.9646801,0.04274682727272727,27.467676767676767,16.265435818181817,6.101010101010101,28.03030303030303,0.5,0.1981612710960129,6.800294152796305e-05,0.5255089242595299,0.38,2462.929292929293,,0.14796449341903883,,False,True,0.8625636794720938,,,0.0,5.169357550696394,1.688192494414301,32.0
P0009,Interbedded_ST,min_max_sweep_100_lhs,924,segment_p95,segment_p95,,,,,7.513781902073266,2.5045939673577555,,,7.2048514297584,2.4016171432528,,,,,,7.53254661357585,2.51084887119195,1303.8637624163787,disabled_plastic_zone_only,767.0,Interbedded_ST,plastic_estimate,segment_p95_plastic_zone_ratio_to_radius too large,1.8184271818181819,0.08836927272727273,18.744444444444444,1.61865,8.868686868686869,31.96969696969697,0.5,0.34749274355976817,0.00011498520722430451,0.5195681189151514,0.36929292929292934,2520.0,,0.21850831547801247,segment_p95_plastic_zone_ratio_to_radius too large,True,False,1.2522969836788778,,,0.0,7.173853917691286,2.384918937071316,86.0
P0009,Fault,min_max_sweep_100_lhs,246,segment_p95,segment_p95,,,,,6.80124661475645,2.267082204918817,,,6.46808179662425,2.1560272655414163,,,,,,6.830716182205695,2.276905394068565,667.7725271180503,disabled_plastic_zone_only,1429.0,Fault,plastic_estimate,segment_p95_plastic_zone_ratio_to_radius too large,0.36969696969696975,0.022626262626262626,19.313131313131315,6.01010101010101,4.3939393939393945,20.0,0.5,0.09736410884743915,2.3309101142937016e-05,0.5437207507190644,0.3434343434343434,2490.0,,0.2446280991735538,segment_p95_plastic_zone_ratio_to_radius too large,True,False,1.1335411024594084,,,0.0,6.505443983053044,2.1634760284138426,90.0
P0010,SH_ST,min_max_sweep_100_lhs,2261,segment_p95,segment_p95,,,,,5.359667203598532,1.786555734532844,,,4.119385749699619,1.3731285832332063,,,,,,5.612110554997184,1.8707035183323946,208.53005616125466,disabled_plastic_zone_only,1077.0,SH_ST,plastic_estimate,,2.9646801,0.04472567272727273,26.23090909090909,5.784540818181817,6.828282828282829,39.24242424242424,0.5,0.37827090229583543,0.000303232687687869,0.5119683685590383,0.38,2555.656565656566,,0.17212529333741458,,False,True,0.893277867266422,,,0.0,5.344867195235413,1.7475381041637699,47.0
P0010,Interbedded_ST,min_max_sweep_100_lhs,924,segment_p95,segment_p95,,,,,7.539685906593384,2.513228635531128,,,7.2307554342785165,2.410251811426172,,,,,,7.558450618095966,2.519483539365322,1336.4557554513542,disabled_plastic_zone_only,767.0,Interbedded_ST,plastic_estimate,segment_p95_plastic_zone_ratio_to_radius too large,1.9737383090909093,0.037089727272727274,19.633333333333333,1.61865,11.040404040404042,31.666666666666668,0.5,0.4263875451249727,0.00011043194477711959,0.5199717830984983,0.29828282828282826,2520.0,,0.2299357208448118,segment_p95_plastic_zone_ratio_to_radius too large,True,False,1.256614317765564,,,0.0,7.198524398186635,2.393662404003741,89.0
P0010,Fault,min_max_sweep_100_lhs,246,segment_p95,segment_p95,,,,,5.661454018568806,1.8871513395229353,,,5.328289200436605,1.776096400145535,,,,,,5.690923586018052,1.8969745286726838,224.8626846971355,disabled_plastic_zone_only,1429.0,Fault,plastic_estimate,,0.21212121212121213,0.020202020202020204,19.393939393939394,7.525252525252525,4.575757575757576,29.242424242424242,0.5,0.15745176933466315,7.99312686576622e-05,0.5235122185875485,0.3045454545454545,2490.0,,0.5916947250280584,,False,True,0.9435756697614677,,,0.0,5.419927224779097,1.8212519335283233,29.0
P0011,SH_ST,min_max_sweep_100_lhs,2261,segment_p95,segment_p95,,,,,5.412741419658805,1.8042471398862683,,,4.171591435908396,1.3905304786361319,,,,,,5.665184771057456,1.8883949236858186,219.3933859823024,disabled_plastic_zone_only,1077.0,SH_ST,plastic_estimate,,2.9646801,0.1456467909090909,29.013636363636365,13.21644818181818,6.8686868686868685,28.181818181818183,0.5,0.22471092695772568,6.93907089817388e-05,0.5252504236333958,0.38,2541.9191919191917,,0.06731966125905524,,False,True,0.9021235699431341,,,0.0,5.395414067673768,1.759041474055057,51.0
P0011,Interbedded_ST,min_max_sweep_100_lhs,924,segment_p95,segment_p95,,,,,7.088449905900715,2.3628166353002387,,,6.779519433585849,2.2598398111952833,,,,,,7.107214617403297,2.3690715391344326,869.2459093184095,disabled_plastic_zone_only,767.0,Interbedded_ST,plastic_estimate,segment_p95_plastic_zone_ratio_to_radius too large,2.0999286,0.13509063636363636,20.96666666666667,1.61865,7.808080808080808,37.121212121212125,0.5,0.39099175906649564,0.00022853106983852626,0.51381860207001,0.2407070707070707,2520.0,,0.45440261197836956,segment_p95_plastic_zone_ratio_to_radius too large,True,False,1.1814083176501193,,,0.0,6.76877582609838,2.262531534056184,55.0
P0011,Fault,min_max_sweep_100_lhs,246,segment_p95,segment_p95,,,,,6.041042927871599,2.0136809759572,,,5.7078781097394,1.9026260365798,,,,,,6.070512495320846,2.0235041651069485,323.2258924345395,disabled_plastic_zone_only,1429.0,Fault,plastic_estimate,segment_p95_plastic_zone_ratio_to_radius too large,0.46262626262626266,0.026969696969696966,17.01010101010101,14.797979797979798,5.0,18.333333333333332,0.5,0.10234037857175238,1.866446911352057e-05,0.5488836990847946,0.3328282828282828,2490.0,,0.11925313743495562,segment_p95_plastic_zone_ratio_to_radius too large,True,False,1.0068404879786,,,0.0,5.781440471734139,1.9173811172025255,44.0
P0012,SH_ST,min_max_sweep_100_lhs,2261,segment_p95,segment_p95,,,,,6.425069320106258,2.1416897733687525,,,5.168461520698583,1.7228205068995275,,,,,,6.677512671504909,2.225837557168303,576.9780415909921,disabled_plastic_zone_only,1077.0,SH_ST,plastic_estimate,segment_p95_plastic_zone_ratio_to_radius too large,2.9646801,0.024937218181818183,44.78242424242424,3.1166766363636365,4.08080808080808,34.24242424242424,0.5,0.17816982624864502,0.00015568485290921554,0.5167871154930693,0.38,2588.282828282828,,0.5159269462299766,segment_p95_plastic_zone_ratio_to_radius too large,True,False,1.0708448866843763,,,0.0,6.359535877623723,2.1008371878495256,83.0
P0012,Interbedded_ST,min_max_sweep_100_lhs,924,segment_p95,segment_p95,,,,,7.618089112006096,2.5393630373353657,,,7.30915863969123,2.4363862132304104,,,,,,7.6368538235086785,2.5456179411695596,1440.1463000918343,disabled_plastic_zone_only,767.0,Interbedded_ST,plastic_estimate,segment_p95_plastic_zone_ratio_to_radius too large,1.9300570545454547,0.07127609090909091,21.895959595959596,1.61865,9.525252525252526,30.757575757575758,0.5,0.35228602414006477,9.782570018930283e-05,0.5212328780957032,0.3155555555555556,2520.0,,0.16414651566166727,segment_p95_plastic_zone_ratio_to_radius too large,True,False,1.2696815186676829,,,0.0,7.273194117627314,2.4151072883093083,94.0
P0012,Fault,min_max_sweep_100_lhs,246,segment_p95,segment_p95,,,,,6.05756182665747,2.0191872755524902,,,5.72439700852527,1.90813233617509,,,,,,6.087031394106715,2.0290104647022384,328.367041406869,disabled_plastic_zone_only,1429.0,Fault,plastic_estimate,segment_p95_plastic_zone_ratio_to_radius too large,0.4101010101010101,0.021717171717171718,17.171717171717173,10.151515151515152,5.515151515151516,21.81818181818182,0.5,0.1332611426446795,2.9703596528765566e-05,0.5387056408815956,0.33030303030303027,2490.0,,0.1300275482093664,segment_p95_plastic_zone_ratio_to_radius too large,True,False,1.0095936377762451,,,0.0,5.7971727562921105,1.9231311570010743,45.0
P0013,SH_ST,min_max_sweep_100_lhs,2261,segment_p95,segment_p95,,,,,5.280682102401631,1.7602273674672104,,,4.041693195492671,1.3472310651642239,,,,,,5.533125453800284,1.8443751512667612,193.34662456538672,disabled_plastic_zone_only,1077.0,SH_ST,plastic_estimate,,2.9646801,0.17532947272727273,43.23646464646465,9.405213636363635,4.121212121212121,33.93939393939394,0.5,0.17735607900402436,0.0001495199382088032,0.5171340264544042,0.38,2564.242424242424,,0.32933374145495364,,False,True,0.8801136837336052,,,0.0,5.269643289333604,1.7304806077396724,41.0
P0013,Interbedded_ST,min_max_sweep_100_lhs,924,segment_p95,segment_p95,,,,,7.285337357543516,2.4284457858478388,,,6.976406885228649,2.3254689617428825,,,,,,7.304102069046098,2.4347006896820327,1048.7293886146213,disabled_plastic_zone_only,767.0,Interbedded_ST,plastic_estimate,segment_p95_plastic_zone_ratio_to_radius too large,2.012566090909091,0.031392,19.794949494949496,1.61865,10.88888888888889,34.696969696969695,0.5,0.48581605793760196,0.00016541208593902172,0.516279714304111,0.2906060606060606,2520.0,,0.2983369043975105,segment_p95_plastic_zone_ratio_to_radius too large,True,False,1.2142228929239194,,,0.0,6.956287684805808,2.3168415518739764,69.0
P0013,Fault,min_max_sweep_100_lhs,246,segment_p95,segment_p95,,,,,5.742741756405653,1.9142472521352178,,,5.409576938273453,1.8031923127578178,,,,,,5.772211323854899,1.9240704412849663,243.04292158466353,disabled_plastic_zone_only,1429.0,Fault,plastic_estimate,,0.23232323232323232,0.028181818181818183,19.19191919191919,7.828282828282829,3.757575757575758,27.87878787878788,0.5,0.12116894952533745,6.664292848877709e-05,0.525770049235076,0.3116161616161616,2490.0,,0.3499234771962045,,False,True,0.9571236260676089,,,0.0,5.497344117957047,1.8348077170019264,34.0
P0014,SH_ST,min_max_sweep_100_lhs,2261,segment_p95,segment_p95,,,,,4.8560364808132,1.6186788269377335,,,3.6243335713273526,1.208111190442451,,,,,,5.108479832211851,1.7028266107372838,128.6993251076001,disabled_plastic_zone_only,1077.0,SH_ST,plastic_estimate,,2.9646801,0.04670451818181818,33.65151515151515,17.218244454545452,6.747474747474747,31.515151515151516,0.5,0.2587184335514209,0.00010822338024351354,0.5201766939233561,0.38,2577.979797979798,,0.23742475257626777,,False,True,0.8093394134688667,,,0.0,4.865218887820811,1.5919195752946258,16.0
P0014,Interbedded_ST,min_max_sweep_100_lhs,924,segment_p95,segment_p95,,,,,6.69654897490145,2.2321829916338167,,,6.387618502586583,2.129206167528861,,,,,,6.715313686404032,2.2384378954680106,598.1648950935646,disabled_plastic_zone_only,767.0,Interbedded_ST,plastic_estimate,segment_p95_plastic_zone_ratio_to_radius too large,1.8863758000000002,0.10888109090909091,18.542424242424243,1.61865,7.757575757575758,42.121212121212125,0.5,0.49289314486896274,0.00044511774416314124,0.5098413357455577,0.21575757575757576,2520.0,,0.36135088256300385,segment_p95_plastic_zone_ratio_to_radius too large,True,False,1.1160914958169084,,,0.0,6.395536844194317,2.1342435348296953,21.0
P0014,Fault,min_max_sweep_100_lhs,246,segment_p95,segment_p95,,,,,5.986589848074402,1.995529949358134,,,5.653425029942201,1.8844750099807337,,,,,,6.016059415523648,2.0053531385078824,306.840070267402,disabled_plastic_zone_only,1429.0,Fault,plastic_estimate,,0.25656565656565655,0.020404040404040404,18.78787878787879,11.363636363636363,3.9696969696969697,21.363636363636363,0.5,0.09386487951043324,2.795684505278716e-05,0.5399030169703475,0.3202020202020202,2490.0,,0.3102540557086012,,False,True,0.997764974679067,,,0.0,5.729580395736807,1.9097525129420918,42.0
P0015,SH_ST,min_max_sweep_100_lhs,2261,segment_p95,segment_p95,,,,,5.569015519338964,1.8563385064463214,,,4.325355065218855,1.4417850217396182,,,,,,5.821458870737617,1.9404862902458722,254.76180025188233,disabled_plastic_zone_only,1077.0,SH_ST,plastic_estimate,,2.9646801,0.07836604545454545,26.54010101010101,6.92791118181818,4.161616161616162,33.78787878787879,0.5,0.17780734367554463,0.0001465296401273793,0.5173101278133356,0.38,2456.060606060606,,0.0986634016937047,,False,True,0.9281692532231607,,,0.0,5.544246543559635,1.8099094187139828,58.0
P0015,Interbedded_ST,min_max_sweep_100_lhs,924,segment_p95,segment_p95,,,,,7.260433171613398,2.4201443905377995,,,6.951502699298532,2.3171675664328437,,,,,,7.27919788311598,2.4263992943719934,1024.1245665104393,disabled_plastic_zone_only,767.0,Interbedded_ST,plastic_estimate,segment_p95_plastic_zone_ratio_to_radius too large,2.0465404,0.0792529090909091,18.663636363636364,1.61865,11.343434343434343,35.0,0.5,0.5134518662419504,0.00017223225596081014,0.5159498890105109,0.27909090909090906,2520.0,,0.27433935312723196,segment_p95_plastic_zone_ratio_to_radius too large,True,False,1.2100721952688998,,,0.0,6.93256941249141,2.3077849966063186,67.0
P0015,Fault,min_max_sweep_100_lhs,246,segment_p95,segment_p95,,,,,5.425152841530335,1.8083842805101116,,,5.091988023398135,1.697329341132712,,,,,,5.454622408979581,1.8182074696598605,179.34622664728573,disabled_plastic_zone_only,1429.0,Fault,plastic_estimate,,0.3171717171717172,0.022727272727272728,17.575757575757574,14.8989898989899,5.909090909090909,24.090909090909093,0.5,0.15909932001076546,4.021734767529374e-05,0.533233994896392,0.3459595959595959,2490.0,,0.22520151004999495,,False,True,0.9041921402550558,,,0.0,5.194878484742459,1.7283798776422836,15.0
P0016,SH_ST,min_max_sweep_100_lhs,2261,segment_p95,segment_p95,,,,,4.65684497347817,1.5522816578260565,,,3.4287894196711264,1.1429298065570423,,,,,,4.9092883248768215,1.636429441625607,106.2875582908745,disabled_plastic_zone_only,1077.0,SH_ST,plastic_estimate,,2.9646801,0.0110853,18.50111111111111,11.310830909090907,4.606060606060606,39.09090909090909,0.5,0.25333059565504,0.0002971682381229436,0.5120920271387648,0.38,2529.89898989899,,0.3381491684521988,,False,True,0.7761408289130283,,,0.0,4.675512690358878,1.5341156181791566,10.0
P0016,Interbedded_ST,min_max_sweep_100_lhs,924,segment_p95,segment_p95,,,,,7.423973811108315,2.4746579370361053,,,7.115043338793449,2.37168111293115,,,,,,7.442738522610897,2.480912840870299,1196.8965257947063,disabled_plastic_zone_only,767.0,Interbedded_ST,plastic_estimate,segment_p95_plastic_zone_ratio_to_radius too large,1.658262581818182,0.08267154545454546,20.481818181818184,1.61865,7.252525252525253,33.03030303030303,0.5,0.2988888630657619,0.00013245164410586422,0.5182178176250443,0.29444444444444445,2520.0,,0.14635241301907964,segment_p95_plastic_zone_ratio_to_radius too large,True,False,1.2373289685180526,,,0.0,7.08832240248657,2.3529788275368073,78.0
P0016,Fault,min_max_sweep_100_lhs,246,segment_p95,segment_p95,,,,,5.507666621134875,1.835888873711625,,,5.174501803002674,1.724833934334225,,,,,,5.537136188584121,1.8457120628613737,194.0903991931005,disabled_plastic_zone_only,1429.0,Fault,plastic_estimate,,0.3414141414141414,0.021414141414141413,17.939393939393938,8.93939393939394,3.4242424242424243,28.939393939393938,0.5,0.11614009203468116,7.676609591309484e-05,0.523996371835586,0.30252525252525253,2490.0,,0.2818487909397,,False,True,0.9179444368558125,,,0.0,5.273463036746782,1.757243374538201,19.0
P0017,SH_ST,min_max_sweep_100_lhs,2261,segment_p95,segment_p95,,,,,6.522575756158982,2.1741919187196608,,,5.264587945272454,1.7548626484241514,,,,,,6.775019107557634,2.2583397025192116,633.2220629020571,disabled_plastic_zone_only,1077.0,SH_ST,plastic_estimate,segment_p95_plastic_zone_ratio_to_radius too large,2.9646801,0.0981545,22.211414141414142,1.9733062727272723,4.686868686868687,38.333333333333336,0.5,0.24864148622184198,0.0002686174734423051,0.5127294079836894,0.38,2464.6464646464647,,0.10486685032139573,segment_p95_plastic_zone_ratio_to_radius too large,True,False,1.0870959593598304,,,0.0,6.45239915005489,2.1110451420469207,84.0
P0017,Interbedded_ST,min_max_sweep_100_lhs,924,segment_p95,segment_p95,,,,,7.297822996685924,2.432607665561975,,,6.9888925243710585,2.3296308414570195,,,,,,7.316587708188506,2.4388625693961687,1061.2863197009133,disabled_plastic_zone_only,767.0,Interbedded_ST,plastic_estimate,segment_p95_plastic_zone_ratio_to_radius too large,1.959177890909091,0.1293929090909091,19.10808080808081,1.61865,7.101010101010101,34.54545454545455,0.5,0.3145393551032358,0.0001621039556043436,0.5164471425173605,0.3750505050505051,2520.0,,0.3228242016120805,segment_p95_plastic_zone_ratio_to_radius too large,True,False,1.2163038327809874,,,0.0,6.96817876970334,2.322004838607013,71.0
P0017,Fault,min_max_sweep_100_lhs,246,segment_p95,segment_p95,,,,,7.204526244655342,2.4015087482184474,,,6.871361426523143,2.2904538088410478,,,,,,7.233995812104588,2.411331937368196,980.9298019781314,disabled_plastic_zone_only,1429.0,Fault,plastic_estimate,segment_p95_plastic_zone_ratio_to_radius too large,0.5676767676767677,0.026565656565656563,19.272727272727273,6.313131313131313,4.96969696969697,16.060606060606062,0.5,0.09128624766090451,1.3785142283567397e-05,0.5569155730109332,0.3237373737373737,2490.0,,0.24168962350780537,segment_p95_plastic_zone_ratio_to_radius too large,True,False,1.2007543741092237,,,0.0,6.889519821051989,2.290554225967706,98.0
P0018,SH_ST,min_max_sweep_100_lhs,2261,segment_p95,segment_p95,,,,,6.108906112811472,2.036302037603824,,,4.856943067276216,1.618981022425405,,,,,,6.361349464210125,2.120449821403375,426.7025858476456,disabled_plastic_zone_only,1077.0,SH_ST,plastic_estimate,segment_p95_plastic_zone_ratio_to_radius too large,2.9646801,0.14366794545454545,41.99969696969697,6.1656642727272715,5.616161616161616,29.393939393939394,0.5,0.19465141839018985,8.156246299557899e-05,0.5232737851853381,0.38,2552.222222222222,,0.20151004999489858,segment_p95_plastic_zone_ratio_to_radius too large,True,False,1.018151018801912,,,0.0,6.0584280611525,1.985374378831679,76.0
P0018,Interbedded_ST,min_max_sweep_100_lhs,924,segment_p95,segment_p95,,,,,6.932037558491943,2.310679186163981,,,6.623107086177077,2.2077023620590257,,,,,,6.950802269994526,2.3169340899981754,748.8038850292293,disabled_plastic_zone_only,767.0,Interbedded_ST,plastic_estimate,segment_p95_plastic_zone_ratio_to_radius too large,1.9106431636363639,0.08039245454545454,19.06767676767677,1.61865,10.030303030303031,39.09090909090909,0.5,0.5516607050119622,0.0002971682381229436,0.5120920271387648,0.3021212121212121,2520.0,,0.0885623915926946,segment_p95_plastic_zone_ratio_to_radius too large,True,False,1.1553395930819905,,,0.0,6.619811685709073,2.194895151532942,40.0
P0018,Fault,min_max_sweep_100_lhs,246,segment_p95,segment_p95,,,,,7.195770513981168,2.398590171327056,,,6.86260569584897,2.2875352319496565,,,,,,7.225240081430416,2.408413360476805,972.7757392292935,disabled_plastic_zone_only,1429.0,Fault,plastic_estimate,segment_p95_plastic_zone_ratio_to_radius too large,0.41414141414141414,0.021616161616161613,18.343434343434343,7.222222222222222,3.3636363636363638,15.0,0.5,0.05874222895734481,1.1967291556046007e-05,0.5611011345616838,0.3005050505050505,2490.0,,0.29050096928884805,segment_p95_plastic_zone_ratio_to_radius too large,True,False,1.199295085663528,,,0.0,6.881181029933729,2.2902325686988347,97.0
P0019,SH_ST,min_max_sweep_100_lhs,2261,segment_p95,segment_p95,,,,,7.033857693830933,2.344619231276978,,,5.768704081065296,1.9229013603550986,,,,,,7.286301045229584,2.428767015076528,1031.0829583306916,disabled_plastic_zone_only,1077.0,SH_ST,plastic_estimate,segment_p95_plastic_zone_ratio_to_radius too large,2.9646801,0.020979527272727273,27.77686868686869,3.4978000909090903,7.515151515151516,25.303030303030305,0.5,0.21436451490974906,4.727183191642749e-05,0.5306375973605469,0.38,2440.6060606060605,,0.2823181308029793,segment_p95_plastic_zone_ratio_to_radius too large,True,False,1.172309615638489,,,0.0,6.939334328790081,2.2812149840270317,89.0
P0019,Interbedded_ST,min_max_sweep_100_lhs,924,segment_p95,segment_p95,,,,,6.4889773943274065,2.1629924647758023,,,6.180046922012541,2.0600156406708465,,,,,,6.507742105829989,2.1692473686099962,490.6905841246933,disabled_plastic_zone_only,767.0,Interbedded_ST,plastic_estimate,segment_p95_plastic_zone_ratio_to_radius too large,1.6194348,0.14306745454545455,20.683838383838385,1.61865,8.565656565656566,44.84848484848485,0.5,0.6197111227287273,0.0006403245802468257,0.5081699804529777,0.3558585858585859,2520.0,,0.4566880930517295,segment_p95_plastic_zone_ratio_to_radius too large,True,False,1.0814962323879012,,,0.0,6.19784962459999,2.0735265038635102,3.0
P0019,Fault,min_max_sweep_100_lhs,246,segment_p95,segment_p95,,,,,5.770199942925076,1.9233999809750253,,,5.437035124792876,1.8123450415976252,,,,,,5.799669510374322,1.933223170124774,249.50898090165478,disabled_plastic_zone_only,1429.0,Fault,plastic_estimate,,0.22424242424242424,0.020606060606060607,18.181818181818183,7.727272727272727,4.909090909090909,27.727272727272727,0.5,0.15716333442040853,6.531011479457823e-05,0.5260338252029477,0.32575757575757575,2490.0,,0.31074380165289256,,False,True,0.9616999904875126,,,0.0,5.523494771785069,1.8415111373052928,36.0
P0020,SH_ST,min_max_sweep_100_lhs,2261,segment_p95,segment_p95,,,,,4.899818939703434,1.6332729799011447,,,3.667341462169994,1.2224471540566646,,,,,,5.152262291102086,1.7174207637006953,134.22181007430166,disabled_plastic_zone_only,1077.0,SH_ST,plastic_estimate,,2.9646801,0.19907561818181818,17.264343434343434,9.78633709090909,7.595959595959597,38.03030303030303,0.5,0.3971975650477034,0.00025798057601865047,0.512993511432703,0.38,2547.070707070707,,0.3654116926844201,,False,True,0.8166364899505724,,,0.0,4.906916467716273,1.6121312456404049,20.0
P0020,Interbedded_ST,min_max_sweep_100_lhs,924,segment_p95,segment_p95,,,,,6.6849175818246,2.2283058606082,,,6.375987109509733,2.1253290365032442,,,,,,6.703682293327184,2.2345607644423944,591.5642624613191,disabled_plastic_zone_only,767.0,Interbedded_ST,plastic_estimate,segment_p95_plastic_zone_ratio_to_radius too large,1.866961909090909,0.04620609090909091,22.17878787878788,1.61865,8.06060606060606,42.27272727272727,0.5,0.5158552884352757,0.0004542014676693318,0.5097402969884742,0.30404040404040406,2520.0,,0.28544026119783694,segment_p95_plastic_zone_ratio_to_radius too large,True,False,1.1141529303041,,,0.0,6.38445932697827,2.1267785761836207,19.0
P0020,Fault,min_max_sweep_100_lhs,246,segment_p95,segment_p95,,,,,6.789062509670778,2.263020836556926,,,6.455897691538579,2.151965897179526,,,,,,6.8185320771200235,2.2728440257066747,660.0570028646728,disabled_plastic_zone_only,1429.0,Fault,plastic_estimate,segment_p95_plastic_zone_ratio_to_radius too large,0.5555555555555556,0.023333333333333334,16.363636363636363,9.545454545454545,5.454545454545455,15.90909090909091,0.5,0.09947193698946977,1.3509448720444454e-05,0.557495544487622,0.33434343434343433,2490.0,,0.30503009896949296,segment_p95_plastic_zone_ratio_to_radius too large,True,False,1.131510418278463,,,0.0,6.493840073447642,2.1626523333468506,89.0
P0021,SH_ST,min_max_sweep_100_lhs,2261,segment_p95,segment_p95,,,,,5.8394098606409255,1.9464699535469752,,,4.591563735602827,1.5305212452009427,,,,,,6.0918532120395765,2.0306177373465255,329.8830414520877,disabled_plastic_zone_only,1077.0,SH_ST,plastic_estimate,,2.9646801,0.030873754545454546,29.941212121212118,5.975102545454544,7.191919191919192,32.878787878787875,0.5,0.29426041600787534,0.00012980270041316352,0.5184049218459958,0.38,2548.787878787879,,0.18061422303846553,,False,True,0.9732349767734876,,,0.0,5.801764963847216,1.899309936501482,69.0
P0021,Interbedded_ST,min_max_sweep_100_lhs,924,segment_p95,segment_p95,,,,,7.644463021708619,2.54815434056954,,,7.335532549393752,2.445177516464584,,,,,,7.663227733211203,2.5544092444037343,1476.8034765481925,disabled_plastic_zone_only,767.0,Interbedded_ST,plastic_estimate,segment_p95_plastic_zone_ratio_to_radius too large,1.6485556363636364,0.04734563636363637,21.128282828282828,1.61865,10.93939393939394,30.454545454545453,0.5,0.39879095774024215,9.395193157337451e-05,0.5216705157889783,0.25222222222222224,2520.0,,0.3533516988062443,segment_p95_plastic_zone_ratio_to_radius too large,True,False,1.27407717028477,,,0.0,7.298312126867812,2.432887888027452,98.0
P0021,Fault,min_max_sweep_100_lhs,246,segment_p95,segment_p95,,,,,6.2234222383377515,2.0744740794459173,,,5.890257420205551,1.9634191400685173,,,,,,6.252891805786998,2.084297268595666,384.7290010695652,disabled_plastic_zone_only,1429.0,Fault,plastic_estimate,segment_p95_plastic_zone_ratio_to_radius too large,0.44242424242424244,0.02393939393939394,19.070707070707073,11.464646464646464,5.818181818181818,19.09090909090909,0.5,0.12346148396896164,2.0648274778581436e-05,0.5464656878367182,0.3227272727272727,2490.0,,0.07697173757779821,segment_p95_plastic_zone_ratio_to_radius too large,True,False,1.0372370397229587,,,0.0,5.9551350531304745,1.972803377297204,60.0
P0022,SH_ST,min_max_sweep_100_lhs,2261,segment_p95,segment_p95,,,,,4.416425768952894,1.4721419229842978,,,3.1930338007881613,1.0643446002627206,,,,,,4.668869120351545,1.5562897067838481,84.33135904756192,disabled_plastic_zone_only,1077.0,SH_ST,plastic_estimate,,2.9646801,0.13179487272727272,23.448181818181816,13.78813336363636,7.7979797979797985,38.93939393939394,0.5,0.4258009873312972,0.00029122507346567754,0.512216941124816,0.38,2425.151515151515,,0.22860932557902255,,False,True,0.7360709614921489,,,0.0,4.446542019382424,1.4527920912745476,7.0
P0022,Interbedded_ST,min_max_sweep_100_lhs,924,segment_p95,segment_p95,,,,,7.631260688678921,2.5437535628929737,,,7.322330216364054,2.440776738788018,,,,,,7.650025400181504,2.550008466727168,1458.3384219625855,disabled_plastic_zone_only,767.0,Interbedded_ST,plastic_estimate,segment_p95_plastic_zone_ratio_to_radius too large,1.7698924545454546,0.13053245454545453,18.421212121212122,1.61865,7.454545454545454,30.606060606060606,0.5,0.2737200719583748,9.586925205874323e-05,0.521450591806047,0.35010101010101013,2520.0,,0.36428935822875225,segment_p95_plastic_zone_ratio_to_radius too large,True,False,1.2718767814464869,,,0.0,7.2857384763633375,2.4292697492689705,96.0
P0022,Fault,min_max_sweep_100_lhs,246,segment_p95,segment_p95,,,,,6.929394306122175,2.309798102040725,,,6.596229487989974,2.198743162663325,,,,,,6.95886387357142,2.3196212911904732,754.5828237252617,disabled_plastic_zone_only,1429.0,Fault,plastic_estimate,segment_p95_plastic_zone_ratio_to_radius too large,0.4262626262626263,0.025252525252525252,19.474747474747474,5.404040404040404,5.666666666666667,19.848484848484848,0.5,0.12466342648310537,2.284293481580743e-05,0.5441667657537825,0.3136363636363636,2490.0,,0.15402509947964496,segment_p95_plastic_zone_ratio_to_radius too large,True,False,1.1548990510203625,,,0.0,6.627489403401353,2.199373423919525,93.0
P0023,SH_ST,min_max_sweep_100_lhs,2261,segment_p95,segment_p95,,,,,5.153679605136507,1.7178932017121689,,,3.9168161272642403,1.3056053757547468,,,,,,5.4061229565351585,1.8020409855117194,171.2054998182891,disabled_plastic_zone_only,1077.0,SH_ST,plastic_estimate,,2.9646801,0.08232373636363637,16.645959595959596,14.359818545454543,6.020202020202021,30.151515151515152,0.5,0.2163197786917679,9.023155908198927e-05,0.5221170845569043,0.38,2550.5050505050503,,0.23383328231813083,,False,True,0.8589466008560844,,,0.0,5.148688530033485,1.685639320764667,31.0
P0023,Interbedded_ST,min_max_sweep_100_lhs,924,segment_p95,segment_p95,,,,,7.526719892932006,2.5089066309773354,,,7.217789420617139,2.40592980687238,,,,,,7.545484604434588,2.5151615348115293,1320.0416243418679,disabled_plastic_zone_only,767.0,Interbedded_ST,plastic_estimate,segment_p95_plastic_zone_ratio_to_radius too large,1.944617472727273,0.11343927272727272,21.936363636363637,1.61865,12.0,31.81818181818182,0.5,0.4668036324671088,0.00011268558050780067,0.5197689316614935,0.2541414141414141,2520.0,,0.25752474237322726,segment_p95_plastic_zone_ratio_to_radius too large,True,False,1.2544533154886677,,,0.0,7.186175813747227,2.3909513864846077,88.0
P0023,Fault,min_max_sweep_100_lhs,246,segment_p95,segment_p95,,,,,6.131788170474965,2.0439293901583215,,,5.798623352342765,1.9328744507809215,,,,,,6.161257737924211,2.05375257930807,352.4932930982786,disabled_plastic_zone_only,1429.0,Fault,plastic_estimate,segment_p95_plastic_zone_ratio_to_radius too large,0.47474747474747475,0.029494949494949494,17.616161616161616,9.747474747474747,5.0606060606060606,21.515151515151516,0.5,0.12052627663974003,2.8527373309400238e-05,0.5394998533196828,0.3464646464646464,2490.0,,0.34437302316090207,segment_p95_plastic_zone_ratio_to_radius too large,True,False,1.0219646950791608,,,0.0,5.867864512308772,1.95726507492917,54.0
P0024,SH_ST,min_max_sweep_100_lhs,2261,segment_p95,segment_p95,,,,,8.010117867008402,2.670039289002801,,,6.73168403849149,2.243894679497163,,,,,,8.262561218407054,2.754187072802351,2614.226327043449,disabled_plastic_zone_only,1077.0,SH_ST,plastic_estimate,segment_p95_plastic_zone_ratio_to_radius too large,2.9646801,0.16939293636363636,28.704444444444444,0.4488124545454545,6.909090909090909,39.54545454545455,0.5,0.3883105739197553,0.0003157353925201957,0.511724767277194,0.38,2531.6161616161617,,0.09801040710131624,segment_p95_plastic_zone_ratio_to_radius too large,True,False,1.3350196445014004,,,0.0,7.869105922292432,2.5799864381896027,96.0
P0024,Interbedded_ST,min_max_sweep_100_lhs,924,segment_p95,segment_p95,,,,,6.979856862131415,2.326618954043805,,,6.670926389816548,2.223642129938849,,,,,,6.998621573633997,2.332873857877999,783.7411197638128,disabled_plastic_zone_only,767.0,Interbedded_ST,plastic_estimate,segment_p95_plastic_zone_ratio_to_radius too large,1.8475480181818182,0.03595018181818182,19.39090909090909,1.61865,9.878787878787879,38.484848484848484,0.5,0.5278711234772449,0.0002740992743583049,0.5125993436205171,0.32707070707070707,2520.0,,0.22161003979185798,segment_p95_plastic_zone_ratio_to_radius too large,True,False,1.1633094770219026,,,0.0,6.665353879651426,2.216633385686305,42.0
P0024,Fault,min_max_sweep_100_lhs,246,segment_p95,segment_p95,,,,,6.302137495036309,2.1007124983454366,,,5.96897267690411,1.9896575589680365,,,,,,6.3316070624855545,2.110535687495185,414.75741962340715,disabled_plastic_zone_only,1429.0,Fault,plastic_estimate,segment_p95_plastic_zone_ratio_to_radius too large,0.49090909090909085,0.020101010101010102,18.666666666666668,14.393939393939394,5.96969696969697,16.363636363636363,0.5,0.1112486141143509,1.4353522844242566e-05,0.5557730579063038,0.34949494949494947,2490.0,,0.44754616875829,segment_p95_plastic_zone_ratio_to_radius too large,True,False,1.0503562491727183,,,0.0,6.0301019642719575,2.016164888171845,65.0
P0025,SH_ST,min_max_sweep_100_lhs,2261,segment_p95,segment_p95,,,,,4.772590563933898,1.5908635213112992,,,3.5423917365899653,1.1807972455299887,,,,,,5.025033915332548,1.6750113051108493,118.79076381794582,disabled_plastic_zone_only,1077.0,SH_ST,plastic_estimate,,2.9646801,0.16543524545454544,21.90222222222222,14.740941999999997,5.212121212121212,34.39393939393939,0.5,0.22921125064759887,0.0001588619856487517,0.5166162704948989,0.38,2567.6767676767677,,0.23677175798387928,,False,True,0.7954317606556496,,,0.0,4.7857465860309985,1.565561725597131,12.0
P0025,Interbedded_ST,min_max_sweep_100_lhs,924,segment_p95,segment_p95,,,,,7.462303732897995,2.487434577632665,,,7.153373260583128,2.384457753527709,,,,,,7.4810684444005755,2.4936894814668586,1241.433319217981,disabled_plastic_zone_only,767.0,Interbedded_ST,plastic_estimate,segment_p95_plastic_zone_ratio_to_radius too large,1.8766688545454548,0.13736972727272728,18.825252525252527,1.61865,11.595959595959595,32.57575757575758,0.5,0.46765637980351704,0.0001246626847920104,0.5187848481292073,0.22535353535353536,2520.0,,0.4047750229568411,segment_p95_plastic_zone_ratio_to_radius too large,True,False,1.2437172888163326,,,0.0,7.124827089905311,2.3779921357411538,85.0
P0025,Fault,min_max_sweep_100_lhs,246,segment_p95,segment_p95,,,,,6.21978775742083,2.0732625858069436,,,5.886622939288629,1.9622076464295435,,,,,,6.249257324870076,2.083085774956692,383.3961428103182,disabled_plastic_zone_only,1429.0,Fault,plastic_estimate,segment_p95_plastic_zone_ratio_to_radius too large,0.3858585858585859,0.026060606060606065,20.0,6.515151515151516,3.6363636363636362,24.84848484848485,0.5,0.10150376401177694,4.449196173834113e-05,0.5315867452433991,0.30353535353535355,2490.0,,0.3574329150086726,segment_p95_plastic_zone_ratio_to_radius too large,True,False,1.0366312929034718,,,0.0,5.951673642733406,1.9856798439747185,62.0
P0026,SH_ST,min_max_sweep_100_lhs,2261,segment_p95,segment_p95,,,,,5.38726054180815,1.79575351393605,,,4.1465275383675495,1.3821758461225164,,,,,,5.639703893206802,1.8799012977356007,214.1093632239641,disabled_plastic_zone_only,1077.0,SH_ST,plastic_estimate,,2.9646801,0.09023911818181818,44.473232323232324,14.169256818181816,6.383838383838384,27.424242424242426,0.5,0.20144902405136697,6.272392044580957e-05,0.5265694380424889,0.38,2490.40404040404,,0.18224670951943683,,False,True,0.897876756968025,,,0.0,5.37114656495886,1.7567492161937626,50.0
P0026,Interbedded_ST,min_max_sweep_100_lhs,924,segment_p95,segment_p95,,,,,7.385873664562498,2.4619578881874995,,,7.07694319224763,2.3589810640825437,,,,,,7.40463837606508,2.4682127920216934,1154.2089880626145,disabled_plastic_zone_only,767.0,Interbedded_ST,plastic_estimate,segment_p95_plastic_zone_ratio_to_radius too large,1.7504785636363638,0.039368818181818185,21.249494949494952,1.61865,10.232323232323232,33.484848484848484,0.5,0.4309184089092956,0.000140727259769965,0.5176677121287885,0.2291919191919192,2520.0,,0.36118763391490666,segment_p95_plastic_zone_ratio_to_radius too large,True,False,1.2309789440937497,,,0.0,7.05203654863341,2.3517008994927395,77.0
P0026,Fault,min_max_sweep_100_lhs,246,segment_p95,segment_p95,,,,,6.140561163515942,2.046853721171981,,,5.807396345383742,1.9357987817945805,,,,,,6.170030730965188,2.056676910321729,355.4591844848525,disabled_plastic_zone_only,1429.0,Fault,plastic_estimate,segment_p95_plastic_zone_ratio_to_radius too large,0.5232323232323233,0.03,17.535353535353536,8.838383838383837,4.212121212121212,22.424242424242426,0.5,0.10475643161284395,3.2203534529717e-05,0.5371645494837184,0.3151515151515151,2490.0,,0.3177634935210693,segment_p95_plastic_zone_ratio_to_radius too large,True,False,1.0234268605859904,,,0.0,5.876219743776369,1.9587022688708202,55.0
P0027,SH_ST,min_max_sweep_100_lhs,2261,segment_p95,segment_p95,,,,,5.002179900094857,1.667393300031619,,,3.767891525429325,1.2559638418097752,,,,,,5.254623251493509,1.7515410838311696,148.0680773639089,disabled_plastic_zone_only,1077.0,SH_ST,plastic_estimate,,2.9646801,0.01504299090909091,16.336767676767675,7.499596363636362,7.717171717171718,39.84848484848485,0.5,0.44003107686473036,0.00032875360123607925,0.5114860378569519,0.38,2466.3636363636365,,0.3944699520457096,,False,True,0.8336966500158095,,,0.0,5.004403096660485,1.6458766044462396,25.0
P0027,Interbedded_ST,min_max_sweep_100_lhs,924,segment_p95,segment_p95,,,,,7.124975020778354,2.3749916735927847,,,6.816044548463487,2.2720148494878285,,,,,,7.143739732280936,2.3812465774269787,900.0508107895627,disabled_plastic_zone_only,767.0,Interbedded_ST,plastic_estimate,segment_p95_plastic_zone_ratio_to_radius too large,2.0611008181818185,0.0416479090909091,22.0979797979798,1.61865,9.272727272727273,36.666666666666664,0.5,0.45439179187799883,0.00021509205806226583,0.5142502826120983,0.37313131313131315,2520.0,,0.5389654116926845,segment_p95_plastic_zone_ratio_to_radius too large,True,False,1.1874958367963924,,,0.0,6.8035616497913685,2.2782824781402025,58.0
P0027,Fault,min_max_sweep_100_lhs,246,segment_p95,segment_p95,,,,,5.176074349495863,1.7253581164986211,,,4.842909531363664,1.614303177121221,,,,,,5.205543916945109,1.7351813056483696,141.2606407370242,disabled_plastic_zone_only,1429.0,Fault,plastic_estimate,,0.5353535353535354,0.02181818181818182,19.03030303030303,13.787878787878787,3.0303030303030303,27.575757575757578,0.5,0.09631696338358171,6.400395647678214e-05,0.5263002790765428,0.32727272727272727,2490.0,,0.22732374247525772,,False,True,0.8626790582493106,,,0.0,4.957660873281056,1.649907655466957,7.0
P0028,SH_ST,min_max_sweep_100_lhs,2261,segment_p95,segment_p95,,,,,7.0315070277536265,2.3438356759178753,,,5.766385644376931,1.9221285481256436,,,,,,7.283950379152277,2.4279834597174257,1028.7749880894576,disabled_plastic_zone_only,1077.0,SH_ST,plastic_estimate,segment_p95_plastic_zone_ratio_to_radius too large,2.9646801,0.19709677272727272,41.38131313131313,1.7827445454545452,6.343434343434343,33.333333333333336,0.5,0.2652233816993875,0.00013791280933656217,0.5178492315700927,0.38,2454.343434343434,,0.3355371900826448,segment_p95_plastic_zone_ratio_to_radius too large,True,False,1.1719178379589377,,,0.0,6.937095599192645,2.2831343578118646,90.0
P0028,Interbedded_ST,min_max_sweep_100_lhs,924,segment_p95,segment_p95,,,,,6.534792661181136,2.178264220393712,,,6.225862188866269,2.0752873962887564,,,,,,6.553557372683718,2.184519124227906,512.6197532838149,disabled_plastic_zone_only,767.0,Interbedded_ST,plastic_estimate,segment_p95_plastic_zone_ratio_to_radius too large,1.6242882727272727,0.03253154545454546,18.704040404040406,1.61865,9.121212121212121,44.24242424242424,0.5,0.6411319763963327,0.0005906166281701632,0.5085155855030736,0.3232323232323232,2520.0,,0.5187225793286399,segment_p95_plastic_zone_ratio_to_radius too large,True,False,1.089132110196856,,,0.0,6.241483212079732,2.0910818540300204,9.0
P0028,Fault,min_max_sweep_100_lhs,246,segment_p95,segment_p95,,,,,5.4280750148992825,1.809358338299761,,,5.094910196767084,1.698303398922361,,,,,,5.457544582348528,1.8191815274495093,179.8488332681625,disabled_plastic_zone_only,1429.0,Fault,plastic_estimate,,0.33333333333333337,0.022323232323232325,16.404040404040405,13.282828282828282,3.393939393939394,25.303030303030305,0.5,0.09680978092698343,4.727183191642749e-05,0.5306375973605469,0.3287878787878788,2490.0,,0.21148862360983572,,False,True,0.9046791691498804,,,0.0,5.197661506998599,1.7286161094426218,16.0
P0029,SH_ST,min_max_sweep_100_lhs,2261,segment_p95,segment_p95,,,,,6.236273973403184,2.0787579911343945,,,4.982409681006138,1.6608032270020463,,,,,,6.488717324801835,2.162905774933945,481.86194542829236,disabled_plastic_zone_only,1077.0,SH_ST,plastic_estimate,segment_p95_plastic_zone_ratio_to_radius too large,2.9646801,0.11794295454545456,40.453737373737376,7.118472909090908,5.858585858585859,25.757575757575758,0.5,0.1707686979068243,5.0225389158537976e-05,0.5297167801147674,0.38,2421.717171717172,,0.27986940108152236,segment_p95_plastic_zone_ratio_to_radius too large,True,False,1.0393789955671973,,,0.0,6.179730785525557,2.0294738738345854,79.0
P0029,Interbedded_ST,min_max_sweep_100_lhs,924,segment_p95,segment_p95,,,,,6.719849771334992,2.239949923778331,,,6.410919299020125,2.1369730996733747,,,,,,6.7386144828375745,2.246204827612525,611.6097309184647,disabled_plastic_zone_only,767.0,Interbedded_ST,plastic_estimate,segment_p95_plastic_zone_ratio_to_radius too large,2.0950751272727275,0.094067,19.835353535353537,1.61865,11.646464646464647,41.81818181818182,0.5,0.7293802336585826,0.0004274916689661805,0.5100465009697508,0.23494949494949494,2520.0,,0.3140087746148353,segment_p95_plastic_zone_ratio_to_radius too large,True,False,1.1199749618891655,,,0.0,6.417728078892928,2.1392272759262014,23.0
P0029,Fault,min_max_sweep_100_lhs,246,segment_p95,segment_p95,,,,,6.2147731369392165,2.0715910456464055,,,5.881608318807016,1.9605361062690052,,,,,,6.244242704388462,2.081414234796154,381.56470934001635,disabled_plastic_zone_only,1429.0,Fault,plastic_estimate,segment_p95_plastic_zone_ratio_to_radius too large,0.37777777777777777,0.023535353535353534,18.141414141414142,13.181818181818182,4.7272727272727275,17.87878787878788,0.5,0.0946863465738569,1.7566885225292666e-05,0.5503942218640335,0.3373737373737373,2490.0,,0.0696255484134272,segment_p95_plastic_zone_ratio_to_radius too large,True,False,1.0357955228232028,,,0.0,5.9468978137032975,1.969707482278733,59.0
P0030,SH_ST,min_max_sweep_100_lhs,2261,segment_p95,segment_p95,,,,,4.992754699426821,1.664251566475607,,,3.7586330686917275,1.2528776895639093,,,,,,5.245198050825472,1.7483993502751574,146.73597310145877,disabled_plastic_zone_only,1077.0,SH_ST,plastic_estimate,,2.9646801,0.15158332727272728,40.76292929292929,9.02409018181818,7.6767676767676765,37.878787878787875,0.5,0.3985372239276985,0.0002528211382155403,0.5131275774653553,0.38,2536.7676767676767,,0.15726966636057554,,False,True,0.8321257832378035,,,0.0,4.995426715071878,1.6310431637607572,24.0
P0030,Interbedded_ST,min_max_sweep_100_lhs,924,segment_p95,segment_p95,,,,,6.523323120929765,2.174441040309922,,,6.214392648614898,2.071464216204966,,,,,,6.5420878324323475,2.180695944144116,507.03982512028705,disabled_plastic_zone_only,767.0,Interbedded_ST,plastic_estimate,segment_p95_plastic_zone_ratio_to_radius too large,1.9834452545454544,0.068997,21.653535353535354,1.61865,11.8989898989899,44.39393939393939,0.5,0.8424389065794253,0.0006026696146412889,0.5084278707563119,0.24454545454545454,2520.0,,0.24789307213549644,segment_p95_plastic_zone_ratio_to_radius too large,True,False,1.087220520154961,,,0.0,6.23055984041176,2.073922011805348,4.0
P0030,Fault,min_max_sweep_100_lhs,246,segment_p95,segment_p95,,,,,6.032341042027286,2.0107803473424286,,,5.699176223895087,1.8997254079650288,,,,,,6.061810609476533,2.0206035364921777,320.54997068279243,disabled_plastic_zone_only,1429.0,Fault,plastic_estimate,segment_p95_plastic_zone_ratio_to_radius too large,0.4222222222222222,0.02131313131313131,17.454545454545453,10.555555555555555,3.878787878787879,21.666666666666668,0.5,0.09304835006954804,2.910954459980269e-05,0.5391007415307267,0.3,2490.0,,0.32608917457402303,segment_p95_plastic_zone_ratio_to_radius too large,True,False,1.0053901736712143,,,0.0,5.773152961406222,1.924977681263356,46.0
P0031,SH_ST,min_max_sweep_100_lhs,2261,segment_p95,segment_p95,,,,,6.185765690114302,2.061921896704767,,,4.932646861461708,1.6442156204872362,,,,,,6.438209041512953,2.1460696805043176,459.18457480666643,disabled_plastic_zone_only,1077.0,SH_ST,plastic_estimate,segment_p95_plastic_zone_ratio_to_radius too large,2.9646801,0.13773140909090908,25.92171717171717,2.7355531818181817,5.373737373737374,38.18181818181818,0.5,0.2830308704245051,0.00026324530485332575,0.5128607927859652,0.38,2450.909090909091,,0.1153147637996123,segment_p95_plastic_zone_ratio_to_radius too large,True,False,1.0309609483523836,,,0.0,6.131627658583765,2.0053119811710216,77.0
P0031,Interbedded_ST,min_max_sweep_100_lhs,924,segment_p95,segment_p95,,,,,6.603838941314458,2.2012796471048195,,,6.294908468999591,2.0983028229998637,,,,,,6.622603652817041,2.207534550939014,547.5297812847774,disabled_plastic_zone_only,767.0,Interbedded_ST,plastic_estimate,segment_p95_plastic_zone_ratio_to_radius too large,1.8815223272727275,0.042787454545454545,22.3,1.61865,7.606060606060606,43.333333333333336,0.5,0.5119812269401364,0.0005231953970456776,0.5090608940794171,0.22727272727272727,2520.0,,0.4628915416794205,segment_p95_plastic_zone_ratio_to_radius too large,True,False,1.1006398235524097,,,0.0,6.307241574111468,2.1100727595705724,14.0
P0031,Fault,min_max_sweep_100_lhs,246,segment_p95,segment_p95,,,,,6.288748810390682,2.0962496034635607,,,5.955583992258483,1.9851946640861609,,,,,,6.318218377839928,2.1060727926133094,409.4896995124808,disabled_plastic_zone_only,1429.0,Fault,plastic_estimate,segment_p95_plastic_zone_ratio_to_radius too large,0.5272727272727273,0.029797979797979796,16.12121212121212,9.343434343434343,5.333333333333334,20.454545454545453,0.5,0.12076577486151692,2.4765460283186143e-05,0.5424094210186268,0.34393939393939393,2490.0,,0.5564330170390779,segment_p95_plastic_zone_ratio_to_radius too large,True,False,1.0481248017317804,,,0.0,6.017350836038027,2.0173854193583947,66.0
P0032,SH_ST,min_max_sweep_100_lhs,2261,segment_p95,segment_p95,,,,,5.425276072569498,1.8084253575231661,,,4.183920966237181,1.3946403220790602,,,,,,5.677719423968149,1.8925731413227165,222.0401571938431,disabled_plastic_zone_only,1077.0,SH_ST,plastic_estimate,,2.9646801,0.1021121909090909,45.09161616161616,15.122065454545451,4.3232323232323235,26.363636363636363,0.5,0.12970532126091897,5.4452498789804625e-05,0.528531635739647,0.38,2509.2929292929293,,0.18567493112947667,,False,True,0.9042126787615831,,,0.0,5.407351832350619,1.7689136220977848,54.0
P0032,Interbedded_ST,min_max_sweep_100_lhs,924,segment_p95,segment_p95,,,,,6.650097647734112,2.2166992159113708,,,6.341167175419247,2.113722391806415,,,,,,6.668862359236695,2.222954119745565,572.2359918038281,disabled_plastic_zone_only,767.0,Interbedded_ST,plastic_estimate,segment_p95_plastic_zone_ratio_to_radius too large,1.7262112,0.05190381818181818,20.603030303030305,1.61865,11.444444444444445,42.72727272727273,0.5,0.7484369480750666,0.0004825801020447391,0.5094432327356009,0.24646464646464647,2520.0,,0.2232425262728293,segment_p95_plastic_zone_ratio_to_radius too large,True,False,1.1083496079556854,,,0.0,6.351297484987329,2.1126838292778714,16.0
P0032,Fault,min_max_sweep_100_lhs,246,segment_p95,segment_p95,,,,,5.779938519872779,1.9266461732909264,,,5.446773701740579,1.8155912339135263,,,,,,5.809408087322025,1.9364693624406748,251.8432185142083,disabled_plastic_zone_only,1429.0,Fault,plastic_estimate,,0.47070707070707074,0.027575757575757576,19.67676767676768,9.242424242424242,4.121212121212121,25.606060606060606,0.5,0.11926334850862133,4.9220915195809375e-05,0.5300206240740349,0.33636363636363636,2490.0,,0.25997347209468435,,False,True,0.9633230866454632,,,0.0,5.532769606973357,1.842044909983503,37.0
P0033,SH_ST,min_max_sweep_100_lhs,2261,segment_p95,segment_p95,,,,,5.726274541741471,1.9087581805804903,,,4.4801797374293715,1.4933932458097903,,,,,,5.9787178931401215,1.9929059643800404,296.0846280328774,disabled_plastic_zone_only,1077.0,SH_ST,plastic_estimate,,2.9646801,0.013064145454545454,42.618080808080805,7.309034636363635,4.282828282828283,31.81818181818182,0.5,0.16660331663809272,0.00011268558050780067,0.5197689316614935,0.38,2569.3939393939395,,0.43413937353331306,,False,True,0.9543790902902451,,,0.0,5.69401704108583,1.8762946946115155,65.0
P0033,Interbedded_ST,min_max_sweep_100_lhs,924,segment_p95,segment_p95,,,,,6.84896193652671,2.28298731217557,,,6.540031464211843,2.1800104880706144,,,,,,6.867726648029294,2.2892422160097645,691.7658378309154,disabled_plastic_zone_only,767.0,Interbedded_ST,plastic_estimate,segment_p95_plastic_zone_ratio_to_radius too large,2.0756612363636364,0.03822927272727273,20.562626262626264,1.61865,11.696969696969697,40.151515151515156,0.5,0.676652087150527,0.0003423085687765512,0.5112520828643606,0.2215151515151515,2520.0,,0.47399244975002564,segment_p95_plastic_zone_ratio_to_radius too large,True,False,1.141493656087785,,,0.0,6.540692045742184,2.187958273701777,37.0
P0033,Fault,min_max_sweep_100_lhs,246,segment_p95,segment_p95,,,,,5.2141415948484235,1.7380471982828078,,,4.8809767767162215,1.6269922589054078,,,,,,5.243611162297669,1.7478703874325563,146.5128650514912,disabled_plastic_zone_only,1429.0,Fault,plastic_estimate,,0.28484848484848485,0.029696969696969694,16.0,15.0,4.03030303030303,26.21212121212121,0.5,0.12004760014785165,5.336348548087397e-05,0.5288234478791446,0.31212121212121213,2490.0,,0.4958677685950413,,False,True,0.8690235991414039,,,0.0,4.993915392664447,1.6753441663186945,12.0
P0034,SH_ST,min_max_sweep_100_lhs,2261,segment_p95,segment_p95,,,,,6.64321315500575,2.2144043850019166,,,5.383517959438507,1.794505986479502,,,,,,6.895656506404401,2.298552168801467,710.440587486016,disabled_plastic_zone_only,1077.0,SH_ST,plastic_estimate,segment_p95_plastic_zone_ratio_to_radius too large,2.9646801,0.14762563636363635,19.73787878787879,5.022293909090909,5.454545454545455,25.454545454545453,0.5,0.15671376971805423,4.823653003594919e-05,0.530327552717188,0.38,2449.191919191919,,0.214406693194572,segment_p95_plastic_zone_ratio_to_radius too large,True,False,1.1072021925009583,,,0.0,6.567291910861335,2.154580361207714,85.0
P0034,Interbedded_ST,min_max_sweep_100_lhs,924,segment_p95,segment_p95,,,,,7.13718832310404,2.3790627743680135,,,6.828257850789172,2.2760859502630577,,,,,,7.155953034606624,2.385317678202208,910.5927700565919,disabled_plastic_zone_only,767.0,Interbedded_ST,plastic_estimate,segment_p95_plastic_zone_ratio_to_radius too large,2.0174195636363637,0.1339510909090909,19.471717171717174,1.61865,9.626262626262626,36.515151515151516,0.5,0.4683249110494506,0.00021079036173829528,0.5143971076339843,0.4,2520.0,,0.4544026119783696,segment_p95_plastic_zone_ratio_to_radius too large,True,False,1.1895313871840067,,,0.0,6.815193366292022,2.277907344245328,57.0
P0034,Fault,min_max_sweep_100_lhs,246,segment_p95,segment_p95,,,,,7.077927960087478,2.3593093200291593,,,6.744763141955278,2.248254380651759,,,,,,7.107397527536724,2.369132509178908,869.397519471267,disabled_plastic_zone_only,1429.0,Fault,plastic_estimate,segment_p95_plastic_zone_ratio_to_radius too large,0.301010101010101,0.026666666666666665,19.515151515151516,6.414141414141414,3.484848484848485,16.96969696969697,0.5,0.0668436220459629,1.5561555587721858e-05,0.553556119320036,0.30303030303030304,2490.0,,0.3404550556065708,segment_p95_plastic_zone_ratio_to_radius too large,True,False,1.1796546600145796,,,0.0,6.768950026225451,2.2555537530363536,95.0
P0035,SH_ST,min_max_sweep_100_lhs,2261,segment_p95,segment_p95,,,,,5.791124158834631,1.9303747196115437,,,4.544025490480842,1.5146751634936142,,,,,,6.043567510233283,2.014522503411094,315.01149236666885,disabled_plastic_zone_only,1077.0,SH_ST,plastic_estimate,,2.9646801,0.06055643636363636,35.19747474747474,9.214651909090907,5.1313131313131315,28.333333333333332,0.5,0.16908786037865323,7.080679724726883e-05,0.524994520981526,0.38,2574.5454545454545,,0.20248954188348128,,False,True,0.9651873598057719,,,0.0,5.755778581174555,1.885170713183414,68.0
P0035,Interbedded_ST,min_max_sweep_100_lhs,924,segment_p95,segment_p95,,,,,6.837154260567798,2.2790514201892664,,,6.528223788252932,2.17607459608431,,,,,,6.855918972070381,2.2853063240234603,684.0190445010259,disabled_plastic_zone_only,767.0,Interbedded_ST,plastic_estimate,segment_p95_plastic_zone_ratio_to_radius too large,1.7359181454545456,0.06443881818181818,22.138383838383838,1.61865,10.383838383838384,40.303030303030305,0.5,0.6050390686033756,0.0003492942179297028,0.5111368658642191,0.35777777777777775,2520.0,,0.3180899908172636,segment_p95_plastic_zone_ratio_to_radius too large,True,False,1.1395257100946332,,,0.0,6.529446640067031,2.1764381101252446,32.0
P0035,Fault,min_max_sweep_100_lhs,246,segment_p95,segment_p95,,,,,6.05501766248622,2.0183392208287403,,,5.721852844354021,1.90728428145134,,,,,,6.0844872299354655,2.0281624099784885,327.569946695861,disabled_plastic_zone_only,1429.0,Fault,plastic_estimate,segment_p95_plastic_zone_ratio_to_radius too large,0.3939393939393939,0.028787878787878786,16.727272727272727,8.535353535353536,4.848484848484849,23.636363636363637,0.5,0.12774778576702417,3.785232391987999e-05,0.534263025727377,0.3424242424242424,2490.0,,0.2931129476584023,segment_p95_plastic_zone_ratio_to_radius too large,True,False,1.0091696104143701,,,0.0,5.794749742795682,1.930482803752834,48.0
P0036,SH_ST,min_max_sweep_100_lhs,2261,segment_p95,segment_p95,,,,,6.273043896718325,2.0910146322394416,,,5.018642935825305,1.672880978608435,,,,,,6.525487248116976,2.175162416038992,499.07083586185274,disabled_plastic_zone_only,1077.0,SH_ST,plastic_estimate,segment_p95_plastic_zone_ratio_to_radius too large,2.9646801,0.056598745454545456,42.92727272727273,2.926114909090909,7.757575757575758,36.36363636363636,0.5,0.37469866078433073,0.00020657469644415615,0.5145454232524915,0.38,2480.10101010101,,0.20836649321497808,segment_p95_plastic_zone_ratio_to_radius too large,True,False,1.0455073161197208,,,0.0,6.214749760111406,2.037498763772821,80.0
P0036,Interbedded_ST,min_max_sweep_100_lhs,924,segment_p95,segment_p95,,,,,7.1862389337137005,2.395412977904567,,,6.877308461398834,2.292436153799611,,,,,,7.205003645216284,2.4016678817387613,954.1880513833497,disabled_plastic_zone_only,767.0,Interbedded_ST,plastic_estimate,segment_p95_plastic_zone_ratio_to_radius too large,2.0368334545454547,0.13964881818181818,21.08787878787879,1.61865,7.858585858585858,35.90909090909091,0.5,0.37144986459909723,0.0001944268524763669,0.5149994657857697,0.2694949494949495,2520.0,,0.3367003367003368,segment_p95_plastic_zone_ratio_to_radius too large,True,False,1.1977064889522835,,,0.0,6.861908233539318,2.2874965302570933,62.0
P0036,Fault,min_max_sweep_100_lhs,246,segment_p95,segment_p95,,,,,6.501573166368677,2.1671910554562257,,,6.1684083482364755,2.0561361160788256,,,,,,6.531042733817921,2.177014244605974,501.7236918921891,disabled_plastic_zone_only,1429.0,Fault,plastic_estimate,segment_p95_plastic_zone_ratio_to_radius too large,0.5595959595959596,0.024343434343434344,17.494949494949495,12.777777777777779,3.7272727272727275,15.757575757575758,0.5,0.06748383322027104,1.3239268842939254e-05,0.5580814039492902,0.3106060606060606,2490.0,,0.20985613712886447,segment_p95_plastic_zone_ratio_to_radius too large,True,False,1.0835955277281129,,,0.0,6.220040698874212,2.0671975924273704,75.0
P0037,SH_ST,min_max_sweep_100_lhs,2261,segment_p95,segment_p95,,,,,5.440527503986103,1.8135091679953677,,,4.1989228165116295,1.3996409388372097,,,,,,5.692970855384753,1.8976569517949178,225.30349692524385,disabled_plastic_zone_only,1077.0,SH_ST,plastic_estimate,,2.9646801,0.1120064181818182,36.743434343434345,11.501392636363635,6.787878787878788,29.242424242424242,0.5,0.23357083662890427,7.99312686576622e-05,0.5235122185875485,0.38,2486.969696969697,,0.04348535863687382,,False,True,0.9067545839976838,,,0.0,5.421877005128337,1.7666156069557741,52.0
P0037,Interbedded_ST,min_max_sweep_100_lhs,924,segment_p95,segment_p95,,,,,6.790067272799498,2.263355757599833,,,6.48113680048463,2.1603789334948766,,,,,,6.80883198430208,2.269610661434027,653.9781588496035,disabled_plastic_zone_only,767.0,Interbedded_ST,plastic_estimate,segment_p95_plastic_zone_ratio_to_radius too large,1.7747459272727273,0.08609018181818182,22.21919191919192,1.61865,9.929292929292929,40.90909090909091,0.5,0.5954942512771157,0.0003786917990633352,0.5106874615714201,0.26181818181818184,2520.0,,0.2506682991531477,segment_p95_plastic_zone_ratio_to_radius too large,True,False,1.1316778787999164,,,0.0,6.484601889811505,2.158212202019896,27.0
P0037,Fault,min_max_sweep_100_lhs,246,segment_p95,segment_p95,,,,,5.673673360767146,1.8912244535890488,,,5.340508542634946,1.7801695142116487,,,,,,5.7031429282163915,1.9010476427387972,227.50650850507066,disabled_plastic_zone_only,1429.0,Fault,plastic_estimate,,0.20808080808080812,0.02585858585858586,18.22222222222222,13.585858585858587,3.606060606060606,22.575757575757578,0.5,0.09033297123712976,3.286072694099685e-05,0.5367889078865206,0.3429292929292929,2490.0,,0.2953984287317621,,False,True,0.9456122267945244,,,0.0,5.431564693539421,1.8102920302403658,26.0
P0038,SH_ST,min_max_sweep_100_lhs,2261,segment_p95,segment_p95,,,,,5.077587429661043,1.6925291432203478,,,3.842002811880801,1.280667603960267,,,,,,5.330030781059694,1.7766769270198979,159.16744375608536,disabled_plastic_zone_only,1077.0,SH_ST,plastic_estimate,,2.9646801,0.07242950909090909,24.994141414141414,11.88251609090909,7.232323232323233,33.03030303030303,0.5,0.29805630355861495,0.00013245164410586422,0.5182178176250443,0.38,2483.5353535353534,,0.06568717477808385,,False,True,0.8462645716101739,,,0.0,5.076219791485423,1.6532267457436194,27.0
P0038,Interbedded_ST,min_max_sweep_100_lhs,924,segment_p95,segment_p95,,,,,6.5004156114773455,2.166805203825782,,,6.191485139162478,2.063828379720826,,,,,,6.519180322979928,2.173060107659976,496.0761157351232,disabled_plastic_zone_only,767.0,Interbedded_ST,plastic_estimate,segment_p95_plastic_zone_ratio_to_radius too large,2.056247345454546,0.12825336363636364,20.724242424242426,1.61865,8.666666666666666,44.696969696969695,0.5,0.6225113710119398,0.0006275185198194417,0.5082550770464449,0.21383838383838383,2520.0,,0.4299153147637996,segment_p95_plastic_zone_ratio_to_radius too large,True,False,1.083402601912891,,,0.0,6.208743164742789,2.0757963501214163,5.0
P0038,Fault,min_max_sweep_100_lhs,246,segment_p95,segment_p95,,,,,5.043419639834722,1.6811398799449075,,,4.710254821702524,1.5700849405675075,,,,,,5.072889207283969,1.6909630690946562,124.376731224313,disabled_plastic_zone_only,1429.0,Fault,plastic_estimate,,0.3494949494949495,0.02090909090909091,16.08080808080808,13.383838383838384,4.303030303030303,29.393939393939394,0.5,0.1491393961047138,8.156246299557899e-05,0.5232737851853381,0.34797979797979794,2490.0,,0.49978573614937255,,False,True,0.8405699399724538,,,0.0,4.831323054556161,1.6216813526980411,2.0
P0039,SH_ST,min_max_sweep_100_lhs,2261,segment_p95,segment_p95,,,,,5.848115951572619,1.9493719838575396,,,4.600135057325053,1.5333783524416842,,,,,,6.10055930297127,2.03351976765709,332.63796868803763,disabled_plastic_zone_only,1077.0,SH_ST,plastic_estimate,,2.9646801,0.1852237,38.28939393939394,4.069485272727272,5.777777777777778,37.57575757575758,0.5,0.295654471851687,0.00024280975481866756,0.5133998065429863,0.38,2524.747474747475,,0.184858687888991,,False,True,0.9746859919287698,,,0.0,5.810056479020258,1.9022687241450786,70.0
P0039,Interbedded_ST,min_max_sweep_100_lhs,924,segment_p95,segment_p95,,,,,6.615386054149418,2.205128684716473,,,6.306455581834552,2.1021518606115173,,,,,,6.6341507656520005,2.211383588550667,553.5953919857282,disabled_plastic_zone_only,767.0,Interbedded_ST,plastic_estimate,segment_p95_plastic_zone_ratio_to_radius too large,1.7553320363636364,0.12597427272727274,21.97676767676768,1.61865,8.414141414141413,43.18181818181818,0.5,0.5623032895144011,0.000512731841410638,0.5091550354039813,0.38656565656565656,2520.0,,0.41734516886032047,segment_p95_plastic_zone_ratio_to_radius too large,True,False,1.1025643423582365,,,0.0,6.318238824430478,2.1114382800977887,15.0
P0039,Fault,min_max_sweep_100_lhs,246,segment_p95,segment_p95,,,,,5.769167520062319,1.9230558400207731,,,5.4360027019301205,1.8120009006433728,,,,,,5.798637087511565,1.9328790291705218,249.26278653019472,disabled_plastic_zone_only,1429.0,Fault,plastic_estimate,,0.503030303030303,0.024747474747474747,17.81818181818182,14.191919191919192,4.2727272727272725,21.21212121212121,0.5,0.10030382763358796,2.7397726977127882e-05,0.5403102736180212,0.3409090909090909,2490.0,,0.1362309968370575,,False,True,0.9615279200103866,,,0.0,5.522511511915777,1.8324597922327983,32.0
P0040,SH_ST,min_max_sweep_100_lhs,2261,segment_p95,segment_p95,,,,,4.905401112439796,1.6351337041465985,,,3.6728248790861624,1.2242749596953875,,,,,,5.157844463838447,1.7192814879461489,134.9426115391692,disabled_plastic_zone_only,1077.0,SH_ST,plastic_estimate,,2.9646801,0.20303330909090908,39.526161616161616,16.07487409090909,5.656565656565657,31.060606060606062,0.5,0.2122455649885597,0.00010185918966502047,0.5208039928616001,0.38,2430.3030303030305,,0.4096520763187431,,False,True,0.8175668520732993,,,0.0,4.912232822703283,1.6161043074115682,21.0
P0040,Interbedded_ST,min_max_sweep_100_lhs,924,segment_p95,segment_p95,,,,,7.235616717199729,2.4118722390665766,,,6.926686244884862,2.3088954149616208,,,,,,7.254381428702313,2.418127142900771,1000.1801108034725,disabled_plastic_zone_only,767.0,Interbedded_ST,plastic_estimate,segment_p95_plastic_zone_ratio_to_radius too large,2.0708077636363638,0.12255563636363637,18.582828282828284,1.61865,11.292929292929294,35.303030303030305,0.5,0.5185953993382697,0.00017933363106421065,0.5156266600006871,0.2829292929292929,2520.0,,0.38861340679522505,segment_p95_plastic_zone_ratio_to_radius too large,True,False,1.2059361195332883,,,0.0,6.908934694002203,2.305669698790168,66.0
P0040,Fault,min_max_sweep_100_lhs,246,segment_p95,segment_p95,,,,,6.71101886828272,2.2370062894275735,,,6.377854050150521,2.1259513500501734,,,,,,6.740488435731965,2.2468294785773217,612.7040421730048,disabled_plastic_zone_only,1429.0,Fault,plastic_estimate,segment_p95_plastic_zone_ratio_to_radius too large,0.5434343434343434,0.024646464646464646,17.696969696969695,7.3232323232323235,4.818181818181818,18.939393939393938,0.5,0.10150652272393329,2.0235323187009214e-05,0.5469395700151977,0.3308080808080808,2490.0,,0.11925313743495569,segment_p95_plastic_zone_ratio_to_radius too large,True,False,1.1185031447137868,,,0.0,6.419512795935206,2.128742574594129,85.0
P0041,SH_ST,min_max_sweep_100_lhs,2261,segment_p95,segment_p95,,,,,5.8940331364185905,1.96467771213953,,,4.645341449835947,1.5484471499453156,,,,,,6.146476487817241,2.0488254959390804,347.55189588087694,disabled_plastic_zone_only,1077.0,SH_ST,plastic_estimate,,2.9646801,0.17730831818181816,35.50666666666667,8.833528454545453,5.575757575757576,27.727272727272727,0.5,0.17850650329231585,6.531011479457823e-05,0.5260338252029477,0.38,2583.131313131313,,0.2883583307825733,,False,True,0.982338856069765,,,0.0,5.853787131254516,1.9219294848423558,71.0
P0041,Interbedded_ST,min_max_sweep_100_lhs,924,segment_p95,segment_p95,,,,,6.546272892830462,2.1820909642768207,,,6.237342420515595,2.079114140171865,,,,,,6.565037604333044,2.1883458681110146,518.266254480081,disabled_plastic_zone_only,767.0,Interbedded_ST,plastic_estimate,segment_p95_plastic_zone_ratio_to_radius too large,2.0271265090909094,0.06329927272727273,20.1989898989899,1.61865,11.141414141414142,44.09090909090909,0.5,0.7775024426833608,0.0005788046933122993,0.5086041907472687,0.35969696969696974,2520.0,,0.2016937047240078,segment_p95_plastic_zone_ratio_to_radius too large,True,False,1.0910454821384103,,,0.0,6.2524167660314705,2.078852150046302,7.0
P0041,Fault,min_max_sweep_100_lhs,246,segment_p95,segment_p95,,,,,5.986141043575857,1.9953803478586187,,,5.6529762254436555,1.8843254084812187,,,,,,6.015610611025102,2.0052035370083674,306.7085174240578,disabled_plastic_zone_only,1429.0,Fault,plastic_estimate,,0.4181818181818182,0.020303030303030302,16.68686868686869,12.272727272727273,3.9393939393939394,20.606060606060606,0.5,0.0898479131751328,2.5270860475979996e-05,0.5419810675906275,0.34545454545454546,2490.0,,0.39824507703295586,,False,True,0.9976901739293094,,,0.0,5.7291529628810505,1.91401047687484,43.0
P0042,SH_ST,min_max_sweep_100_lhs,2261,segment_p95,segment_p95,,,,,5.757512400353466,1.919170800117822,,,4.510934037858519,1.5036446792861728,,,,,,6.009955751752118,2.003318583917373,305.0557829685412,disabled_plastic_zone_only,1077.0,SH_ST,plastic_estimate,,2.9646801,0.10013334545454544,32.723939393939396,9.976898818181816,5.414141414141414,27.575757575757574,0.5,0.17208630791199936,6.400395647678214e-05,0.5263002790765428,0.38,2528.181818181818,,0.021120293847566602,,False,True,0.959585400058911,,,0.0,5.723767382621065,1.8654985412607747,63.0
P0042,Interbedded_ST,min_max_sweep_100_lhs,924,segment_p95,segment_p95,,,,,7.670961399390872,2.5569871331302907,,,7.362030927076004,2.4540103090253345,,,,,,7.689726110893454,2.5632420369644846,1514.572716258184,disabled_plastic_zone_only,767.0,Interbedded_ST,plastic_estimate,segment_p95_plastic_zone_ratio_to_radius too large,1.6437021636363638,0.09976472727272727,18.865656565656565,1.61865,7.0,30.151515151515152,0.5,0.2515261856265019,9.023155908198927e-05,0.5221170845569043,0.2963636363636364,2520.0,,0.2751555963677176,segment_p95_plastic_zone_ratio_to_radius too large,True,False,1.2784935665651453,,,0.0,7.3235486770413845,2.437337690150522,99.0
P0042,Fault,min_max_sweep_100_lhs,246,segment_p95,segment_p95,,,,,6.421669873335142,2.1405566244450474,,,6.088505055202942,2.0295016850676477,,,,,,6.451139440784388,2.150379813594796,464.88663153318197,disabled_plastic_zone_only,1429.0,Fault,plastic_estimate,segment_p95_plastic_zone_ratio_to_radius too large,0.43838383838383843,0.028282828282828288,17.252525252525253,14.292929292929292,3.1515151515151514,15.454545454545455,0.5,0.05624204397761869,1.2715011270109494e-05,0.5592710265383685,0.33484848484848484,2490.0,,0.15255586164677082,segment_p95_plastic_zone_ratio_to_radius too large,True,False,1.0702783122225237,,,0.0,6.14394232455656,2.0391249921605437,68.0
P0043,SH_ST,min_max_sweep_100_lhs,2261,segment_p95,segment_p95,,,,,5.335608836459898,1.7785362788199661,,,4.095721084278866,1.3652403614262885,,,,,,5.5880521878585485,1.8626840626195162,203.78373368139782,disabled_plastic_zone_only,1077.0,SH_ST,plastic_estimate,,2.9646801,0.01900068181818182,34.26989898989899,9.595775363636362,4.525252525252525,32.42424242424242,0.5,0.181188050210641,0.00012216951504070858,0.5189777089558295,0.38,2442.3232323232323,,0.29048056320783594,,False,True,0.8892681394099831,,,0.0,5.32195446462719,1.745866025643317,46.0
P0043,Interbedded_ST,min_max_sweep_100_lhs,924,segment_p95,segment_p95,,,,,7.272874169509972,2.4242913898366574,,,6.963943697195104,2.3213145657317016,,,,,,7.291638881012555,2.4305462936708517,1036.3430690495968,disabled_plastic_zone_only,767.0,Interbedded_ST,plastic_estimate,segment_p95_plastic_zone_ratio_to_radius too large,1.6291417454545456,0.07355518181818183,18.5020202020202,1.61865,10.787878787878787,34.84848484848485,0.5,0.48479462415992186,0.00016878772681821718,0.516113968772237,0.2675757575757576,2520.0,,0.38959289868380775,segment_p95_plastic_zone_ratio_to_radius too large,True,False,1.2121456949183287,,,0.0,6.944417981916719,2.317472512506281,70.0
P0043,Fault,min_max_sweep_100_lhs,246,segment_p95,segment_p95,,,,,5.742664305255597,1.914221435085199,,,5.409499487123396,1.803166495707799,,,,,,5.772133872704844,1.9240446242349478,243.0249209105257,disabled_plastic_zone_only,1429.0,Fault,plastic_estimate,,0.32525252525252524,0.026767676767676767,19.95959595959596,7.626262626262626,3.8484848484848486,28.18181818181818,0.5,0.1259042105454316,6.93907089817388e-05,0.5252504236333958,0.34898989898989896,2490.0,,0.4290990715233141,,False,True,0.9571107175425995,,,0.0,5.497270354956994,1.8387420627245141,35.0
P0044,SH_ST,min_max_sweep_100_lhs,2261,segment_p95,segment_p95,,,,,5.206226418525975,1.735408806175325,,,3.968479800932877,1.322826600310959,,,,,,5.458669769924626,1.8195565899748753,180.04273605803562,disabled_plastic_zone_only,1077.0,SH_ST,plastic_estimate,,2.9646801,0.03483144545454545,34.57909090909091,17.98049136363636,5.696969696969697,27.12121212121212,0.5,0.1771986128406202,6.024013597996088e-05,0.527115981380768,0.38,2590.0,,0.32966023875114786,,False,True,0.8677044030876625,,,0.0,5.19873311421393,1.7070079370960902,38.0
P0044,Interbedded_ST,min_max_sweep_100_lhs,924,segment_p95,segment_p95,,,,,7.34799538991727,2.44933179663909,,,7.039064917602402,2.3463549725341335,,,,,,7.366760101419852,2.455586700473284,1113.2780677823775,disabled_plastic_zone_only,767.0,Interbedded_ST,plastic_estimate,segment_p95_plastic_zone_ratio_to_radius too large,1.9931522000000002,0.05532245454545455,20.32020202020202,1.61865,8.969696969696969,33.93939393939394,0.5,0.3860102895969941,0.0001495199382088032,0.5171340264544042,0.3942424242424243,2520.0,,0.3045403530252015,segment_p95_plastic_zone_ratio_to_radius too large,True,False,1.224665898319545,,,0.0,7.01596200135224,2.3369188416613667,74.0
P0044,Fault,min_max_sweep_100_lhs,246,segment_p95,segment_p95,,,,,6.686492737886082,2.2288309126286943,,,6.353327919753882,2.117775973251294,,,,,,6.715962305335328,2.2386541017784425,598.5351329537608,disabled_plastic_zone_only,1429.0,Fault,plastic_estimate,segment_p95_plastic_zone_ratio_to_radius too large,0.44646464646464645,0.02909090909090909,19.151515151515152,6.919191919191919,5.575757575757576,19.696969696969695,0.5,0.12178164562308834,2.2386091501316424e-05,0.5446173088212239,0.30404040404040406,2490.0,,0.35155596367717584,segment_p95_plastic_zone_ratio_to_radius too large,True,False,1.1144154563143471,,,0.0,6.396154576509836,2.1326203057215865,86.0
P0045,SH_ST,min_max_sweep_100_lhs,2261,segment_p95,segment_p95,,,,,5.770811316533044,1.9236037721776815,,,4.524027088462561,1.5080090294875206,,,,,,6.023254667931696,2.007751555977232,308.95682608228043,disabled_plastic_zone_only,1077.0,SH_ST,plastic_estimate,,2.9646801,0.08430258181818182,33.033131313131314,7.6901580909090885,6.545454545454546,30.454545454545453,0.5,0.23861176418806734,9.395193157337451e-05,0.5216705157889783,0.38,2521.313131313131,,0.02601775329048057,,False,True,0.9618018860888408,,,0.0,5.736433017077806,1.8699389056467155,64.0
P0045,Interbedded_ST,min_max_sweep_100_lhs,924,segment_p95,segment_p95,,,,,6.955914492483975,2.3186381641613254,,,6.64698402016911,2.21566134005637,,,,,,6.974679203986559,2.3248930679955198,766.0497196843593,disabled_plastic_zone_only,767.0,Interbedded_ST,plastic_estimate,segment_p95_plastic_zone_ratio_to_radius too large,1.8281341272727274,0.033671090909090914,18.623232323232322,1.61865,9.97979797979798,38.78787878787879,0.5,0.5410194400406024,0.0002854007680995882,0.512343123262325,0.257979797979798,2520.0,,0.3771860014284257,segment_p95_plastic_zone_ratio_to_radius too large,True,False,1.1593190820806627,,,0.0,6.642551622844342,2.216858936200787,43.0
P0045,Fault,min_max_sweep_100_lhs,246,segment_p95,segment_p95,,,,,5.93406556724583,1.9780218557486102,,,5.60090074911363,1.8669669163712102,,,,,,5.963535134695076,1.9878450448983587,291.81976146096986,disabled_plastic_zone_only,1429.0,Fault,plastic_estimate,,0.591919191919192,0.021919191919191918,16.80808080808081,8.434343434343434,5.757575757575758,25.0,0.5,0.1618780409789299,4.5399929762484854e-05,0.531267161506037,0.3338383838383838,2490.0,,0.3561269258238956,,False,True,0.9890109278743051,,,0.0,5.679557271138168,1.8954759964245573,40.0
P0046,SH_ST,min_max_sweep_100_lhs,2261,segment_p95,segment_p95,,,,,7.711305602642382,2.570435200880794,,,6.436863672683842,2.1456212242279467,,,,,,7.963748954041034,2.6545829846803444,1966.5075416010354,disabled_plastic_zone_only,1077.0,SH_ST,plastic_estimate,segment_p95_plastic_zone_ratio_to_radius too large,2.9646801,0.032852599999999996,22.52060606060606,1.401621090909091,4.848484848484849,28.78787878787879,0.5,0.16326393782528412,7.523082568708149e-05,0.5242421410801853,0.38,2535.050505050505,,0.19906132027344148,segment_p95_plastic_zone_ratio_to_radius too large,True,False,1.285217600440397,,,0.0,7.584522813372413,2.4907708290184525,94.0
P0046,Interbedded_ST,min_max_sweep_100_lhs,924,segment_p95,segment_p95,,,,,7.0520923394055455,2.3506974464685153,,,6.743161867090677,2.247720622363559,,,,,,7.070857050908128,2.356952350302709,839.6282864325948,disabled_plastic_zone_only,767.0,Interbedded_ST,plastic_estimate,segment_p95_plastic_zone_ratio_to_radius too large,1.6728230000000002,0.07811336363636365,20.15858585858586,1.61865,7.353535353535354,37.57575757575758,0.5,0.37628750962941976,0.00024280975481866756,0.5133998065429863,0.39616161616161616,2520.0,,0.3120497908376697,segment_p95_plastic_zone_ratio_to_radius too large,True,False,1.1753487232342577,,,0.0,6.734149572293456,2.243943946426268,52.0
P0046,Fault,min_max_sweep_100_lhs,246,segment_p95,segment_p95,,,,,5.9532513137847545,1.9844171045949182,,,5.6200864956525525,1.873362165217518,,,,,,5.982720881234,1.9942402937446668,297.2193861255833,disabled_plastic_zone_only,1429.0,Fault,plastic_estimate,,0.29292929292929293,0.029393939393939392,18.90909090909091,8.636363636363637,5.272727272727273,24.545454545454547,0.5,0.14507189159540818,4.273013877454377e-05,0.5322356790883618,0.3085858585858586,2490.0,,0.33931231506989085,,False,True,0.9922085522974591,,,0.0,5.697829410699049,1.9006879121163986,41.0
P0047,SH_ST,min_max_sweep_100_lhs,2261,segment_p95,segment_p95,,,,,5.060185041416577,1.686728347138859,,,3.824892900749687,1.2749643002498956,,,,,,5.312628392815228,1.7708761309384091,156.53475307908565,disabled_plastic_zone_only,1077.0,SH_ST,plastic_estimate,,2.9646801,0.1812660090909091,37.6710101010101,14.931503727272725,5.292929292929293,30.606060606060606,0.5,0.19434866897857508,9.586925205874323e-05,0.521450591806047,0.38,2519.59595959596,,0.15971839608203248,,False,True,0.8433641735694295,,,0.0,5.059646088395455,1.652438267660265,26.0
P0047,Interbedded_ST,min_max_sweep_100_lhs,924,segment_p95,segment_p95,,,,,7.1616736841557165,2.387224561385239,,,6.85274321184085,2.284247737280283,,,,,,7.180438395658299,2.393479465219433,932.1003560055549,disabled_plastic_zone_only,767.0,Interbedded_ST,plastic_estimate,segment_p95_plastic_zone_ratio_to_radius too large,2.0853681818181817,0.05304336363636364,18.946464646464648,1.61865,9.575757575757576,36.21212121212121,0.5,0.4591935935522467,0.00020244334161718323,0.514695244600451,0.33090909090909093,2520.0,,0.3589021528415468,segment_p95_plastic_zone_ratio_to_radius too large,True,False,1.1936122806926195,,,0.0,6.838512757769809,2.2808568697155036,61.0
P0047,Fault,min_max_sweep_100_lhs,246,segment_p95,segment_p95,,,,,6.208371322005081,2.069457107335027,,,5.875206503872882,1.958402167957627,,,,,,6.237840889454327,2.0792802964847756,379.2393211937264,disabled_plastic_zone_only,1429.0,Fault,plastic_estimate,segment_p95_plastic_zone_ratio_to_radius too large,0.28080808080808084,0.026868686868686868,17.77777777777778,11.262626262626263,4.515151515151516,19.393939393939394,0.5,0.09720383691070579,2.1499631823304513e-05,0.5455321633988981,0.301010101010101,2490.0,,0.2856035098459341,segment_p95_plastic_zone_ratio_to_radius too large,True,False,1.0347285536675135,,,0.0,5.940800847099359,1.9784867601628038,61.0
P0048,SH_ST,min_max_sweep_100_lhs,2261,segment_p95,segment_p95,,,,,6.746284487402951,2.248761495800984,,,5.485130520213987,1.828376840071329,,,,,,6.998727838801603,2.332909279600534,783.8205434462252,disabled_plastic_zone_only,1077.0,SH_ST,plastic_estimate,segment_p95_plastic_zone_ratio_to_radius too large,2.9646801,0.13575256363636365,21.283838383838383,2.163868,6.626262626262626,34.84848484848485,0.5,0.2977764732667685,0.00016878772681821718,0.516113968772237,0.38,2559.090909090909,,0.16690133659830636,segment_p95_plastic_zone_ratio_to_radius too large,True,False,1.124380747900492,,,0.0,6.665455084572955,2.1847216446698754,86.0
P0048,Interbedded_ST,min_max_sweep_100_lhs,924,segment_p95,segment_p95,,,,,6.860784326007796,2.286928108669265,,,6.551853853692928,2.1839512845643094,,,,,,6.879549037510379,2.2931830125034596,699.6100561568385,disabled_plastic_zone_only,767.0,Interbedded_ST,plastic_estimate,segment_p95_plastic_zone_ratio_to_radius too large,1.745625090909091,0.059880636363636365,20.07777777777778,1.61865,7.202020202020202,40.0,0.5,0.41363088422031485,0.00033546262790251185,0.5113684695702436,0.38272727272727275,2520.0,,0.23042546678910317,segment_p95_plastic_zone_ratio_to_radius too large,True,False,1.1434640543346326,,,0.0,6.551951464295599,2.1795096069495496,33.0
P0048,Fault,min_max_sweep_100_lhs,246,segment_p95,segment_p95,,,,,7.25560340699374,2.418534468997913,,,6.92243858886154,2.3074795296205135,,,,,,7.285072974442985,2.428357658147662,1029.8765487993392,disabled_plastic_zone_only,1429.0,Fault,plastic_estimate,segment_p95_plastic_zone_ratio_to_radius too large,0.2606060606060606,0.025757575757575757,19.757575757575758,5.606060606060606,5.03030303030303,16.666666666666668,0.5,0.09510499935456306,1.4945338524781451e-05,0.5546533923344277,0.33989898989898987,2490.0,,0.32723191511070304,segment_p95_plastic_zone_ratio_to_radius too large,True,False,1.2092672344989566,,,0.0,6.938164737564748,2.310944969142702,100.0
P0049,SH_ST,min_max_sweep_100_lhs,2261,segment_p95,segment_p95,,,,,5.344181640930002,1.7813938803100007,,,4.104153599600188,1.3680511998667295,,,,,,5.596624992328654,1.8655416641095515,205.46255006010037,disabled_plastic_zone_only,1077.0,SH_ST,plastic_estimate,,2.9646801,0.09419680909090908,37.36181818181818,17.027682727272726,5.252525252525253,25.90909090909091,0.5,0.15421160416474944,5.1250361885618896e-05,0.5294159898377997,0.38,2511.010101010101,,0.04691358024691359,,False,True,0.8906969401550003,,,0.0,5.330119040313004,1.736392192191197,43.0
P0049,Interbedded_ST,min_max_sweep_100_lhs,924,segment_p95,segment_p95,,,,,6.511864145926523,2.170621381975508,,,6.202933673611657,2.0676445578705525,,,,,,6.5306288574291065,2.176876285809702,501.5255733539159,disabled_plastic_zone_only,767.0,Interbedded_ST,plastic_estimate,segment_p95_plastic_zone_ratio_to_radius too large,2.0077126181818183,0.056462,20.643434343434343,1.61865,9.676767676767676,44.54545454545455,0.5,0.6900682916680861,0.0006149685719773453,0.5083410375573363,0.23303030303030303,2520.0,,0.25834098561371294,segment_p95_plastic_zone_ratio_to_radius too large,True,False,1.085310690987754,,,0.0,6.219646530884863,2.0708293736984738,2.0
P0049,Fault,min_max_sweep_100_lhs,246,segment_p95,segment_p95,,,,,5.7473236775275165,1.9157745591758388,,,5.414158859395316,1.804719619798439,,,,,,5.776793244976763,1.9255977483255877,244.1101870149415,disabled_plastic_zone_only,1429.0,Fault,plastic_estimate,,0.5474747474747474,0.025353535353535354,18.1010101010101,10.656565656565657,4.181818181818182,24.393939393939394,0.5,0.11422986779466154,4.1875564772392584e-05,0.5325650954075082,0.34696969696969693,2490.0,,0.26470768288950114,,False,True,0.9578872795879194,,,0.0,5.501707852358822,1.831992414307179,31.0
P0050,SH_ST,min_max_sweep_100_lhs,2261,segment_p95,segment_p95,,,,,4.724079990780888,1.5746933302602961,,,3.4947679374472735,1.164922645815758,,,,,,4.976523342179539,1.6588411140598465,113.38226493902002,disabled_plastic_zone_only,1077.0,SH_ST,plastic_estimate,,2.9646801,0.20501215454545454,40.14454545454545,12.073077818181815,6.0606060606060606,37.42424242424242,0.5,0.30789755200005775,0.0002379537232239292,0.5135379973638442,0.38,2538.4848484848485,,0.3040302009998981,,False,True,0.7873466651301481,,,0.0,4.73954604017099,1.553620716931804,11.0
P0050,Interbedded_ST,min_max_sweep_100_lhs,924,segment_p95,segment_p95,,,,,6.569265942301504,2.1897553141005015,,,6.260335469986638,2.0867784899955457,,,,,,6.588030653804086,2.1960102179346954,529.762636141054,disabled_plastic_zone_only,767.0,Interbedded_ST,plastic_estimate,segment_p95_plastic_zone_ratio_to_radius too large,1.8426945454545456,0.09520654545454546,19.673737373737374,1.61865,10.434343434343434,43.78787878787879,0.5,0.71772767989991,0.0005558847913707192,0.5087841089817633,0.2925252525252525,2520.0,,0.02750739720436689,segment_p95_plastic_zone_ratio_to_radius too large,True,False,1.0948776570502508,,,0.0,6.274314908384845,2.077396594324876,6.0
P0050,Fault,min_max_sweep_100_lhs,246,segment_p95,segment_p95,,,,,6.162339866320026,2.0541132887733418,,,5.829175048187826,1.943058349395942,,,,,,6.191809433769271,2.0639364779230904,362.9299359641956,disabled_plastic_zone_only,1429.0,Fault,plastic_estimate,segment_p95_plastic_zone_ratio_to_radius too large,0.5313131313131314,0.02494949494949495,17.737373737373737,14.09090909090909,5.7272727272727275,17.727272727272727,0.5,0.11389145148492365,1.7215559349860396e-05,0.5509079872958695,0.3222222222222222,2490.0,,0.0921538618508316,segment_p95_plastic_zone_ratio_to_radius too large,True,False,1.0270566443866709,,,0.0,5.896961365494545,1.9542924494814538,52.0
P0051,SH_ST,min_max_sweep_100_lhs,2261,segment_p95,segment_p95,,,,,6.234091254431399,2.0780304181437996,,,4.9802588194983395,1.6600862731661128,,,,,,6.48653460583005,2.16217820194335,480.8592242657767,disabled_plastic_zone_only,1077.0,SH_ST,plastic_estimate,segment_p95_plastic_zone_ratio_to_radius too large,2.9646801,0.03878913636363636,17.882727272727273,6.546787727272726,7.636363636363637,26.96969696969697,0.5,0.23581399261981223,5.903537382446805e-05,0.5273934215176133,0.38,2476.6666666666665,,0.25897357412508926,segment_p95_plastic_zone_ratio_to_radius too large,True,False,1.0390152090718998,,,0.0,6.177652005552429,2.027740486620665,78.0
P0051,Interbedded_ST,min_max_sweep_100_lhs,924,segment_p95,segment_p95,,,,,7.223240753494872,2.4077469178316244,,,6.914310281180006,2.304770093726668,,,,,,7.242005464997455,2.4140018216658183,988.4488410652411,disabled_plastic_zone_only,767.0,Interbedded_ST,plastic_estimate,segment_p95_plastic_zone_ratio_to_radius too large,1.7213577272727274,0.06671790909090909,20.239393939393942,1.61865,10.282828282828284,35.45454545454545,0.5,0.4756287211851708,0.00018299337534830135,0.5154674777731223,0.3884848484848485,2520.0,,0.2488725640240792,segment_p95_plastic_zone_ratio_to_radius too large,True,False,1.2038734589158122,,,0.0,6.897148061902338,2.294778334768531,64.0
P0051,Fault,min_max_sweep_100_lhs,246,segment_p95,segment_p95,,,,,5.479678402686596,1.8265594675621988,,,5.146513584554397,1.715504528184799,,,,,,5.509147970135843,1.8363826567119477,188.9588729563487,disabled_plastic_zone_only,1429.0,Fault,plastic_estimate,,0.3898989898989899,0.020707070707070712,16.646464646464647,11.969696969696969,3.2727272727272725,25.90909090909091,0.5,0.09608569182572849,5.1250361885618896e-05,0.5294159898377997,0.32979797979797976,2490.0,,0.24691358024691357,,False,True,0.9132797337810994,,,0.0,5.246807590605565,1.7466669974692834,17.0
P0052,SH_ST,min_max_sweep_100_lhs,2261,segment_p95,segment_p95,,,,,5.279543595515009,1.7598478651716698,,,4.0405733196342695,1.346857773211423,,,,,,5.531986946913661,1.8439956489712204,193.13601022647688,disabled_plastic_zone_only,1077.0,SH_ST,plastic_estimate,,2.9646801,0.0546199,35.815858585858585,8.26184327272727,4.202020202020202,35.0,0.5,0.19020122560699143,0.00017223225596081014,0.5159498890105109,0.38,2445.757575757576,,0.18387919600040814,,False,True,0.8799239325858349,,,0.0,5.26855899706063,1.7228487086515225,40.0
P0052,Interbedded_ST,min_max_sweep_100_lhs,924,segment_p95,segment_p95,,,,,7.3354172758682505,2.445139091956084,,,7.026486803553383,2.342162267851128,,,,,,7.354181987370832,2.4513939957902773,1100.0095879817793,disabled_plastic_zone_only,767.0,Interbedded_ST,plastic_estimate,segment_p95_plastic_zone_ratio_to_radius too large,1.6970903636363637,0.07241563636363636,21.28989898989899,1.61865,10.838383838383837,34.09090909090909,0.5,0.46980655879452615,0.00015257126068507308,0.5169596949434041,0.3328282828282828,2520.0,,0.17263544536271808,segment_p95_plastic_zone_ratio_to_radius too large,True,False,1.222569545978042,,,0.0,7.003982845115079,2.3263555007746834,72.0
P0052,Fault,min_max_sweep_100_lhs,246,segment_p95,segment_p95,,,,,5.129659270644629,1.7098864235482099,,,4.796494452512429,1.5988314841708098,,,,,,5.159128838093875,1.7197096126979583,135.1090001308878,disabled_plastic_zone_only,1429.0,Fault,plastic_estimate,,0.39797979797979793,0.021212121212121213,16.242424242424242,12.97979797979798,5.848484848484849,28.78787878787879,0.5,0.19693712500174898,7.523082568708149e-05,0.5242421410801853,0.3282828282828283,2490.0,,0.2727068666462606,,False,True,0.8549432117741049,,,0.0,4.913456036279881,1.6375339594188683,6.0
P0053,SH_ST,min_max_sweep_100_lhs,2261,segment_p95,segment_p95,,,,,5.352304224930034,1.7841014083100113,,,4.11214326205754,1.3707144206858466,,,,,,5.604747576328686,1.8682491921095619,207.06589545446852,disabled_plastic_zone_only,1077.0,SH_ST,plastic_estimate,,2.9646801,0.06451412727272728,29.6320202020202,10.739145727272726,7.838383838383839,31.21212121212121,0.5,0.2962414032365499,0.00010393787722042512,0.5205927775781345,0.38,2516.161616161616,,0.04528109376594224,,False,True,0.8920507041550056,,,0.0,5.337854834598748,1.738873049724301,45.0
P0053,Interbedded_ST,min_max_sweep_100_lhs,924,segment_p95,segment_p95,,,,,7.322862687278187,2.4409542290927293,,,7.013932214963319,2.337977404987773,,,,,,7.341627398780768,2.4472091329269228,1086.9234800181912,disabled_plastic_zone_only,767.0,Interbedded_ST,plastic_estimate,segment_p95_plastic_zone_ratio_to_radius too large,1.7067973090909092,0.045066545454545456,19.350505050505053,1.61865,11.393939393939394,34.24242424242424,0.5,0.49746426734770205,0.00015568485290921554,0.5167871154930693,0.3616161616161616,2520.0,,0.31188654218957246,segment_p95_plastic_zone_ratio_to_radius too large,True,False,1.2204771145463646,,,0.0,6.992026094076923,2.329357381834637,73.0
P0053,Fault,min_max_sweep_100_lhs,246,segment_p95,segment_p95,,,,,6.186731739110661,2.062243913036887,,,5.853566920978461,1.951188973659487,,,,,,6.216201306559907,2.0720671021866357,371.48311969331525,disabled_plastic_zone_only,1429.0,Fault,plastic_estimate,segment_p95_plastic_zone_ratio_to_radius too large,0.4666666666666667,0.026262626262626262,18.060606060606062,6.818181818181818,4.0,24.696969696969695,0.5,0.11085145415991522,4.3602152463278744e-05,0.5319095734579828,0.31666666666666665,2490.0,,0.05738189980614224,segment_p95_plastic_zone_ratio_to_radius too large,True,False,1.0311219565184435,,,0.0,5.9201917205332455,1.9602489064857889,56.0
P0054,SH_ST,min_max_sweep_100_lhs,2261,segment_p95,segment_p95,,,,,4.417937247804457,1.4726457492681524,,,3.194515197132728,1.0648383990442425,,,,,,4.670380599203108,1.5567935330677027,84.45428230493303,disabled_plastic_zone_only,1077.0,SH_ST,plastic_estimate,,2.9646801,0.17335062727272726,22.82979797979798,16.455997545454544,6.262626262626263,36.81818181818182,0.5,0.3091099065326529,0.00021948154109105087,0.5141049332060894,0.38,2468.0808080808083,,0.17294153657790026,,False,True,0.7363228746340762,,,0.0,4.447981523050579,1.450485537414568,6.0
P0054,Interbedded_ST,min_max_sweep_100_lhs,924,segment_p95,segment_p95,,,,,7.56570331880731,2.5219011062691035,,,7.256772846492443,2.4189242821641477,,,,,,7.584468030309893,2.5281560101032974,1370.0098800745848,disabled_plastic_zone_only,767.0,Interbedded_ST,plastic_estimate,segment_p95_plastic_zone_ratio_to_radius too large,2.031979981818182,0.07697381818181818,20.118181818181817,1.61865,8.262626262626263,31.363636363636363,0.5,0.3145363019716394,0.00010605898551339095,0.5203836850433791,0.34050505050505053,2520.0,,0.13982246709519444,segment_p95_plastic_zone_ratio_to_radius too large,True,False,1.2609505531345517,,,0.0,7.223302886009422,2.397364615407558,91.0
P0054,Fault,min_max_sweep_100_lhs,246,segment_p95,segment_p95,,,,,5.64633750484032,1.88211250161344,,,5.3131726867081195,1.7710575622360396,,,,,,5.675807072289565,1.8919356907631883,221.63430668265065,disabled_plastic_zone_only,1429.0,Fault,plastic_estimate,,0.5515151515151515,0.028383838383838383,18.82828282828283,10.353535353535353,5.6060606060606055,25.757575757575758,0.5,0.16340797816946115,5.0225389158537976e-05,0.5297167801147674,0.3186868686868687,2490.0,,0.253443526170799,,False,True,0.94105625080672,,,0.0,5.405530545037681,1.7995704734211162,24.0
P0055,SH_ST,min_max_sweep_100_lhs,2261,segment_p95,segment_p95,,,,,6.094313007164388,2.031437669054796,,,4.84256940682683,1.6141898022756105,,,,,,6.346756358563039,2.1155854528543463,420.79940832192386,disabled_plastic_zone_only,1077.0,SH_ST,plastic_estimate,segment_p95_plastic_zone_ratio_to_radius too large,2.9646801,0.06847181818181819,21.593030303030304,8.452404999999999,4.040404040404041,26.060606060606062,0.5,0.11948328116706913,5.229625170480921e-05,0.529118222553117,0.38,2581.4141414141413,,0.262238547087032,segment_p95_plastic_zone_ratio_to_radius too large,True,False,1.015718834527398,,,0.0,6.0445298652981325,1.9838070263095267,75.0
P0055,Interbedded_ST,min_max_sweep_100_lhs,924,segment_p95,segment_p95,,,,,6.801817799341874,2.267272599780625,,,6.492887327027009,2.164295775675669,,,,,,6.820582510844456,2.273527503614819,661.3491722886412,disabled_plastic_zone_only,767.0,Interbedded_ST,plastic_estimate,segment_p95_plastic_zone_ratio_to_radius too large,2.0028591454545457,0.13281154545454546,19.18888888888889,1.61865,9.828282828282829,40.75757575757576,0.5,0.5851988417848708,0.0003711182180830607,0.5107981161304207,0.32131313131313133,2520.0,,0.26601367207427823,segment_p95_plastic_zone_ratio_to_radius too large,True,False,1.1336362998903124,,,0.0,6.495792867470912,2.1626864820156304,29.0
P0055,Fault,min_max_sweep_100_lhs,246,segment_p95,segment_p95,,,,,6.0662776163982866,2.022092538799429,,,5.733112798266085,1.9110375994220286,,,,,,6.095747183847532,2.0319157279491775,331.1124141444724,disabled_plastic_zone_only,1429.0,Fault,plastic_estimate,segment_p95_plastic_zone_ratio_to_radius too large,0.5636363636363637,0.024242424242424242,16.565656565656568,10.858585858585858,5.3939393939393945,21.060606060606062,0.5,0.12571438004680666,2.6849790886486442e-05,0.5407216648156179,0.305050505050505,2490.0,,0.3686970717273748,segment_p95_plastic_zone_ratio_to_radius too large,True,False,1.0110462693997144,,,0.0,5.805473508426221,1.9378142573213988,50.0
P0056,SH_ST,min_max_sweep_100_lhs,2261,segment_p95,segment_p95,,,,,7.913902209849494,2.637967403283165,,,6.63674501543907,2.21224833847969,,,,,,8.166345561248146,2.722115187082715,2385.2346995417533,disabled_plastic_zone_only,1077.0,SH_ST,plastic_estimate,segment_p95_plastic_zone_ratio_to_radius too large,2.9646801,0.02889490909090909,43.85484848484848,0.6393741818181817,5.494949494949495,35.60606060606061,0.5,0.25600746630941673,0.0001867278057252655,0.5153098953534061,0.38,2438.8888888888887,,0.4093255790225487,segment_p95_plastic_zone_ratio_to_radius too large,True,False,1.3189837016415824,,,0.0,7.777471963093473,2.565198447801009,95.0
P0056,Interbedded_ST,min_max_sweep_100_lhs,924,segment_p95,segment_p95,,,,,7.436724522964516,2.4789081743215053,,,7.127794050649649,2.3759313502165496,,,,,,7.455489234467099,2.4851630781556997,1211.5319070858034,disabled_plastic_zone_only,767.0,Interbedded_ST,plastic_estimate,segment_p95_plastic_zone_ratio_to_radius too large,1.8960827454545455,0.08950881818181819,21.491919191919195,1.61865,8.616161616161616,32.878787878787875,0.5,0.3525338972678619,0.00012980270041316352,0.5184049218459958,0.3904040404040404,2520.0,,0.23744515865727997,segment_p95_plastic_zone_ratio_to_radius too large,True,False,1.2394540871607527,,,0.0,7.100465937587714,2.361556010820971,81.0
P0056,Fault,min_max_sweep_100_lhs,246,segment_p95,segment_p95,,,,,6.406716205499946,2.135572068499982,,,6.073551387367747,2.024517129122582,,,,,,6.436185772949192,2.1453952576497306,458.2986886132612,disabled_plastic_zone_only,1429.0,Fault,plastic_estimate,segment_p95_plastic_zone_ratio_to_radius too large,0.20404040404040405,0.023636363636363636,16.484848484848484,5.303030303030303,5.9393939393939394,25.151515151515152,0.5,0.16819916993399903,4.632642710969407e-05,0.5309507896383611,0.31565656565656564,2490.0,,0.34959697990001015,segment_p95_plastic_zone_ratio_to_radius too large,True,False,1.067786034249991,,,0.0,6.129700736142087,2.044259521910911,69.0
P0057,SH_ST,min_max_sweep_100_lhs,2261,segment_p95,segment_p95,,,,,5.6934228514706025,1.8978076171568674,,,4.447836587255575,1.4826121957518583,,,,,,5.9458662028692535,1.9819554009564178,286.93354788977166,disabled_plastic_zone_only,1077.0,SH_ST,plastic_estimate,,2.9646801,0.18720254545454545,41.07212121212121,5.212855636363635,4.767676767676768,36.06060606060606,0.5,0.22698441748849327,0.00019839461110480523,0.5148465869643258,0.38,2485.252525252525,,0.2353025201510051,,False,True,0.9489038085784337,,,0.0,5.662729717018337,1.8559889258450428,61.0
P0057,Interbedded_ST,min_max_sweep_100_lhs,924,segment_p95,segment_p95,,,,,6.731519476640473,2.2438398255468246,,,6.422589004325606,2.1408630014418684,,,,,,6.7502841881430555,2.2500947293810185,618.4562542366533,disabled_plastic_zone_only,767.0,Interbedded_ST,plastic_estimate,segment_p95_plastic_zone_ratio_to_radius too large,1.905789690909091,0.09748563636363636,18.340404040404042,1.61865,9.474747474747474,41.66666666666667,0.5,0.5891068639671223,0.0004189421234483845,0.5101506483701295,0.3251515151515152,2520.0,,0.21426385062748698,segment_p95_plastic_zone_ratio_to_radius too large,True,False,1.1219199127734123,,,0.0,6.428842083945767,2.1379215439005868,22.0
P0057,Fault,min_max_sweep_100_lhs,246,segment_p95,segment_p95,,,,,6.445079096762088,2.148359698920696,,,6.111914278629887,2.037304759543296,,,,,,6.474548664211334,2.158182888070445,475.3899888342005,disabled_plastic_zone_only,1429.0,Fault,plastic_estimate,segment_p95_plastic_zone_ratio_to_radius too large,0.5797979797979798,0.02202020202020202,17.333333333333332,14.494949494949495,3.0606060606060606,15.151515151515152,0.5,0.053837173938079796,1.221151360524217e-05,0.5604849263053792,0.3378787878787879,2490.0,,0.3079685746352414,segment_p95_plastic_zone_ratio_to_radius too large,True,False,1.074179849460348,,,0.0,6.166236823058414,2.0542806804387057,73.0
P0058,SH_ST,min_max_sweep_100_lhs,2261,segment_p95,segment_p95,,,,,5.1230113697253366,1.7076704565751122,,,3.8866633243809887,1.2955544414603297,,,,,,5.3754547211239885,1.7918182403746628,166.2484927123971,disabled_plastic_zone_only,1077.0,SH_ST,plastic_estimate,,2.9646801,0.08628142727272728,30.55959595959596,10.35802227272727,7.3939393939393945,34.696969696969695,0.5,0.3298862285810062,0.00016541208593902172,0.516279714304111,0.38,2579.6969696969695,,0.165268850117335,,False,True,0.8538352282875561,,,0.0,5.119480686784751,1.672536001078484,29.0
P0058,Interbedded_ST,min_max_sweep_100_lhs,924,segment_p95,segment_p95,,,,,7.552680271234411,2.5175600904114708,,,7.243749798919545,2.4145832663065145,,,,,,7.571444982736994,2.5238149942456647,1353.1103962378038,disabled_plastic_zone_only,767.0,Interbedded_ST,plastic_estimate,segment_p95_plastic_zone_ratio_to_radius too large,1.7893063454545455,0.08381109090909092,18.98686868686869,1.61865,7.05050505050505,31.515151515151516,0.5,0.2703375248785805,0.00010822338024351354,0.5201766939233561,0.37696969696969695,2520.0,,0.21916131007040102,segment_p95_plastic_zone_ratio_to_radius too large,True,False,1.2587800452057354,,,0.0,7.210899983559043,2.39722309611963,90.0
P0058,Fault,min_max_sweep_100_lhs,246,segment_p95,segment_p95,,,,,6.60278803904678,2.200929346348927,,,6.269623220914582,2.0898744069715267,,,,,,6.632257606496026,2.2107525354986755,552.5963525669541,disabled_plastic_zone_only,1429.0,Fault,plastic_estimate,segment_p95_plastic_zone_ratio_to_radius too large,0.3373737373737374,0.02797979797979798,17.13131313131313,6.717171717171717,4.545454545454545,20.757575757575758,0.5,0.10442135853190945,2.5786574604067364e-05,0.5415570191857864,0.3146464646464646,2490.0,,0.162677277828793,segment_p95_plastic_zone_ratio_to_radius too large,True,False,1.1004646731744634,,,0.0,6.316435815710502,2.0967695319143878,82.0
P0059,SH_ST,min_max_sweep_100_lhs,2261,segment_p95,segment_p95,,,,,4.852805213133277,1.6176017377110925,,,3.6211594689314626,1.2070531563104876,,,,,,5.105248564531928,1.7017495215106428,128.30080221234934,disabled_plastic_zone_only,1077.0,SH_ST,plastic_estimate,,2.9646801,0.12190064545454546,26.84929292929293,13.407009909090906,6.303030303030303,34.09090909090909,0.5,0.2732146250585129,0.00015257126068507308,0.5169596949434041,0.38,2461.212121212121,,0.0673196612590552,,False,True,0.8088008688555463,,,0.0,4.8621414900304085,1.582394932710694,15.0
P0059,Interbedded_ST,min_max_sweep_100_lhs,924,segment_p95,segment_p95,,,,,6.626944783619832,2.208981594539944,,,6.318014311304964,2.1060047704349882,,,,,,6.645709495122415,2.2152364983741384,559.7342794884166,disabled_plastic_zone_only,767.0,Interbedded_ST,plastic_estimate,segment_p95_plastic_zone_ratio_to_radius too large,1.7941598181818184,0.10432290909090909,20.845454545454547,1.61865,9.02020202020202,43.03030303030303,0.5,0.5984717346396236,0.0005024775498424193,0.509250132469866,0.26565656565656565,2520.0,,0.08121620242832366,segment_p95_plastic_zone_ratio_to_radius too large,True,False,1.104490797269972,,,0.0,6.329247138211824,2.0982783357162598,11.0
P0059,Fault,min_max_sweep_100_lhs,246,segment_p95,segment_p95,,,,,6.149727520344921,2.0499091734483073,,,5.816562702212721,1.9388542340709074,,,,,,6.179197087794168,2.059732362598056,358.5846471430174,disabled_plastic_zone_only,1429.0,Fault,plastic_estimate,segment_p95_plastic_zone_ratio_to_radius too large,0.2767676767676768,0.023737373737373738,19.353535353535353,5.909090909090909,3.3333333333333335,26.666666666666668,0.5,0.10145999585089865,5.6697650936635075e-05,0.5279567802674544,0.33535353535353535,2490.0,,0.21459034792368134,segment_p95_plastic_zone_ratio_to_radius too large,True,False,1.0249545867241536,,,0.0,5.884949607423017,1.9564353789239028,53.0
P0060,SH_ST,min_max_sweep_100_lhs,2261,segment_p95,segment_p95,,,,,7.160646862083832,2.3868822873612774,,,5.893754875052013,1.9645849583506705,,,,,,7.4130902134824845,2.471030071160828,1163.5452164075284,disabled_plastic_zone_only,1077.0,SH_ST,plastic_estimate,segment_p95_plastic_zone_ratio_to_radius too large,2.9646801,0.03681029090909091,24.066565656565658,1.2110593636363634,6.94949494949495,36.96969696969697,0.5,0.3454960689683354,0.00022396060232850382,0.513961044585773,0.38,2504.1414141414143,,0.1430670339761249,segment_p95_plastic_zone_ratio_to_radius too large,True,False,1.1934411436806387,,,0.0,7.0600859176023665,2.3142513929797586,91.0
P0060,Interbedded_ST,min_max_sweep_100_lhs,924,segment_p95,segment_p95,,,,,7.591836809691071,2.530612269897024,,,7.282906337376205,2.4276354457920677,,,,,,7.6106015211936535,2.536867173731218,1404.5611892118638,disabled_plastic_zone_only,767.0,Interbedded_ST,plastic_estimate,segment_p95_plastic_zone_ratio_to_radius too large,2.0416869272727274,0.07013654545454545,19.996969696969696,1.61865,9.070707070707071,31.060606060606062,0.5,0.34035092385665466,0.00010185918966502047,0.5208039928616001,0.28484848484848485,2520.0,,0.14798489950005106,segment_p95_plastic_zone_ratio_to_radius too large,True,False,1.265306134948512,,,0.0,7.248191924946338,2.406017231175654,93.0
P0060,Fault,min_max_sweep_100_lhs,246,segment_p95,segment_p95,,,,,6.54571317693332,2.1819043923111066,,,6.212548358801119,2.070849452933707,,,,,,6.575182744382566,2.1917275814608552,523.307741134508,disabled_plastic_zone_only,1429.0,Fault,plastic_estimate,segment_p95_plastic_zone_ratio_to_radius too large,0.6,0.026464646464646465,18.585858585858585,5.505050505050505,5.636363636363637,23.333333333333336,0.5,0.14637923300917954,3.6353421850617646e-05,0.5349665756649584,0.31616161616161614,2490.0,,0.25932047750229564,segment_p95_plastic_zone_ratio_to_radius too large,True,False,1.0909521961555533,,,0.0,6.262078804173873,2.0835959318265544,79.0
P0061,SH_ST,min_max_sweep_100_lhs,2261,segment_p95,segment_p95,,,,,5.3616103897978284,1.7872034632659428,,,4.1212971367439515,1.3737657122479836,,,,,,5.61405374119648,1.8713512470654934,208.91818273101987,disabled_plastic_zone_only,1077.0,SH_ST,plastic_estimate,,2.9646801,0.058577590909090906,15.1,15.884312363636361,5.818181818181818,26.515151515151516,0.5,0.17582067617722424,5.556373609659349e-05,0.5282427563606605,0.38,2514.4444444444443,,0.25554535251504945,,False,True,0.8936017316329714,,,0.0,5.346717848758553,1.7523221361021917,49.0
P0061,Interbedded_ST,min_max_sweep_100_lhs,924,segment_p95,segment_p95,,,,,7.064193273674943,2.354731091224981,,,6.755262801360075,2.2517542671200252,,,,,,7.082957985177525,2.360985995059175,849.3723153128932,disabled_plastic_zone_only,767.0,Interbedded_ST,plastic_estimate,segment_p95_plastic_zone_ratio_to_radius too large,1.7116507818181816,0.11685790909090911,19.956565656565658,1.61865,11.191919191919192,37.42424242424242,0.5,0.5685841460267733,0.0002379537232239292,0.5135379973638442,0.3424242424242424,2520.0,,0.16594225079073568,segment_p95_plastic_zone_ratio_to_radius too large,True,False,1.1773655456124905,,,0.0,6.745674271597643,2.240456126068433,50.0
P0061,Fault,min_max_sweep_100_lhs,246,segment_p95,segment_p95,,,,,4.966398106623961,1.6554660355413204,,,4.633233288491762,1.5444110961639201,,,,,,4.995867674073207,1.6652892246910689,115.50908041014618,disabled_plastic_zone_only,1429.0,Fault,plastic_estimate,,0.38181818181818183,0.028686868686868684,17.050505050505052,13.686868686868687,5.151515151515151,30.0,0.5,0.1837751172434214,8.842698865988302e-05,0.5223437749058788,0.3015151515151515,2490.0,,0.3319661259055199,,False,True,0.8277330177706602,,,0.0,4.7579692134030545,1.588991912303882,1.0
P0062,SH_ST,min_max_sweep_100_lhs,2261,segment_p95,segment_p95,,,,,7.178599795005361,2.3928665983351203,,,5.911461659844145,1.9704872199480485,,,,,,7.431043146404011,2.4770143821346706,1183.6278444845027,disabled_plastic_zone_only,1077.0,SH_ST,plastic_estimate,segment_p95_plastic_zone_ratio_to_radius too large,2.9646801,0.09221796363636364,20.047070707070706,3.307238363636363,7.555555555555555,25.0,0.5,0.21242942921445537,4.5399929762484854e-05,0.531267161506037,0.38,2576.2626262626263,,0.23807774716865623,segment_p95_plastic_zone_ratio_to_radius too large,True,False,1.1964332991675601,,,0.0,7.077183948956202,2.3246656515253434,92.0
P0062,Interbedded_ST,min_max_sweep_100_lhs,924,segment_p95,segment_p95,,,,,7.112780999886159,2.370926999962053,,,6.803850527571291,2.267950175857097,,,,,,7.131545711388741,2.377181903796247,889.6471172575932,disabled_plastic_zone_only,767.0,Interbedded_ST,plastic_estimate,segment_p95_plastic_zone_ratio_to_radius too large,1.8329876,0.05874109090909091,22.017171717171717,1.61865,9.323232323232324,36.81818181818182,0.5,0.46017490924135257,0.00021948154109105087,0.5141049332060894,0.2598989898989899,2520.0,,0.24805632078359358,segment_p95_plastic_zone_ratio_to_radius too large,True,False,1.1854634999810265,,,0.0,6.791948296560705,2.2598901003370906,53.0
P0062,Fault,min_max_sweep_100_lhs,246,segment_p95,segment_p95,,,,,6.7621067671795085,2.2540355890598365,,,6.42894194904731,2.1429806496824364,,,,,,6.791576334628756,2.263858778209585,643.3022431969007,disabled_plastic_zone_only,1429.0,Fault,plastic_estimate,segment_p95_plastic_zone_ratio_to_radius too large,0.2888888888888889,0.02484848484848485,17.414141414141415,8.232323232323232,3.121212121212121,17.424242424242426,0.5,0.06117861947930752,1.6533845920913913e-05,0.55195121865627,0.35,2490.0,,0.2790735639220488,segment_p95_plastic_zone_ratio_to_radius too large,True,False,1.1270177945299182,,,0.0,6.468167937741672,2.1528506116418753,88.0
P0063,SH_ST,min_max_sweep_100_lhs,2261,segment_p95,segment_p95,,,,,4.403643201387853,1.4678810671292843,,,3.1805086454262224,1.0601695484754075,,,,,,4.656086552786504,1.5520288509288347,83.29884345434888,disabled_plastic_zone_only,1077.0,SH_ST,plastic_estimate,,2.9646801,0.10409103636363636,37.05262626262626,18.17105309090909,6.222222222222222,35.45454545454545,0.5,0.28780677038316815,0.00018299337534830135,0.5154674777731223,0.38,2420.0,,0.23824099581675343,,False,True,0.7339405335646422,,,0.0,4.434368145510956,1.4492410790665105,5.0
P0063,Interbedded_ST,min_max_sweep_100_lhs,924,segment_p95,segment_p95,,,,,6.825361125695142,2.2751203752317144,,,6.516430653380276,2.1721435511267586,,,,,,6.8441258371977245,2.2813752790659083,676.3682595827324,disabled_plastic_zone_only,767.0,Interbedded_ST,plastic_estimate,segment_p95_plastic_zone_ratio_to_radius too large,1.7407716181818182,0.12483472727272728,20.27979797979798,1.61865,7.303030303030303,40.45454545454545,0.5,0.42860974324695683,0.00035642242645338184,0.5110228068140821,0.21191919191919192,2520.0,,0.32723191511070304,segment_p95_plastic_zone_ratio_to_radius too large,True,False,1.1375601876158572,,,0.0,6.518215083045453,2.1731747530765184,30.0
P0063,Fault,min_max_sweep_100_lhs,246,segment_p95,segment_p95,,,,,6.640940574701899,2.2136468582339663,,,6.3077757565697,2.1025919188565663,,,,,,6.670410142151145,2.223470047383715,573.0816100228764,disabled_plastic_zone_only,1429.0,Fault,plastic_estimate,segment_p95_plastic_zone_ratio_to_radius too large,0.36161616161616156,0.025050505050505052,16.161616161616163,5.101010101010101,3.8181818181818183,23.18181818181818,0.5,0.09844725932535404,3.562637789303329e-05,0.5353237165855204,0.3196969696969697,2490.0,,0.18536883991429448,segment_p95_plastic_zone_ratio_to_radius too large,True,False,1.1068234291169832,,,0.0,6.352771563953472,2.1099403266241468,84.0
P0064,SH_ST,min_max_sweep_100_lhs,2261,segment_p95,segment_p95,,,,,4.955655061409377,1.6518850204697926,,,3.722189771019574,1.2407299236731912,,,,,,5.208098412808029,1.736032804269343,141.60716133843368,disabled_plastic_zone_only,1077.0,SH_ST,plastic_estimate,,2.9646801,0.09617565454545454,24.684949494949493,13.978695090909088,5.333333333333334,32.27272727272727,0.5,0.2120078892547868,0.0001197262070055988,0.5191725277436547,0.38,2447.4747474747473,,0.1229874502601775,,False,True,0.8259425102348963,,,0.0,4.960093726483837,1.6176250004859485,22.0
P0064,Interbedded_ST,min_max_sweep_100_lhs,924,segment_p95,segment_p95,,,,,7.149421134230856,2.383140378076952,,,6.840490661915989,2.280163553971996,,,,,,7.168185845733438,2.389395281911146,921.275201864488,disabled_plastic_zone_only,767.0,Interbedded_ST,plastic_estimate,segment_p95_plastic_zone_ratio_to_radius too large,1.760185509090909,0.11229972727272727,21.774747474747475,1.61865,9.777777777777779,36.36363636363637,0.5,0.47227643703025024,0.00020657469644415653,0.5145454232524915,0.23686868686868687,2520.0,,0.2836445260687685,segment_p95_plastic_zone_ratio_to_radius too large,True,False,1.191570189038476,,,0.0,6.826843662603275,2.2732286006029505,56.0
P0064,Fault,min_max_sweep_100_lhs,246,segment_p95,segment_p95,,,,,6.194432530770323,2.0648108435901076,,,5.8612677126381225,1.9537559042127077,,,,,,6.223902098219568,2.0746340327398562,374.2249856610705,disabled_plastic_zone_only,1429.0,Fault,plastic_estimate,segment_p95_plastic_zone_ratio_to_radius too large,0.48282828282828283,0.026363636363636363,17.858585858585858,12.373737373737374,3.303030303030303,18.636363636363637,0.5,0.06858931230465391,1.9434031095633268e-05,0.5479018160502376,0.3141414141414141,2490.0,,0.08790939700030612,segment_p95_plastic_zone_ratio_to_radius too large,True,False,1.0324054217950538,,,0.0,5.927525807828161,1.9642046977619378,57.0
P0065,SH_ST,min_max_sweep_100_lhs,2261,segment_p95,segment_p95,,,,,5.225403649765384,1.7418012165884613,,,3.987334725764901,1.329111575254967,,,,,,5.477847001164035,1.8259490003880117,183.37968629526824,disabled_plastic_zone_only,1077.0,SH_ST,plastic_estimate,,2.9646801,0.12387949090909092,33.34232323232323,12.263639545454543,5.090909090909091,30.757575757575758,0.5,0.18828436496987552,9.782570018930283e-05,0.5212328780957032,0.38,2452.626262626263,,0.08788899091929396,,False,True,0.8709006082942307,,,0.0,5.216997143965748,1.7009693345597874,36.0
P0065,Interbedded_ST,min_max_sweep_100_lhs,924,segment_p95,segment_p95,,,,,6.661692064062789,2.2205640213542632,,,6.352761591747922,2.1175871972493074,,,,,,6.680456775565371,2.226818925188457,578.600913337998,disabled_plastic_zone_only,767.0,Interbedded_ST,plastic_estimate,segment_p95_plastic_zone_ratio_to_radius too large,1.6873834181818181,0.09178790909090909,20.4010101010101,1.61865,10.686868686868687,42.57575757575758,0.5,0.6938690866612826,0.0004729288249604585,0.509541255637717,0.2503030303030303,2520.0,,0.17067646158555247,segment_p95_plastic_zone_ratio_to_radius too large,True,False,1.1102820106771316,,,0.0,6.362339786252735,2.1137132883376735,17.0
P0065,Fault,min_max_sweep_100_lhs,246,segment_p95,segment_p95,,,,,6.542677467817314,2.180892489272438,,,6.209512649685115,2.069837549895038,,,,,,6.572147035266562,2.1907156784221873,521.7940771720994,disabled_plastic_zone_only,1429.0,Fault,plastic_estimate,segment_p95_plastic_zone_ratio_to_radius too large,0.3292929292929293,0.02595959595959596,19.11111111111111,8.737373737373737,5.121212121212121,18.78787878787879,0.5,0.10711495089053444,1.9830630349197808e-05,0.5474182631391479,0.33585858585858586,2490.0,,0.13182328333843488,segment_p95_plastic_zone_ratio_to_radius too large,True,False,1.090446244636219,,,0.0,6.259187652634821,2.0762633781710504,78.0
P0066,SH_ST,min_max_sweep_100_lhs,2261,segment_p95,segment_p95,,,,,6.941567837276484,2.313855945758828,,,5.677679587426897,1.8925598624756323,,,,,,7.194011188675136,2.3980037295583787,944.2403438844434,disabled_plastic_zone_only,1077.0,SH_ST,plastic_estimate,segment_p95_plastic_zone_ratio_to_radius too large,2.9646801,0.17928716363636363,30.868787878787877,2.544991454545454,7.313131313131313,30.303030303030305,0.5,0.26468051696979816,9.207295620664066e-05,0.5218926724836206,0.38,2512.7272727272725,,0.1047036016732987,segment_p95_plastic_zone_ratio_to_radius too large,True,False,1.156927972879414,,,0.0,6.851439227309654,2.243219005205156,88.0
P0066,Interbedded_ST,min_max_sweep_100_lhs,924,segment_p95,segment_p95,,,,,7.015896524744502,2.338632174914834,,,6.706966052429635,2.235655350809879,,,,,,7.034661236247086,2.3448870787490286,811.1437592107692,disabled_plastic_zone_only,767.0,Interbedded_ST,plastic_estimate,segment_p95_plastic_zone_ratio_to_radius too large,1.9203501090909092,0.07583427272727272,19.552525252525253,1.61865,8.717171717171716,38.03030303030303,0.5,0.4558264609523511,0.00025798057601865047,0.512993511432703,0.3002020202020202,2520.0,,0.050198959289868374,segment_p95_plastic_zone_ratio_to_radius too large,True,False,1.169316087457417,,,0.0,6.699677367854368,2.21943248712843,44.0
P0066,Fault,min_max_sweep_100_lhs,246,segment_p95,segment_p95,,,,,5.136867072222042,1.712289024074014,,,4.803702254089843,1.601234084696614,,,,,,5.166336639671288,1.7221122132237625,136.04654452817357,disabled_plastic_zone_only,1429.0,Fault,plastic_estimate,,0.4545454545454545,0.02808080808080808,18.505050505050505,14.696969696969697,3.5454545454545454,27.272727272727273,0.5,0.11107639292122097,6.14694842735143e-05,0.5268413295634181,0.30707070707070705,2490.0,,0.20642791551882467,,False,True,0.856144512037007,,,0.0,4.9203206092107505,1.6364939016458466,5.0
P0067,SH_ST,min_max_sweep_100_lhs,2261,segment_p95,segment_p95,,,,,4.516122433239702,1.505374144413234,,,3.2907510365640738,1.0969170121880243,,,,,,4.768565784638353,1.5895219282127844,92.83061826321439,disabled_plastic_zone_only,1077.0,SH_ST,plastic_estimate,,2.9646801,0.12981602727272729,28.086060606060606,12.454201272727271,4.0,39.39393939393939,0.5,0.22319520651720479,0.0003094208972776129,0.5118459527685943,0.38,2492.121212121212,,0.01818181818181818,,False,True,0.752687072206617,,,0.0,4.541491223465099,1.4737226397570735,8.0
P0067,Interbedded_ST,min_max_sweep_100_lhs,924,segment_p95,segment_p95,,,,,6.67329866043372,2.22443288681124,,,6.364368188118853,2.1214560627062844,,,,,,6.692063371936302,2.230687790645434,585.04330581717,disabled_plastic_zone_only,767.0,Interbedded_ST,plastic_estimate,segment_p95_plastic_zone_ratio_to_radius too large,1.9009362181818183,0.119137,20.441414141414143,1.61865,8.212121212121213,42.42424242424242,0.5,0.5293573886676383,0.00046347056691894967,0.5096402736876956,0.2311111111111111,2520.0,,0.1896133047648199,segment_p95_plastic_zone_ratio_to_radius too large,True,False,1.11221644340562,,,0.0,6.373393687558384,2.1183217353041326,18.0
P0067,Fault,min_max_sweep_100_lhs,246,segment_p95,segment_p95,,,,,6.860073941528932,2.286691313842977,,,6.526909123396732,2.1756363744655776,,,,,,6.889543508978178,2.296514502992726,706.3106834996892,disabled_plastic_zone_only,1429.0,Fault,plastic_estimate,segment_p95_plastic_zone_ratio_to_radius too large,0.25252525252525254,0.025555555555555554,17.97979797979798,8.030303030303031,5.181818181818182,16.81818181818182,0.5,0.09867901530859291,1.5250334954705326e-05,0.5541019849593407,0.3191919191919192,2490.0,,0.1220283644526069,segment_p95_plastic_zone_ratio_to_radius too large,True,False,1.1433456569214886,,,0.0,6.561470008550646,2.1759046626238763,91.0
P0068,SH_ST,min_max_sweep_100_lhs,2261,segment_p95,segment_p95,,,,,9.0,3.0,,,8.695133071483307,2.898377690494436,,,,,,9.0,3.0,33727.860365094944,disabled_plastic_zone_only,1077.0,SH_ST,plastic_reaches_4a_estimate,segment_p95_plastic_zone_ratio_to_radius too large; plastic zone reaches 4a check limit,2.9646801,0.18324485454545453,20.665454545454544,0.067689,5.9393939393939394,30.90909090909091,0.5,0.22125570894643762,9.982207446099097e-05,0.5210173524443397,0.38,2507.5757575757575,,0.19595959595959603,segment_p95_plastic_zone_ratio_to_radius too large; plastic zone reaches 4a check limit,True,False,1.5,,,0.0,10.426109140502838,3.220019807898548,100.0
P0068,Interbedded_ST,min_max_sweep_100_lhs,924,segment_p95,segment_p95,,,,,6.908224538442187,2.3027415128140625,,,6.59929406612732,2.1997646887091062,,,,,,6.92698924994477,2.3089964166482564,731.9904103031635,disabled_plastic_zone_only,767.0,Interbedded_ST,plastic_estimate,segment_p95_plastic_zone_ratio_to_radius too large,1.8232806545454547,0.048485181818181816,19.431313131313132,1.61865,8.919191919191919,39.39393939393939,0.5,0.4976802205926561,0.0003094208972776129,0.5118459527685943,0.33474747474747474,2520.0,,0.15908580757065607,segment_p95_plastic_zone_ratio_to_radius too large,True,False,1.1513707564070312,,,0.0,6.597132618995018,2.19090888148281,38.0
P0068,Fault,min_max_sweep_100_lhs,246,segment_p95,segment_p95,,,,,6.606815219499851,2.2022717398332836,,,6.273650401367651,2.0912168004558835,,,,,,6.636284786949097,2.2120949289830323,554.7236985429412,disabled_plastic_zone_only,1429.0,Fault,plastic_estimate,segment_p95_plastic_zone_ratio_to_radius too large,0.5717171717171717,0.021515151515151515,16.767676767676768,10.959595959595958,4.484848484848484,16.21212121212121,0.5,0.08297679591164446,1.4066462052638508e-05,0.5563414303439961,0.3111111111111111,2490.0,,0.3822467095194369,segment_p95_plastic_zone_ratio_to_radius too large,True,False,1.1011358699166418,,,0.0,6.320271225665807,2.1090184830466145,83.0
P0069,SH_ST,min_max_sweep_100_lhs,2261,segment_p95,segment_p95,,,,,4.25038746551137,1.4167958218371233,,,3.030438795051469,1.0101462650171564,,,,,,4.50283081691002,1.5009436056366734,71.85056598680528,disabled_plastic_zone_only,1077.0,SH_ST,plastic_estimate,,2.9646801,0.08826027272727271,19.428686868686867,17.599367909090912,5.97979797979798,38.484848484848484,0.5,0.3195293508164918,0.0002740992743583049,0.5125993436205171,0.38,2553.939393939394,,0.17816549331700848,,False,True,0.7083979109185616,,,0.0,4.288410301819067,1.3978887682185852,2.0
P0069,Interbedded_ST,min_max_sweep_100_lhs,924,segment_p95,segment_p95,,,,,6.920123152966902,2.306707717655634,,,6.611192680652033,2.203730893550678,,,,,,6.938887864469484,2.312962621489828,740.3439093633043,disabled_plastic_zone_only,767.0,Interbedded_ST,plastic_estimate,segment_p95_plastic_zone_ratio_to_radius too large,1.7795994000000002,0.081532,21.451515151515153,1.61865,8.313131313131313,39.24242424242424,0.5,0.46052803637495937,0.000303232687687869,0.5119683685590383,0.305959595959596,2520.0,,0.09101112131415164,segment_p95_plastic_zone_ratio_to_radius too large,True,False,1.153353858827817,,,0.0,6.60846463282808,2.1912588767521863,39.0
P0069,Fault,min_max_sweep_100_lhs,246,segment_p95,segment_p95,,,,,5.801366118462614,1.9337887061542045,,,5.468201300330414,1.8227337667768044,,,,,,5.83083568591186,1.9436118953039534,257.0560588608427,disabled_plastic_zone_only,1429.0,Fault,plastic_estimate,,0.24444444444444446,0.02101010101010101,18.303030303030305,12.575757575757574,5.787878787878788,22.12121212121212,0.5,0.14188366156471818,3.092831706496307e-05,0.5379273121574687,0.32121212121212117,2490.0,,0.25752474237322726,,False,True,0.9668943530771023,,,0.0,5.5531768437255815,1.8486823706716042,38.0
P0070,SH_ST,min_max_sweep_100_lhs,2261,segment_p95,segment_p95,,,,,4.88259969137315,1.6275332304577166,,,3.6504268445045525,1.216808948168184,,,,,,5.135043042771801,1.711681014257267,132.02235324250685,disabled_plastic_zone_only,1077.0,SH_ST,plastic_estimate,,2.9646801,0.017021836363636363,41.69050505050505,18.742738272727273,6.464646464646465,29.545454545454547,0.5,0.22568162118468582,8.322694587016918e-05,0.5230377480784557,0.38,2444.040404040404,,0.38810325476992147,,False,True,0.8137666152288583,,,0.0,4.890517183592191,1.607833560878578,19.0
P0070,Interbedded_ST,min_max_sweep_100_lhs,924,segment_p95,segment_p95,,,,,6.477549372644788,2.1591831242149295,,,6.168618900329921,2.0562063001099737,,,,,,6.49631408414737,2.1654380280491234,485.3681242242478,disabled_plastic_zone_only,767.0,Interbedded_ST,plastic_estimate,segment_p95_plastic_zone_ratio_to_radius too large,1.8135737090909092,0.144207,20.926262626262627,1.61865,9.222222222222221,45.0,0.5,0.6720439165487686,0.0006533919798673806,0.5080857390944207,0.34818181818181815,2520.0,,0.268299153147638,segment_p95_plastic_zone_ratio_to_radius too large,True,False,1.0795915621074648,,,0.0,6.186965794426068,2.060501788123194,1.0
P0070,Fault,min_max_sweep_100_lhs,246,segment_p95,segment_p95,,,,,7.197700604853328,2.399233534951109,,,6.864535786721126,2.288178595573709,,,,,,7.227170172302573,2.4090567241008576,974.5673622137676,disabled_plastic_zone_only,1429.0,Fault,plastic_estimate,segment_p95_plastic_zone_ratio_to_radius too large,0.2484848484848485,0.02414141414141414,17.292929292929294,5.0,4.363636363636363,18.181818181818183,0.5,0.0886731485144214,1.829119229940759e-05,0.5493821293910376,0.32525252525252524,2490.0,,0.14569941842669115,segment_p95_plastic_zone_ratio_to_radius too large,True,False,1.1996167674755545,,,0.0,6.883019211716737,2.283601388871348,96.0
P0071,SH_ST,min_max_sweep_100_lhs,2261,segment_p95,segment_p95,,,,,5.797418753275084,1.932472917758361,,,4.550222645378872,1.5167408817929575,,,,,,6.049862104673734,2.0166207015579114,316.91162425966877,disabled_plastic_zone_only,1077.0,SH_ST,plastic_estimate,,2.9646801,0.07440835454545455,36.43424242424242,11.691954363636361,7.272727272727273,25.151515151515152,0.5,0.20595816726612126,4.632642710969407e-05,0.5309507896383611,0.38,2478.3838383838383,,0.07564534231200896,,False,True,0.9662364588791805,,,0.0,5.761773433022604,1.8808142978795068,66.0
P0071,Interbedded_ST,min_max_sweep_100_lhs,924,segment_p95,segment_p95,,,,,7.475132840284719,2.491710946761573,,,7.166202367969852,2.3887341226566177,,,,,,7.493897551787301,2.497965850595767,1256.7067316854227,disabled_plastic_zone_only,767.0,Interbedded_ST,plastic_estimate,segment_p95_plastic_zone_ratio_to_radius too large,1.9882987272727275,0.09064836363636364,19.14848484848485,1.61865,9.171717171717171,32.42424242424242,0.5,0.36722935176620985,0.00012216951504070858,0.5189777089558295,0.3117171717171717,2520.0,,0.12513008876645243,segment_p95_plastic_zone_ratio_to_radius too large,True,False,1.2458554733807865,,,0.0,7.137045287416478,2.3680571669572084,83.0
P0071,Fault,min_max_sweep_100_lhs,246,segment_p95,segment_p95,,,,,6.477397892585207,2.159132630861736,,,6.144233074453008,2.0480776914843357,,,,,,6.506867460034453,2.1689558200114845,490.28117837731776,disabled_plastic_zone_only,1429.0,Fault,plastic_estimate,segment_p95_plastic_zone_ratio_to_radius too large,0.4303030303030303,0.025454545454545455,16.525252525252526,7.929292929292929,3.5757575757575757,20.303030303030305,0.5,0.08038588064441207,2.427016775392515e-05,0.5428421231752298,0.34494949494949495,2490.0,,0.24234261810019397,segment_p95_plastic_zone_ratio_to_radius too large,True,False,1.079566315430868,,,0.0,6.197016628604242,2.0611951931990093,74.0
P0072,SH_ST,min_max_sweep_100_lhs,2261,segment_p95,segment_p95,,,,,6.058892191539092,2.0196307305130308,,,4.807681235045525,1.6025604116818417,,,,,,6.311335542937743,2.103778514312581,406.8077062850924,disabled_plastic_zone_only,1077.0,SH_ST,plastic_estimate,segment_p95_plastic_zone_ratio_to_radius too large,2.9646801,0.15751986363636364,25.303333333333335,3.878923545454545,7.070707070707071,35.303030303030305,0.5,0.32470194949623327,0.00017933363106421065,0.5156266600006871,0.38,2469.7979797979797,,0.10551984491378433,segment_p95_plastic_zone_ratio_to_radius too large,True,False,1.0098153652565154,,,0.0,6.010795755178804,1.9647966672238366,74.0
P0072,Interbedded_ST,min_max_sweep_100_lhs,924,segment_p95,segment_p95,,,,,7.04000937594296,2.346669791980987,,,6.731078903628093,2.243692967876031,,,,,,7.058774087445542,2.352924695815181,830.0101326009412,disabled_plastic_zone_only,767.0,Interbedded_ST,plastic_estimate,segment_p95_plastic_zone_ratio_to_radius too large,1.6776764727272728,0.11571836363636363,20.885858585858585,1.61865,8.818181818181818,37.72727272727273,0.5,0.4545023205473242,0.0002477648856942644,0.5132630045628501,0.31363636363636366,2520.0,,0.18259361289664322,segment_p95_plastic_zone_ratio_to_radius too large,True,False,1.1733348959904935,,,0.0,6.7226419880433745,2.2336592502463772,48.0
P0072,Fault,min_max_sweep_100_lhs,246,segment_p95,segment_p95,,,,,5.222828813117834,1.7409429377059447,,,4.889663994985632,1.6298879983285441,,,,,,5.25229838056708,1.750766126855693,147.7383815091102,disabled_plastic_zone_only,1429.0,Fault,plastic_estimate,,0.4505050505050505,0.027777777777777776,18.464646464646464,12.676767676767676,5.878787878787879,28.03030303030303,0.5,0.1909434764534429,6.800294152796305e-05,0.5255089242595299,0.3404040404040404,2490.0,,0.16120803999591887,,False,True,0.8704714688529723,,,0.0,5.002188933873409,1.661351790414207,11.0
P0073,SH_ST,min_max_sweep_100_lhs,2261,segment_p95,segment_p95,,,,,8.441042655336911,2.8136808851123036,,,7.156891116227404,2.385630372075801,,,,,,8.693486006735561,2.897828668911854,3941.2641027134227,disabled_plastic_zone_only,1077.0,SH_ST,plastic_estimate,segment_p95_plastic_zone_ratio_to_radius too large,2.9646801,0.1159641090909091,29.322828282828283,0.829935909090909,5.8989898989899,26.666666666666668,0.5,0.17955344720280247,5.6697650936635075e-05,0.5279567802674544,0.38,2500.7070707070707,,0.002509947964493414,segment_p95_plastic_zone_ratio_to_radius too large,True,False,1.4068404425561518,,,0.0,8.279510482605298,2.7111579258363983,98.0
P0073,Interbedded_ST,min_max_sweep_100_lhs,924,segment_p95,segment_p95,,,,,6.580779019852978,2.193593006617659,,,6.271848547538109,2.0906161825127034,,,,,,6.59954373135556,2.199847910451853,535.614384376441,disabled_plastic_zone_only,767.0,Interbedded_ST,plastic_estimate,segment_p95_plastic_zone_ratio_to_radius too large,1.978591781818182,0.062159727272727276,21.693939393939395,1.61865,7.555555555555555,43.63636363636364,0.5,0.5159736626687826,0.0005447674698613483,0.5088754403293492,0.23878787878787877,2520.0,,0.2846240179573513,segment_p95_plastic_zone_ratio_to_radius too large,True,False,1.0967965033088296,,,0.0,6.285279744148152,2.0938845272091204,10.0
P0073,Fault,min_max_sweep_100_lhs,246,segment_p95,segment_p95,,,,,5.605819744702089,1.868606581567363,,,5.27265492656989,1.757551642189963,,,,,,5.635289312151335,1.8784297707171118,213.2068639423226,disabled_plastic_zone_only,1429.0,Fault,plastic_estimate,,0.2363636363636364,0.027373737373737373,17.656565656565657,11.06060606060606,4.333333333333334,25.454545454545453,0.5,0.1245003837204542,4.823653003594919e-05,0.530327552717188,0.30606060606060603,2490.0,,0.2996428935822875,,False,True,0.9343032907836815,,,0.0,5.366942202048891,1.7890980531766536,22.0
P0074,SH_ST,min_max_sweep_100_lhs,2261,segment_p95,segment_p95,,,,,4.947600673982824,1.6492002246609412,,,3.7142778760729227,1.2380926253576408,,,,,,5.200044025381475,1.7333480084604915,140.5174288121654,disabled_plastic_zone_only,1077.0,SH_ST,plastic_estimate,,2.9646801,0.19116023636363635,39.83535353535353,14.550380272727272,6.505050505050505,32.121212121212125,0.5,0.256726399038075,0.0001173317634859323,0.5193693243702919,0.38,2497.2727272727275,,0.2181614121008061,,False,True,0.8246001123304706,,,0.0,4.95242288131569,1.6198427311160313,23.0
P0074,Interbedded_ST,min_max_sweep_100_lhs,924,segment_p95,segment_p95,,,,,7.578755385082328,2.526251795027443,,,7.269824912767462,2.4232749709224874,,,,,,7.597520096584912,2.532506698861637,1387.1586356066762,disabled_plastic_zone_only,767.0,Interbedded_ST,plastic_estimate,segment_p95_plastic_zone_ratio_to_radius too large,1.871815381818182,0.08722972727272726,19.22929292929293,1.61865,11.494949494949495,31.21212121212121,0.5,0.43443649082885794,0.00010393787722042512,0.5205927775781345,0.27525252525252525,2520.0,,0.07746148352208955,segment_p95_plastic_zone_ratio_to_radius too large,True,False,1.2631258975137214,,,0.0,7.235733425318964,2.3983641823751882,92.0
P0074,Fault,min_max_sweep_100_lhs,246,segment_p95,segment_p95,,,,,7.27766893878152,2.425889646260507,,,6.944504120649321,2.314834706883107,,,,,,7.307138506230766,2.4357128354102553,1051.7694367884844,disabled_plastic_zone_only,1429.0,Fault,plastic_estimate,segment_p95_plastic_zone_ratio_to_radius too large,0.5111111111111111,0.023838383838383836,17.09090909090909,6.212121212121212,5.363636363636363,15.606060606060606,0.5,0.09641274778722603,1.297449238105223e-05,0.5586732111719244,0.32676767676767676,2490.0,,0.11484542393633301,segment_p95_plastic_zone_ratio_to_radius too large,True,False,1.2129448231302535,,,0.0,6.9591795297435874,2.3072867944932245,99.0
P0075,SH_ST,min_max_sweep_100_lhs,2261,segment_p95,segment_p95,,,,,7.208198135422146,2.402732711807382,,,5.940654184890332,1.9802180616301104,,,,,,7.460641486820796,2.486880495606932,1217.496309809988,disabled_plastic_zone_only,1077.0,SH_ST,plastic_estimate,segment_p95_plastic_zone_ratio_to_radius too large,2.9646801,0.1199218,24.375757575757575,1.592182818181818,4.808080808080808,33.18181818181818,0.5,0.19958398022463414,0.000135154646016651,0.5180325938326162,0.38,2562.5252525252527,,0.1251096826854403,segment_p95_plastic_zone_ratio_to_radius too large,True,False,1.201366355903691,,,0.0,7.105372844591235,2.3283548199802877,93.0
P0075,Interbedded_ST,min_max_sweep_100_lhs,924,segment_p95,segment_p95,,,,,7.65769647070035,2.5525654902334503,,,7.348765998385483,2.449588666128494,,,,,,7.6764611822029325,2.558820394067644,1495.546518421472,disabled_plastic_zone_only,767.0,Interbedded_ST,plastic_estimate,segment_p95_plastic_zone_ratio_to_radius too large,2.080514709090909,0.05760154545454546,19.31010101010101,1.61865,7.959595959595959,30.303030303030305,0.5,0.28807768974060904,9.207295620664066e-05,0.5218926724836206,0.3846464646464647,2520.0,,0.4158759310274462,segment_p95_plastic_zone_ratio_to_radius too large,True,False,1.2762827451167251,,,0.0,7.310915411621841,2.4401889377132844,100.0
P0075,Fault,min_max_sweep_100_lhs,246,segment_p95,segment_p95,,,,,6.444302283009397,2.1481007610031324,,,6.111137464877197,2.0370458216257323,,,,,,6.4737718504586415,2.1579239501528806,475.0376750846627,disabled_plastic_zone_only,1429.0,Fault,plastic_estimate,segment_p95_plastic_zone_ratio_to_radius too large,0.40202020202020206,0.024444444444444442,19.636363636363637,9.141414141414142,4.0606060606060606,19.242424242424242,0.5,0.08678976256124689,2.106965366411907e-05,0.5459965682529077,0.3277777777777778,2490.0,,0.13884297520661162,segment_p95_plastic_zone_ratio_to_radius too large,True,False,1.0740503805015662,,,0.0,6.165497000436803,2.0455793342238664,70.0
P0076,SH_ST,min_max_sweep_100_lhs,2261,segment_p95,segment_p95,,,,,6.9181449375644295,2.3060483125214764,,,5.654577833177502,1.8848592777258337,,,,,,7.17058828896308,2.3901960963210267,923.3878214560762,disabled_plastic_zone_only,1077.0,SH_ST,plastic_estimate,segment_p95_plastic_zone_ratio_to_radius too large,2.9646801,0.13971025454545455,32.41474747474747,3.688361818181818,4.7272727272727275,26.21212121212121,0.5,0.14080771145161547,5.336348548087397e-05,0.5288234478791446,0.38,2502.4242424242425,,0.023242526272829314,segment_p95_plastic_zone_ratio_to_radius too large,True,False,1.1530241562607382,,,0.0,6.829131703774363,2.2317565842640676,87.0
P0076,Interbedded_ST,min_max_sweep_100_lhs,924,segment_p95,segment_p95,,,,,6.81358236145269,2.27119412048423,,,6.504651889137822,2.1682172963792743,,,,,,6.832347072955272,2.277449024318424,668.8120913241679,disabled_plastic_zone_only,767.0,Interbedded_ST,plastic_estimate,segment_p95_plastic_zone_ratio_to_radius too large,1.8572549636363638,0.05076427272727273,22.25959595959596,1.61865,10.484848484848484,40.60606060606061,0.5,0.6198042263915033,0.0003636961036225436,0.5109098940763594,0.21767676767676766,2520.0,,0.44721967146209574,segment_p95_plastic_zone_ratio_to_radius too large,True,False,1.135597060242115,,,0.0,6.506997212338354,2.175458221222362,31.0
P0076,Fault,min_max_sweep_100_lhs,246,segment_p95,segment_p95,,,,,6.171449481837789,2.057149827279263,,,5.83828466370559,1.9460948879018634,,,,,,6.200919049287036,2.066973016429012,366.10106433251303,disabled_plastic_zone_only,1429.0,Fault,plastic_estimate,segment_p95_plastic_zone_ratio_to_radius too large,0.40606060606060607,0.02898989898989899,16.96969696969697,7.424242424242424,5.212121212121213,23.939393939393938,0.5,0.1393248939653402,3.941302780308081e-05,0.5335735463147955,0.30757575757575756,2490.0,,0.2777675747372718,segment_p95_plastic_zone_ratio_to_radius too large,True,False,1.0285749136396316,,,0.0,5.9056371897971776,1.966447001926023,58.0
P0077,SH_ST,min_max_sweep_100_lhs,2261,segment_p95,segment_p95,,,,,4.324557486778135,1.4415191622593782,,,3.103045106193382,1.0343483687311275,,,,,,4.577000838176787,1.5256669460589287,77.18270170875194,disabled_plastic_zone_only,1077.0,SH_ST,plastic_estimate,,2.9646801,0.15949870909090907,31.177979797979795,17.408806181818182,7.95959595959596,37.27272727272727,0.5,0.40146507033919954,0.00023319480899116346,0.513677591125209,0.38,2473.2323232323233,,0.0815222936435058,,False,True,0.7207595811296891,,,0.0,4.359048417311225,1.4164554839916872,3.0
P0077,Interbedded_ST,min_max_sweep_100_lhs,924,segment_p95,segment_p95,,,,,7.003866224638102,2.3346220748793676,,,6.694935752323236,2.231645250774412,,,,,,7.022630936140686,2.340876978713562,801.891783156193,disabled_plastic_zone_only,767.0,Interbedded_ST,plastic_estimate,segment_p95_plastic_zone_ratio_to_radius too large,1.653409109090909,0.12027654545454546,18.3,1.61865,10.181818181818182,38.18181818181818,0.5,0.5362690176464308,0.00026324530485332575,0.5128607927859652,0.28868686868686866,2520.0,,0.41963064993368027,segment_p95_plastic_zone_ratio_to_radius too large,True,False,1.1673110374396838,,,0.0,6.6882199391816055,2.234108798412768,49.0
P0077,Fault,min_max_sweep_100_lhs,246,segment_p95,segment_p95,,,,,5.500709117011452,1.8335697056704838,,,5.167544298879252,1.7225147662930842,,,,,,5.530178684460697,1.8433928948202325,192.8019657014416,disabled_plastic_zone_only,1429.0,Fault,plastic_estimate,,0.34545454545454546,0.02303030303030303,19.555555555555557,8.333333333333334,4.636363636363637,29.84848484848485,0.5,0.1642085552631302,8.665850843106913e-05,0.5225727666600489,0.31767676767676767,2490.0,,0.18406285072951742,,False,True,0.9167848528352419,,,0.0,5.266836842343522,1.7501591506316116,18.0
P0078,SH_ST,min_max_sweep_100_lhs,2261,segment_p95,segment_p95,,,,,5.95786347471597,1.98595449157199,,,4.70818370240117,1.5693945674670566,,,,,,6.210306826114621,2.0701022753715406,369.39793571504777,disabled_plastic_zone_only,1077.0,SH_ST,plastic_estimate,,2.9646801,0.19313908181818182,31.796363636363637,4.450608727272726,4.888888888888889,35.151515151515156,0.5,0.22289420626886997,0.0001757470792014269,0.5157874582776657,0.38,2543.6363636363635,,0.19040914192429353,,False,True,0.992977245785995,,,0.0,5.914577929632974,1.9371689773623058,72.0
P0078,Interbedded_ST,min_max_sweep_100_lhs,924,segment_p95,segment_p95,,,,,6.754898269523517,2.2516327565078393,,,6.445967797208651,2.1486559324028836,,,,,,6.773662981026101,2.2578876603420337,632.403462726633,disabled_plastic_zone_only,767.0,Interbedded_ST,plastic_estimate,segment_p95_plastic_zone_ratio_to_radius too large,1.9154966363636365,0.12711381818181816,20.764646464646464,1.61865,11.747474747474747,41.36363636363636,0.5,0.7199528970876091,0.00040235256828481973,0.510362125879994,0.3193939393939394,2520.0,,0.12333435363738399,segment_p95_plastic_zone_ratio_to_radius too large,True,False,1.1258163782539197,,,0.0,6.451107600977239,2.140750521567757,24.0
P0078,Fault,min_max_sweep_100_lhs,246,segment_p95,segment_p95,,,,,5.622564052158361,1.8741880173861203,,,5.289399234026159,1.7631330780087202,,,,,,5.652033619607606,1.8840112065358687,216.65019447748938,disabled_plastic_zone_only,1429.0,Fault,plastic_estimate,,0.5757575757575756,0.022222222222222223,18.02020202020202,12.171717171717171,5.484848484848484,24.242424242424242,0.5,0.14874614695665841,4.103808167483707e-05,0.5328978560261884,0.3414141414141414,2490.0,,0.3024181205999389,,False,True,0.9370940086930601,,,0.0,5.382889161531054,1.794519244856003,23.0
P0079,SH_ST,min_max_sweep_100_lhs,2261,segment_p95,segment_p95,,,,,5.335411856185919,1.7784706187286399,,,4.095527327476863,1.3651757758256209,,,,,,5.587855207584571,1.8626184025281902,203.74531980286403,disabled_plastic_zone_only,1077.0,SH_ST,plastic_estimate,,2.9646801,0.1496044818181818,31.48717171717172,10.167460545454544,7.111111111111111,31.96969696969697,0.5,0.27862743902742226,0.00011498520722430451,0.5195681189151514,0.38,2493.838383838384,,0.038751147842056965,,False,True,0.8892353093643199,,,0.0,5.321766864366258,1.7332174122885944,42.0
P0079,Interbedded_ST,min_max_sweep_100_lhs,924,segment_p95,segment_p95,,,,,6.743202257569277,2.247734085856426,,,6.434271785254411,2.1447572617514705,,,,,,6.76196696907186,2.2539889896906202,625.3870945995384,disabled_plastic_zone_only,767.0,Interbedded_ST,plastic_estimate,segment_p95_plastic_zone_ratio_to_radius too large,1.6679695272727273,0.06102018181818182,21.613131313131316,1.61865,11.09090909090909,41.515151515151516,0.5,0.6846366543475786,0.00041056356308390727,0.5102558530954865,0.3385858585858586,2520.0,,0.2836445260687685,segment_p95_plastic_zone_ratio_to_radius too large,True,False,1.123867042928213,,,0.0,6.439968541973201,2.1450762168942386,25.0
P0079,Fault,min_max_sweep_100_lhs,246,segment_p95,segment_p95,,,,,6.883411121395139,2.29447037379838,,,6.550246303262939,2.1834154344209793,,,,,,6.912880688844384,2.304293562948128,722.2072935518394,disabled_plastic_zone_only,1429.0,Fault,plastic_estimate,segment_p95_plastic_zone_ratio_to_radius too large,0.3656565656565657,0.02212121212121212,19.434343434343436,8.131313131313131,4.424242424242424,16.515151515151516,0.5,0.0830452270622862,1.4646441818079538e-05,0.555210397706093,0.3181818181818182,2490.0,,0.1899398020610142,segment_p95_plastic_zone_ratio_to_radius too large,True,False,1.14723518689919,,,0.0,6.583695894137509,2.186662559104945,92.0
P0080,SH_ST,min_max_sweep_100_lhs,2261,segment_p95,segment_p95,,,,,5.620674957486431,1.8735583191621437,,,4.376214821661252,1.4587382738870842,,,,,,5.873118308885082,1.957706102961694,267.6598304291466,disabled_plastic_zone_only,1077.0,SH_ST,plastic_estimate,,2.9646801,0.06253528181818183,36.1250505050505,13.025886454545452,5.737373737373737,25.606060606060606,0.5,0.16603328910023754,4.9220915195809375e-05,0.5300206240740349,0.38,2432.020202020202,,0.22044689317416588,,False,True,0.9367791595810718,,,0.0,5.593446008461983,1.8322959160369088,60.0
P0080,Interbedded_ST,min_max_sweep_100_lhs,924,segment_p95,segment_p95,,,,,7.210885965485576,2.403628655161859,,,6.901955493170709,2.300651831056903,,,,,,7.229650676988158,2.4098835589960528,976.8747527211966,disabled_plastic_zone_only,767.0,Interbedded_ST,plastic_estimate,segment_p95_plastic_zone_ratio_to_radius too large,1.7844528727272728,0.10774154545454545,21.41111111111111,1.61865,7.151515151515151,35.60606060606061,0.5,0.33318618777034387,0.0001867278057252655,0.5153098953534061,0.2195959595959596,2520.0,,0.26797265585144375,segment_p95_plastic_zone_ratio_to_radius too large,True,False,1.2018143275809294,,,0.0,6.88538159713158,2.2918356979045855,63.0
P0080,Fault,min_max_sweep_100_lhs,246,segment_p95,segment_p95,,,,,5.172104046498729,1.7240346821662431,,,4.83893922836653,1.612979742788843,,,,,,5.201573613947975,1.7338578713159918,140.72373470200236,disabled_plastic_zone_only,1429.0,Fault,plastic_estimate,,0.5838383838383838,0.029292929292929294,17.8989898989899,14.595959595959595,4.606060606060606,26.96969696969697,0.5,0.14223701142147405,5.903537382446805e-05,0.5273934215176133,0.3368686868686869,2490.0,,0.3620038771553925,,False,True,0.8620173410831216,,,0.0,4.953879632331406,1.655389126136392,8.0
P0081,SH_ST,min_max_sweep_100_lhs,2261,segment_p95,segment_p95,,,,,5.431872128520488,1.8106240428401625,,,4.190409081422938,1.3968030271409797,,,,,,5.684315479919139,1.8947718266397129,223.44569625094647,disabled_plastic_zone_only,1077.0,SH_ST,plastic_estimate,,2.9646801,0.1535621727272727,15.409191919191919,5.403417363636363,6.424242424242424,38.78787878787879,0.5,0.34826757476297887,0.0002854007680995882,0.512343123262325,0.38,2471.5151515151515,,0.26436077951229464,,False,True,0.9053120214200813,,,0.0,5.41363379039918,1.7749288131205117,55.0
P0081,Interbedded_ST,min_max_sweep_100_lhs,924,segment_p95,segment_p95,,,,,7.248014105859827,2.416004701953276,,,6.9390836335449615,2.3130278778483206,,,,,,7.266778817362411,2.4222596057874703,1012.0711420161064,disabled_plastic_zone_only,767.0,Interbedded_ST,plastic_estimate,segment_p95_plastic_zone_ratio_to_radius too large,2.0513938727272727,0.06785745454545455,18.906060606060606,1.61865,11.242424242424242,35.15151515151515,0.5,0.5125645693744881,0.0001757470792014269,0.5157874582776657,0.27141414141414144,2520.0,,0.27450260177532915,segment_p95_plastic_zone_ratio_to_radius too large,True,False,1.208002350976638,,,0.0,6.920741730821344,2.3038752394855138,65.0
P0081,Fault,min_max_sweep_100_lhs,246,segment_p95,segment_p95,,,,,5.094424003259367,1.698141334419789,,,4.761259185127166,1.5870863950423892,,,,,,5.123893570708613,1.7079645235695375,130.61732231601766,disabled_plastic_zone_only,1429.0,Fault,plastic_estimate,,0.31313131313131315,0.02707070707070707,16.848484848484848,13.080808080808081,5.303030303030303,29.090909090909093,0.5,0.18116537983038852,7.83326971081007e-05,0.5237530726127502,0.34444444444444444,2490.0,,0.25932047750229575,,False,True,0.8490706672098945,,,0.0,4.879898638770108,1.6257487520365572,3.0
P0082,SH_ST,min_max_sweep_100_lhs,2261,segment_p95,segment_p95,,,,,5.3883017737185845,1.7961005912395283,,,4.147551731100325,1.3825172437001083,,,,,,5.640745125117236,1.8802483750390786,214.32278210409035,disabled_plastic_zone_only,1077.0,SH_ST,plastic_estimate,,2.9646801,0.040767981818181816,19.11949494949495,5.59397909090909,4.96969696969697,38.63636363636364,0.5,0.2674777066566816,0.00027969294491888777,0.5124705864258157,0.38,2426.868686868687,,0.3748801142740537,,False,True,0.8980502956197641,,,0.0,5.372138214397368,1.7667093703079995,53.0
P0082,Interbedded_ST,min_max_sweep_100_lhs,924,segment_p95,segment_p95,,,,,6.708192988037948,2.2360643293459828,,,6.399262515723081,2.1330875052410274,,,,,,6.726957699540531,2.242319233180177,604.8463345199926,disabled_plastic_zone_only,767.0,Interbedded_ST,plastic_estimate,segment_p95_plastic_zone_ratio_to_radius too large,1.692236890909091,0.08495063636363637,21.007070707070707,1.61865,11.848484848484848,41.96969696969697,0.5,0.7474052296522381,0.00043621568901033614,0.5099434002680588,0.37888888888888894,2520.0,,0.243648607284971,segment_p95_plastic_zone_ratio_to_radius too large,True,False,1.1180321646729914,,,0.0,6.406626380514792,2.1320318299719503,20.0
P0082,Fault,min_max_sweep_100_lhs,246,segment_p95,segment_p95,,,,,6.581022029917614,2.193674009972538,,,6.247857211785414,2.0826190705951384,,,,,,6.61049159736686,2.2034971991222867,541.2386852581811,disabled_plastic_zone_only,1429.0,Fault,plastic_estimate,segment_p95_plastic_zone_ratio_to_radius too large,0.296969696969697,0.024545454545454544,18.383838383838384,9.94949494949495,4.696969696969697,17.272727272727273,0.5,0.09140305432652292,1.6203180135948035e-05,0.5524807910270577,0.3313131313131313,2490.0,,0.07484950515253547,segment_p95_plastic_zone_ratio_to_radius too large,True,False,1.096837004986269,,,0.0,6.295706283206534,2.0855114856386354,80.0
P0083,SH_ST,min_max_sweep_100_lhs,2261,segment_p95,segment_p95,,,,,5.201730337528454,1.7339101125094845,,,3.9640592843218676,1.3213530947739558,,,,,,5.454173688927104,1.8180578963090346,179.2691717148979,disabled_plastic_zone_only,1077.0,SH_ST,plastic_estimate,,2.9646801,0.12585833636363636,17.573535353535352,13.597571636363634,7.434343434343434,29.696969696969695,0.5,0.26141317453202634,8.492539661598396e-05,0.5228040831837348,0.38,2433.7373737373737,,0.2870523415977961,,False,True,0.8669550562547422,,,0.0,5.194451132311528,1.703459135733252,37.0
P0083,Interbedded_ST,min_max_sweep_100_lhs,924,segment_p95,segment_p95,,,,,7.604947936170273,2.534982645390091,,,7.296017463855405,2.4320058212851348,,,,,,7.623712647672853,2.5412375492242845,1422.222167534153,disabled_plastic_zone_only,767.0,Interbedded_ST,plastic_estimate,segment_p95_plastic_zone_ratio_to_radius too large,1.6339952181818183,0.09292745454545455,21.16868686868687,1.61865,10.535353535353536,30.90909090909091,0.5,0.39246548372641915,9.982207446099097e-05,0.5210173524443397,0.3654545454545455,2520.0,,0.2968676665646363,segment_p95_plastic_zone_ratio_to_radius too large,True,False,1.2674913226950455,,,0.0,7.260678712069385,2.417597617763393,95.0
P0083,Fault,min_max_sweep_100_lhs,246,segment_p95,segment_p95,,,,,6.2976858848423785,2.099228628280793,,,5.96452106671018,1.988173688903393,,,,,,6.327155452291624,2.1090518174305415,412.99849374261504,disabled_plastic_zone_only,1429.0,Fault,plastic_estimate,segment_p95_plastic_zone_ratio_to_radius too large,0.35757575757575755,0.027878787878787878,16.32323232323232,5.202020202020202,3.1818181818181817,26.515151515151516,0.5,0.0961519322844195,5.556373609659349e-05,0.5282427563606605,0.3101010101010101,2490.0,,0.28690949903071117,segment_p95_plastic_zone_ratio_to_radius too large,True,False,1.0496143141403964,,,0.0,6.025862335515834,2.00672867766,64.0
P0084,SH_ST,min_max_sweep_100_lhs,2261,segment_p95,segment_p95,,,,,4.915105970453526,1.638368656817842,,,3.6823580456710783,1.2274526818903593,,,,,,5.167549321852176,1.722516440617392,136.2049158720506,disabled_plastic_zone_only,1077.0,SH_ST,plastic_estimate,,2.9646801,0.1337737181818182,27.158484848484846,10.548583999999998,7.353535353535354,36.515151515151516,0.5,0.3577550212423925,0.00021079036173829528,0.5143971076339843,0.38,2481.818181818182,,0.0366289154167942,,False,True,0.819184328408921,,,0.0,4.921475544621121,1.6005148010017547,17.0
P0084,Interbedded_ST,min_max_sweep_100_lhs,924,segment_p95,segment_p95,,,,,7.076312390953676,2.358770796984559,,,6.767381918638809,2.255793972879603,,,,,,7.0950771024562584,2.365025700818753,859.2441876338315,disabled_plastic_zone_only,767.0,Interbedded_ST,plastic_estimate,segment_p95_plastic_zone_ratio_to_radius too large,1.9543244181818182,0.11116018181818182,20.360606060606063,1.61865,8.01010101010101,37.27272727272727,0.5,0.40401243753678323,0.00023319480899116346,0.513677591125209,0.25606060606060604,2520.0,,0.11860014284256715,segment_p95_plastic_zone_ratio_to_radius too large,True,False,1.1793853984922795,,,0.0,6.75721628805358,2.2419123136220542,51.0
P0084,Fault,min_max_sweep_100_lhs,246,segment_p95,segment_p95,,,,,6.440904156775279,2.1469680522584262,,,6.107739338643077,2.035913112881026,,,,,,6.470373724224524,2.156791241408175,473.49955951599907,disabled_plastic_zone_only,1429.0,Fault,plastic_estimate,segment_p95_plastic_zone_ratio_to_radius too large,0.4787878787878788,0.027474747474747475,18.626262626262626,11.565656565656566,3.212121212121212,17.12121212121212,0.5,0.062058523361837245,1.58791274440199e-05,0.5530157397211477,0.34747474747474744,2490.0,,0.2612794612794614,segment_p95_plastic_zone_ratio_to_radius too large,True,False,1.0734840261292131,,,0.0,6.162260689737643,2.050629130608412,72.0
P0085,SH_ST,min_max_sweep_100_lhs,2261,segment_p95,segment_p95,,,,,5.776709974702554,1.9255699915675177,,,4.529834436134091,1.5099448120446965,,,,,,6.029153326101204,2.009717775367068,310.70299233117146,disabled_plastic_zone_only,1077.0,SH_ST,plastic_estimate,,2.9646801,0.15554101818181817,45.71,4.831732181818181,7.474747474747475,36.21212121212121,0.5,0.35844225657031914,0.00020244334161718323,0.514695244600451,0.38,2523.030303030303,,0.25407611468217534,,False,True,0.9627849957837589,,,0.0,5.742050786763052,1.8832027099245383,67.0
P0085,Interbedded_ST,min_max_sweep_100_lhs,924,segment_p95,segment_p95,,,,,7.373223303088485,2.4577411010294954,,,7.06429283077362,2.35476427692454,,,,,,7.391988014591069,2.4639960048636897,1140.3745781345508,disabled_plastic_zone_only,767.0,Interbedded_ST,plastic_estimate,segment_p95_plastic_zone_ratio_to_radius too large,1.9349105272727274,0.10546245454545454,18.784848484848485,1.61865,7.909090909090909,33.63636363636364,0.5,0.33549094439124766,0.0001435991459939969,0.5174880169880441,0.22343434343434343,2520.0,,0.30143862871135596,segment_p95_plastic_zone_ratio_to_radius too large,True,False,1.2288705505147477,,,0.0,7.039988585324828,2.344722561386594,75.0
P0085,Fault,min_max_sweep_100_lhs,246,segment_p95,segment_p95,,,,,5.71249890667993,1.9041663022266435,,,5.379334088547731,1.7931113628492432,,,,,,5.741968474129176,1.913989491376392,236.11408673363633,disabled_plastic_zone_only,1429.0,Fault,plastic_estimate,,0.5151515151515151,0.025656565656565655,18.424242424242426,13.484848484848484,4.666666666666667,22.272727272727273,0.5,0.11522671456352325,3.1559485524126905e-05,0.5375440046686026,0.3207070707070707,2490.0,,0.08464442403836346,,False,True,0.9520831511133218,,,0.0,5.468541403932549,1.8120028653234193,27.0
P0086,SH_ST,min_max_sweep_100_lhs,2261,segment_p95,segment_p95,,,,,9.0,3.0,,,7.793254182933055,2.597751394311018,,,,,,9.0,3.0,7382.846176683197,disabled_plastic_zone_only,1077.0,SH_ST,plastic_reaches_4a_estimate,segment_p95_plastic_zone_ratio_to_radius too large; plastic zone reaches 4a check limit,2.9646801,0.06649297272727273,38.907777777777774,0.25825072727272724,6.707070707070708,32.72727272727273,0.5,0.27244979943101233,0.00012720673381058853,0.5185939255859529,0.38,2428.5858585858587,,0.261095806550352,segment_p95_plastic_zone_ratio_to_radius too large; plastic zone reaches 4a check limit,True,False,1.5,,,0.0,8.907049943988884,2.9194647791252946,99.0
P0086,Interbedded_ST,min_max_sweep_100_lhs,924,segment_p95,segment_p95,,,,,6.967877401366803,2.322625800455601,,,6.658946929051935,2.219648976350645,,,,,,6.986642112869385,2.3288807042897948,774.8388797207227,disabled_plastic_zone_only,767.0,Interbedded_ST,plastic_estimate,segment_p95_plastic_zone_ratio_to_radius too large,1.8087202363636365,0.12369518181818182,21.532323232323233,1.61865,8.515151515151516,38.63636363636364,0.5,0.45830021689346057,0.00027969294491888777,0.5124705864258157,0.21,2520.0,,0.36592184470972355,segment_p95_plastic_zone_ratio_to_radius too large,True,False,1.1613129002278004,,,0.0,6.653944869399414,2.2200697412862196,45.0
P0086,Fault,min_max_sweep_100_lhs,246,segment_p95,segment_p95,,,,,6.76905831401737,2.2563527713391234,,,6.43589349588517,2.1452978319617237,,,,,,6.798527881466616,2.266175960488872,647.5820111121033,disabled_plastic_zone_only,1429.0,Fault,plastic_estimate,segment_p95_plastic_zone_ratio_to_radius too large,0.2646464646464647,0.023434343434343433,18.545454545454547,10.454545454545453,4.242424242424242,15.303030303030303,0.5,0.0751661582907605,1.2460719606657929e-05,0.5598749110444853,0.3292929292929293,2490.0,,0.13198653198653196,segment_p95_plastic_zone_ratio_to_radius too large,True,False,1.1281763856695617,,,0.0,6.474788458539635,2.1476893075594248,87.0
P0087,SH_ST,min_max_sweep_100_lhs,2261,segment_p95,segment_p95,,,,,6.276607123525176,2.092202374508392,,,5.022154156225866,1.6740513854086219,,,,,,6.529050474923828,2.1763501583079425,500.770733628887,disabled_plastic_zone_only,1077.0,SH_ST,plastic_estimate,segment_p95_plastic_zone_ratio_to_radius too large,2.9646801,0.048683363636363636,32.105555555555554,4.260046999999999,5.05050505050505,31.363636363636363,0.5,0.19225935328339813,0.00010605898551339095,0.5203836850433791,0.38,2437.1717171717173,,0.20575451484542392,segment_p95_plastic_zone_ratio_to_radius too large,True,False,1.046101187254196,,,0.0,6.218143309451265,2.038492278073171,81.0
P0087,Interbedded_ST,min_max_sweep_100_lhs,924,segment_p95,segment_p95,,,,,7.398548676271946,2.466182892090649,,,7.089618203957079,2.363206067985693,,,,,,7.417313387774529,2.472437795924843,1168.2385317607468,disabled_plastic_zone_only,767.0,Interbedded_ST,plastic_estimate,segment_p95_plastic_zone_ratio_to_radius too large,2.065954290909091,0.07469472727272727,20.805050505050506,1.61865,8.464646464646464,33.333333333333336,0.5,0.3539127290829405,0.00013791280933656217,0.5178492315700927,0.2867676767676768,2520.0,,0.17834914804611782,segment_p95_plastic_zone_ratio_to_radius too large,True,False,1.2330914460453244,,,0.0,7.064107988356695,2.3465576396076386,76.0
P0087,Fault,min_max_sweep_100_lhs,246,segment_p95,segment_p95,,,,,6.429134463986145,2.143044821328715,,,6.095969645853945,2.031989881951315,,,,,,6.4586040314353905,2.1528680104784637,468.21048285708855,disabled_plastic_zone_only,1429.0,Fault,plastic_estimate,segment_p95_plastic_zone_ratio_to_radius too large,0.4585858585858586,0.02727272727272727,17.373737373737374,7.020202020202021,3.0,21.96969696969697,0.5,0.0730130981613797,3.0309771549970446e-05,0.5383145110596674,0.32474747474747473,2490.0,,0.07811447811447812,segment_p95_plastic_zone_ratio_to_radius too large,True,False,1.0715224106643575,,,0.0,6.1510514585098965,2.0377578236059715,67.0
P0088,SH_ST,min_max_sweep_100_lhs,2261,segment_p95,segment_p95,,,,,5.238688475803631,1.7462294919345438,,,4.00039627741595,1.333465425805317,,,,,,5.491131827202282,1.830377275734094,185.72731783127634,disabled_plastic_zone_only,1077.0,SH_ST,plastic_estimate,,2.9646801,0.07638719999999999,43.545656565656564,16.837121,8.0,26.81818181818182,0.5,0.24526722631946432,5.785470610083026e-05,0.5276736782815239,0.38,2435.4545454545455,,0.3035404550556066,,False,True,0.8731147459672719,,,0.0,5.229649359240269,1.715942954076288,39.0
P0088,Interbedded_ST,min_max_sweep_100_lhs,924,segment_p95,segment_p95,,,,,7.41124862756104,2.4704162091870137,,,7.102318155246174,2.367439385082058,,,,,,7.430013339063622,2.4766711130212076,1182.4665679068203,disabled_plastic_zone_only,767.0,Interbedded_ST,plastic_estimate,segment_p95_plastic_zone_ratio_to_radius too large,1.638848690909091,0.04962472727272728,21.815151515151516,1.61865,8.11111111111111,33.18181818181818,0.5,0.33669314311004456,0.000135154646016651,0.5180325938326162,0.2733333333333333,2520.0,,0.3975920824405673,segment_p95_plastic_zone_ratio_to_radius too large,True,False,1.2352081045935068,,,0.0,7.076203180060594,2.361526318579277,80.0
P0088,Fault,min_max_sweep_100_lhs,246,segment_p95,segment_p95,,,,,5.5968416217992365,1.865613873933079,,,5.263676803667036,1.7545589345556787,,,,,,5.626311189248482,1.8754370630828274,211.38307652336374,disabled_plastic_zone_only,1429.0,Fault,plastic_estimate,,0.37373737373737376,0.027676767676767675,19.838383838383837,13.98989898989899,5.242424242424242,23.03030303030303,0.5,0.1341979094825266,3.491387432502856e-05,0.5356844832712456,0.33888888888888885,2490.0,,0.291480461177431,,False,True,0.9328069369665395,,,0.0,5.358391608808079,1.785857547545392,21.0
P0089,SH_ST,min_max_sweep_100_lhs,2261,segment_p95,segment_p95,,,,,5.1957505488313664,1.7319168496104553,,,3.9581799962751525,1.3193933320917173,,,,,,5.448193900230017,1.8160646334100057,178.2454499717035,disabled_plastic_zone_only,1077.0,SH_ST,plastic_estimate,,2.9646801,0.12783718181818182,33.96070707070707,17.789929636363635,6.141414141414142,27.272727272727273,0.5,0.1924058316128272,6.14694842735143e-05,0.5268413295634181,0.38,2571.1111111111113,,0.13914906642179378,,False,True,0.8659584248052277,,,0.0,5.188756095457159,1.6941774910164424,35.0
P0089,Interbedded_ST,min_max_sweep_100_lhs,924,segment_p95,segment_p95,,,,,7.684258175695362,2.561419391898454,,,7.375327703380496,2.4584425677934982,,,,,,7.703022887197944,2.567674295732648,1533.8873558566816,disabled_plastic_zone_only,767.0,Interbedded_ST,plastic_estimate,segment_p95_plastic_zone_ratio_to_radius too large,1.9640313636363638,0.09862518181818182,21.330303030303032,1.61865,10.98989898989899,30.0,0.5,0.39205358345263236,8.842698865988302e-05,0.5223437749058788,0.31747474747474747,2520.0,,0.10162228344046534,segment_p95_plastic_zone_ratio_to_radius too large,True,False,1.280709695949227,,,0.0,7.336212273521852,2.432855840838314,97.0
P0089,Fault,min_max_sweep_100_lhs,246,segment_p95,segment_p95,,,,,6.473063100087196,2.1576877000290655,,,6.139898281954998,2.046632760651666,,,,,,6.502532667536444,2.1675108891788146,488.25716684111075,disabled_plastic_zone_only,1429.0,Fault,plastic_estimate,segment_p95_plastic_zone_ratio_to_radius too large,0.2202020202020202,0.028484848484848484,19.7979797979798,9.646464646464647,3.787878787878788,18.484848484848484,0.5,0.07809199643303244,1.9045363560080585e-05,0.5483902780859854,0.3095959595959596,2490.0,,0.4963575145393328,segment_p95_plastic_zone_ratio_to_radius too large,True,False,1.0788438500145328,,,0.0,6.192888254796613,2.072528414197189,77.0
P0090,SH_ST,min_max_sweep_100_lhs,2261,segment_p95,segment_p95,,,,,4.230291878413555,1.4100972928045181,,,3.0107723351496456,1.0035907783832152,,,,,,4.4827352298122065,1.4942450766040687,70.46956161925227,disabled_plastic_zone_only,1077.0,SH_ST,plastic_estimate,,2.9646801,0.08034489090909092,16.027575757575757,18.9333,5.01010101010101,37.72727272727273,0.5,0.2582281225560971,0.0002477648856942644,0.5132630045628501,0.38,2545.3535353535353,,0.23873074176104483,,False,True,0.7050486464022591,,,0.0,4.269271647440196,1.394577351377786,1.0
P0090,Interbedded_ST,min_max_sweep_100_lhs,924,segment_p95,segment_p95,,,,,7.500871609573008,2.500290536524336,,,7.191941137258142,2.3973137124193804,,,,,,7.51963632107559,2.50654544035853,1287.9180197388819,disabled_plastic_zone_only,767.0,Interbedded_ST,plastic_estimate,segment_p95_plastic_zone_ratio_to_radius too large,1.9980056727272728,0.1214160909090909,22.05757575757576,1.61865,11.545454545454545,32.121212121212125,0.5,0.45564949394490634,0.0001173317634859323,0.5193693243702919,0.3808080808080808,2520.0,,0.419140903989389,segment_p95_plastic_zone_ratio_to_radius too large,True,False,1.250145268262168,,,0.0,7.161558401024372,2.39087767660097,87.0
P0090,Fault,min_max_sweep_100_lhs,246,segment_p95,segment_p95,,,,,5.693816826089485,1.8979389420298283,,,5.360652007957285,1.7868840026524284,,,,,,5.72328639353873,1.907762131179577,231.93255455361427,disabled_plastic_zone_only,1429.0,Fault,plastic_estimate,,0.5393939393939394,0.021111111111111112,16.444444444444443,11.868686868686869,5.545454545454545,23.78787878787879,0.5,0.14716953789169773,3.862479378670452e-05,0.5339165449262623,0.32626262626262625,2490.0,,0.3396388123660851,,False,True,0.9489694710149141,,,0.0,5.450748946227363,1.8188588331249624,28.0
P0091,SH_ST,min_max_sweep_100_lhs,2261,segment_p95,segment_p95,,,,,4.308550441125824,1.4361834803752749,,,3.087370803197268,1.029123601065756,,,,,,4.560993792524476,1.5203312641748254,75.99986063585406,disabled_plastic_zone_only,1077.0,SH_ST,plastic_estimate,,2.9646801,0.16147755454545454,42.30888888888889,18.552176545454543,5.171717171717171,37.121212121212125,0.5,0.258975136665001,0.00022853106983852626,0.51381860207001,0.38,2565.959595959596,,0.2811753902662995,,False,True,0.7180917401876374,,,0.0,4.343803611928073,1.4213882970396576,4.0
P0091,Interbedded_ST,min_max_sweep_100_lhs,924,segment_p95,segment_p95,,,,,6.884473945315552,2.2948246484385173,,,6.575543473000683,2.1918478243335615,,,,,,6.903238656818134,2.301079552272711,715.59656149101,disabled_plastic_zone_only,767.0,Interbedded_ST,plastic_estimate,segment_p95_plastic_zone_ratio_to_radius too large,1.7310646727272727,0.106602,21.734343434343437,1.61865,10.636363636363637,39.696969696969695,0.5,0.6021225941892397,0.00032217875058529444,0.5116047997201273,0.2637373737373737,2520.0,,0.2201408019589838,segment_p95_plastic_zone_ratio_to_radius too large,True,False,1.1474123242192587,,,0.0,6.5745130064934605,2.1864688845610853,35.0
P0091,Fault,min_max_sweep_100_lhs,246,segment_p95,segment_p95,,,,,6.052570284260647,2.0175234280868826,,,5.719405466128448,1.9064684887094827,,,,,,6.082039851709894,2.0273466172366312,326.8049957365034,disabled_plastic_zone_only,1429.0,Fault,plastic_estimate,segment_p95_plastic_zone_ratio_to_radius too large,0.3050505050505051,0.02282828282828283,19.91919191919192,12.070707070707071,5.424242424242424,20.151515151515152,0.5,0.12106465249590583,2.3784780741732513e-05,0.5432792182095882,0.31717171717171716,2490.0,,0.2865830017345169,segment_p95_plastic_zone_ratio_to_radius too large,True,False,1.0087617140434413,,,0.0,5.792418906390376,1.929384216897382,47.0
P0092,SH_ST,min_max_sweep_100_lhs,2261,segment_p95,segment_p95,,,,,6.044706137662767,2.014902045887589,,,4.793708505287641,1.5979028350958802,,,,,,6.297149489061418,2.0990498296871394,401.33506145853823,disabled_plastic_zone_only,1077.0,SH_ST,plastic_estimate,segment_p95_plastic_zone_ratio_to_radius too large,2.9646801,0.14168909999999998,23.138989898989898,4.6411704545454535,6.98989898989899,33.63636363636364,0.5,0.296500298235943,0.0001435991459939969,0.5174880169880441,0.38,2557.373737373737,,0.14323028262422208,segment_p95_plastic_zone_ratio_to_radius too large,True,False,1.0074510229437945,,,0.0,5.9972852276775415,1.9622068268745652,73.0
P0092,Interbedded_ST,min_max_sweep_100_lhs,924,segment_p95,segment_p95,,,,,7.449501062590905,2.483167020863635,,,7.140570590276038,2.38019019675868,,,,,,7.468265774093489,2.4894219246978295,1226.3762876100523,disabled_plastic_zone_only,767.0,Interbedded_ST,plastic_estimate,segment_p95_plastic_zone_ratio_to_radius too large,1.799013290909091,0.06557836363636363,19.26969696969697,1.61865,10.131313131313131,32.72727272727273,0.5,0.41154691088750806,0.00012720673381058853,0.5185939255859529,0.36353535353535354,2520.0,,0.17279869401081527,segment_p95_plastic_zone_ratio_to_radius too large,True,False,1.2415835104318176,,,0.0,7.112634070565227,2.3623543816374495,82.0
P0092,Fault,min_max_sweep_100_lhs,246,segment_p95,segment_p95,,,,,6.22885481978334,2.0762849399277803,,,5.895690001651141,1.96523000055038,,,,,,6.258324387232587,2.086108129077529,386.7298910948726,disabled_plastic_zone_only,1429.0,Fault,plastic_estimate,segment_p95_plastic_zone_ratio_to_radius too large,0.3212121212121212,0.029898989898989897,18.747474747474747,9.444444444444445,3.909090909090909,20.90909090909091,0.5,0.09045263609532701,2.6312813148692228e-05,0.5411372325379051,0.33939393939393936,2490.0,,0.317273747576778,segment_p95_plastic_zone_ratio_to_radius too large,True,False,1.0381424699638901,,,0.0,5.960308940221512,1.986532327896059,63.0
P0093,SH_ST,min_max_sweep_100_lhs,2261,segment_p95,segment_p95,,,,,4.779638441095282,1.5932128136984274,,,3.549311810583011,1.1831039368610037,,,,,,5.032081792493934,1.6773605974979782,119.59753564873597,disabled_plastic_zone_only,1077.0,SH_ST,plastic_estimate,,2.9646801,0.026916063636363636,45.400808080808076,12.644762999999998,4.484848484848484,35.90909090909091,0.5,0.21198424149357217,0.0001944268524763669,0.5149994657857697,0.38,2495.5555555555557,,0.33504744413835325,,False,True,0.7966064068492137,,,0.0,4.792458849994223,1.5726989473426727,13.0
P0093,Interbedded_ST,min_max_sweep_100_lhs,924,segment_p95,segment_p95,,,,,6.943967941960495,2.3146559806534985,,,6.635037469645628,2.2116791565485423,,,,,,6.962732653463077,2.3209108844876924,757.3719433125192,disabled_plastic_zone_only,767.0,Interbedded_ST,plastic_estimate,segment_p95_plastic_zone_ratio_to_radius too large,1.8912292727272728,0.10090427272727273,21.20909090909091,1.61865,8.363636363636363,38.93939393939394,0.5,0.45668810558330836,0.00029122507346567754,0.512216941124816,0.36737373737373735,2520.0,,0.14178145087236005,segment_p95_plastic_zone_ratio_to_radius too large,True,False,1.1573279903267493,,,0.0,6.631173955679121,2.2013198564245045,41.0
P0093,Fault,min_max_sweep_100_lhs,246,segment_p95,segment_p95,,,,,5.354069501688687,1.7846898338962291,,,5.020904683556486,1.673634894518829,,,,,,5.383539069137933,1.7945130230459776,167.5411722842902,disabled_plastic_zone_only,1429.0,Fault,plastic_estimate,,0.2,0.022929292929292935,18.707070707070706,10.757575757575758,3.515151515151515,28.484848484848484,0.5,0.11667059108705088,7.225178428044667e-05,0.5247411901938472,0.33838383838383834,2490.0,,0.3166207529843894,,False,True,0.8923449169481146,,,0.0,5.127180065845651,1.7105257385294357,13.0
P0094,SH_ST,min_max_sweep_100_lhs,2261,segment_p95,segment_p95,,,,,4.876396128211207,1.6254653760704023,,,3.6443330303591854,1.2147776767863951,,,,,,5.128839479609859,1.7096131598699529,131.2387536024955,disabled_plastic_zone_only,1077.0,SH_ST,plastic_estimate,,2.9646801,0.05264105454545454,16.955151515151513,16.64655927272727,7.030303030303031,31.666666666666668,0.5,0.2715148503266066,0.00011043194477711959,0.5199717830984983,0.38,2572.8282828282827,,0.3481073359861239,,False,True,0.8127326880352012,,,0.0,4.884609028199866,1.60387668846568,18.0
P0094,Interbedded_ST,min_max_sweep_100_lhs,924,segment_p95,segment_p95,,,,,7.10060603565948,2.36686867855316,,,6.791675563344612,2.263891854448204,,,,,,7.119370747162062,2.373123582387354,879.3795246722848,disabled_plastic_zone_only,767.0,Interbedded_ST,plastic_estimate,segment_p95_plastic_zone_ratio_to_radius too large,1.6631160545454546,0.13850927272727273,20.037373737373738,1.61865,10.737373737373737,36.96969696969697,0.5,0.5338115135368321,0.00022396060232850382,0.513961044585773,0.35393939393939394,2520.0,,0.35204570962146725,segment_p95_plastic_zone_ratio_to_radius too large,True,False,1.18343433927658,,,0.0,6.7803530925352975,2.2612486584455684,54.0
P0094,Fault,min_max_sweep_100_lhs,246,segment_p95,segment_p95,,,,,5.732903013642746,1.9109676712142487,,,5.3997381955105475,1.7999127318368486,,,,,,5.7623725810919915,1.9207908603639972,240.76686323586543,disabled_plastic_zone_only,1429.0,Fault,plastic_estimate,,0.595959595959596,0.028585858585858583,18.949494949494948,11.767676767676768,5.090909090909091,23.484848484848484,0.5,0.13317087171053058,3.70953029302312e-05,0.534613024070017,0.3126262626262626,2490.0,,0.3889399040914194,,False,True,0.9554838356071244,,,0.0,5.487973886754278,1.83365464926077,33.0
P0095,SH_ST,min_max_sweep_100_lhs,2261,segment_p95,segment_p95,,,,,6.474660399707412,2.158220133235804,,,5.217350736280614,1.739116912093538,,,,,,6.727103751106064,2.2423679170353545,604.9306116246474,disabled_plastic_zone_only,1077.0,SH_ST,plastic_estimate,segment_p95_plastic_zone_ratio_to_radius too large,2.9646801,0.07045066363636364,25.612525252525252,2.354429727272727,6.5858585858585865,36.66666666666667,0.5,0.32272706786977695,0.00021509205806226583,0.5142502826120983,0.38,2474.949494949495,,0.07564534231200895,segment_p95_plastic_zone_ratio_to_radius too large,True,False,1.079110066617902,,,0.0,6.40676547724387,2.094467912527801,82.0
P0095,Interbedded_ST,min_max_sweep_100_lhs,924,segment_p95,segment_p95,,,,,6.872621603449474,2.2908738678164915,,,6.563691131134608,2.1878970437115357,,,,,,6.891386314952056,2.2971287716506854,707.5531414258987,disabled_plastic_zone_only,767.0,Interbedded_ST,plastic_estimate,segment_p95_plastic_zone_ratio_to_radius too large,1.7165042545454545,0.14192790909090908,20.522222222222222,1.61865,11.94949494949495,39.84848484848485,0.5,0.6813570208520628,0.00032875360123607925,0.5114860378569519,0.34434343434343434,2520.0,,0.2919702071217224,segment_p95_plastic_zone_ratio_to_radius too large,True,False,1.1454369339082457,,,0.0,6.563225061859102,2.186321223159091,34.0
P0095,Fault,min_max_sweep_100_lhs,246,segment_p95,segment_p95,,,,,5.160774860788123,1.7202582869293748,,,4.827610042655924,1.6092033475519747,,,,,,5.190244428237371,1.7300814760791234,139.20279800691156,disabled_plastic_zone_only,1429.0,Fault,plastic_estimate,,0.5191919191919192,0.020808080808080807,16.282828282828284,11.666666666666668,4.757575757575758,29.696969696969695,0.5,0.16729022446275058,8.492539661598396e-05,0.5228040831837348,0.302020202020202,2490.0,,0.5280277522701765,,False,True,0.8601291434646874,,,0.0,4.943089931654638,1.6601162315429518,10.0
P0096,SH_ST,min_max_sweep_100_lhs,2261,segment_p95,segment_p95,,,,,5.549497788538581,1.849832596179527,,,4.3061446495250575,1.4353815498416855,,,,,,5.801941139937231,1.9339803799790771,250.05153292374632,disabled_plastic_zone_only,1077.0,SH_ST,plastic_estimate,,2.9646801,0.022958372727272726,39.2169696969697,11.12026918181818,4.404040404040404,28.636363636363637,0.5,0.14723195582379964,7.372625983177851e-05,0.5244904054226968,0.38,2533.3333333333335,,0.2429752066115703,,False,True,0.9249162980897635,,,0.0,5.52565822851165,1.810967629600231,59.0
P0096,Interbedded_ST,min_max_sweep_100_lhs,924,segment_p95,segment_p95,,,,,6.638515268139194,2.212838422713065,,,6.329584795824329,2.1098615986081093,,,,,,6.6572799796417765,2.219093326547259,565.9474662267587,disabled_plastic_zone_only,767.0,Interbedded_ST,plastic_estimate,segment_p95_plastic_zone_ratio_to_radius too large,1.837841072727273,0.11002063636363636,19.714141414141416,1.61865,10.333333333333334,42.878787878787875,0.5,0.6806665064955763,0.0004924283372005971,0.5093461949799458,0.24262626262626263,2520.0,,0.13606774818896034,segment_p95_plastic_zone_ratio_to_radius too large,True,False,1.1064192113565325,,,0.0,6.3402666472778835,2.104671125382424,12.0
P0096,Fault,min_max_sweep_100_lhs,246,segment_p95,segment_p95,,,,,5.4219714187120145,1.8073238062373382,,,5.088806600579816,1.6962688668599382,,,,,,5.451440986161261,1.8171469953870871,178.80061783185334,disabled_plastic_zone_only,1429.0,Fault,plastic_estimate,,0.35353535353535354,0.02313131313131313,17.21212121212121,12.474747474747474,4.090909090909091,26.060606060606062,0.5,0.12097682218165749,5.229625170480921e-05,0.529118222553117,0.30656565656565654,2490.0,,0.17851239669421487,,False,True,0.9036619031186691,,,0.0,5.191848558248821,1.7250417588234765,14.0
P0097,SH_ST,min_max_sweep_100_lhs,2261,segment_p95,segment_p95,,,,,5.060977486299124,1.6869924954330413,,,3.825672027230846,1.2752240090769487,,,,,,5.313420837697774,1.7711402792325914,156.65369091605055,disabled_plastic_zone_only,1077.0,SH_ST,plastic_estimate,,2.9646801,0.1634564,44.164040404040406,15.503188909090907,4.565656565656566,29.848484848484848,0.5,0.16170428535715653,8.665850843106913e-05,0.522572766660049,0.38,2457.777777777778,,0.2850933578206306,,False,True,0.8434962477165207,,,0.0,5.060400797807405,1.658957013239903,28.0
P0097,Interbedded_ST,min_max_sweep_100_lhs,924,segment_p95,segment_p95,,,,,7.310331350920896,2.436777116973632,,,7.001400878606028,2.3338002928686765,,,,,,7.329096062423479,2.443032020807826,1074.01671365007,disabled_plastic_zone_only,767.0,Interbedded_ST,plastic_estimate,segment_p95_plastic_zone_ratio_to_radius too large,1.8621084363636364,0.11457881818181818,21.37070707070707,1.61865,10.585858585858585,34.39393939393939,0.5,0.46552982689667366,0.0001588619856487517,0.5166162704948989,0.33666666666666667,2520.0,,0.1246403428221611,segment_p95_plastic_zone_ratio_to_radius too large,True,False,1.218388558486816,,,0.0,6.980091488022361,2.3160417336106924,68.0
P0097,Fault,min_max_sweep_100_lhs,246,segment_p95,segment_p95,,,,,5.0994892491014445,1.6998297497004815,,,4.766324430969245,1.5887748103230814,,,,,,5.12895881655069,1.70965293885023,131.25378395024333,disabled_plastic_zone_only,1429.0,Fault,plastic_estimate,,0.5878787878787879,0.022424242424242423,16.606060606060606,13.88888888888889,3.090909090909091,28.333333333333336,0.5,0.10185213636981875,7.080679724726895e-05,0.524994520981526,0.3131313131313131,2490.0,,0.3717987960412203,,False,True,0.8499148748502408,,,0.0,4.884722682429229,1.6329706324255873,4.0
P0098,SH_ST,min_max_sweep_100_lhs,2261,segment_p95,segment_p95,,,,,5.4343658182112975,1.8114552727370992,,,4.192861963277147,1.3976206544257155,,,,,,5.686809169609949,1.89560305653665,223.97937536576,disabled_plastic_zone_only,1077.0,SH_ST,plastic_estimate,,2.9646801,0.1891813909090909,15.718383838383838,12.835324727272726,6.666666666666667,28.484848484848484,0.5,0.2212718106823379,7.225178428044667e-05,0.5247411901938472,0.38,2586.5656565656564,,0.5022140597898175,,False,True,0.9057276363685496,,,0.0,5.416008732961857,1.7876081768582746,56.0
P0098,Interbedded_ST,min_max_sweep_100_lhs,924,segment_p95,segment_p95,,,,,7.198552106758319,2.39951736891944,,,6.889621634443451,2.2965405448144836,,,,,,7.217316818260901,2.4057722727536337,965.4553162218245,disabled_plastic_zone_only,767.0,Interbedded_ST,plastic_estimate,segment_p95_plastic_zone_ratio_to_radius too large,1.765038981818182,0.10204381818181818,19.875757575757575,1.61865,7.656565656565657,35.75757575757576,0.5,0.3592993033924891,0.00019053844634871417,0.5151538966632034,0.34626262626262627,2520.0,,0.09052137536986024,segment_p95_plastic_zone_ratio_to_radius too large,True,False,1.19975868445972,,,0.0,6.873635065010382,2.2790720951153594,59.0
P0098,Fault,min_max_sweep_100_lhs,246,segment_p95,segment_p95,,,,,5.151463111685902,1.7171543705619674,,,4.818298293553702,1.6060994311845675,,,,,,5.180932679135148,1.726977559711716,137.9649300052053,disabled_plastic_zone_only,1429.0,Fault,plastic_estimate,,0.21616161616161617,0.02919191919191919,16.92929292929293,12.878787878787879,3.666666666666667,28.636363636363637,0.5,0.1225807338624754,7.372625983177851e-05,0.5244904054226968,0.34848484848484845,2490.0,,0.5433731251913071,,False,True,0.8585771852809837,,,0.0,4.934221599176332,1.6579458650555696,9.0
P0099,SH_ST,min_max_sweep_100_lhs,2261,segment_p95,segment_p95,,,,,5.388145971776357,1.7960486572587857,,,4.147398478769713,1.3824661595899042,,,,,,5.640589323175009,1.8801964410583363,214.29083427663383,disabled_plastic_zone_only,1077.0,SH_ST,plastic_estimate,,2.9646801,0.1674140909090909,28.395252525252523,8.642966727272725,4.444444444444445,33.484848484848484,0.5,0.18717087849959535,0.000140727259769965,0.5176677121287885,0.38,2517.878787878788,,0.0790735639220488,,False,True,0.8980243286293929,,,0.0,5.371989831595247,1.7518698909871966,48.0
P0099,Interbedded_ST,min_max_sweep_100_lhs,924,segment_p95,segment_p95,,,,,7.027944173513415,2.3426480578378053,,,6.7190137011985485,2.239671233732849,,,,,,7.046708885015997,2.348902961671999,820.5159221268128,disabled_plastic_zone_only,767.0,Interbedded_ST,plastic_estimate,segment_p95_plastic_zone_ratio_to_radius too large,1.8038667636363637,0.03481063636363636,19.754545454545454,1.61865,8.16161616161616,37.878787878787875,0.5,0.42370799596523734,0.0002528211382155403,0.5131275774653553,0.30787878787878786,2520.0,,0.20234669931639632,segment_p95_plastic_zone_ratio_to_radius too large,True,False,1.1713240289189026,,,0.0,6.711151319062855,2.2308406204675677,47.0
P0099,Fault,min_max_sweep_100_lhs,246,segment_p95,segment_p95,,,,,6.896589008775395,2.298863002925132,,,6.563424190643194,2.187808063547732,,,,,,6.926058576224641,2.3086861920748802,731.3410077542205,disabled_plastic_zone_only,1429.0,Fault,plastic_estimate,segment_p95_plastic_zone_ratio_to_radius too large,0.494949494949495,0.020505050505050505,19.232323232323232,7.121212121212121,3.4545454545454546,17.575757575757574,0.5,0.06820256955820765,1.6871259755363295e-05,0.5514269685758415,0.3055555555555555,2490.0,,0.4036322824201613,segment_p95_plastic_zone_ratio_to_radius too large,True,False,1.149431501462566,,,0.0,6.596246263071087,2.2015044928321506,94.0
P0100,SH_ST,min_max_sweep_100_lhs,2261,segment_p95,segment_p95,,,,,5.197178230975632,1.7323927436585438,,,3.9595836837615317,1.3198612279205104,,,,,,5.449621582374283,1.8165405274580944,178.4893352900558,disabled_plastic_zone_only,1077.0,SH_ST,plastic_estimate,,2.9646801,0.10804872727272727,38.59858585858586,6.356225999999998,7.878787878787879,39.696969696969695,0.5,0.4460167364364739,0.00032217875058529444,0.5116047997201273,0.38,2488.686868686869,,0.0647076828895011,,False,True,0.8661963718292719,,,0.0,5.190115792737413,1.6909058215639114,33.0
P0100,Interbedded_ST,min_max_sweep_100_lhs,924,segment_p95,segment_p95,,,,,6.9918530705436,2.3306176901812004,,,6.682922598228734,2.2276408660762446,,,,,,7.010617782046182,2.3368725940153943,792.7581676002061,disabled_plastic_zone_only,767.0,Interbedded_ST,plastic_estimate,segment_p95_plastic_zone_ratio_to_radius too large,1.6825299454545455,0.043927,21.047474747474748,1.61865,11.797979797979798,38.333333333333336,0.5,0.6258906377308436,0.0002686174734423051,0.5127294079836894,0.2771717171717172,2520.0,,0.27482909907152336,segment_p95_plastic_zone_ratio_to_radius too large,True,False,1.1653088450906002,,,0.0,6.676778840043984,2.2230788567803232,46.0
P0100,Fault,min_max_sweep_100_lhs,246,segment_p95,segment_p95,,,,,6.56895375067921,2.1896512502264036,,,6.235788932547009,2.0785963108490035,,,,,,6.5984233181284555,2.199474439376152,535.0420899060173,disabled_plastic_zone_only,1429.0,Fault,plastic_estimate,segment_p95_plastic_zone_ratio_to_radius too large,0.4343434343434344,0.02404040404040404,16.2020202020202,5.707070707070707,4.454545454545455,22.727272727272727,0.5,0.11239580611740145,3.353133098152018e-05,0.536417041549819,0.3232323232323232,2490.0,,0.17590041832466075,segment_p95_plastic_zone_ratio_to_radius too large,True,False,1.0948256251132018,,,0.0,6.284212683931863,2.086756776537507,81.0
