parameter_set_id,parameter_level,formation,formation_used,material_group,used_in_stage1_geometry,tension,dilation,density,density_position_0_1,density_source_parameter,density_source_unit,E,E_position_0_1,E_source_parameter,E_source_unit,poisson,poisson_position_0_1,poisson_source_parameter,poisson_source_unit,cohesion,cohesion_position_0_1,cohesion_source_parameter,cohesion_source_unit,friction,friction_position_0_1,friction_source_parameter,friction_source_unit,sigma_ci,sigma_ci_position_0_1,sigma_ci_source_parameter,sigma_ci_source_unit,mi,mi_position_0_1,mi_source_parameter,mi_source_unit,GSI,GSI_position_0_1,GSI_source_parameter,GSI_source_unit,disturbance_D,disturbance_D_position_0_1,disturbance_D_source_parameter,disturbance_D_source_unit,gamma_N_m3,E_GPa,cohesion_MPa,sigma_ci_MPa,hb_mb,hb_s,hb_a
P0001,min_max_sweep_100_lhs,Fault,Fault,Fault,True,,,2490.0,0.5,density_kg_m3,kg/m3,240404040.4040404,0.10101010101010102,E_GPa,GPa,0.3090909090909091,0.18181818181818182,nu,-,28888.888888888887,0.888888888888889,c_MPa,MPa,19.595959595959595,0.8989898989898991,phi_deg,deg,6111111.111111111,0.11111111111111112,sigma_ci_MPa,MPa,3.6969696969696972,0.23232323232323235,mi,-,27.424242424242422,0.8282828282828284,GSI,-,0.5,0.5,D_hb,-,24426.9,0.2404040404040404,0.028888888888888888,6.111111111111111,0.11666193481455747,6.272392044580957e-05,0.5265694380424889
P0001,min_max_sweep_100_lhs,Interbedded_ST,Interbedded_ST,Interbedded_ST,True,,,2520.0,0.5,density_kg_m3,kg/m3,1852401490.9090912,0.48484848484848486,E_GPa,GPa,0.24838383838383837,0.20202020202020204,nu,-,103183.36363636365,0.6363636363636365,c_MPa,MPa,21.572727272727274,0.8181818181818182,phi_deg,deg,1618650.0,0.5,sigma_ci_MPa,MPa,9.373737373737374,0.4747474747474748,mi,-,39.54545454545455,0.6363636363636365,GSI,-,0.5,0.5,D_hb,-,24721.2,1.8524014909090913,0.10318336363636364,1.61865,0.5268307201718317,0.0003157353925201957,0.511724767277194
P0001,min_max_sweep_100_lhs,SH_ST,SH_ST,SH_ST,True,,,2505.8585858585857,0.5050505050505051,density_kg_m3,kg/m3,2964680100.0,0.5,E_GPa,GPa,0.38,0.5,nu,-,201054.46363636362,0.9696969696969697,c_MPa,MPa,23.757373737373737,0.2828282828282829,phi_deg,deg,10929707.454545453,0.5757575757575758,sigma_ci_MPa,MPa,7.91919191919192,0.9797979797979799,mi,-,28.939393939393938,0.26262626262626265,GSI,-,0.5,0.5,D_hb,-,24582.472727272725,2.9646801,0.20105446363636362,10.929707454545452,0.2685953750890561,7.676609591309484e-05,0.523996371835586
P0001,min_max_sweep_100_lhs,SS_NC,SS_NC,SS_NC,False,,,2596.6666666666665,0.888888888888889,density_kg_m3,kg/m3,1314156518.1818185,0.21212121212121213,E_GPa,GPa,0.1598989898989899,0.07070707070707072,nu,-,403594.3,0.888888888888889,c_MPa,MPa,37.8869696969697,0.696969696969697,phi_deg,deg,1196820.0,0.0,sigma_ci_MPa,MPa,12.606060606060606,0.06060606060606061,mi,-,40.75757575757576,0.05050505050505051,GSI,-,0.5,0.5,D_hb,-,25473.3,1.3141565181818184,0.40359429999999996,1.19682,0.7505941978905639,0.0003711182180830607,0.5107981161304207
P0001,min_max_sweep_100_lhs,SS_NK,SS_NK,SS_NK,False,,,2390.0,0.5,density_kg_m3,kg/m3,461364300.0,0.5,E_GPa,GPa,0.38,0.5,nu,-,138737.18181818182,0.393939393939394,c_MPa,MPa,27.6969696969697,0.3535353535353536,phi_deg,deg,213293.18181818182,0.16161616161616163,sigma_ci_MPa,MPa,14.525252525252526,0.25252525252525254,mi,-,35.0,0.0,GSI,-,0.5,0.5,D_hb,-,23445.9,0.4613643,0.13873718181818182,0.21329318181818183,0.6574744289010905,0.00017223225596081014,0.5159498890105109
P0002,min_max_sweep_100_lhs,Fault,Fault,Fault,True,,,2490.0,0.5,density_kg_m3,kg/m3,268686868.68686867,0.17171717171717174,E_GPa,GPa,0.3419191919191919,0.8383838383838385,nu,-,26161.61616161616,0.6161616161616162,c_MPa,MPa,18.98989898989899,0.7474747474747475,phi_deg,deg,9848484.848484848,0.48484848484848486,sigma_ci_MPa,MPa,4.878787878787879,0.6262626262626263,mi,-,18.03030303030303,0.20202020202020204,GSI,-,0.5,0.5,D_hb,-,24426.9,0.26868686868686864,0.02616161616161616,9.848484848484848,0.09842877391828804,1.7925380770222155e-05,0.5498856198601928
P0002,min_max_sweep_100_lhs,Interbedded_ST,Interbedded_ST,Interbedded_ST,True,,,2520.0,0.5,density_kg_m3,kg/m3,1949470945.4545455,0.686868686868687,E_GPa,GPa,0.3097979797979798,0.5252525252525253,nu,-,131672.0,0.888888888888889,c_MPa,MPa,21.855555555555558,0.888888888888889,phi_deg,deg,1618650.0,0.5,sigma_ci_MPa,MPa,7.505050505050505,0.10101010101010102,mi,-,36.06060606060606,0.4040404040404041,GSI,-,0.5,0.5,D_hb,-,24721.2,1.9494709454545456,0.131672,1.61865,0.3573080978685392,0.00019839461110480523,0.5148465869643258
P0002,min_max_sweep_100_lhs,SH_ST,SH_ST,SH_ST,True,,,2423.4343434343436,0.020202020202020204,density_kg_m3,kg/m3,2964680100.0,0.5,E_GPa,GPa,0.38,0.5,nu,-,206991.0,1.0,c_MPa,MPa,18.81030303030303,0.12121212121212122,phi_deg,deg,6737349.454545453,0.3535353535353536,sigma_ci_MPa,MPa,4.363636363636363,0.09090909090909091,mi,-,40.0,1.0,GSI,-,0.5,0.5,D_hb,-,23773.89090909091,2.9646801,0.206991,6.737349454545453,0.2506150658950575,0.00033546262790251185,0.5113684695702436
P0002,min_max_sweep_100_lhs,SS_NC,SS_NC,SS_NC,False,,,2509.3939393939395,0.16161616161616163,density_kg_m3,kg/m3,2394314809.0909095,0.494949494949495,E_GPa,GPa,0.16696969696969696,0.12121212121212122,nu,-,217264.74545454545,0.4545454545454546,c_MPa,MPa,25.403030303030306,0.30303030303030304,phi_deg,deg,39957220.0,0.7070707070707072,sigma_ci_MPa,MPa,14.525252525252526,0.25252525252525254,mi,-,43.93939393939394,0.26262626262626265,GSI,-,0.5,0.5,D_hb,-,24617.15454545455,2.3943148090909094,0.21726474545454547,39.95722,1.0063561336201625,0.0005672289891977492,0.508693695529403
P0002,min_max_sweep_100_lhs,SS_NK,SS_NK,SS_NK,False,,,2390.0,0.5,density_kg_m3,kg/m3,461364300.0,0.5,E_GPa,GPa,0.38,0.5,nu,-,113746.45454545454,0.26262626262626265,c_MPa,MPa,29.62727272727273,0.48484848484848486,phi_deg,deg,285589.9090909091,0.8080808080808082,sigma_ci_MPa,MPa,13.212121212121213,0.12121212121212122,mi,-,50.95959595959596,0.797979797979798,GSI,-,0.5,0.5,D_hb,-,23445.9,0.4613643,0.11374645454545454,0.28558990909090914,1.278742721812431,0.0014463378489571995,0.5053651086112381
P0003,min_max_sweep_100_lhs,Fault,Fault,Fault,True,,,2490.0,0.5,density_kg_m3,kg/m3,486868686.8686869,0.7171717171717172,E_GPa,GPa,0.3242424242424242,0.48484848484848486,nu,-,22525.252525252523,0.25252525252525254,c_MPa,MPa,16.88888888888889,0.22222222222222224,phi_deg,deg,5808080.808080808,0.08080808080808081,sigma_ci_MPa,MPa,6.0,1.0,mi,-,27.12121212121212,0.8080808080808082,GSI,-,0.5,0.5,D_hb,-,24426.9,0.4868686868686869,0.022525252525252525,5.808080808080808,0.18662407097044043,6.024013597996088e-05,0.527115981380768
P0003,min_max_sweep_100_lhs,Interbedded_ST,Interbedded_ST,Interbedded_ST,True,,,2520.0,0.5,density_kg_m3,kg/m3,1925203581.8181818,0.6363636363636365,E_GPa,GPa,0.328989898989899,0.6262626262626263,nu,-,136230.1818181818,0.9292929292929294,c_MPa,MPa,19.592929292929295,0.32323232323232326,phi_deg,deg,1618650.0,0.5,sigma_ci_MPa,MPa,9.424242424242424,0.48484848484848486,mi,-,32.27272727272727,0.15151515151515152,GSI,-,0.5,0.5,D_hb,-,24721.2,1.9252035818181819,0.1362301818181818,1.61865,0.3746275770354471,0.0001197262070055988,0.5191725277436547
P0003,min_max_sweep_100_lhs,SH_ST,SH_ST,SH_ST,True,,,2526.4646464646466,0.6262626262626263,density_kg_m3,kg/m3,2964680100.0,0.5,E_GPa,GPa,0.38,0.5,nu,-,195117.92727272725,0.9393939393939394,c_MPa,MPa,20.974646464646465,0.19191919191919193,phi_deg,deg,15312627.18181818,0.8080808080808082,sigma_ci_MPa,MPa,6.181818181818182,0.5454545454545455,mi,-,29.09090909090909,0.27272727272727276,GSI,-,0.5,0.5,D_hb,-,24784.618181818183,2.9646801,0.19511792727272725,15.31262718181818,0.21118707134513864,7.83326971081007e-05,0.5237530726127502
P0003,min_max_sweep_100_lhs,SS_NC,SS_NC,SS_NC,False,,,2508.181818181818,0.15151515151515152,density_kg_m3,kg/m3,2587200218.1818185,0.5454545454545455,E_GPa,GPa,0.28434343434343434,0.9595959595959597,nu,-,186932.02727272728,0.38383838383838387,c_MPa,MPa,38.52717171717172,0.7171717171717172,phi_deg,deg,25560499.999999996,0.4444444444444445,sigma_ci_MPa,MPa,12.1010101010101,0.010101010101010102,mi,-,49.24242424242424,0.6161616161616162,GSI,-,0.5,0.5,D_hb,-,24605.263636363637,2.5872002181818186,0.18693202727272729,25.560499999999998,1.0792447721903493,0.0011503641118999592,0.5060415583348563
P0003,min_max_sweep_100_lhs,SS_NK,SS_NK,SS_NK,False,,,2390.0,0.5,density_kg_m3,kg/m3,461364300.0,0.5,E_GPa,GPa,0.38,0.5,nu,-,186796.27272727274,0.6464646464646465,c_MPa,MPa,23.093939393939394,0.04040404040404041,phi_deg,deg,302534.4545454546,0.9595959595959597,sigma_ci_MPa,MPa,13.919191919191919,0.19191919191919193,mi,-,48.333333333333336,0.6666666666666667,GSI,-,0.5,0.5,D_hb,-,23445.9,0.4613643,0.18679627272727273,0.3025344545454546,1.1888080198385167,0.0010190454849489836,0.5064322890037308
P0004,min_max_sweep_100_lhs,Fault,Fault,Fault,True,,,2490.0,0.5,density_kg_m3,kg/m3,507070707.070707,0.7676767676767677,E_GPa,GPa,0.3323232323232323,0.6464646464646465,nu,-,25151.515151515152,0.5151515151515152,c_MPa,MPa,18.262626262626263,0.5656565656565657,phi_deg,deg,6616161.616161616,0.16161616161616163,sigma_ci_MPa,MPa,5.696969696969697,0.8989898989898991,mi,-,29.545454545454547,0.9696969696969697,GSI,-,0.5,0.5,D_hb,-,24426.9,0.507070707070707,0.02515151515151515,6.616161616161616,0.19888192866900437,8.322694587016918e-05,0.5230377480784557
P0004,min_max_sweep_100_lhs,Interbedded_ST,Interbedded_ST,Interbedded_ST,True,,,2520.0,0.5,density_kg_m3,kg/m3,2090221654.5454547,0.9797979797979799,E_GPa,GPa,0.3923232323232323,0.9595959595959597,nu,-,54182.909090909096,0.20202020202020204,c_MPa,MPa,18.461616161616163,0.04040404040404041,phi_deg,deg,1618650.0,0.5,sigma_ci_MPa,MPa,9.727272727272727,0.5454545454545455,mi,-,33.78787878787879,0.25252525252525254,GSI,-,0.5,0.5,D_hb,-,24721.2,2.090221654545455,0.054182909090909094,1.61865,0.41560308728045986,0.0001465296401273793,0.5173101278133356
P0004,min_max_sweep_100_lhs,SH_ST,SH_ST,SH_ST,True,,,2560.808080808081,0.8282828282828284,density_kg_m3,kg/m3,2964680100.0,0.5,E_GPa,GPa,0.38,0.5,nu,-,171371.7818181818,0.8181818181818182,c_MPa,MPa,18.19191919191919,0.10101010101010102,phi_deg,deg,18361614.818181816,0.9696969696969697,sigma_ci_MPa,MPa,4.242424242424242,0.06060606060606061,mi,-,34.54545454545455,0.6363636363636365,GSI,-,0.5,0.5,D_hb,-,25121.527272727275,2.9646801,0.1713717818181818,18.361614818181817,0.1879182491370683,0.0001621039556043436,0.5164471425173605
P0004,min_max_sweep_100_lhs,SS_NC,SS_NC,SS_NC,False,,,2493.6363636363635,0.030303030303030304,density_kg_m3,kg/m3,3975975163.636365,0.9090909090909092,E_GPa,GPa,0.20515151515151514,0.393939393939394,nu,-,143599.57272727272,0.2828282828282829,c_MPa,MPa,40.767878787878786,0.787878787878788,phi_deg,deg,11163780.0,0.18181818181818182,sigma_ci_MPa,MPa,14.222222222222221,0.22222222222222224,mi,-,40.90909090909091,0.06060606060606061,GSI,-,0.5,0.5,D_hb,-,24462.572727272727,3.975975163636365,0.14359957272727272,11.16378,0.8529561605271403,0.0003786917990633352,0.5106874615714201
P0004,min_max_sweep_100_lhs,SS_NK,SS_NK,SS_NK,False,,,2390.0,0.5,density_kg_m3,kg/m3,461364300.0,0.5,E_GPa,GPa,0.38,0.5,nu,-,227165.90909090906,0.8585858585858587,c_MPa,MPa,36.75454545454546,0.9696969696969697,phi_deg,deg,241534.0909090909,0.4141414141414142,sigma_ci_MPa,MPa,16.242424242424242,0.42424242424242425,mi,-,43.888888888888886,0.4444444444444445,GSI,-,0.5,0.5,D_hb,-,23445.9,0.4613643,0.22716590909090906,0.24153409090909092,1.1226241407854465,0.0005634220975675709,0.5087237319298591
P0005,min_max_sweep_100_lhs,Fault,Fault,Fault,True,,,2490.0,0.5,density_kg_m3,kg/m3,272727272.7272727,0.18181818181818182,E_GPa,GPa,0.3318181818181818,0.6363636363636365,nu,-,23232.323232323233,0.32323232323232326,c_MPa,MPa,16.04040404040404,0.010101010101010102,phi_deg,deg,9040404.040404042,0.4040404040404041,sigma_ci_MPa,MPa,4.151515151515151,0.38383838383838387,mi,-,19.545454545454547,0.30303030303030304,GSI,-,0.5,0.5,D_hb,-,24426.9,0.2727272727272727,0.023232323232323233,9.040404040404042,0.0900225155819489,2.193838474548913e-05,0.5450724258908712
P0005,min_max_sweep_100_lhs,Interbedded_ST,Interbedded_ST,Interbedded_ST,True,,,2520.0,0.5,density_kg_m3,kg/m3,1939764000.0000002,0.6666666666666667,E_GPa,GPa,0.28101010101010104,0.37373737373737376,nu,-,96346.09090909091,0.5757575757575758,c_MPa,MPa,18.38080808080808,0.020202020202020204,phi_deg,deg,1618650.0,0.5,sigma_ci_MPa,MPa,8.767676767676768,0.3535353535353536,mi,-,43.93939393939394,0.9292929292929294,GSI,-,0.5,0.5,D_hb,-,24721.2,1.9397640000000003,0.09634609090909091,1.61865,0.6074527983187072,0.0005672289891977492,0.508693695529403
P0005,min_max_sweep_100_lhs,SH_ST,SH_ST,SH_ST,True,,,2584.848484848485,0.9696969696969697,density_kg_m3,kg/m3,2964680100.0,0.5,E_GPa,GPa,0.38,0.5,nu,-,113985.26363636363,0.5252525252525253,c_MPa,MPa,30.25040404040404,0.494949494949495,phi_deg,deg,7880719.8181818165,0.4141414141414142,sigma_ci_MPa,MPa,4.646464646464646,0.16161616161616163,mi,-,35.75757575757576,0.7171717171717172,GSI,-,0.5,0.5,D_hb,-,25357.36363636364,2.9646801,0.11398526363636363,7.8807198181818165,0.21804443213792216,0.00019053844634871417,0.5151538966632034
P0005,min_max_sweep_100_lhs,SS_NC,SS_NC,SS_NC,False,,,2490.0,0.0,density_kg_m3,kg/m3,3435896018.1818194,0.7676767676767677,E_GPa,GPa,0.191010101010101,0.29292929292929293,nu,-,368928.33636363636,0.8080808080808082,c_MPa,MPa,19.001010101010102,0.10101010101010102,phi_deg,deg,17254700.0,0.29292929292929293,sigma_ci_MPa,MPa,17.656565656565657,0.5656565656565657,mi,-,51.36363636363636,0.7575757575757577,GSI,-,0.5,0.5,D_hb,-,24426.9,3.4358960181818192,0.36892833636363637,17.2547,1.7420984460467923,0.001526392020645441,0.5052168858461141
P0005,min_max_sweep_100_lhs,SS_NK,SS_NK,SS_NK,False,,,2390.0,0.5,density_kg_m3,kg/m3,461364300.0,0.5,E_GPa,GPa,0.38,0.5,nu,-,248311.90909090906,0.9696969696969697,c_MPa,MPa,36.30909090909091,0.9393939393939394,phi_deg,deg,251700.8181818182,0.5050505050505051,sigma_ci_MPa,MPa,12.202020202020202,0.020202020202020204,mi,-,37.02020202020202,0.10101010101010102,GSI,-,0.5,0.5,D_hb,-,23445.9,0.4613643,0.24831190909090906,0.2517008181818182,0.6080875135111886,0.00022547384390382525,0.5139134037896315
P0006,min_max_sweep_100_lhs,Fault,Fault,Fault,True,,,2490.0,0.5,density_kg_m3,kg/m3,228282828.2828283,0.07070707070707072,E_GPa,GPa,0.30808080808080807,0.16161616161616163,nu,-,27171.717171717173,0.7171717171717172,c_MPa,MPa,19.717171717171716,0.9292929292929294,phi_deg,deg,11161616.161616163,0.6161616161616162,sigma_ci_MPa,MPa,4.9393939393939394,0.6464646464646465,mi,-,22.87878787878788,0.5252525252525253,GSI,-,0.5,0.5,D_hb,-,24426.9,0.2282828282828283,0.027171717171717173,11.161616161616163,0.1255318166900377,3.421562034860295e-05,0.536048912531618
P0006,min_max_sweep_100_lhs,Interbedded_ST,Interbedded_ST,Interbedded_ST,True,,,2520.0,0.5,density_kg_m3,kg/m3,1968884836.3636365,0.7272727272727273,E_GPa,GPa,0.3980808080808081,0.98989898989899,nu,-,140788.36363636362,0.9696969696969697,c_MPa,MPa,19.51212121212121,0.30303030303030304,phi_deg,deg,1618650.0,0.5,sigma_ci_MPa,MPa,7.404040404040404,0.08080808080808081,mi,-,43.484848484848484,0.8989898989898991,GSI,-,0.5,0.5,D_hb,-,24721.2,1.9688848363636364,0.14078836363636363,1.61865,0.5019916266319133,0.0005338724872960556,0.5089676988908144
P0006,min_max_sweep_100_lhs,SH_ST,SH_ST,SH_ST,True,,,2540.2020202020203,0.7070707070707072,density_kg_m3,kg/m3,2964680100.0,0.5,E_GPa,GPa,0.38,0.5,nu,-,50662.20909090909,0.20202020202020204,c_MPa,MPa,20.356262626262627,0.17171717171717174,phi_deg,deg,1020497.6363636362,0.05050505050505051,sigma_ci_MPa,MPa,5.5353535353535355,0.38383838383838387,mi,-,27.87878787878788,0.19191919191919193,GSI,-,0.5,0.5,D_hb,-,24919.38181818182,2.9646801,0.05066220909090909,1.0204976363636362,0.17849619446205622,6.664292848877709e-05,0.525770049235076
P0006,min_max_sweep_100_lhs,SS_NC,SS_NC,SS_NC,False,,,2554.242424242424,0.5353535353535354,density_kg_m3,kg/m3,3898821000.000001,0.888888888888889,E_GPa,GPa,0.17686868686868687,0.19191919191919193,nu,-,425260.5272727272,0.9393939393939394,c_MPa,MPa,41.728181818181824,0.8181818181818182,phi_deg,deg,5626580.0,0.08080808080808081,sigma_ci_MPa,MPa,12.707070707070708,0.07070707070707072,mi,-,50.303030303030305,0.686868686868687,GSI,-,0.5,0.5,D_hb,-,25057.11818181818,3.8988210000000008,0.42526052727272723,5.62658,1.1920043531445923,0.0013251062603583824,0.5056146506168144
P0006,min_max_sweep_100_lhs,SS_NK,SS_NK,SS_NK,False,,,2390.0,0.5,density_kg_m3,kg/m3,461364300.0,0.5,E_GPa,GPa,0.38,0.5,nu,-,79143.9090909091,0.08080808080808081,c_MPa,MPa,36.60606060606061,0.9595959595959597,phi_deg,deg,218941.36363636365,0.21212121212121213,sigma_ci_MPa,MPa,13.717171717171716,0.17171717171717174,mi,-,44.696969696969695,0.48484848484848486,GSI,-,0.5,0.5,D_hb,-,23445.9,0.4613643,0.0791439090909091,0.21894136363636366,0.9852802352380119,0.0006275185198194417,0.5082550770464449
P0007,min_max_sweep_100_lhs,Fault,Fault,Fault,True,,,2490.0,0.5,density_kg_m3,kg/m3,498989898.989899,0.7474747474747475,E_GPa,GPa,0.3333333333333333,0.6666666666666667,nu,-,29595.959595959597,0.9595959595959597,c_MPa,MPa,18.86868686868687,0.7171717171717172,phi_deg,deg,10252525.252525253,0.5252525252525253,sigma_ci_MPa,MPa,3.242424242424242,0.08080808080808081,mi,-,26.81818181818182,0.787878787878788,GSI,-,0.5,0.5,D_hb,-,24426.9,0.498989898989899,0.029595959595959596,10.252525252525253,0.09940755006129803,5.785470610083026e-05,0.5276736782815239
P0007,min_max_sweep_100_lhs,Interbedded_ST,Interbedded_ST,Interbedded_ST,True,,,2520.0,0.5,density_kg_m3,kg/m3,1701943836.3636365,0.17171717171717174,E_GPa,GPa,0.352020202020202,0.7474747474747475,nu,-,40508.36363636364,0.08080808080808081,c_MPa,MPa,19.027272727272727,0.18181818181818182,phi_deg,deg,1618650.0,0.5,sigma_ci_MPa,MPa,7.707070707070707,0.14141414141414144,mi,-,41.06060606060606,0.7373737373737375,GSI,-,0.5,0.5,D_hb,-,24721.2,1.7019438363636366,0.04050836363636364,1.61865,0.46556683047659786,0.00038641993761063295,0.5105779191091319
P0007,min_max_sweep_100_lhs,SH_ST,SH_ST,SH_ST,True,,,2498.989898989899,0.4646464646464647,density_kg_m3,kg/m3,2964680100.0,0.5,E_GPa,GPa,0.38,0.5,nu,-,110027.57272727274,0.5050505050505051,c_MPa,MPa,34.888282828282826,0.6464646464646465,phi_deg,deg,15693750.636363633,0.8282828282828284,sigma_ci_MPa,MPa,4.929292929292929,0.23232323232323235,mi,-,32.57575757575758,0.5050505050505051,GSI,-,0.5,0.5,D_hb,-,24515.090909090908,2.9646801,0.11002757272727273,15.693750636363633,0.19879469803494454,0.0001246626847920104,0.5187848481292073
P0007,min_max_sweep_100_lhs,SS_NC,SS_NC,SS_NC,False,,,2591.818181818182,0.8484848484848485,density_kg_m3,kg/m3,3667358509.09091,0.8282828282828284,E_GPa,GPa,0.2419191919191919,0.6565656565656566,nu,-,329929.12727272726,0.7171717171717172,c_MPa,MPa,38.847272727272724,0.7272727272727273,phi_deg,deg,33866300.0,0.595959595959596,sigma_ci_MPa,MPa,14.424242424242424,0.24242424242424243,mi,-,45.60606060606061,0.37373737373737376,GSI,-,0.5,0.5,D_hb,-,25425.736363636366,3.66735850909091,0.3299291272727273,33.8663,1.081904271204612,0.0007083832816245772,0.5077571553947908
P0007,min_max_sweep_100_lhs,SS_NK,SS_NK,SS_NK,False,,,2390.0,0.5,density_kg_m3,kg/m3,461364300.0,0.5,E_GPa,GPa,0.38,0.5,nu,-,177184.45454545453,0.595959595959596,c_MPa,MPa,32.44848484848485,0.6767676767676768,phi_deg,deg,252830.45454545456,0.5151515151515152,sigma_ci_MPa,MPa,15.333333333333334,0.33333333333333337,mi,-,38.03030303030303,0.15151515151515152,GSI,-,0.5,0.5,D_hb,-,23445.9,0.4613643,0.17718445454545453,0.25283045454545455,0.8017897656149119,0.00025798057601865047,0.512993511432703
P0008,min_max_sweep_100_lhs,Fault,Fault,Fault,True,,,2490.0,0.5,density_kg_m3,kg/m3,309090909.09090906,0.27272727272727276,E_GPa,GPa,0.3217171717171717,0.43434343434343436,nu,-,20000.0,0.0,c_MPa,MPa,19.87878787878788,0.9696969696969697,phi_deg,deg,10050505.05050505,0.5050505050505051,sigma_ci_MPa,MPa,4.787878787878788,0.595959595959596,mi,-,26.363636363636363,0.7575757575757577,GSI,-,0.5,0.5,D_hb,-,24426.9,0.3090909090909091,0.02,10.05050505050505,0.14364561279830745,5.4452498789804625e-05,0.528531635739647
P0008,min_max_sweep_100_lhs,Interbedded_ST,Interbedded_ST,Interbedded_ST,True,,,2520.0,0.5,density_kg_m3,kg/m3,2022273036.3636367,0.8383838383838385,E_GPa,GPa,0.3712121212121212,0.8484848484848485,nu,-,117997.45454545454,0.7676767676767677,c_MPa,MPa,19.916161616161617,0.4040404040404041,phi_deg,deg,1618650.0,0.5,sigma_ci_MPa,MPa,10.080808080808081,0.6161616161616162,mi,-,41.21212121212121,0.7474747474747475,GSI,-,0.5,0.5,D_hb,-,24721.2,2.0222730363636368,0.11799745454545454,1.61865,0.6133685052065595,0.00039430578785264864,0.5104694775667994
P0008,min_max_sweep_100_lhs,SH_ST,SH_ST,SH_ST,True,,,2459.4949494949497,0.23232323232323235,density_kg_m3,kg/m3,2964680100.0,0.5,E_GPa,GPa,0.38,0.5,nu,-,106069.8818181818,0.48484848484848486,c_MPa,MPa,37.98020202020202,0.7474747474747475,phi_deg,deg,8071281.545454545,0.42424242424242425,sigma_ci_MPa,MPa,7.151515151515152,0.787878787878788,mi,-,30.0,0.33333333333333337,GSI,-,0.5,0.5,D_hb,-,24127.645454545458,2.9646801,0.1060698818181818,8.071281545454545,0.25512310393792625,8.842698865988302e-05,0.5223437749058788
P0008,min_max_sweep_100_lhs,SS_NC,SS_NC,SS_NC,False,,,2584.5454545454545,0.787878787878788,density_kg_m3,kg/m3,619769045.4545456,0.030303030303030304,E_GPa,GPa,0.25888888888888884,0.7777777777777778,nu,-,147932.8181818182,0.29292929292929293,c_MPa,MPa,39.48747474747475,0.7474747474747475,phi_deg,deg,54907660.0,0.9797979797979799,sigma_ci_MPa,MPa,13.515151515151516,0.15151515151515152,mi,-,52.57575757575758,0.8383838383838385,GSI,-,0.5,0.5,D_hb,-,25354.39090909091,0.6197690454545456,0.1479328181818182,54.90766,1.4127160558799967,0.001794134899722733,0.5047954370112248
P0008,min_max_sweep_100_lhs,SS_NK,SS_NK,SS_NK,False,,,2390.0,0.5,density_kg_m3,kg/m3,461364300.0,0.5,E_GPa,GPa,0.38,0.5,nu,-,69532.09090909091,0.030303030303030304,c_MPa,MPa,33.33939393939394,0.7373737373737375,phi_deg,deg,277682.4545454546,0.7373737373737375,sigma_ci_MPa,MPa,20.18181818181818,0.8181818181818182,mi,-,53.78787878787879,0.9393939393939394,GSI,-,0.5,0.5,D_hb,-,23445.9,0.4613643,0.06953209090909092,0.2776824545454546,2.234918827237767,0.0021088422861657526,0.5044067049564398
P0009,min_max_sweep_100_lhs,Fault,Fault,Fault,True,,,2490.0,0.5,density_kg_m3,kg/m3,369696969.69696975,0.42424242424242425,E_GPa,GPa,0.3434343434343434,0.8686868686868687,nu,-,22626.262626262625,0.26262626262626265,c_MPa,MPa,19.313131313131315,0.8282828282828284,phi_deg,deg,6010101.01010101,0.10101010101010102,sigma_ci_MPa,MPa,4.3939393939393945,0.4646464646464647,mi,-,20.0,0.33333333333333337,GSI,-,0.5,0.5,D_hb,-,24426.9,0.36969696969696975,0.022626262626262626,6.01010101010101,0.09736410884743915,2.3309101142937016e-05,0.5437207507190644
P0009,min_max_sweep_100_lhs,Interbedded_ST,Interbedded_ST,Interbedded_ST,True,,,2520.0,0.5,density_kg_m3,kg/m3,1818427181.8181818,0.4141414141414142,E_GPa,GPa,0.36929292929292934,0.8383838383838385,nu,-,88369.27272727272,0.5050505050505051,c_MPa,MPa,18.744444444444444,0.11111111111111112,phi_deg,deg,1618650.0,0.5,sigma_ci_MPa,MPa,8.868686868686869,0.37373737373737376,mi,-,31.96969696969697,0.13131313131313133,GSI,-,0.5,0.5,D_hb,-,24721.2,1.8184271818181819,0.08836927272727273,1.61865,0.34749274355976817,0.00011498520722430451,0.5195681189151514
P0009,min_max_sweep_100_lhs,SH_ST,SH_ST,SH_ST,True,,,2462.929292929293,0.25252525252525254,density_kg_m3,kg/m3,2964680100.0,0.5,E_GPa,GPa,0.38,0.5,nu,-,42746.82727272727,0.16161616161616163,c_MPa,MPa,27.467676767676767,0.4040404040404041,phi_deg,deg,16265435.818181818,0.8585858585858587,sigma_ci_MPa,MPa,6.101010101010101,0.5252525252525253,mi,-,28.03030303030303,0.20202020202020204,GSI,-,0.5,0.5,D_hb,-,24161.336363636365,2.9646801,0.04274682727272727,16.265435818181817,0.1981612710960129,6.800294152796305e-05,0.5255089242595299
P0009,min_max_sweep_100_lhs,SS_NC,SS_NC,SS_NC,False,,,2560.3030303030305,0.5858585858585859,density_kg_m3,kg/m3,2934393954.545455,0.6363636363636365,E_GPa,GPa,0.16979797979797978,0.14141414141414144,nu,-,373261.5818181818,0.8181818181818182,c_MPa,MPa,36.60656565656566,0.6565656565656566,phi_deg,deg,35527460.00000001,0.6262626262626263,sigma_ci_MPa,MPa,14.626262626262626,0.26262626262626265,mi,-,49.84848484848485,0.6565656565656566,GSI,-,0.5,0.5,D_hb,-,25116.57272727273,2.934393954545455,0.3732615818181818,35.527460000000005,1.3426581386866374,0.0012471819822707881,0.5057939214953702
P0009,min_max_sweep_100_lhs,SS_NK,SS_NK,SS_NK,False,,,2390.0,0.5,density_kg_m3,kg/m3,461364300.0,0.5,E_GPa,GPa,0.38,0.5,nu,-,179106.81818181818,0.6060606060606061,c_MPa,MPa,29.924242424242426,0.5050505050505051,phi_deg,deg,270904.63636363635,0.6767676767676768,sigma_ci_MPa,MPa,15.93939393939394,0.393939393939394,mi,-,48.131313131313135,0.6565656565656566,GSI,-,0.5,0.5,D_hb,-,23445.9,0.4613643,0.17910681818181817,0.2709046363636364,1.3483156965629401,0.0009919628352718455,0.506522381119312
P0010,min_max_sweep_100_lhs,Fault,Fault,Fault,True,,,2490.0,0.5,density_kg_m3,kg/m3,212121212.12121212,0.030303030303030304,E_GPa,GPa,0.3045454545454545,0.09090909090909091,nu,-,20202.020202020205,0.020202020202020204,c_MPa,MPa,19.393939393939394,0.8484848484848485,phi_deg,deg,7525252.525252525,0.25252525252525254,sigma_ci_MPa,MPa,4.575757575757576,0.5252525252525253,mi,-,29.242424242424242,0.9494949494949496,GSI,-,0.5,0.5,D_hb,-,24426.9,0.21212121212121213,0.020202020202020204,7.525252525252525,0.15745176933466315,7.99312686576622e-05,0.5235122185875485
P0010,min_max_sweep_100_lhs,Interbedded_ST,Interbedded_ST,Interbedded_ST,True,,,2520.0,0.5,density_kg_m3,kg/m3,1973738309.0909092,0.7373737373737375,E_GPa,GPa,0.29828282828282826,0.4646464646464647,nu,-,37089.72727272727,0.05050505050505051,c_MPa,MPa,19.633333333333333,0.33333333333333337,phi_deg,deg,1618650.0,0.5,sigma_ci_MPa,MPa,11.040404040404042,0.8080808080808082,mi,-,31.666666666666668,0.11111111111111112,GSI,-,0.5,0.5,D_hb,-,24721.2,1.9737383090909093,0.037089727272727274,1.61865,0.4263875451249727,0.00011043194477711959,0.5199717830984983
P0010,min_max_sweep_100_lhs,SH_ST,SH_ST,SH_ST,True,,,2555.656565656566,0.797979797979798,density_kg_m3,kg/m3,2964680100.0,0.5,E_GPa,GPa,0.38,0.5,nu,-,44725.67272727273,0.17171717171717174,c_MPa,MPa,26.23090909090909,0.36363636363636365,phi_deg,deg,5784540.818181817,0.30303030303030304,sigma_ci_MPa,MPa,6.828282828282829,0.7070707070707072,mi,-,39.24242424242424,0.9494949494949496,GSI,-,0.5,0.5,D_hb,-,25070.990909090913,2.9646801,0.04472567272727273,5.784540818181817,0.37827090229583543,0.000303232687687869,0.5119683685590383
P0010,min_max_sweep_100_lhs,SS_NC,SS_NC,SS_NC,False,,,2571.212121212121,0.6767676767676768,density_kg_m3,kg/m3,1198425272.727273,0.18181818181818182,E_GPa,GPa,0.1895959595959596,0.2828282828282829,nu,-,156599.3090909091,0.31313131313131315,c_MPa,MPa,41.0879797979798,0.797979797979798,phi_deg,deg,26114220.0,0.4545454545454546,sigma_ci_MPa,MPa,13.717171717171716,0.17171717171717174,mi,-,46.36363636363637,0.42424242424242425,GSI,-,0.5,0.5,D_hb,-,25223.590909090908,1.198425272727273,0.1565993090909091,26.11422,1.0666638749198414,0.0007836757937541196,0.5073646623311584
P0010,min_max_sweep_100_lhs,SS_NK,SS_NK,SS_NK,False,,,2390.0,0.5,density_kg_m3,kg/m3,461364300.0,0.5,E_GPa,GPa,0.38,0.5,nu,-,181029.18181818182,0.6161616161616162,c_MPa,MPa,33.190909090909095,0.7272727272727273,phi_deg,deg,274293.54545454547,0.7070707070707072,sigma_ci_MPa,MPa,21.09090909090909,0.9090909090909092,mi,-,44.09090909090909,0.4545454545454546,GSI,-,0.5,0.5,D_hb,-,23445.9,0.4613643,0.1810291818181818,0.2742935454545455,1.4718269268566249,0.0005788046933122993,0.5086041907472687
P0011,min_max_sweep_100_lhs,Fault,Fault,Fault,True,,,2490.0,0.5,density_kg_m3,kg/m3,462626262.62626266,0.6565656565656566,E_GPa,GPa,0.3328282828282828,0.6565656565656566,nu,-,26969.696969696968,0.696969696969697,c_MPa,MPa,17.01010101010101,0.25252525252525254,phi_deg,deg,14797979.797979798,0.9797979797979799,sigma_ci_MPa,MPa,5.0,0.6666666666666667,mi,-,18.333333333333332,0.22222222222222224,GSI,-,0.5,0.5,D_hb,-,24426.9,0.46262626262626266,0.026969696969696966,14.797979797979798,0.10234037857175238,1.866446911352057e-05,0.5488836990847946
P0011,min_max_sweep_100_lhs,Interbedded_ST,Interbedded_ST,Interbedded_ST,True,,,2520.0,0.5,density_kg_m3,kg/m3,2099928600.0000002,1.0,E_GPa,GPa,0.2407070707070707,0.16161616161616163,nu,-,135090.63636363635,0.9191919191919192,c_MPa,MPa,20.96666666666667,0.6666666666666667,phi_deg,deg,1618650.0,0.5,sigma_ci_MPa,MPa,7.808080808080808,0.16161616161616163,mi,-,37.121212121212125,0.4747474747474748,GSI,-,0.5,0.5,D_hb,-,24721.2,2.0999286,0.13509063636363636,1.61865,0.39099175906649564,0.00022853106983852626,0.51381860207001
P0011,min_max_sweep_100_lhs,SH_ST,SH_ST,SH_ST,True,,,2541.9191919191917,0.7171717171717172,density_kg_m3,kg/m3,2964680100.0,0.5,E_GPa,GPa,0.38,0.5,nu,-,145646.79090909092,0.686868686868687,c_MPa,MPa,29.013636363636365,0.4545454545454546,phi_deg,deg,13216448.18181818,0.696969696969697,sigma_ci_MPa,MPa,6.8686868686868685,0.7171717171717172,mi,-,28.181818181818183,0.21212121212121213,GSI,-,0.5,0.5,D_hb,-,24936.227272727272,2.9646801,0.1456467909090909,13.21644818181818,0.22471092695772568,6.93907089817388e-05,0.5252504236333958
P0011,min_max_sweep_100_lhs,SS_NC,SS_NC,SS_NC,False,,,2568.787878787879,0.6565656565656566,density_kg_m3,kg/m3,2857239790.909092,0.6161616161616162,E_GPa,GPa,0.2334343434343434,0.595959595959596,nu,-,286596.6727272727,0.6161616161616162,c_MPa,MPa,27.323636363636364,0.36363636363636365,phi_deg,deg,40510940.00000001,0.7171717171717172,sigma_ci_MPa,MPa,21.19191919191919,0.9191919191919192,mi,-,43.78787878787879,0.25252525252525254,GSI,-,0.5,0.5,D_hb,-,25199.809090909093,2.857239790909092,0.2865966727272727,40.510940000000005,1.4576889374927504,0.0005558847913707192,0.5087841089817633
P0011,min_max_sweep_100_lhs,SS_NK,SS_NK,SS_NK,False,,,2390.0,0.5,density_kg_m3,kg/m3,461364300.0,0.5,E_GPa,GPa,0.38,0.5,nu,-,169495.0,0.5555555555555556,c_MPa,MPa,26.954545454545457,0.30303030303030304,phi_deg,deg,216682.0909090909,0.19191919191919193,sigma_ci_MPa,MPa,20.080808080808083,0.8080808080808082,mi,-,40.656565656565654,0.2828282828282829,GSI,-,0.5,0.5,D_hb,-,23445.9,0.4613643,0.169495,0.2166820909090909,1.1899207534947682,0.0003661535004104693,0.5108725092386439
P0012,min_max_sweep_100_lhs,Fault,Fault,Fault,True,,,2490.0,0.5,density_kg_m3,kg/m3,410101010.1010101,0.5252525252525253,E_GPa,GPa,0.33030303030303027,0.6060606060606061,nu,-,21717.171717171717,0.17171717171717174,c_MPa,MPa,17.171717171717173,0.29292929292929293,phi_deg,deg,10151515.151515152,0.5151515151515152,sigma_ci_MPa,MPa,5.515151515151516,0.8383838383838385,mi,-,21.81818181818182,0.4545454545454546,GSI,-,0.5,0.5,D_hb,-,24426.9,0.4101010101010101,0.021717171717171718,10.151515151515152,0.1332611426446795,2.9703596528765566e-05,0.5387056408815956
P0012,min_max_sweep_100_lhs,Interbedded_ST,Interbedded_ST,Interbedded_ST,True,,,2520.0,0.5,density_kg_m3,kg/m3,1930057054.5454547,0.6464646464646465,E_GPa,GPa,0.3155555555555556,0.5555555555555556,nu,-,71276.09090909091,0.3535353535353536,c_MPa,MPa,21.895959595959596,0.8989898989898991,phi_deg,deg,1618650.0,0.5,sigma_ci_MPa,MPa,9.525252525252526,0.5050505050505051,mi,-,30.757575757575758,0.05050505050505051,GSI,-,0.5,0.5,D_hb,-,24721.2,1.9300570545454547,0.07127609090909091,1.61865,0.35228602414006477,9.782570018930283e-05,0.5212328780957032
P0012,min_max_sweep_100_lhs,SH_ST,SH_ST,SH_ST,True,,,2588.282828282828,0.98989898989899,density_kg_m3,kg/m3,2964680100.0,0.5,E_GPa,GPa,0.38,0.5,nu,-,24937.21818181818,0.07070707070707072,c_MPa,MPa,44.78242424242424,0.9696969696969697,phi_deg,deg,3116676.6363636362,0.16161616161616163,sigma_ci_MPa,MPa,4.08080808080808,0.020202020202020204,mi,-,34.24242424242424,0.6161616161616162,GSI,-,0.5,0.5,D_hb,-,25391.054545454546,2.9646801,0.024937218181818183,3.1166766363636365,0.17816982624864502,0.00015568485290921554,0.5167871154930693
P0012,min_max_sweep_100_lhs,SS_NC,SS_NC,SS_NC,False,,,2600.3030303030305,0.9191919191919192,density_kg_m3,kg/m3,4130283490.9090915,0.9494949494949496,E_GPa,GPa,0.24333333333333332,0.6666666666666667,nu,-,139266.32727272727,0.27272727272727276,c_MPa,MPa,46.52969696969697,0.9696969696969697,phi_deg,deg,15593540.0,0.26262626262626265,sigma_ci_MPa,MPa,21.494949494949495,0.9494949494949496,mi,-,51.81818181818182,0.787878787878788,GSI,-,0.5,0.5,D_hb,-,25508.97272727273,4.1302834909090915,0.13926632727272728,15.59354,2.167221009298178,0.0016217614198015275,0.5050548386140021
P0012,min_max_sweep_100_lhs,SS_NK,SS_NK,SS_NK,False,,,2390.0,0.5,density_kg_m3,kg/m3,461364300.0,0.5,E_GPa,GPa,0.38,0.5,nu,-,217554.09090909088,0.8080808080808082,c_MPa,MPa,32.300000000000004,0.6666666666666667,phi_deg,deg,261867.5454545455,0.595959595959596,sigma_ci_MPa,MPa,18.262626262626263,0.6262626262626263,mi,-,51.76767676767677,0.8383838383838385,GSI,-,0.5,0.5,D_hb,-,23445.9,0.4613643,0.2175540909090909,0.2618675454545455,1.8369000475212538,0.0016108771559631785,0.5050726023214671
P0013,min_max_sweep_100_lhs,Fault,Fault,Fault,True,,,2490.0,0.5,density_kg_m3,kg/m3,232323232.32323232,0.08080808080808081,E_GPa,GPa,0.3116161616161616,0.23232323232323235,nu,-,28181.818181818184,0.8181818181818182,c_MPa,MPa,19.19191919191919,0.797979797979798,phi_deg,deg,7828282.828282828,0.2828282828282829,sigma_ci_MPa,MPa,3.757575757575758,0.25252525252525254,mi,-,27.87878787878788,0.8585858585858587,GSI,-,0.5,0.5,D_hb,-,24426.9,0.23232323232323232,0.028181818181818183,7.828282828282829,0.12116894952533745,6.664292848877709e-05,0.525770049235076
P0013,min_max_sweep_100_lhs,Interbedded_ST,Interbedded_ST,Interbedded_ST,True,,,2520.0,0.5,density_kg_m3,kg/m3,2012566090.909091,0.8181818181818182,E_GPa,GPa,0.2906060606060606,0.42424242424242425,nu,-,31392.000000000004,0.0,c_MPa,MPa,19.794949494949496,0.37373737373737376,phi_deg,deg,1618650.0,0.5,sigma_ci_MPa,MPa,10.88888888888889,0.7777777777777778,mi,-,34.696969696969695,0.31313131313131315,GSI,-,0.5,0.5,D_hb,-,24721.2,2.012566090909091,0.031392,1.61865,0.48581605793760196,0.00016541208593902172,0.516279714304111
P0013,min_max_sweep_100_lhs,SH_ST,SH_ST,SH_ST,True,,,2564.242424242424,0.8484848484848485,density_kg_m3,kg/m3,2964680100.0,0.5,E_GPa,GPa,0.38,0.5,nu,-,175329.47272727272,0.8383838383838385,c_MPa,MPa,43.23646464646465,0.9191919191919192,phi_deg,deg,9405213.636363635,0.494949494949495,sigma_ci_MPa,MPa,4.121212121212121,0.030303030303030304,mi,-,33.93939393939394,0.595959595959596,GSI,-,0.5,0.5,D_hb,-,25155.21818181818,2.9646801,0.17532947272727273,9.405213636363635,0.17735607900402436,0.0001495199382088032,0.5171340264544042
P0013,min_max_sweep_100_lhs,SS_NC,SS_NC,SS_NC,False,,,2536.060606060606,0.38383838383838387,density_kg_m3,kg/m3,3474473100.000001,0.7777777777777778,E_GPa,GPa,0.29,1.0,nu,-,35268.43636363636,0.030303030303030304,c_MPa,MPa,35.646262626262626,0.6262626262626263,phi_deg,deg,2304260.0,0.020202020202020204,sigma_ci_MPa,MPa,16.141414141414142,0.4141414141414142,mi,-,46.666666666666664,0.4444444444444445,GSI,-,0.5,0.5,D_hb,-,24878.754545454547,3.474473100000001,0.035268436363636364,2.30426,1.2734194168344648,0.0008159878350721475,0.5072131320738583
P0013,min_max_sweep_100_lhs,SS_NK,SS_NK,SS_NK,False,,,2390.0,0.5,density_kg_m3,kg/m3,461364300.0,0.5,E_GPa,GPa,0.38,0.5,nu,-,136814.81818181818,0.38383838383838387,c_MPa,MPa,37.2,1.0,phi_deg,deg,293497.3636363637,0.8787878787878789,sigma_ci_MPa,MPa,19.97979797979798,0.797979797979798,mi,-,43.08080808080808,0.4040404040404041,GSI,-,0.5,0.5,D_hb,-,23445.9,0.4613643,0.13681481818181818,0.2934973636363637,1.3288101949825915,0.0005058726555493235,0.5092183266574988
P0014,min_max_sweep_100_lhs,Fault,Fault,Fault,True,,,2490.0,0.5,density_kg_m3,kg/m3,256565656.56565654,0.14141414141414144,E_GPa,GPa,0.3202020202020202,0.4040404040404041,nu,-,20404.040404040403,0.04040404040404041,c_MPa,MPa,18.78787878787879,0.696969696969697,phi_deg,deg,11363636.363636363,0.6363636363636365,sigma_ci_MPa,MPa,3.9696969696969697,0.32323232323232326,mi,-,21.363636363636363,0.42424242424242425,GSI,-,0.5,0.5,D_hb,-,24426.9,0.25656565656565655,0.020404040404040404,11.363636363636363,0.09386487951043324,2.795684505278716e-05,0.5399030169703475
P0014,min_max_sweep_100_lhs,Interbedded_ST,Interbedded_ST,Interbedded_ST,True,,,2520.0,0.5,density_kg_m3,kg/m3,1886375800.0000002,0.5555555555555556,E_GPa,GPa,0.21575757575757576,0.030303030303030304,nu,-,108881.09090909091,0.686868686868687,c_MPa,MPa,18.542424242424243,0.06060606060606061,phi_deg,deg,1618650.0,0.5,sigma_ci_MPa,MPa,7.757575757575758,0.15151515151515152,mi,-,42.121212121212125,0.8080808080808082,GSI,-,0.5,0.5,D_hb,-,24721.2,1.8863758000000002,0.10888109090909091,1.61865,0.49289314486896274,0.00044511774416314124,0.5098413357455577
P0014,min_max_sweep_100_lhs,SH_ST,SH_ST,SH_ST,True,,,2577.979797979798,0.9292929292929294,density_kg_m3,kg/m3,2964680100.0,0.5,E_GPa,GPa,0.38,0.5,nu,-,46704.51818181818,0.18181818181818182,c_MPa,MPa,33.65151515151515,0.6060606060606061,phi_deg,deg,17218244.454545453,0.9090909090909092,sigma_ci_MPa,MPa,6.747474747474747,0.686868686868687,mi,-,31.515151515151516,0.43434343434343436,GSI,-,0.5,0.5,D_hb,-,25289.981818181823,2.9646801,0.04670451818181818,17.218244454545452,0.2587184335514209,0.00010822338024351354,0.5201766939233561
P0014,min_max_sweep_100_lhs,SS_NC,SS_NC,SS_NC,False,,,2567.5757575757575,0.6464646464646465,density_kg_m3,kg/m3,3937398081.8181825,0.8989898989898991,E_GPa,GPa,0.23484848484848483,0.6060606060606061,nu,-,377594.82727272727,0.8282828282828284,c_MPa,MPa,21.561818181818182,0.18181818181818182,phi_deg,deg,3965420.0,0.05050505050505051,sigma_ci_MPa,MPa,16.545454545454547,0.4545454545454546,mi,-,41.81818181818182,0.12121212121212122,GSI,-,0.5,0.5,D_hb,-,25187.918181818182,3.9373980818181824,0.37759482727272725,3.96542,1.0361880509390793,0.0004274916689661805,0.5100465009697508
P0014,min_max_sweep_100_lhs,SS_NK,SS_NK,SS_NK,False,,,2390.0,0.5,density_kg_m3,kg/m3,461364300.0,0.5,E_GPa,GPa,0.38,0.5,nu,-,242544.81818181818,0.9393939393939394,c_MPa,MPa,31.112121212121217,0.5858585858585859,phi_deg,deg,278812.09090909094,0.7474747474747475,sigma_ci_MPa,MPa,15.535353535353536,0.3535353535353536,mi,-,38.23232323232323,0.16161616161616163,GSI,-,0.5,0.5,D_hb,-,23445.9,0.4613643,0.24254481818181817,0.2788120909090909,0.8202060897100679,0.0002650239826014232,0.5128168503117131
P0015,min_max_sweep_100_lhs,Fault,Fault,Fault,True,,,2490.0,0.5,density_kg_m3,kg/m3,317171717.1717172,0.29292929292929293,E_GPa,GPa,0.3459595959595959,0.9191919191919192,nu,-,22727.272727272728,0.27272727272727276,c_MPa,MPa,17.575757575757574,0.393939393939394,phi_deg,deg,14898989.8989899,0.98989898989899,sigma_ci_MPa,MPa,5.909090909090909,0.9696969696969697,mi,-,24.090909090909093,0.6060606060606061,GSI,-,0.5,0.5,D_hb,-,24426.9,0.3171717171717172,0.022727272727272728,14.8989898989899,0.15909932001076546,4.021734767529374e-05,0.533233994896392
P0015,min_max_sweep_100_lhs,Interbedded_ST,Interbedded_ST,Interbedded_ST,True,,,2520.0,0.5,density_kg_m3,kg/m3,2046540400.0,0.888888888888889,E_GPa,GPa,0.27909090909090906,0.36363636363636365,nu,-,79252.9090909091,0.42424242424242425,c_MPa,MPa,18.663636363636364,0.09090909090909091,phi_deg,deg,1618650.0,0.5,sigma_ci_MPa,MPa,11.343434343434343,0.8686868686868687,mi,-,35.0,0.33333333333333337,GSI,-,0.5,0.5,D_hb,-,24721.2,2.0465404,0.0792529090909091,1.61865,0.5134518662419504,0.00017223225596081014,0.5159498890105109
P0015,min_max_sweep_100_lhs,SH_ST,SH_ST,SH_ST,True,,,2456.060606060606,0.21212121212121213,density_kg_m3,kg/m3,2964680100.0,0.5,E_GPa,GPa,0.38,0.5,nu,-,78366.04545454546,0.3434343434343435,c_MPa,MPa,26.54010101010101,0.37373737373737376,phi_deg,deg,6927911.18181818,0.36363636363636365,sigma_ci_MPa,MPa,4.161616161616162,0.04040404040404041,mi,-,33.78787878787879,0.5858585858585859,GSI,-,0.5,0.5,D_hb,-,24093.954545454548,2.9646801,0.07836604545454545,6.92791118181818,0.17780734367554463,0.0001465296401273793,0.5173101278133356
P0015,min_max_sweep_100_lhs,SS_NC,SS_NC,SS_NC,False,,,2577.2727272727275,0.7272727272727273,density_kg_m3,kg/m3,3165856445.454546,0.696969696969697,E_GPa,GPa,0.15141414141414142,0.010101010101010102,nu,-,308262.89999999997,0.6666666666666667,c_MPa,MPa,46.20959595959596,0.9595959595959597,phi_deg,deg,47155580.0,0.8383838383838385,sigma_ci_MPa,MPa,20.58585858585859,0.8585858585858587,mi,-,47.27272727272727,0.48484848484848486,GSI,-,0.5,0.5,D_hb,-,25283.04545454546,3.165856445454546,0.30826289999999995,47.15558,1.671601005022967,0.0008846636600765526,0.5069191024605652
P0015,min_max_sweep_100_lhs,SS_NK,SS_NK,SS_NK,False,,,2390.0,0.5,density_kg_m3,kg/m3,461364300.0,0.5,E_GPa,GPa,0.38,0.5,nu,-,225243.54545454544,0.8484848484848485,c_MPa,MPa,23.39090909090909,0.06060606060606061,phi_deg,deg,225719.18181818182,0.27272727272727276,sigma_ci_MPa,MPa,14.323232323232324,0.23232323232323235,mi,-,47.323232323232325,0.6161616161616162,GSI,-,0.5,0.5,D_hb,-,23445.9,0.4613643,0.22524354545454545,0.22571918181818182,1.165867387414992,0.0008906410945747875,0.5068951320357974
P0016,min_max_sweep_100_lhs,Fault,Fault,Fault,True,,,2490.0,0.5,density_kg_m3,kg/m3,341414141.4141414,0.3535353535353536,E_GPa,GPa,0.30252525252525253,0.05050505050505051,nu,-,21414.141414141413,0.14141414141414144,c_MPa,MPa,17.939393939393938,0.48484848484848486,phi_deg,deg,8939393.93939394,0.393939393939394,sigma_ci_MPa,MPa,3.4242424242424243,0.14141414141414144,mi,-,28.939393939393938,0.9292929292929294,GSI,-,0.5,0.5,D_hb,-,24426.9,0.3414141414141414,0.021414141414141413,8.93939393939394,0.11614009203468116,7.676609591309484e-05,0.523996371835586
P0016,min_max_sweep_100_lhs,Interbedded_ST,Interbedded_ST,Interbedded_ST,True,,,2520.0,0.5,density_kg_m3,kg/m3,1658262581.818182,0.08080808080808081,E_GPa,GPa,0.29444444444444445,0.4444444444444445,nu,-,82671.54545454546,0.4545454545454546,c_MPa,MPa,20.481818181818184,0.5454545454545455,phi_deg,deg,1618650.0,0.5,sigma_ci_MPa,MPa,7.252525252525253,0.05050505050505051,mi,-,33.03030303030303,0.20202020202020204,GSI,-,0.5,0.5,D_hb,-,24721.2,1.658262581818182,0.08267154545454546,1.61865,0.2988888630657619,0.00013245164410586422,0.5182178176250443
P0016,min_max_sweep_100_lhs,SH_ST,SH_ST,SH_ST,True,,,2529.89898989899,0.6464646464646465,density_kg_m3,kg/m3,2964680100.0,0.5,E_GPa,GPa,0.38,0.5,nu,-,11085.3,0.0,c_MPa,MPa,18.50111111111111,0.11111111111111112,phi_deg,deg,11310830.909090906,0.595959595959596,sigma_ci_MPa,MPa,4.606060606060606,0.15151515151515152,mi,-,39.09090909090909,0.9393939393939394,GSI,-,0.5,0.5,D_hb,-,24818.309090909093,2.9646801,0.0110853,11.310830909090907,0.25333059565504,0.0002971682381229436,0.5120920271387648
P0016,min_max_sweep_100_lhs,SS_NC,SS_NC,SS_NC,False,,,2549.3939393939395,0.494949494949495,density_kg_m3,kg/m3,4091706409.09091,0.9393939393939394,E_GPa,GPa,0.25747474747474747,0.7676767676767677,nu,-,78600.8909090909,0.13131313131313133,c_MPa,MPa,47.169898989898996,0.98989898989899,phi_deg,deg,51585340.0,0.9191919191919192,sigma_ci_MPa,MPa,15.131313131313131,0.31313131313131315,mi,-,47.57575757575758,0.5050505050505051,GSI,-,0.5,0.5,D_hb,-,25009.554545454546,4.09170640909091,0.0786008909090909,51.58534,1.2465426230119763,0.0009211395713714736,0.5067764831006487
P0016,min_max_sweep_100_lhs,SS_NK,SS_NK,SS_NK,False,,,2390.0,0.5,density_kg_m3,kg/m3,461364300.0,0.5,E_GPa,GPa,0.38,0.5,nu,-,84911.0,0.11111111111111112,c_MPa,MPa,32.151515151515156,0.6565656565656566,phi_deg,deg,286719.54545454547,0.8181818181818182,sigma_ci_MPa,MPa,21.393939393939394,0.9393939393939394,mi,-,45.707070707070706,0.5353535353535354,GSI,-,0.5,0.5,D_hb,-,23445.9,0.4613643,0.084911,0.2867195454545455,1.6124102200496888,0.0007179883324934254,0.5077036706228816
P0017,min_max_sweep_100_lhs,Fault,Fault,Fault,True,,,2490.0,0.5,density_kg_m3,kg/m3,567676767.6767677,0.9191919191919192,E_GPa,GPa,0.3237373737373737,0.4747474747474748,nu,-,26565.65656565656,0.6565656565656566,c_MPa,MPa,19.272727272727273,0.8181818181818182,phi_deg,deg,6313131.313131313,0.13131313131313133,sigma_ci_MPa,MPa,4.96969696969697,0.6565656565656566,mi,-,16.060606060606062,0.07070707070707072,GSI,-,0.5,0.5,D_hb,-,24426.9,0.5676767676767677,0.026565656565656563,6.313131313131313,0.09128624766090451,1.3785142283567397e-05,0.5569155730109332
P0017,min_max_sweep_100_lhs,Interbedded_ST,Interbedded_ST,Interbedded_ST,True,,,2520.0,0.5,density_kg_m3,kg/m3,1959177890.909091,0.7070707070707072,E_GPa,GPa,0.3750505050505051,0.8686868686868687,nu,-,129392.90909090909,0.8686868686868687,c_MPa,MPa,19.10808080808081,0.20202020202020204,phi_deg,deg,1618650.0,0.5,sigma_ci_MPa,MPa,7.101010101010101,0.020202020202020204,mi,-,34.54545454545455,0.30303030303030304,GSI,-,0.5,0.5,D_hb,-,24721.2,1.959177890909091,0.1293929090909091,1.61865,0.3145393551032358,0.0001621039556043436,0.5164471425173605
P0017,min_max_sweep_100_lhs,SH_ST,SH_ST,SH_ST,True,,,2464.6464646464647,0.26262626262626265,density_kg_m3,kg/m3,2964680100.0,0.5,E_GPa,GPa,0.38,0.5,nu,-,98154.5,0.4444444444444445,c_MPa,MPa,22.211414141414142,0.23232323232323235,phi_deg,deg,1973306.2727272722,0.10101010101010102,sigma_ci_MPa,MPa,4.686868686868687,0.17171717171717174,mi,-,38.333333333333336,0.888888888888889,GSI,-,0.5,0.5,D_hb,-,24178.18181818182,2.9646801,0.0981545,1.9733062727272723,0.24864148622184198,0.0002686174734423051,0.5127294079836894
P0017,min_max_sweep_100_lhs,SS_NC,SS_NC,SS_NC,False,,,2510.6060606060605,0.17171717171717174,density_kg_m3,kg/m3,4168860572.727274,0.9595959595959597,E_GPa,GPa,0.16414141414141414,0.10101010101010102,nu,-,169599.04545454547,0.3434343434343435,c_MPa,MPa,15.8,0.0,phi_deg,deg,10056340.0,0.16161616161616163,sigma_ci_MPa,MPa,21.696969696969695,0.9696969696969697,mi,-,47.42424242424242,0.494949494949495,GSI,-,0.5,0.5,D_hb,-,24629.045454545456,4.168860572727274,0.16959904545454546,10.05634,1.7745823542950643,0.0009027174002149477,0.5068474326337703
P0017,min_max_sweep_100_lhs,SS_NK,SS_NK,SS_NK,False,,,2390.0,0.5,density_kg_m3,kg/m3,461364300.0,0.5,E_GPa,GPa,0.38,0.5,nu,-,129125.36363636362,0.3434343434343435,c_MPa,MPa,33.78484848484849,0.7676767676767677,phi_deg,deg,233626.63636363638,0.3434343434343435,sigma_ci_MPa,MPa,19.575757575757574,0.7575757575757577,mi,-,52.37373737373737,0.8686868686868687,GSI,-,0.5,0.5,D_hb,-,23445.9,0.4613643,0.12912536363636362,0.23362663636363637,2.026630728285459,0.0017464530958382358,0.5048633348612711
P0018,min_max_sweep_100_lhs,Fault,Fault,Fault,True,,,2490.0,0.5,density_kg_m3,kg/m3,414141414.14141417,0.5353535353535354,E_GPa,GPa,0.3005050505050505,0.010101010101010102,nu,-,21616.161616161615,0.16161616161616163,c_MPa,MPa,18.343434343434343,0.5858585858585859,phi_deg,deg,7222222.222222222,0.22222222222222224,sigma_ci_MPa,MPa,3.3636363636363638,0.12121212121212122,mi,-,15.0,0.0,GSI,-,0.5,0.5,D_hb,-,24426.9,0.41414141414141414,0.021616161616161613,7.222222222222222,0.05874222895734481,1.1967291556046007e-05,0.5611011345616838
P0018,min_max_sweep_100_lhs,Interbedded_ST,Interbedded_ST,Interbedded_ST,True,,,2520.0,0.5,density_kg_m3,kg/m3,1910643163.636364,0.6060606060606061,E_GPa,GPa,0.3021212121212121,0.48484848484848486,nu,-,80392.45454545454,0.43434343434343436,c_MPa,MPa,19.06767676767677,0.19191919191919193,phi_deg,deg,1618650.0,0.5,sigma_ci_MPa,MPa,10.030303030303031,0.6060606060606061,mi,-,39.09090909090909,0.6060606060606061,GSI,-,0.5,0.5,D_hb,-,24721.2,1.9106431636363639,0.08039245454545454,1.61865,0.5516607050119622,0.0002971682381229436,0.5120920271387648
P0018,min_max_sweep_100_lhs,SH_ST,SH_ST,SH_ST,True,,,2552.222222222222,0.7777777777777778,density_kg_m3,kg/m3,2964680100.0,0.5,E_GPa,GPa,0.38,0.5,nu,-,143667.94545454544,0.6767676767676768,c_MPa,MPa,41.99969696969697,0.8787878787878789,phi_deg,deg,6165664.272727272,0.32323232323232326,sigma_ci_MPa,MPa,5.616161616161616,0.4040404040404041,mi,-,29.393939393939394,0.29292929292929293,GSI,-,0.5,0.5,D_hb,-,25037.3,2.9646801,0.14366794545454545,6.1656642727272715,0.19465141839018985,8.156246299557899e-05,0.5232737851853381
P0018,min_max_sweep_100_lhs,SS_NC,SS_NC,SS_NC,False,,,2502.121212121212,0.10101010101010102,density_kg_m3,kg/m3,2548623136.363637,0.5353535353535354,E_GPa,GPa,0.2687878787878788,0.8484848484848485,nu,-,451260.0,1.0,c_MPa,MPa,31.805050505050506,0.5050505050505051,phi_deg,deg,33312580.000000004,0.5858585858585859,sigma_ci_MPa,MPa,20.484848484848484,0.8484848484848485,mi,-,54.54545454545455,0.9696969696969697,GSI,-,0.5,0.5,D_hb,-,24545.80909090909,2.548623136363637,0.45126,33.312580000000004,2.3518055447681188,0.002332986527749615,0.5041792245021848
P0018,min_max_sweep_100_lhs,SS_NK,SS_NK,SS_NK,False,,,2390.0,0.5,density_kg_m3,kg/m3,461364300.0,0.5,E_GPa,GPa,0.38,0.5,nu,-,211787.0,0.7777777777777778,c_MPa,MPa,26.360606060606063,0.26262626262626265,phi_deg,deg,231367.36363636365,0.32323232323232326,sigma_ci_MPa,MPa,13.01010101010101,0.10101010101010102,mi,-,39.64646464646464,0.23232323232323235,GSI,-,0.5,0.5,D_hb,-,23445.9,0.4613643,0.211787,0.23136736363636365,0.7347302768083496,0.00032001648523500073,0.5116446543379052
P0019,min_max_sweep_100_lhs,Fault,Fault,Fault,True,,,2490.0,0.5,density_kg_m3,kg/m3,224242424.24242425,0.06060606060606061,E_GPa,GPa,0.32575757575757575,0.5151515151515152,nu,-,20606.060606060608,0.06060606060606061,c_MPa,MPa,18.181818181818183,0.5454545454545455,phi_deg,deg,7727272.727272727,0.27272727272727276,sigma_ci_MPa,MPa,4.909090909090909,0.6363636363636365,mi,-,27.727272727272727,0.8484848484848485,GSI,-,0.5,0.5,D_hb,-,24426.9,0.22424242424242424,0.020606060606060607,7.727272727272727,0.15716333442040853,6.531011479457823e-05,0.5260338252029477
P0019,min_max_sweep_100_lhs,Interbedded_ST,Interbedded_ST,Interbedded_ST,True,,,2520.0,0.5,density_kg_m3,kg/m3,1619434800.0,0.0,E_GPa,GPa,0.3558585858585859,0.7676767676767677,nu,-,143067.45454545456,0.98989898989899,c_MPa,MPa,20.683838383838385,0.595959595959596,phi_deg,deg,1618650.0,0.5,sigma_ci_MPa,MPa,8.565656565656566,0.31313131313131315,mi,-,44.84848484848485,0.98989898989899,GSI,-,0.5,0.5,D_hb,-,24721.2,1.6194348,0.14306745454545455,1.61865,0.6197111227287273,0.0006403245802468257,0.5081699804529777
P0019,min_max_sweep_100_lhs,SH_ST,SH_ST,SH_ST,True,,,2440.6060606060605,0.12121212121212122,density_kg_m3,kg/m3,2964680100.0,0.5,E_GPa,GPa,0.38,0.5,nu,-,20979.52727272727,0.05050505050505051,c_MPa,MPa,27.77686868686869,0.4141414141414142,phi_deg,deg,3497800.0909090904,0.18181818181818182,sigma_ci_MPa,MPa,7.515151515151516,0.8787878787878789,mi,-,25.303030303030305,0.020202020202020204,GSI,-,0.5,0.5,D_hb,-,23942.345454545455,2.9646801,0.020979527272727273,3.4978000909090903,0.21436451490974906,4.727183191642749e-05,0.5306375973605469
P0019,min_max_sweep_100_lhs,SS_NC,SS_NC,SS_NC,False,,,2497.2727272727275,0.06060606060606061,density_kg_m3,kg/m3,2818662709.0909095,0.6060606060606061,E_GPa,GPa,0.18393939393939393,0.24242424242424243,nu,-,251930.70909090908,0.5353535353535354,c_MPa,MPa,30.844747474747475,0.4747474747474748,phi_deg,deg,20023300.0,0.3434343434343435,sigma_ci_MPa,MPa,15.434343434343434,0.3434343434343435,mi,-,48.93939393939394,0.595959595959596,GSI,-,0.5,0.5,D_hb,-,24498.245454545457,2.8186627090909093,0.2519307090909091,20.0233,1.3568118070320823,0.0011048112113334915,0.5061691797454484
P0019,min_max_sweep_100_lhs,SS_NK,SS_NK,SS_NK,False,,,2390.0,0.5,density_kg_m3,kg/m3,461364300.0,0.5,E_GPa,GPa,0.38,0.5,nu,-,65687.36363636365,0.010101010101010102,c_MPa,MPa,36.012121212121215,0.9191919191919192,phi_deg,deg,198607.9090909091,0.030303030303030304,sigma_ci_MPa,MPa,12.0,0.0,mi,-,51.56565656565657,0.8282828282828284,GSI,-,0.5,0.5,D_hb,-,23445.9,0.4613643,0.06568736363636364,0.19860790909090908,1.1954340526287015,0.0015680656992301755,0.5051442582880205
P0020,min_max_sweep_100_lhs,Fault,Fault,Fault,True,,,2490.0,0.5,density_kg_m3,kg/m3,555555555.5555556,0.888888888888889,E_GPa,GPa,0.33434343434343433,0.686868686868687,nu,-,23333.333333333336,0.33333333333333337,c_MPa,MPa,16.363636363636363,0.09090909090909091,phi_deg,deg,9545454.545454545,0.4545454545454546,sigma_ci_MPa,MPa,5.454545454545455,0.8181818181818182,mi,-,15.90909090909091,0.06060606060606061,GSI,-,0.5,0.5,D_hb,-,24426.9,0.5555555555555556,0.023333333333333334,9.545454545454545,0.09947193698946977,1.3509448720444454e-05,0.557495544487622
P0020,min_max_sweep_100_lhs,Interbedded_ST,Interbedded_ST,Interbedded_ST,True,,,2520.0,0.5,density_kg_m3,kg/m3,1866961909.090909,0.5151515151515152,E_GPa,GPa,0.30404040404040406,0.494949494949495,nu,-,46206.09090909091,0.13131313131313133,c_MPa,MPa,22.17878787878788,0.9696969696969697,phi_deg,deg,1618650.0,0.5,sigma_ci_MPa,MPa,8.06060606060606,0.21212121212121213,mi,-,42.27272727272727,0.8181818181818182,GSI,-,0.5,0.5,D_hb,-,24721.2,1.866961909090909,0.04620609090909091,1.61865,0.5158552884352757,0.0004542014676693318,0.5097402969884742
P0020,min_max_sweep_100_lhs,SH_ST,SH_ST,SH_ST,True,,,2547.070707070707,0.7474747474747475,density_kg_m3,kg/m3,2964680100.0,0.5,E_GPa,GPa,0.38,0.5,nu,-,199075.6181818182,0.9595959595959597,c_MPa,MPa,17.264343434343434,0.07070707070707072,phi_deg,deg,9786337.09090909,0.5151515151515152,sigma_ci_MPa,MPa,7.595959595959597,0.8989898989898991,mi,-,38.03030303030303,0.8686868686868687,GSI,-,0.5,0.5,D_hb,-,24986.763636363637,2.9646801,0.19907561818181818,9.78633709090909,0.3971975650477034,0.00025798057601865047,0.512993511432703
P0020,min_max_sweep_100_lhs,SS_NC,SS_NC,SS_NC,False,,,2531.212121212121,0.3434343434343435,density_kg_m3,kg/m3,4323168900.000001,1.0,E_GPa,GPa,0.22494949494949493,0.5353535353535354,nu,-,52601.41818181818,0.07070707070707072,c_MPa,MPa,29.244242424242426,0.42424242424242425,phi_deg,deg,41618380.0,0.7373737373737375,sigma_ci_MPa,MPa,19.17171717171717,0.7171717171717172,mi,-,53.333333333333336,0.888888888888889,GSI,-,0.5,0.5,D_hb,-,24831.190909090907,4.323168900000001,0.05260141818181818,41.61838,2.077601091668266,0.0019848295804182044,0.5045488111638684
P0020,min_max_sweep_100_lhs,SS_NK,SS_NK,SS_NK,False,,,2390.0,0.5,density_kg_m3,kg/m3,461364300.0,0.5,E_GPa,GPa,0.38,0.5,nu,-,123358.27272727272,0.31313131313131315,c_MPa,MPa,32.00303030303031,0.6464646464646465,phi_deg,deg,208774.63636363635,0.12121212121212122,sigma_ci_MPa,MPa,15.737373737373737,0.37373737373737376,mi,-,49.54545454545455,0.7272727272727273,GSI,-,0.5,0.5,D_hb,-,23445.9,0.4613643,0.12335827272727272,0.20877463636363636,1.4239589334416658,0.0011977952218190572,0.5059164892665391
P0021,min_max_sweep_100_lhs,Fault,Fault,Fault,True,,,2490.0,0.5,density_kg_m3,kg/m3,442424242.42424244,0.6060606060606061,E_GPa,GPa,0.3227272727272727,0.4545454545454546,nu,-,23939.39393939394,0.393939393939394,c_MPa,MPa,19.070707070707073,0.7676767676767677,phi_deg,deg,11464646.464646464,0.6464646464646465,sigma_ci_MPa,MPa,5.818181818181818,0.9393939393939394,mi,-,19.09090909090909,0.27272727272727276,GSI,-,0.5,0.5,D_hb,-,24426.9,0.44242424242424244,0.02393939393939394,11.464646464646464,0.12346148396896164,2.0648274778581436e-05,0.5464656878367182
P0021,min_max_sweep_100_lhs,Interbedded_ST,Interbedded_ST,Interbedded_ST,True,,,2520.0,0.5,density_kg_m3,kg/m3,1648555636.3636365,0.06060606060606061,E_GPa,GPa,0.25222222222222224,0.22222222222222224,nu,-,47345.63636363637,0.14141414141414144,c_MPa,MPa,21.128282828282828,0.7070707070707072,phi_deg,deg,1618650.0,0.5,sigma_ci_MPa,MPa,10.93939393939394,0.787878787878788,mi,-,30.454545454545453,0.030303030303030304,GSI,-,0.5,0.5,D_hb,-,24721.2,1.6485556363636364,0.04734563636363637,1.61865,0.39879095774024215,9.395193157337451e-05,0.5216705157889783
P0021,min_max_sweep_100_lhs,SH_ST,SH_ST,SH_ST,True,,,2548.787878787879,0.7575757575757577,density_kg_m3,kg/m3,2964680100.0,0.5,E_GPa,GPa,0.38,0.5,nu,-,30873.754545454547,0.10101010101010102,c_MPa,MPa,29.941212121212118,0.48484848484848486,phi_deg,deg,5975102.545454544,0.31313131313131315,sigma_ci_MPa,MPa,7.191919191919192,0.797979797979798,mi,-,32.878787878787875,0.5252525252525253,GSI,-,0.5,0.5,D_hb,-,25003.609090909093,2.9646801,0.030873754545454546,5.975102545454544,0.29426041600787534,0.00012980270041316352,0.5184049218459958
P0021,min_max_sweep_100_lhs,SS_NC,SS_NC,SS_NC,False,,,2538.4848484848485,0.4040404040404041,density_kg_m3,kg/m3,2510046054.5454555,0.5252525252525253,E_GPa,GPa,0.27868686868686865,0.9191919191919192,nu,-,342928.8636363636,0.7474747474747475,c_MPa,MPa,24.122626262626262,0.26262626262626265,phi_deg,deg,45494420.00000001,0.8080808080808082,sigma_ci_MPa,MPa,15.030303030303031,0.30303030303030304,mi,-,43.18181818181818,0.21212121212121213,GSI,-,0.5,0.5,D_hb,-,24902.536363636365,2.5100460545454553,0.3429288636363636,45.494420000000005,1.004450533970503,0.000512731841410638,0.5091550354039813
P0021,min_max_sweep_100_lhs,SS_NK,SS_NK,SS_NK,False,,,2390.0,0.5,density_kg_m3,kg/m3,461364300.0,0.5,E_GPa,GPa,0.38,0.5,nu,-,75299.18181818182,0.06060606060606061,c_MPa,MPa,34.230303030303034,0.797979797979798,phi_deg,deg,281071.36363636365,0.7676767676767677,sigma_ci_MPa,MPa,17.353535353535353,0.5353535353535354,mi,-,35.4040404040404,0.020202020202020204,GSI,-,0.5,0.5,D_hb,-,23445.9,0.4613643,0.07529918181818182,0.28107136363636365,0.8007537370324218,0.0001817652365150291,0.5155203599605382
P0022,min_max_sweep_100_lhs,Fault,Fault,Fault,True,,,2490.0,0.5,density_kg_m3,kg/m3,426262626.2626263,0.5656565656565657,E_GPa,GPa,0.3136363636363636,0.27272727272727276,nu,-,25252.52525252525,0.5252525252525253,c_MPa,MPa,19.474747474747474,0.8686868686868687,phi_deg,deg,5404040.404040404,0.04040404040404041,sigma_ci_MPa,MPa,5.666666666666667,0.888888888888889,mi,-,19.848484848484848,0.32323232323232326,GSI,-,0.5,0.5,D_hb,-,24426.9,0.4262626262626263,0.025252525252525252,5.404040404040404,0.12466342648310537,2.284293481580743e-05,0.5441667657537825
P0022,min_max_sweep_100_lhs,Interbedded_ST,Interbedded_ST,Interbedded_ST,True,,,2520.0,0.5,density_kg_m3,kg/m3,1769892454.5454547,0.31313131313131315,E_GPa,GPa,0.35010101010101013,0.7373737373737375,nu,-,130532.45454545453,0.8787878787878789,c_MPa,MPa,18.421212121212122,0.030303030303030304,phi_deg,deg,1618650.0,0.5,sigma_ci_MPa,MPa,7.454545454545454,0.09090909090909091,mi,-,30.606060606060606,0.04040404040404041,GSI,-,0.5,0.5,D_hb,-,24721.2,1.7698924545454546,0.13053245454545453,1.61865,0.2737200719583748,9.586925205874323e-05,0.521450591806047
P0022,min_max_sweep_100_lhs,SH_ST,SH_ST,SH_ST,True,,,2425.151515151515,0.030303030303030304,density_kg_m3,kg/m3,2964680100.0,0.5,E_GPa,GPa,0.38,0.5,nu,-,131794.8727272727,0.6161616161616162,c_MPa,MPa,23.448181818181816,0.27272727272727276,phi_deg,deg,13788133.36363636,0.7272727272727273,sigma_ci_MPa,MPa,7.7979797979797985,0.9494949494949496,mi,-,38.93939393939394,0.9292929292929294,GSI,-,0.5,0.5,D_hb,-,23790.736363636363,2.9646801,0.13179487272727272,13.78813336363636,0.4258009873312972,0.00029122507346567754,0.512216941124816
P0022,min_max_sweep_100_lhs,SS_NC,SS_NC,SS_NC,False,,,2511.818181818182,0.18181818181818182,density_kg_m3,kg/m3,2702931463.6363645,0.5757575757575758,E_GPa,GPa,0.23767676767676765,0.6262626262626263,nu,-,208598.25454545455,0.43434343434343436,c_MPa,MPa,44.60909090909091,0.9090909090909092,phi_deg,deg,15039820.0,0.25252525252525254,sigma_ci_MPa,MPa,16.747474747474747,0.4747474747474748,mi,-,49.39393939393939,0.6262626262626263,GSI,-,0.5,0.5,D_hb,-,24640.936363636367,2.7029314636363644,0.20859825454545455,15.03982,1.5044615735451214,0.001173840123946141,0.5059787079724024
P0022,min_max_sweep_100_lhs,SS_NK,SS_NK,SS_NK,False,,,2390.0,0.5,density_kg_m3,kg/m3,461364300.0,0.5,E_GPa,GPa,0.38,0.5,nu,-,157960.81818181818,0.494949494949495,c_MPa,MPa,27.993939393939396,0.37373737373737376,phi_deg,deg,212163.54545454547,0.15151515151515152,sigma_ci_MPa,MPa,14.626262626262626,0.26262626262626265,mi,-,39.04040404040404,0.20202020202020204,GSI,-,0.5,0.5,D_hb,-,23445.9,0.4613643,0.15796081818181817,0.21216354545454547,0.8025034057780127,0.00029517382792880833,0.5121335250177823
P0023,min_max_sweep_100_lhs,Fault,Fault,Fault,True,,,2490.0,0.5,density_kg_m3,kg/m3,474747474.74747473,0.686868686868687,E_GPa,GPa,0.3464646464646464,0.9292929292929294,nu,-,29494.949494949495,0.9494949494949496,c_MPa,MPa,17.616161616161616,0.4040404040404041,phi_deg,deg,9747474.747474747,0.4747474747474748,sigma_ci_MPa,MPa,5.0606060606060606,0.686868686868687,mi,-,21.515151515151516,0.43434343434343436,GSI,-,0.5,0.5,D_hb,-,24426.9,0.47474747474747475,0.029494949494949494,9.747474747474747,0.12052627663974003,2.8527373309400238e-05,0.5394998533196828
P0023,min_max_sweep_100_lhs,Interbedded_ST,Interbedded_ST,Interbedded_ST,True,,,2520.0,0.5,density_kg_m3,kg/m3,1944617472.727273,0.6767676767676768,E_GPa,GPa,0.2541414141414141,0.23232323232323235,nu,-,113439.27272727272,0.7272727272727273,c_MPa,MPa,21.936363636363637,0.9090909090909092,phi_deg,deg,1618650.0,0.5,sigma_ci_MPa,MPa,12.0,1.0,mi,-,31.81818181818182,0.12121212121212122,GSI,-,0.5,0.5,D_hb,-,24721.2,1.944617472727273,0.11343927272727272,1.61865,0.4668036324671088,0.00011268558050780067,0.5197689316614935
P0023,min_max_sweep_100_lhs,SH_ST,SH_ST,SH_ST,True,,,2550.5050505050503,0.7676767676767677,density_kg_m3,kg/m3,2964680100.0,0.5,E_GPa,GPa,0.38,0.5,nu,-,82323.73636363636,0.36363636363636365,c_MPa,MPa,16.645959595959596,0.05050505050505051,phi_deg,deg,14359818.545454543,0.7575757575757577,sigma_ci_MPa,MPa,6.020202020202021,0.5050505050505051,mi,-,30.151515151515152,0.3434343434343435,GSI,-,0.5,0.5,D_hb,-,25020.454545454544,2.9646801,0.08232373636363637,14.359818545454543,0.2163197786917679,9.023155908198927e-05,0.5221170845569043
P0023,min_max_sweep_100_lhs,SS_NC,SS_NC,SS_NC,False,,,2516.6666666666665,0.22222222222222224,density_kg_m3,kg/m3,1237002354.5454547,0.19191919191919193,E_GPa,GPa,0.15,0.0,nu,-,178265.53636363638,0.36363636363636365,c_MPa,MPa,19.64121212121212,0.12121212121212122,phi_deg,deg,13378660.0,0.22222222222222224,sigma_ci_MPa,MPa,13.818181818181818,0.18181818181818182,mi,-,41.666666666666664,0.11111111111111112,GSI,-,0.5,0.5,D_hb,-,24688.5,1.2370023545454547,0.17826553636363637,13.37866,0.8591665137601527,0.0004189421234483841,0.5101506483701295
P0023,min_max_sweep_100_lhs,SS_NK,SS_NK,SS_NK,False,,,2390.0,0.5,density_kg_m3,kg/m3,461364300.0,0.5,E_GPa,GPa,0.38,0.5,nu,-,198330.4545454545,0.7070707070707072,c_MPa,MPa,35.121212121212125,0.8585858585858587,phi_deg,deg,234756.27272727274,0.3535353535353536,sigma_ci_MPa,MPa,16.343434343434343,0.43434343434343436,mi,-,54.5959595959596,0.9797979797979799,GSI,-,0.5,0.5,D_hb,-,23445.9,0.4613643,0.1983304545454545,0.23475627272727273,1.8808599366774836,0.0023487498904649785,0.5041644637425408
P0024,min_max_sweep_100_lhs,Fault,Fault,Fault,True,,,2490.0,0.5,density_kg_m3,kg/m3,490909090.9090909,0.7272727272727273,E_GPa,GPa,0.34949494949494947,0.98989898989899,nu,-,20101.010101010103,0.010101010101010102,c_MPa,MPa,18.666666666666668,0.6666666666666667,phi_deg,deg,14393939.393939395,0.9393939393939394,sigma_ci_MPa,MPa,5.96969696969697,0.98989898989899,mi,-,16.363636363636363,0.09090909090909091,GSI,-,0.5,0.5,D_hb,-,24426.9,0.49090909090909085,0.020101010101010102,14.393939393939394,0.1112486141143509,1.4353522844242566e-05,0.5557730579063038
P0024,min_max_sweep_100_lhs,Interbedded_ST,Interbedded_ST,Interbedded_ST,True,,,2520.0,0.5,density_kg_m3,kg/m3,1847548018.1818182,0.4747474747474748,E_GPa,GPa,0.32707070707070707,0.6161616161616162,nu,-,35950.181818181816,0.04040404040404041,c_MPa,MPa,19.39090909090909,0.27272727272727276,phi_deg,deg,1618650.0,0.5,sigma_ci_MPa,MPa,9.878787878787879,0.5757575757575758,mi,-,38.484848484848484,0.5656565656565657,GSI,-,0.5,0.5,D_hb,-,24721.2,1.8475480181818182,0.03595018181818182,1.61865,0.5278711234772449,0.0002740992743583049,0.5125993436205171
P0024,min_max_sweep_100_lhs,SH_ST,SH_ST,SH_ST,True,,,2531.6161616161617,0.6565656565656566,density_kg_m3,kg/m3,2964680100.0,0.5,E_GPa,GPa,0.38,0.5,nu,-,169392.93636363637,0.8080808080808082,c_MPa,MPa,28.704444444444444,0.4444444444444445,phi_deg,deg,448812.4545454545,0.020202020202020204,sigma_ci_MPa,MPa,6.909090909090909,0.7272727272727273,mi,-,39.54545454545455,0.9696969696969697,GSI,-,0.5,0.5,D_hb,-,24835.15454545455,2.9646801,0.16939293636363636,0.4488124545454545,0.3883105739197553,0.0003157353925201957,0.511724767277194
P0024,min_max_sweep_100_lhs,SS_NC,SS_NC,SS_NC,False,,,2496.060606060606,0.05050505050505051,density_kg_m3,kg/m3,3127279363.6363645,0.686868686868687,E_GPa,GPa,0.19808080808080808,0.3434343434343435,nu,-,321262.63636363635,0.696969696969697,c_MPa,MPa,23.482424242424244,0.24242424242424243,phi_deg,deg,39403500.0,0.696969696969697,sigma_ci_MPa,MPa,15.232323232323232,0.32323232323232326,mi,-,52.121212121212125,0.8080808080808082,GSI,-,0.5,0.5,D_hb,-,24486.354545454546,3.1272793636363643,0.32126263636363633,39.4035,1.5581160302045678,0.0016886288953855103,0.5049495032756712
P0024,min_max_sweep_100_lhs,SS_NK,SS_NK,SS_NK,False,,,2390.0,0.5,density_kg_m3,kg/m3,461364300.0,0.5,E_GPa,GPa,0.38,0.5,nu,-,238700.09090909088,0.9191919191919192,c_MPa,MPa,22.64848484848485,0.010101010101010102,phi_deg,deg,262997.1818181818,0.6060606060606061,sigma_ci_MPa,MPa,20.58585858585859,0.8585858585858587,mi,-,41.868686868686865,0.3434343434343435,GSI,-,0.5,0.5,D_hb,-,23445.9,0.4613643,0.2387000909090909,0.2629971818181818,1.2923297477202254,0.0004303801152368962,0.5100120182910011
P0025,min_max_sweep_100_lhs,Fault,Fault,Fault,True,,,2490.0,0.5,density_kg_m3,kg/m3,385858585.8585859,0.4646464646464647,E_GPa,GPa,0.30353535353535355,0.07070707070707072,nu,-,26060.606060606064,0.6060606060606061,c_MPa,MPa,20.0,1.0,phi_deg,deg,6515151.515151516,0.15151515151515152,sigma_ci_MPa,MPa,3.6363636363636362,0.21212121212121213,mi,-,24.84848484848485,0.6565656565656566,GSI,-,0.5,0.5,D_hb,-,24426.9,0.3858585858585859,0.026060606060606065,6.515151515151516,0.10150376401177694,4.449196173834113e-05,0.5315867452433991
P0025,min_max_sweep_100_lhs,Interbedded_ST,Interbedded_ST,Interbedded_ST,True,,,2520.0,0.5,density_kg_m3,kg/m3,1876668854.5454547,0.5353535353535354,E_GPa,GPa,0.22535353535353536,0.08080808080808081,nu,-,137369.7272727273,0.9393939393939394,c_MPa,MPa,18.825252525252527,0.13131313131313133,phi_deg,deg,1618650.0,0.5,sigma_ci_MPa,MPa,11.595959595959595,0.9191919191919192,mi,-,32.57575757575758,0.17171717171717174,GSI,-,0.5,0.5,D_hb,-,24721.2,1.8766688545454548,0.13736972727272728,1.61865,0.46765637980351704,0.0001246626847920104,0.5187848481292073
P0025,min_max_sweep_100_lhs,SH_ST,SH_ST,SH_ST,True,,,2567.6767676767677,0.8686868686868687,density_kg_m3,kg/m3,2964680100.0,0.5,E_GPa,GPa,0.38,0.5,nu,-,165435.24545454542,0.787878787878788,c_MPa,MPa,21.90222222222222,0.22222222222222224,phi_deg,deg,14740941.999999996,0.7777777777777778,sigma_ci_MPa,MPa,5.212121212121212,0.30303030303030304,mi,-,34.39393939393939,0.6262626262626263,GSI,-,0.5,0.5,D_hb,-,25188.909090909092,2.9646801,0.16543524545454544,14.740941999999997,0.22921125064759887,0.0001588619856487517,0.5166162704948989
P0025,min_max_sweep_100_lhs,SS_NC,SS_NC,SS_NC,False,,,2599.090909090909,0.9090909090909092,density_kg_m3,kg/m3,1159848190.9090912,0.17171717171717174,E_GPa,GPa,0.2617171717171717,0.797979797979798,nu,-,234597.72727272726,0.494949494949495,c_MPa,MPa,27.963838383838386,0.38383838383838387,phi_deg,deg,18915860.0,0.32323232323232326,sigma_ci_MPa,MPa,15.535353535353536,0.3535353535353536,mi,-,45.75757575757576,0.38383838383838387,GSI,-,0.5,0.5,D_hb,-,25497.081818181818,1.1598481909090912,0.23459772727272726,18.91586,1.1736818838860366,0.00072283958661593,0.5076770629966941
P0025,min_max_sweep_100_lhs,SS_NK,SS_NK,SS_NK,False,,,2390.0,0.5,density_kg_m3,kg/m3,461364300.0,0.5,E_GPa,GPa,0.38,0.5,nu,-,125280.63636363634,0.32323232323232326,c_MPa,MPa,34.52727272727273,0.8181818181818182,phi_deg,deg,282201.00000000006,0.7777777777777778,sigma_ci_MPa,MPa,20.484848484848484,0.8484848484848485,mi,-,41.26262626262626,0.31313131313131315,GSI,-,0.5,0.5,D_hb,-,23445.9,0.4613643,0.12528063636363634,0.28220100000000004,1.2494053492942556,0.0003969700060471206,0.5104335731193165
P0026,min_max_sweep_100_lhs,Fault,Fault,Fault,True,,,2490.0,0.5,density_kg_m3,kg/m3,523232323.2323233,0.8080808080808082,E_GPa,GPa,0.3151515151515151,0.30303030303030304,nu,-,30000.0,1.0,c_MPa,MPa,17.535353535353536,0.38383838383838387,phi_deg,deg,8838383.838383837,0.38383838383838387,sigma_ci_MPa,MPa,4.212121212121212,0.4040404040404041,mi,-,22.424242424242426,0.494949494949495,GSI,-,0.5,0.5,D_hb,-,24426.9,0.5232323232323233,0.03,8.838383838383837,0.10475643161284395,3.2203534529717e-05,0.5371645494837184
P0026,min_max_sweep_100_lhs,Interbedded_ST,Interbedded_ST,Interbedded_ST,True,,,2520.0,0.5,density_kg_m3,kg/m3,1750478563.6363637,0.27272727272727276,E_GPa,GPa,0.2291919191919192,0.10101010101010102,nu,-,39368.818181818184,0.07070707070707072,c_MPa,MPa,21.249494949494952,0.7373737373737375,phi_deg,deg,1618650.0,0.5,sigma_ci_MPa,MPa,10.232323232323232,0.6464646464646465,mi,-,33.484848484848484,0.23232323232323235,GSI,-,0.5,0.5,D_hb,-,24721.2,1.7504785636363638,0.039368818181818185,1.61865,0.4309184089092956,0.000140727259769965,0.5176677121287885
P0026,min_max_sweep_100_lhs,SH_ST,SH_ST,SH_ST,True,,,2490.40404040404,0.4141414141414142,density_kg_m3,kg/m3,2964680100.0,0.5,E_GPa,GPa,0.38,0.5,nu,-,90239.11818181818,0.4040404040404041,c_MPa,MPa,44.473232323232324,0.9595959595959597,phi_deg,deg,14169256.818181816,0.7474747474747475,sigma_ci_MPa,MPa,6.383838383838384,0.595959595959596,mi,-,27.424242424242426,0.16161616161616163,GSI,-,0.5,0.5,D_hb,-,24430.863636363636,2.9646801,0.09023911818181818,14.169256818181816,0.20144902405136697,6.272392044580957e-05,0.5265694380424889
P0026,min_max_sweep_100_lhs,SS_NC,SS_NC,SS_NC,False,,,2555.4545454545455,0.5454545454545455,density_kg_m3,kg/m3,3397318936.3636365,0.7575757575757577,E_GPa,GPa,0.20656565656565656,0.4040404040404041,nu,-,182598.78181818183,0.37373737373737376,c_MPa,MPa,17.40050505050505,0.05050505050505051,phi_deg,deg,38296060.00000001,0.6767676767676768,sigma_ci_MPa,MPa,20.88888888888889,0.888888888888889,mi,-,48.484848484848484,0.5656565656565657,GSI,-,0.5,0.5,D_hb,-,25069.009090909094,3.3973189363636367,0.18259878181818182,38.296060000000004,1.7969933953001063,0.001039841617089058,0.5063655117331021
P0026,min_max_sweep_100_lhs,SS_NK,SS_NK,SS_NK,False,,,2390.0,0.5,density_kg_m3,kg/m3,461364300.0,0.5,E_GPa,GPa,0.38,0.5,nu,-,161805.54545454544,0.5151515151515152,c_MPa,MPa,36.45757575757576,0.9494949494949496,phi_deg,deg,247182.27272727276,0.4646464646464647,sigma_ci_MPa,MPa,19.87878787878788,0.787878787878788,mi,-,46.111111111111114,0.5555555555555556,GSI,-,0.5,0.5,D_hb,-,23445.9,0.4613643,0.16180554545454545,0.24718227272727275,1.5273216736798119,0.0007577286748214818,0.5074932970934936
P0027,min_max_sweep_100_lhs,Fault,Fault,Fault,True,,,2490.0,0.5,density_kg_m3,kg/m3,535353535.35353535,0.8383838383838385,E_GPa,GPa,0.32727272727272727,0.5454545454545455,nu,-,21818.18181818182,0.18181818181818182,c_MPa,MPa,19.03030303030303,0.7575757575757577,phi_deg,deg,13787878.787878787,0.8787878787878789,sigma_ci_MPa,MPa,3.0303030303030303,0.010101010101010102,mi,-,27.575757575757578,0.8383838383838385,GSI,-,0.5,0.5,D_hb,-,24426.9,0.5353535353535354,0.02181818181818182,13.787878787878787,0.09631696338358171,6.400395647678214e-05,0.5263002790765428
P0027,min_max_sweep_100_lhs,Interbedded_ST,Interbedded_ST,Interbedded_ST,True,,,2520.0,0.5,density_kg_m3,kg/m3,2061100818.1818185,0.9191919191919192,E_GPa,GPa,0.37313131313131315,0.8585858585858587,nu,-,41647.909090909096,0.09090909090909091,c_MPa,MPa,22.0979797979798,0.9494949494949496,phi_deg,deg,1618650.0,0.5,sigma_ci_MPa,MPa,9.272727272727273,0.4545454545454546,mi,-,36.666666666666664,0.4444444444444445,GSI,-,0.5,0.5,D_hb,-,24721.2,2.0611008181818185,0.0416479090909091,1.61865,0.45439179187799883,0.00021509205806226583,0.5142502826120983
P0027,min_max_sweep_100_lhs,SH_ST,SH_ST,SH_ST,True,,,2466.3636363636365,0.27272727272727276,density_kg_m3,kg/m3,2964680100.0,0.5,E_GPa,GPa,0.38,0.5,nu,-,15042.99090909091,0.020202020202020204,c_MPa,MPa,16.336767676767675,0.04040404040404041,phi_deg,deg,7499596.363636362,0.393939393939394,sigma_ci_MPa,MPa,7.717171717171718,0.9292929292929294,mi,-,39.84848484848485,0.98989898989899,GSI,-,0.5,0.5,D_hb,-,24195.027272727275,2.9646801,0.01504299090909091,7.499596363636362,0.44003107686473036,0.00032875360123607925,0.5114860378569519
P0027,min_max_sweep_100_lhs,SS_NC,SS_NC,SS_NC,False,,,2605.151515151515,0.9595959595959597,density_kg_m3,kg/m3,3783089754.545456,0.8585858585858587,E_GPa,GPa,0.27444444444444444,0.888888888888889,nu,-,130599.83636363636,0.25252525252525254,c_MPa,MPa,36.28646464646465,0.6464646464646465,phi_deg,deg,10610060.0,0.17171717171717174,sigma_ci_MPa,MPa,20.282828282828284,0.8282828282828284,mi,-,52.27272727272727,0.8181818181818182,GSI,-,0.5,0.5,D_hb,-,25556.53636363636,3.783089754545456,0.13059983636363637,10.61006,2.089756094456793,0.0017230895256151245,0.5048976282480989
P0027,min_max_sweep_100_lhs,SS_NK,SS_NK,SS_NK,False,,,2390.0,0.5,density_kg_m3,kg/m3,461364300.0,0.5,E_GPa,GPa,0.38,0.5,nu,-,90678.0909090909,0.14141414141414144,c_MPa,MPa,32.5969696969697,0.686868686868687,phi_deg,deg,255089.72727272726,0.5353535353535354,sigma_ci_MPa,MPa,19.070707070707073,0.7070707070707072,mi,-,49.74747474747475,0.7373737373737375,GSI,-,0.5,0.5,D_hb,-,23445.9,0.4613643,0.0906780909090909,0.2550897272727273,1.7422477738536317,0.0012304975239860387,0.5058345026058847
P0028,min_max_sweep_100_lhs,Fault,Fault,Fault,True,,,2490.0,0.5,density_kg_m3,kg/m3,333333333.3333334,0.33333333333333337,E_GPa,GPa,0.3287878787878788,0.5757575757575758,nu,-,22323.232323232325,0.23232323232323235,c_MPa,MPa,16.404040404040405,0.10101010101010102,phi_deg,deg,13282828.282828283,0.8282828282828284,sigma_ci_MPa,MPa,3.393939393939394,0.13131313131313133,mi,-,25.303030303030305,0.686868686868687,GSI,-,0.5,0.5,D_hb,-,24426.9,0.33333333333333337,0.022323232323232325,13.282828282828282,0.09680978092698343,4.727183191642749e-05,0.5306375973605469
P0028,min_max_sweep_100_lhs,Interbedded_ST,Interbedded_ST,Interbedded_ST,True,,,2520.0,0.5,density_kg_m3,kg/m3,1624288272.7272727,0.010101010101010102,E_GPa,GPa,0.3232323232323232,0.595959595959596,nu,-,32531.54545454546,0.010101010101010102,c_MPa,MPa,18.704040404040406,0.10101010101010102,phi_deg,deg,1618650.0,0.5,sigma_ci_MPa,MPa,9.121212121212121,0.42424242424242425,mi,-,44.24242424242424,0.9494949494949496,GSI,-,0.5,0.5,D_hb,-,24721.2,1.6242882727272727,0.03253154545454546,1.61865,0.6411319763963327,0.0005906166281701632,0.5085155855030736
P0028,min_max_sweep_100_lhs,SH_ST,SH_ST,SH_ST,True,,,2454.343434343434,0.20202020202020204,density_kg_m3,kg/m3,2964680100.0,0.5,E_GPa,GPa,0.38,0.5,nu,-,197096.7727272727,0.9494949494949496,c_MPa,MPa,41.38131313131313,0.8585858585858587,phi_deg,deg,1782744.5454545452,0.09090909090909091,sigma_ci_MPa,MPa,6.343434343434343,0.5858585858585859,mi,-,33.333333333333336,0.5555555555555556,GSI,-,0.5,0.5,D_hb,-,24077.10909090909,2.9646801,0.19709677272727272,1.7827445454545452,0.2652233816993875,0.00013791280933656217,0.5178492315700927
P0028,min_max_sweep_100_lhs,SS_NC,SS_NC,SS_NC,False,,,2588.181818181818,0.8181818181818182,density_kg_m3,kg/m3,3860243918.181819,0.8787878787878789,E_GPa,GPa,0.23202020202020202,0.5858585858585859,nu,-,230264.4818181818,0.48484848484848486,c_MPa,MPa,32.125151515151515,0.5151515151515152,phi_deg,deg,19469579.999999996,0.33333333333333337,sigma_ci_MPa,MPa,19.77777777777778,0.7777777777777778,mi,-,53.484848484848484,0.8989898989898991,GSI,-,0.5,0.5,D_hb,-,25390.063636363637,3.860243918181819,0.23026448181818182,19.469579999999997,2.1587983726675977,0.0020253349149096985,0.5045009631586282
P0028,min_max_sweep_100_lhs,SS_NK,SS_NK,SS_NK,False,,,2390.0,0.5,density_kg_m3,kg/m3,461364300.0,0.5,E_GPa,GPa,0.38,0.5,nu,-,221398.81818181818,0.8282828282828284,c_MPa,MPa,29.033333333333335,0.4444444444444445,phi_deg,deg,249441.54545454547,0.48484848484848486,sigma_ci_MPa,MPa,18.96969696969697,0.696969696969697,mi,-,43.484848484848484,0.42424242424242425,GSI,-,0.5,0.5,D_hb,-,23445.9,0.4613643,0.22139881818181817,0.24944154545454547,1.2861395290787627,0.0005338724872960556,0.5089676988908144
P0029,min_max_sweep_100_lhs,Fault,Fault,Fault,True,,,2490.0,0.5,density_kg_m3,kg/m3,377777777.7777778,0.4444444444444445,E_GPa,GPa,0.3373737373737373,0.7474747474747475,nu,-,23535.353535353534,0.3535353535353536,c_MPa,MPa,18.141414141414142,0.5353535353535354,phi_deg,deg,13181818.181818182,0.8181818181818182,sigma_ci_MPa,MPa,4.7272727272727275,0.5757575757575758,mi,-,17.87878787878788,0.19191919191919193,GSI,-,0.5,0.5,D_hb,-,24426.9,0.37777777777777777,0.023535353535353534,13.181818181818182,0.0946863465738569,1.7566885225292666e-05,0.5503942218640335
P0029,min_max_sweep_100_lhs,Interbedded_ST,Interbedded_ST,Interbedded_ST,True,,,2520.0,0.5,density_kg_m3,kg/m3,2095075127.2727275,0.98989898989899,E_GPa,GPa,0.23494949494949494,0.13131313131313133,nu,-,94067.0,0.5555555555555556,c_MPa,MPa,19.835353535353537,0.38383838383838387,phi_deg,deg,1618650.0,0.5,sigma_ci_MPa,MPa,11.646464646464647,0.9292929292929294,mi,-,41.81818181818182,0.787878787878788,GSI,-,0.5,0.5,D_hb,-,24721.2,2.0950751272727275,0.094067,1.61865,0.7293802336585826,0.0004274916689661805,0.5100465009697508
P0029,min_max_sweep_100_lhs,SH_ST,SH_ST,SH_ST,True,,,2421.717171717172,0.010101010101010102,density_kg_m3,kg/m3,2964680100.0,0.5,E_GPa,GPa,0.38,0.5,nu,-,117942.95454545456,0.5454545454545455,c_MPa,MPa,40.453737373737376,0.8282828282828284,phi_deg,deg,7118472.909090908,0.37373737373737376,sigma_ci_MPa,MPa,5.858585858585859,0.4646464646464647,mi,-,25.757575757575758,0.05050505050505051,GSI,-,0.5,0.5,D_hb,-,23757.045454545456,2.9646801,0.11794295454545456,7.118472909090908,0.1707686979068243,5.0225389158537976e-05,0.5297167801147674
P0029,min_max_sweep_100_lhs,SS_NC,SS_NC,SS_NC,False,,,2594.242424242424,0.8686868686868687,density_kg_m3,kg/m3,1005539863.636364,0.13131313131313133,E_GPa,GPa,0.26030303030303026,0.787878787878788,nu,-,39601.681818181816,0.04040404040404041,c_MPa,MPa,23.16232323232323,0.23232323232323235,phi_deg,deg,44940700.0,0.797979797979798,sigma_ci_MPa,MPa,19.97979797979798,0.797979797979798,mi,-,49.696969696969695,0.6464646464646465,GSI,-,0.5,0.5,D_hb,-,25449.51818181818,1.005539863636364,0.039601681818181814,44.9407,1.8209152634122712,0.0012222391824445692,0.5058548958690126
P0029,min_max_sweep_100_lhs,SS_NK,SS_NK,SS_NK,False,,,2390.0,0.5,density_kg_m3,kg/m3,461364300.0,0.5,E_GPa,GPa,0.38,0.5,nu,-,184873.90909090906,0.6363636363636365,c_MPa,MPa,29.775757575757577,0.494949494949495,phi_deg,deg,204256.0909090909,0.08080808080808081,sigma_ci_MPa,MPa,21.494949494949495,0.9494949494949496,mi,-,47.525252525252526,0.6262626262626263,GSI,-,0.5,0.5,D_hb,-,23445.9,0.4613643,0.18487390909090906,0.20425609090909091,1.7665358845373986,0.0009149574498803989,0.5068000533607525
P0030,min_max_sweep_100_lhs,Fault,Fault,Fault,True,,,2490.0,0.5,density_kg_m3,kg/m3,422222222.2222222,0.5555555555555556,E_GPa,GPa,0.3,0.0,nu,-,21313.13131313131,0.13131313131313133,c_MPa,MPa,17.454545454545453,0.36363636363636365,phi_deg,deg,10555555.555555556,0.5555555555555556,sigma_ci_MPa,MPa,3.878787878787879,0.29292929292929293,mi,-,21.666666666666668,0.4444444444444445,GSI,-,0.5,0.5,D_hb,-,24426.9,0.4222222222222222,0.02131313131313131,10.555555555555555,0.09304835006954804,2.910954459980269e-05,0.5391007415307267
P0030,min_max_sweep_100_lhs,Interbedded_ST,Interbedded_ST,Interbedded_ST,True,,,2520.0,0.5,density_kg_m3,kg/m3,1983445254.5454545,0.7575757575757577,E_GPa,GPa,0.24454545454545454,0.18181818181818182,nu,-,68997.0,0.33333333333333337,c_MPa,MPa,21.653535353535354,0.8383838383838385,phi_deg,deg,1618650.0,0.5,sigma_ci_MPa,MPa,11.8989898989899,0.9797979797979799,mi,-,44.39393939393939,0.9595959595959597,GSI,-,0.5,0.5,D_hb,-,24721.2,1.9834452545454544,0.068997,1.61865,0.8424389065794253,0.0006026696146412889,0.5084278707563119
P0030,min_max_sweep_100_lhs,SH_ST,SH_ST,SH_ST,True,,,2536.7676767676767,0.686868686868687,density_kg_m3,kg/m3,2964680100.0,0.5,E_GPa,GPa,0.38,0.5,nu,-,151583.32727272727,0.7171717171717172,c_MPa,MPa,40.76292929292929,0.8383838383838385,phi_deg,deg,9024090.18181818,0.4747474747474748,sigma_ci_MPa,MPa,7.6767676767676765,0.9191919191919192,mi,-,37.878787878787875,0.8585858585858587,GSI,-,0.5,0.5,D_hb,-,24885.69090909091,2.9646801,0.15158332727272728,9.02409018181818,0.3985372239276985,0.0002528211382155403,0.5131275774653553
P0030,min_max_sweep_100_lhs,SS_NC,SS_NC,SS_NC,False,,,2602.7272727272725,0.9393939393939394,density_kg_m3,kg/m3,2355737727.272728,0.48484848484848486,E_GPa,GPa,0.16555555555555554,0.11111111111111112,nu,-,117600.1,0.22222222222222224,c_MPa,MPa,46.849797979797984,0.9797979797979799,phi_deg,deg,12271220.000000002,0.20202020202020204,sigma_ci_MPa,MPa,16.343434343434343,0.43434343434343436,mi,-,49.09090909090909,0.6060606060606061,GSI,-,0.5,0.5,D_hb,-,25532.754545454543,2.355737727272728,0.1176001,12.271220000000001,1.4471322265227802,0.0011273576042865774,0.5061050467666031
P0030,min_max_sweep_100_lhs,SS_NK,SS_NK,SS_NK,False,,,2390.0,0.5,density_kg_m3,kg/m3,461364300.0,0.5,E_GPa,GPa,0.38,0.5,nu,-,232933.0,0.888888888888889,c_MPa,MPa,22.5,0.0,phi_deg,deg,266386.09090909094,0.6363636363636365,sigma_ci_MPa,MPa,19.676767676767675,0.7676767676767677,mi,-,51.96969696969697,0.8484848484848485,GSI,-,0.5,0.5,D_hb,-,23445.9,0.4613643,0.232933,0.26638609090909093,1.998269082152908,0.0016548574545556145,0.5050019049487693
P0031,min_max_sweep_100_lhs,Fault,Fault,Fault,True,,,2490.0,0.5,density_kg_m3,kg/m3,527272727.2727273,0.8181818181818182,E_GPa,GPa,0.34393939393939393,0.8787878787878789,nu,-,29797.979797979795,0.9797979797979799,c_MPa,MPa,16.12121212121212,0.030303030303030304,phi_deg,deg,9343434.343434343,0.43434343434343436,sigma_ci_MPa,MPa,5.333333333333334,0.7777777777777778,mi,-,20.454545454545453,0.36363636363636365,GSI,-,0.5,0.5,D_hb,-,24426.9,0.5272727272727273,0.029797979797979796,9.343434343434343,0.12076577486151692,2.4765460283186143e-05,0.5424094210186268
P0031,min_max_sweep_100_lhs,Interbedded_ST,Interbedded_ST,Interbedded_ST,True,,,2520.0,0.5,density_kg_m3,kg/m3,1881522327.2727275,0.5454545454545455,E_GPa,GPa,0.22727272727272727,0.09090909090909091,nu,-,42787.454545454544,0.10101010101010102,c_MPa,MPa,22.3,1.0,phi_deg,deg,1618650.0,0.5,sigma_ci_MPa,MPa,7.606060606060606,0.12121212121212122,mi,-,43.333333333333336,0.888888888888889,GSI,-,0.5,0.5,D_hb,-,24721.2,1.8815223272727275,0.042787454545454545,1.61865,0.5119812269401364,0.0005231953970456776,0.5090608940794171
P0031,min_max_sweep_100_lhs,SH_ST,SH_ST,SH_ST,True,,,2450.909090909091,0.18181818181818182,density_kg_m3,kg/m3,2964680100.0,0.5,E_GPa,GPa,0.38,0.5,nu,-,137731.4090909091,0.6464646464646465,c_MPa,MPa,25.92171717171717,0.3535353535353536,phi_deg,deg,2735553.1818181816,0.14141414141414144,sigma_ci_MPa,MPa,5.373737373737374,0.3434343434343435,mi,-,38.18181818181818,0.8787878787878789,GSI,-,0.5,0.5,D_hb,-,24043.418181818182,2.9646801,0.13773140909090908,2.7355531818181817,0.2830308704245051,0.00026324530485332575,0.5128607927859652
P0031,min_max_sweep_100_lhs,SS_NC,SS_NC,SS_NC,False,,,2542.121212121212,0.43434343434343436,density_kg_m3,kg/m3,735500290.9090911,0.06060606060606061,E_GPa,GPa,0.25606060606060604,0.7575757575757577,nu,-,126266.5909090909,0.24242424242424243,c_MPa,MPa,38.20707070707071,0.7070707070707072,phi_deg,deg,44386980.0,0.787878787878788,sigma_ci_MPa,MPa,17.555555555555557,0.5555555555555556,mi,-,48.333333333333336,0.5555555555555556,GSI,-,0.5,0.5,D_hb,-,24938.20909090909,0.7355002909090911,0.1262665909090909,44.38698,1.4993819582578682,0.0010190454849489836,0.5064322890037308
P0031,min_max_sweep_100_lhs,SS_NK,SS_NK,SS_NK,False,,,2390.0,0.5,density_kg_m3,kg/m3,461364300.0,0.5,E_GPa,GPa,0.38,0.5,nu,-,134892.45454545453,0.37373737373737376,c_MPa,MPa,31.70606060606061,0.6262626262626263,phi_deg,deg,239274.8181818182,0.393939393939394,sigma_ci_MPa,MPa,13.818181818181818,0.18181818181818182,mi,-,38.43434343434343,0.17171717171717174,GSI,-,0.5,0.5,D_hb,-,23445.9,0.4613643,0.13489245454545454,0.2392748181818182,0.7365982257692929,0.00027225968884123114,0.5126425525147172
P0032,min_max_sweep_100_lhs,Fault,Fault,Fault,True,,,2490.0,0.5,density_kg_m3,kg/m3,470707070.70707077,0.6767676767676768,E_GPa,GPa,0.33636363636363636,0.7272727272727273,nu,-,27575.757575757576,0.7575757575757577,c_MPa,MPa,19.67676767676768,0.9191919191919192,phi_deg,deg,9242424.242424242,0.42424242424242425,sigma_ci_MPa,MPa,4.121212121212121,0.37373737373737376,mi,-,25.606060606060606,0.7070707070707072,GSI,-,0.5,0.5,D_hb,-,24426.9,0.47070707070707074,0.027575757575757576,9.242424242424242,0.11926334850862133,4.9220915195809375e-05,0.5300206240740349
P0032,min_max_sweep_100_lhs,Interbedded_ST,Interbedded_ST,Interbedded_ST,True,,,2520.0,0.5,density_kg_m3,kg/m3,1726211200.0,0.22222222222222224,E_GPa,GPa,0.24646464646464647,0.19191919191919193,nu,-,51903.818181818184,0.18181818181818182,c_MPa,MPa,20.603030303030305,0.5757575757575758,phi_deg,deg,1618650.0,0.5,sigma_ci_MPa,MPa,11.444444444444445,0.888888888888889,mi,-,42.72727272727273,0.8484848484848485,GSI,-,0.5,0.5,D_hb,-,24721.2,1.7262112,0.05190381818181818,1.61865,0.7484369480750666,0.0004825801020447391,0.5094432327356009
P0032,min_max_sweep_100_lhs,SH_ST,SH_ST,SH_ST,True,,,2509.2929292929293,0.5252525252525253,density_kg_m3,kg/m3,2964680100.0,0.5,E_GPa,GPa,0.38,0.5,nu,-,102112.1909090909,0.4646464646464647,c_MPa,MPa,45.09161616161616,0.9797979797979799,phi_deg,deg,15122065.454545451,0.797979797979798,sigma_ci_MPa,MPa,4.3232323232323235,0.08080808080808081,mi,-,26.363636363636363,0.09090909090909091,GSI,-,0.5,0.5,D_hb,-,24616.16363636364,2.9646801,0.1021121909090909,15.122065454545451,0.12970532126091897,5.4452498789804625e-05,0.528531635739647
P0032,min_max_sweep_100_lhs,SS_NC,SS_NC,SS_NC,False,,,2534.848484848485,0.37373737373737376,density_kg_m3,kg/m3,4053129327.2727284,0.9292929292929294,E_GPa,GPa,0.2504040404040404,0.7171717171717172,nu,-,95933.87272727273,0.17171717171717174,c_MPa,MPa,40.12767676767677,0.7676767676767677,phi_deg,deg,36634900.0,0.6464646464646465,sigma_ci_MPa,MPa,12.909090909090908,0.09090909090909091,mi,-,48.18181818181818,0.5454545454545455,GSI,-,0.5,0.5,D_hb,-,24866.86363636364,4.053129327272728,0.09593387272727273,36.6349,1.0946112936405463,0.0009986652614481473,0.5064997442104
P0032,min_max_sweep_100_lhs,SS_NK,SS_NK,SS_NK,False,,,2390.0,0.5,density_kg_m3,kg/m3,461364300.0,0.5,E_GPa,GPa,0.38,0.5,nu,-,148349.0,0.4444444444444445,c_MPa,MPa,28.290909090909093,0.393939393939394,phi_deg,deg,209904.27272727274,0.13131313131313133,sigma_ci_MPa,MPa,14.121212121212121,0.21212121212121213,mi,-,38.63636363636363,0.18181818181818182,GSI,-,0.5,0.5,D_hb,-,23445.9,0.4613643,0.148349,0.20990427272727274,0.7600281176952047,0.00027969294491888777,0.5124705864258157
P0033,min_max_sweep_100_lhs,Fault,Fault,Fault,True,,,2490.0,0.5,density_kg_m3,kg/m3,284848484.8484849,0.21212121212121213,E_GPa,GPa,0.31212121212121213,0.24242424242424243,nu,-,29696.969696969692,0.9696969696969697,c_MPa,MPa,16.0,0.0,phi_deg,deg,15000000.0,1.0,sigma_ci_MPa,MPa,4.03030303030303,0.3434343434343435,mi,-,26.21212121212121,0.7474747474747475,GSI,-,0.5,0.5,D_hb,-,24426.9,0.28484848484848485,0.029696969696969694,15.0,0.12004760014785165,5.336348548087397e-05,0.5288234478791446
P0033,min_max_sweep_100_lhs,Interbedded_ST,Interbedded_ST,Interbedded_ST,True,,,2520.0,0.5,density_kg_m3,kg/m3,2075661236.3636365,0.9494949494949496,E_GPa,GPa,0.2215151515151515,0.06060606060606061,nu,-,38229.27272727273,0.06060606060606061,c_MPa,MPa,20.562626262626264,0.5656565656565657,phi_deg,deg,1618650.0,0.5,sigma_ci_MPa,MPa,11.696969696969697,0.9393939393939394,mi,-,40.151515151515156,0.6767676767676768,GSI,-,0.5,0.5,D_hb,-,24721.2,2.0756612363636364,0.03822927272727273,1.61865,0.676652087150527,0.0003423085687765512,0.5112520828643606
P0033,min_max_sweep_100_lhs,SH_ST,SH_ST,SH_ST,True,,,2569.3939393939395,0.8787878787878789,density_kg_m3,kg/m3,2964680100.0,0.5,E_GPa,GPa,0.38,0.5,nu,-,13064.145454545454,0.010101010101010102,c_MPa,MPa,42.618080808080805,0.8989898989898991,phi_deg,deg,7309034.636363635,0.38383838383838387,sigma_ci_MPa,MPa,4.282828282828283,0.07070707070707072,mi,-,31.81818181818182,0.4545454545454546,GSI,-,0.5,0.5,D_hb,-,25205.754545454547,2.9646801,0.013064145454545454,7.309034636363635,0.16660331663809272,0.00011268558050780067,0.5197689316614935
P0033,min_max_sweep_100_lhs,SS_NC,SS_NC,SS_NC,False,,,2528.787878787879,0.32323232323232326,density_kg_m3,kg/m3,774077372.727273,0.07070707070707072,E_GPa,GPa,0.1528282828282828,0.020202020202020204,nu,-,212931.5,0.4444444444444445,c_MPa,MPa,19.32111111111111,0.11111111111111112,phi_deg,deg,47709300.0,0.8484848484848485,sigma_ci_MPa,MPa,19.676767676767675,0.7676767676767677,mi,-,44.39393939393939,0.29292929292929293,GSI,-,0.5,0.5,D_hb,-,24807.409090909096,0.774077372727273,0.2129315,47.7093,1.3930993124080817,0.0006026696146412889,0.5084278707563119
P0033,min_max_sweep_100_lhs,SS_NK,SS_NK,SS_NK,False,,,2390.0,0.5,density_kg_m3,kg/m3,461364300.0,0.5,E_GPa,GPa,0.38,0.5,nu,-,115668.81818181818,0.27272727272727276,c_MPa,MPa,29.330303030303032,0.4646464646464647,phi_deg,deg,227978.45454545456,0.29292929292929293,sigma_ci_MPa,MPa,20.686868686868685,0.8686868686868687,mi,-,39.24242424242424,0.21212121212121213,GSI,-,0.5,0.5,D_hb,-,23445.9,0.4613643,0.11566881818181818,0.22797845454545457,1.1460041537009924,0.000303232687687869,0.5119683685590383
P0034,min_max_sweep_100_lhs,Fault,Fault,Fault,True,,,2490.0,0.5,density_kg_m3,kg/m3,301010101.010101,0.25252525252525254,E_GPa,GPa,0.30303030303030304,0.06060606060606061,nu,-,26666.666666666664,0.6666666666666667,c_MPa,MPa,19.515151515151516,0.8787878787878789,phi_deg,deg,6414141.414141415,0.14141414141414144,sigma_ci_MPa,MPa,3.484848484848485,0.16161616161616163,mi,-,16.96969696969697,0.13131313131313133,GSI,-,0.5,0.5,D_hb,-,24426.9,0.301010101010101,0.026666666666666665,6.414141414141414,0.0668436220459629,1.5561555587721858e-05,0.553556119320036
P0034,min_max_sweep_100_lhs,Interbedded_ST,Interbedded_ST,Interbedded_ST,True,,,2520.0,0.5,density_kg_m3,kg/m3,2017419563.6363637,0.8282828282828284,E_GPa,GPa,0.4,1.0,nu,-,133951.0909090909,0.9090909090909092,c_MPa,MPa,19.471717171717174,0.29292929292929293,phi_deg,deg,1618650.0,0.5,sigma_ci_MPa,MPa,9.626262626262626,0.5252525252525253,mi,-,36.515151515151516,0.43434343434343436,GSI,-,0.5,0.5,D_hb,-,24721.2,2.0174195636363637,0.1339510909090909,1.61865,0.4683249110494506,0.00021079036173829528,0.5143971076339843
P0034,min_max_sweep_100_lhs,SH_ST,SH_ST,SH_ST,True,,,2449.191919191919,0.17171717171717174,density_kg_m3,kg/m3,2964680100.0,0.5,E_GPa,GPa,0.38,0.5,nu,-,147625.63636363635,0.696969696969697,c_MPa,MPa,19.73787878787879,0.15151515151515152,phi_deg,deg,5022293.909090908,0.26262626262626265,sigma_ci_MPa,MPa,5.454545454545455,0.36363636363636365,mi,-,25.454545454545453,0.030303030303030304,GSI,-,0.5,0.5,D_hb,-,24026.572727272727,2.9646801,0.14762563636363635,5.022293909090909,0.15671376971805423,4.823653003594919e-05,0.530327552717188
P0034,min_max_sweep_100_lhs,SS_NC,SS_NC,SS_NC,False,,,2603.939393939394,0.9494949494949496,density_kg_m3,kg/m3,1545619009.0909095,0.27272727272727276,E_GPa,GPa,0.21363636363636362,0.4545454545454546,nu,-,43934.92727272727,0.05050505050505051,c_MPa,MPa,40.44777777777778,0.7777777777777778,phi_deg,deg,21684459.999999996,0.37373737373737376,sigma_ci_MPa,MPa,18.86868686868687,0.686868686868687,mi,-,48.03030303030303,0.5353535353535354,GSI,-,0.5,0.5,D_hb,-,25544.645454545458,1.5456190090909094,0.04393492727272727,21.684459999999998,1.5884461812280182,0.0009786926286938279,0.50656788423565
P0034,min_max_sweep_100_lhs,SS_NK,SS_NK,SS_NK,False,,,2390.0,0.5,density_kg_m3,kg/m3,461364300.0,0.5,E_GPa,GPa,0.38,0.5,nu,-,82988.63636363637,0.10101010101010102,c_MPa,MPa,32.8939393939394,0.7070707070707072,phi_deg,deg,258478.63636363638,0.5656565656565657,sigma_ci_MPa,MPa,17.151515151515152,0.5151515151515152,mi,-,41.464646464646464,0.32323232323232326,GSI,-,0.5,0.5,D_hb,-,23445.9,0.4613643,0.08298863636363636,0.2584786363636364,1.0562117957583974,0.0004078081133066121,0.5102911581505388
P0035,min_max_sweep_100_lhs,Fault,Fault,Fault,True,,,2490.0,0.5,density_kg_m3,kg/m3,393939393.93939394,0.48484848484848486,E_GPa,GPa,0.3424242424242424,0.8484848484848485,nu,-,28787.878787878784,0.8787878787878789,c_MPa,MPa,16.727272727272727,0.18181818181818182,phi_deg,deg,8535353.535353536,0.3535353535353536,sigma_ci_MPa,MPa,4.848484848484849,0.6161616161616162,mi,-,23.636363636363637,0.5757575757575758,GSI,-,0.5,0.5,D_hb,-,24426.9,0.3939393939393939,0.028787878787878786,8.535353535353536,0.12774778576702417,3.785232391987999e-05,0.534263025727377
P0035,min_max_sweep_100_lhs,Interbedded_ST,Interbedded_ST,Interbedded_ST,True,,,2520.0,0.5,density_kg_m3,kg/m3,1735918145.4545455,0.24242424242424243,E_GPa,GPa,0.35777777777777775,0.7777777777777778,nu,-,64438.818181818184,0.29292929292929293,c_MPa,MPa,22.138383838383838,0.9595959595959597,phi_deg,deg,1618650.0,0.5,sigma_ci_MPa,MPa,10.383838383838384,0.6767676767676768,mi,-,40.303030303030305,0.686868686868687,GSI,-,0.5,0.5,D_hb,-,24721.2,1.7359181454545456,0.06443881818181818,1.61865,0.6050390686033756,0.0003492942179297028,0.5111368658642191
P0035,min_max_sweep_100_lhs,SH_ST,SH_ST,SH_ST,True,,,2574.5454545454545,0.9090909090909092,density_kg_m3,kg/m3,2964680100.0,0.5,E_GPa,GPa,0.38,0.5,nu,-,60556.43636363636,0.25252525252525254,c_MPa,MPa,35.19747474747474,0.6565656565656566,phi_deg,deg,9214651.909090908,0.48484848484848486,sigma_ci_MPa,MPa,5.1313131313131315,0.2828282828282829,mi,-,28.333333333333332,0.22222222222222224,GSI,-,0.5,0.5,D_hb,-,25256.29090909091,2.9646801,0.06055643636363636,9.214651909090907,0.16908786037865323,7.080679724726883e-05,0.524994520981526
P0035,min_max_sweep_100_lhs,SS_NC,SS_NC,SS_NC,False,,,2580.909090909091,0.7575757575757577,density_kg_m3,kg/m3,1275579436.3636365,0.20202020202020204,E_GPa,GPa,0.1796969696969697,0.21212121212121213,nu,-,160932.55454545454,0.32323232323232326,c_MPa,MPa,16.440202020202022,0.020202020202020204,phi_deg,deg,12824940.0,0.21212121212121213,sigma_ci_MPa,MPa,13.616161616161616,0.16161616161616163,mi,-,52.72727272727273,0.8484848484848485,GSI,-,0.5,0.5,D_hb,-,25318.718181818185,1.2755794363636366,0.16093255454545455,12.82494,1.4335805419034549,0.0018307486397400596,0.5047451103752211
P0035,min_max_sweep_100_lhs,SS_NK,SS_NK,SS_NK,False,,,2390.0,0.5,density_kg_m3,kg/m3,461364300.0,0.5,E_GPa,GPa,0.38,0.5,nu,-,204097.54545454544,0.7373737373737375,c_MPa,MPa,30.36969696969697,0.5353535353535354,phi_deg,deg,248311.90909090912,0.4747474747474748,sigma_ci_MPa,MPa,22.0,1.0,mi,-,42.27272727272727,0.36363636363636365,GSI,-,0.5,0.5,D_hb,-,23445.9,0.4613643,0.20409754545454545,0.2483119090909091,1.407935862421091,0.0004542014676693318,0.5097402969884742
P0036,min_max_sweep_100_lhs,Fault,Fault,Fault,True,,,2490.0,0.5,density_kg_m3,kg/m3,559595959.5959597,0.8989898989898991,E_GPa,GPa,0.3106060606060606,0.21212121212121213,nu,-,24343.434343434343,0.43434343434343436,c_MPa,MPa,17.494949494949495,0.37373737373737376,phi_deg,deg,12777777.777777778,0.7777777777777778,sigma_ci_MPa,MPa,3.7272727272727275,0.24242424242424243,mi,-,15.757575757575758,0.05050505050505051,GSI,-,0.5,0.5,D_hb,-,24426.9,0.5595959595959596,0.024343434343434344,12.777777777777779,0.06748383322027104,1.3239268842939254e-05,0.5580814039492902
P0036,min_max_sweep_100_lhs,Interbedded_ST,Interbedded_ST,Interbedded_ST,True,,,2520.0,0.5,density_kg_m3,kg/m3,2036833454.5454547,0.8686868686868687,E_GPa,GPa,0.2694949494949495,0.31313131313131315,nu,-,139648.81818181818,0.9595959595959597,c_MPa,MPa,21.08787878787879,0.696969696969697,phi_deg,deg,1618650.0,0.5,sigma_ci_MPa,MPa,7.858585858585858,0.17171717171717174,mi,-,35.90909090909091,0.393939393939394,GSI,-,0.5,0.5,D_hb,-,24721.2,2.0368334545454547,0.13964881818181818,1.61865,0.37144986459909723,0.0001944268524763669,0.5149994657857697
P0036,min_max_sweep_100_lhs,SH_ST,SH_ST,SH_ST,True,,,2480.10101010101,0.3535353535353536,density_kg_m3,kg/m3,2964680100.0,0.5,E_GPa,GPa,0.38,0.5,nu,-,56598.74545454545,0.23232323232323235,c_MPa,MPa,42.92727272727273,0.9090909090909092,phi_deg,deg,2926114.9090909087,0.15151515151515152,sigma_ci_MPa,MPa,7.757575757575758,0.9393939393939394,mi,-,36.36363636363636,0.7575757575757577,GSI,-,0.5,0.5,D_hb,-,24329.790909090912,2.9646801,0.056598745454545456,2.926114909090909,0.37469866078433073,0.00020657469644415615,0.5145454232524915
P0036,min_max_sweep_100_lhs,SS_NC,SS_NC,SS_NC,False,,,2527.5757575757575,0.31313131313131315,density_kg_m3,kg/m3,2625777300.0,0.5555555555555556,E_GPa,GPa,0.22353535353535353,0.5252525252525253,nu,-,82934.13636363637,0.14141414141414144,c_MPa,MPa,37.246767676767675,0.6767676767676768,phi_deg,deg,43833260.0,0.7777777777777778,sigma_ci_MPa,MPa,19.87878787878788,0.787878787878788,mi,-,42.27272727272727,0.15151515151515152,GSI,-,0.5,0.5,D_hb,-,24795.51818181818,2.6257773,0.08293413636363636,43.83326,1.2721844707275973,0.0004542014676693318,0.5097402969884742
P0036,min_max_sweep_100_lhs,SS_NK,SS_NK,SS_NK,False,,,2390.0,0.5,density_kg_m3,kg/m3,461364300.0,0.5,E_GPa,GPa,0.38,0.5,nu,-,215631.7272727273,0.797979797979798,c_MPa,MPa,25.915151515151514,0.23232323232323235,phi_deg,deg,230237.7272727273,0.31313131313131315,sigma_ci_MPa,MPa,13.616161616161616,0.16161616161616163,mi,-,50.75757575757576,0.787878787878788,GSI,-,0.5,0.5,D_hb,-,23445.9,0.4613643,0.21563172727272728,0.2302377272727273,1.305231078126032,0.001407899269073737,0.5054407307044145
P0037,min_max_sweep_100_lhs,Fault,Fault,Fault,True,,,2490.0,0.5,density_kg_m3,kg/m3,208080808.0808081,0.020202020202020204,E_GPa,GPa,0.3429292929292929,0.8585858585858587,nu,-,25858.58585858586,0.5858585858585859,c_MPa,MPa,18.22222222222222,0.5555555555555556,phi_deg,deg,13585858.585858587,0.8585858585858587,sigma_ci_MPa,MPa,3.606060606060606,0.20202020202020204,mi,-,22.575757575757578,0.5050505050505051,GSI,-,0.5,0.5,D_hb,-,24426.9,0.20808080808080812,0.02585858585858586,13.585858585858587,0.09033297123712976,3.286072694099685e-05,0.5367889078865206
P0037,min_max_sweep_100_lhs,Interbedded_ST,Interbedded_ST,Interbedded_ST,True,,,2520.0,0.5,density_kg_m3,kg/m3,1774745927.2727273,0.32323232323232326,E_GPa,GPa,0.26181818181818184,0.27272727272727276,nu,-,86090.18181818181,0.48484848484848486,c_MPa,MPa,22.21919191919192,0.9797979797979799,phi_deg,deg,1618650.0,0.5,sigma_ci_MPa,MPa,9.929292929292929,0.5858585858585859,mi,-,40.90909090909091,0.7272727272727273,GSI,-,0.5,0.5,D_hb,-,24721.2,1.7747459272727273,0.08609018181818182,1.61865,0.5954942512771157,0.0003786917990633352,0.5106874615714201
P0037,min_max_sweep_100_lhs,SH_ST,SH_ST,SH_ST,True,,,2486.969696969697,0.393939393939394,density_kg_m3,kg/m3,2964680100.0,0.5,E_GPa,GPa,0.38,0.5,nu,-,112006.4181818182,0.5151515151515152,c_MPa,MPa,36.743434343434345,0.7070707070707072,phi_deg,deg,11501392.636363635,0.6060606060606061,sigma_ci_MPa,MPa,6.787878787878788,0.696969696969697,mi,-,29.242424242424242,0.2828282828282829,GSI,-,0.5,0.5,D_hb,-,24397.17272727273,2.9646801,0.1120064181818182,11.501392636363635,0.23357083662890427,7.99312686576622e-05,0.5235122185875485
P0037,min_max_sweep_100_lhs,SS_NC,SS_NC,SS_NC,False,,,2491.212121212121,0.010101010101010102,density_kg_m3,kg/m3,889808618.1818184,0.10101010101010102,E_GPa,GPa,0.21646464646464644,0.4747474747474748,nu,-,338595.61818181816,0.7373737373737375,c_MPa,MPa,31.164848484848484,0.48484848484848486,phi_deg,deg,27775380.0,0.48484848484848486,sigma_ci_MPa,MPa,21.7979797979798,0.9797979797979799,mi,-,40.45454545454545,0.030303030303030304,GSI,-,0.5,0.5,D_hb,-,24438.79090909091,0.8898086181818183,0.33859561818181816,27.77538,1.2793081963028117,0.00035642242645338184,0.5110228068140821
P0037,min_max_sweep_100_lhs,SS_NK,SS_NK,SS_NK,False,,,2390.0,0.5,density_kg_m3,kg/m3,461364300.0,0.5,E_GPa,GPa,0.38,0.5,nu,-,67609.72727272728,0.020202020202020204,c_MPa,MPa,22.796969696969697,0.020202020202020204,phi_deg,deg,292367.7272727273,0.8686868686868687,sigma_ci_MPa,MPa,13.515151515151516,0.15151515151515152,mi,-,46.313131313131315,0.5656565656565657,GSI,-,0.5,0.5,D_hb,-,23445.9,0.4613643,0.06760972727272728,0.2923677272727273,1.0484300282508745,0.0007784162444771419,0.507390216330466
P0038,min_max_sweep_100_lhs,Fault,Fault,Fault,True,,,2490.0,0.5,density_kg_m3,kg/m3,349494949.4949495,0.37373737373737376,E_GPa,GPa,0.34797979797979794,0.9595959595959597,nu,-,20909.090909090908,0.09090909090909091,c_MPa,MPa,16.08080808080808,0.020202020202020204,phi_deg,deg,13383838.383838383,0.8383838383838385,sigma_ci_MPa,MPa,4.303030303030303,0.43434343434343436,mi,-,29.393939393939394,0.9595959595959597,GSI,-,0.5,0.5,D_hb,-,24426.9,0.3494949494949495,0.02090909090909091,13.383838383838384,0.1491393961047138,8.156246299557899e-05,0.5232737851853381
P0038,min_max_sweep_100_lhs,Interbedded_ST,Interbedded_ST,Interbedded_ST,True,,,2520.0,0.5,density_kg_m3,kg/m3,2056247345.4545457,0.9090909090909092,E_GPa,GPa,0.21383838383838383,0.020202020202020204,nu,-,128253.36363636363,0.8585858585858587,c_MPa,MPa,20.724242424242426,0.6060606060606061,phi_deg,deg,1618650.0,0.5,sigma_ci_MPa,MPa,8.666666666666666,0.33333333333333337,mi,-,44.696969696969695,0.9797979797979799,GSI,-,0.5,0.5,D_hb,-,24721.2,2.056247345454546,0.12825336363636364,1.61865,0.6225113710119398,0.0006275185198194417,0.5082550770464449
P0038,min_max_sweep_100_lhs,SH_ST,SH_ST,SH_ST,True,,,2483.5353535353534,0.37373737373737376,density_kg_m3,kg/m3,2964680100.0,0.5,E_GPa,GPa,0.38,0.5,nu,-,72429.5090909091,0.31313131313131315,c_MPa,MPa,24.994141414141414,0.32323232323232326,phi_deg,deg,11882516.09090909,0.6262626262626263,sigma_ci_MPa,MPa,7.232323232323233,0.8080808080808082,mi,-,33.03030303030303,0.5353535353535354,GSI,-,0.5,0.5,D_hb,-,24363.48181818182,2.9646801,0.07242950909090909,11.88251609090909,0.29805630355861495,0.00013245164410586422,0.5182178176250443
P0038,min_max_sweep_100_lhs,SS_NC,SS_NC,SS_NC,False,,,2506.969696969697,0.14141414141414144,density_kg_m3,kg/m3,851231536.3636365,0.09090909090909091,E_GPa,GPa,0.2758585858585858,0.8989898989898991,nu,-,264930.44545454544,0.5656565656565657,c_MPa,MPa,43.64878787878788,0.8787878787878789,phi_deg,deg,52139060.0,0.9292929292929294,sigma_ci_MPa,MPa,18.565656565656568,0.6565656565656566,mi,-,53.93939393939394,0.9292929292929294,GSI,-,0.5,0.5,D_hb,-,24593.37272727273,0.8512315363636365,0.2649304454545454,52.13906,2.0708336577588304,0.0021518784052530914,0.5043602851422072
P0038,min_max_sweep_100_lhs,SS_NK,SS_NK,SS_NK,False,,,2390.0,0.5,density_kg_m3,kg/m3,461364300.0,0.5,E_GPa,GPa,0.38,0.5,nu,-,229088.27272727274,0.8686868686868687,c_MPa,MPa,26.063636363636363,0.24242424242424243,phi_deg,deg,265256.45454545453,0.6262626262626263,sigma_ci_MPa,MPa,21.292929292929294,0.9292929292929294,mi,-,40.45454545454545,0.27272727272727276,GSI,-,0.5,0.5,D_hb,-,23445.9,0.4613643,0.22908827272727272,0.26525645454545455,1.2496671352207263,0.00035642242645338184,0.5110228068140821
P0039,min_max_sweep_100_lhs,Fault,Fault,Fault,True,,,2490.0,0.5,density_kg_m3,kg/m3,503030303.03030306,0.7575757575757577,E_GPa,GPa,0.3409090909090909,0.8181818181818182,nu,-,24747.474747474746,0.4747474747474748,c_MPa,MPa,17.81818181818182,0.4545454545454546,phi_deg,deg,14191919.191919193,0.9191919191919192,sigma_ci_MPa,MPa,4.2727272727272725,0.42424242424242425,mi,-,21.21212121212121,0.4141414141414142,GSI,-,0.5,0.5,D_hb,-,24426.9,0.503030303030303,0.024747474747474747,14.191919191919192,0.10030382763358796,2.7397726977127882e-05,0.5403102736180212
P0039,min_max_sweep_100_lhs,Interbedded_ST,Interbedded_ST,Interbedded_ST,True,,,2520.0,0.5,density_kg_m3,kg/m3,1755332036.3636365,0.2828282828282829,E_GPa,GPa,0.38656565656565656,0.9292929292929294,nu,-,125974.27272727274,0.8383838383838385,c_MPa,MPa,21.97676767676768,0.9191919191919192,phi_deg,deg,1618650.0,0.5,sigma_ci_MPa,MPa,8.414141414141413,0.2828282828282829,mi,-,43.18181818181818,0.8787878787878789,GSI,-,0.5,0.5,D_hb,-,24721.2,1.7553320363636364,0.12597427272727274,1.61865,0.5623032895144011,0.000512731841410638,0.5091550354039813
P0039,min_max_sweep_100_lhs,SH_ST,SH_ST,SH_ST,True,,,2524.747474747475,0.6161616161616162,density_kg_m3,kg/m3,2964680100.0,0.5,E_GPa,GPa,0.38,0.5,nu,-,185223.69999999998,0.888888888888889,c_MPa,MPa,38.28939393939394,0.7575757575757577,phi_deg,deg,4069485.272727272,0.21212121212121213,sigma_ci_MPa,MPa,5.777777777777778,0.4444444444444445,mi,-,37.57575757575758,0.8383838383838385,GSI,-,0.5,0.5,D_hb,-,24767.772727272728,2.9646801,0.1852237,4.069485272727272,0.295654471851687,0.00024280975481866756,0.5133998065429863
P0039,min_max_sweep_100_lhs,SS_NC,SS_NC,SS_NC,False,,,2579.6969696969695,0.7474747474747475,density_kg_m3,kg/m3,3243010609.09091,0.7171717171717172,E_GPa,GPa,0.23626262626262623,0.6161616161616162,nu,-,121933.34545454546,0.23232323232323235,c_MPa,MPa,30.524646464646466,0.4646464646464647,phi_deg,deg,53800220.0,0.9595959595959597,sigma_ci_MPa,MPa,21.292929292929294,0.9292929292929294,mi,-,42.121212121212125,0.14141414141414144,GSI,-,0.5,0.5,D_hb,-,25306.82727272727,3.24301060909091,0.12193334545454546,53.80022,1.352888996593455,0.00044511774416314124,0.5098413357455577
P0039,min_max_sweep_100_lhs,SS_NK,SS_NK,SS_NK,False,,,2390.0,0.5,density_kg_m3,kg/m3,461364300.0,0.5,E_GPa,GPa,0.38,0.5,nu,-,254079.0,1.0,c_MPa,MPa,33.04242424242425,0.7171717171717172,phi_deg,deg,290108.4545454546,0.8484848484848485,sigma_ci_MPa,MPa,13.11111111111111,0.11111111111111112,mi,-,49.141414141414145,0.7070707070707072,GSI,-,0.5,0.5,D_hb,-,23445.9,0.4613643,0.254079,0.2901084545454546,1.1637209946874267,0.0011349748565145335,0.506083812660915
P0040,min_max_sweep_100_lhs,Fault,Fault,Fault,True,,,2490.0,0.5,density_kg_m3,kg/m3,543434343.4343433,0.8585858585858587,E_GPa,GPa,0.3308080808080808,0.6161616161616162,nu,-,24646.464646464647,0.4646464646464647,c_MPa,MPa,17.696969696969695,0.42424242424242425,phi_deg,deg,7323232.323232324,0.23232323232323235,sigma_ci_MPa,MPa,4.818181818181818,0.6060606060606061,mi,-,18.939393939393938,0.26262626262626265,GSI,-,0.5,0.5,D_hb,-,24426.9,0.5434343434343434,0.024646464646464646,7.3232323232323235,0.10150652272393329,2.0235323187009214e-05,0.5469395700151977
P0040,min_max_sweep_100_lhs,Interbedded_ST,Interbedded_ST,Interbedded_ST,True,,,2520.0,0.5,density_kg_m3,kg/m3,2070807763.6363637,0.9393939393939394,E_GPa,GPa,0.2829292929292929,0.38383838383838387,nu,-,122555.63636363637,0.8080808080808082,c_MPa,MPa,18.582828282828284,0.07070707070707072,phi_deg,deg,1618650.0,0.5,sigma_ci_MPa,MPa,11.292929292929294,0.8585858585858587,mi,-,35.303030303030305,0.3535353535353536,GSI,-,0.5,0.5,D_hb,-,24721.2,2.0708077636363638,0.12255563636363637,1.61865,0.5185953993382697,0.00017933363106421065,0.5156266600006871
P0040,min_max_sweep_100_lhs,SH_ST,SH_ST,SH_ST,True,,,2430.3030303030305,0.06060606060606061,density_kg_m3,kg/m3,2964680100.0,0.5,E_GPa,GPa,0.38,0.5,nu,-,203033.30909090908,0.9797979797979799,c_MPa,MPa,39.526161616161616,0.797979797979798,phi_deg,deg,16074874.090909092,0.8484848484848485,sigma_ci_MPa,MPa,5.656565656565657,0.4141414141414142,mi,-,31.060606060606062,0.4040404040404041,GSI,-,0.5,0.5,D_hb,-,23841.27272727273,2.9646801,0.20303330909090908,16.07487409090909,0.2122455649885597,0.00010185918966502047,0.5208039928616001
P0040,min_max_sweep_100_lhs,SS_NC,SS_NC,SS_NC,False,,,2585.757575757576,0.797979797979798,density_kg_m3,kg/m3,2471468972.727273,0.5151515151515152,E_GPa,GPa,0.19666666666666666,0.33333333333333337,nu,-,256263.95454545453,0.5454545454545455,c_MPa,MPa,18.04070707070707,0.07070707070707072,phi_deg,deg,26667939.999999996,0.4646464646464647,sigma_ci_MPa,MPa,15.93939393939394,0.393939393939394,mi,-,41.36363636363637,0.09090909090909091,GSI,-,0.5,0.5,D_hb,-,25366.281818181822,2.471468972727273,0.25626395454545453,26.667939999999998,0.9768578431678828,0.00040235256828482005,0.510362125879994
P0040,min_max_sweep_100_lhs,SS_NK,SS_NK,SS_NK,False,,,2390.0,0.5,density_kg_m3,kg/m3,461364300.0,0.5,E_GPa,GPa,0.38,0.5,nu,-,231010.63636363632,0.8787878787878789,c_MPa,MPa,30.072727272727274,0.5151515151515152,phi_deg,deg,298015.9090909091,0.9191919191919192,sigma_ci_MPa,MPa,12.808080808080808,0.08080808080808081,mi,-,36.41414141414141,0.07070707070707072,GSI,-,0.5,0.5,D_hb,-,23445.9,0.4613643,0.23101063636363633,0.29801590909090914,0.6201327301081409,0.00020797046612783555,0.5144958181601632
P0041,min_max_sweep_100_lhs,Fault,Fault,Fault,True,,,2490.0,0.5,density_kg_m3,kg/m3,418181818.1818182,0.5454545454545455,E_GPa,GPa,0.34545454545454546,0.9090909090909092,nu,-,20303.0303030303,0.030303030303030304,c_MPa,MPa,16.68686868686869,0.17171717171717174,phi_deg,deg,12272727.272727273,0.7272727272727273,sigma_ci_MPa,MPa,3.9393939393939394,0.31313131313131315,mi,-,20.606060606060606,0.37373737373737376,GSI,-,0.5,0.5,D_hb,-,24426.9,0.4181818181818182,0.020303030303030302,12.272727272727273,0.0898479131751328,2.5270860475979996e-05,0.5419810675906275
P0041,min_max_sweep_100_lhs,Interbedded_ST,Interbedded_ST,Interbedded_ST,True,,,2520.0,0.5,density_kg_m3,kg/m3,2027126509.0909095,0.8484848484848485,E_GPa,GPa,0.35969696969696974,0.787878787878788,nu,-,63299.272727272735,0.2828282828282829,c_MPa,MPa,20.1989898989899,0.4747474747474748,phi_deg,deg,1618650.0,0.5,sigma_ci_MPa,MPa,11.141414141414142,0.8282828282828284,mi,-,44.09090909090909,0.9393939393939394,GSI,-,0.5,0.5,D_hb,-,24721.2,2.0271265090909094,0.06329927272727273,1.61865,0.7775024426833608,0.0005788046933122993,0.5086041907472687
P0041,min_max_sweep_100_lhs,SH_ST,SH_ST,SH_ST,True,,,2583.131313131313,0.9595959595959597,density_kg_m3,kg/m3,2964680100.0,0.5,E_GPa,GPa,0.38,0.5,nu,-,177308.31818181818,0.8484848484848485,c_MPa,MPa,35.50666666666667,0.6666666666666667,phi_deg,deg,8833528.454545453,0.4646464646464647,sigma_ci_MPa,MPa,5.575757575757576,0.393939393939394,mi,-,27.727272727272727,0.18181818181818182,GSI,-,0.5,0.5,D_hb,-,25340.518181818185,2.9646801,0.17730831818181816,8.833528454545453,0.17850650329231585,6.531011479457823e-05,0.5260338252029477
P0041,min_max_sweep_100_lhs,SS_NC,SS_NC,SS_NC,False,,,2537.2727272727275,0.393939393939394,density_kg_m3,kg/m3,1854235663.636364,0.3535353535353536,E_GPa,GPa,0.2023232323232323,0.37373737373737376,nu,-,334262.37272727274,0.7272727272727273,c_MPa,MPa,28.604040404040404,0.4040404040404041,phi_deg,deg,18362140.0,0.31313131313131315,sigma_ci_MPa,MPa,20.18181818181818,0.8181818181818182,mi,-,53.78787878787879,0.9191919191919192,GSI,-,0.5,0.5,D_hb,-,24890.645454545458,1.854235663636364,0.3342623727272727,18.36214,2.234918827237767,0.0021088422861657526,0.5044067049564398
P0041,min_max_sweep_100_lhs,SS_NK,SS_NK,SS_NK,False,,,2390.0,0.5,density_kg_m3,kg/m3,461364300.0,0.5,E_GPa,GPa,0.38,0.5,nu,-,196408.09090909088,0.696969696969697,c_MPa,MPa,35.86363636363637,0.9090909090909092,phi_deg,deg,220071.00000000003,0.22222222222222224,sigma_ci_MPa,MPa,18.666666666666668,0.6666666666666667,mi,-,41.666666666666664,0.33333333333333337,GSI,-,0.5,0.5,D_hb,-,23445.9,0.4613643,0.1964080909090909,0.22007100000000002,1.160628448412838,0.0004189421234483841,0.5101506483701295
P0042,min_max_sweep_100_lhs,Fault,Fault,Fault,True,,,2490.0,0.5,density_kg_m3,kg/m3,438383838.3838384,0.595959595959596,E_GPa,GPa,0.33484848484848484,0.696969696969697,nu,-,28282.828282828286,0.8282828282828284,c_MPa,MPa,17.252525252525253,0.31313131313131315,phi_deg,deg,14292929.292929292,0.9292929292929294,sigma_ci_MPa,MPa,3.1515151515151514,0.05050505050505051,mi,-,15.454545454545455,0.030303030303030304,GSI,-,0.5,0.5,D_hb,-,24426.9,0.43838383838383843,0.028282828282828288,14.292929292929292,0.05624204397761869,1.2715011270109494e-05,0.5592710265383685
P0042,min_max_sweep_100_lhs,Interbedded_ST,Interbedded_ST,Interbedded_ST,True,,,2520.0,0.5,density_kg_m3,kg/m3,1643702163.6363637,0.05050505050505051,E_GPa,GPa,0.2963636363636364,0.4545454545454546,nu,-,99764.72727272726,0.6060606060606061,c_MPa,MPa,18.865656565656565,0.14141414141414144,phi_deg,deg,1618650.0,0.5,sigma_ci_MPa,MPa,7.0,0.0,mi,-,30.151515151515152,0.010101010101010102,GSI,-,0.5,0.5,D_hb,-,24721.2,1.6437021636363638,0.09976472727272727,1.61865,0.2515261856265019,9.023155908198927e-05,0.5221170845569043
P0042,min_max_sweep_100_lhs,SH_ST,SH_ST,SH_ST,True,,,2528.181818181818,0.6363636363636365,density_kg_m3,kg/m3,2964680100.0,0.5,E_GPa,GPa,0.38,0.5,nu,-,100133.34545454544,0.4545454545454546,c_MPa,MPa,32.723939393939396,0.5757575757575758,phi_deg,deg,9976898.818181816,0.5252525252525253,sigma_ci_MPa,MPa,5.414141414141414,0.3535353535353536,mi,-,27.575757575757574,0.17171717171717174,GSI,-,0.5,0.5,D_hb,-,24801.463636363635,2.9646801,0.10013334545454544,9.976898818181816,0.17208630791199936,6.400395647678214e-05,0.5263002790765428
P0042,min_max_sweep_100_lhs,SS_NC,SS_NC,SS_NC,False,,,2578.4848484848485,0.7373737373737375,density_kg_m3,kg/m3,2780085627.2727275,0.595959595959596,E_GPa,GPa,0.25181818181818183,0.7272727272727273,nu,-,412260.7909090909,0.9090909090909092,c_MPa,MPa,23.802525252525253,0.25252525252525254,phi_deg,deg,21130740.0,0.36363636363636365,sigma_ci_MPa,MPa,13.01010101010101,0.10101010101010102,mi,-,50.0,0.6666666666666667,GSI,-,0.5,0.5,D_hb,-,25294.936363636363,2.7800856272727277,0.4122607909090909,21.13074,1.2029461532226358,0.0012726338013398079,0.5057335599243188
P0042,min_max_sweep_100_lhs,SS_NK,SS_NK,SS_NK,False,,,2390.0,0.5,density_kg_m3,kg/m3,461364300.0,0.5,E_GPa,GPa,0.38,0.5,nu,-,190641.0,0.6666666666666667,c_MPa,MPa,28.736363636363638,0.42424242424242425,phi_deg,deg,279941.7272727273,0.7575757575757577,sigma_ci_MPa,MPa,18.060606060606062,0.6060606060606061,mi,-,48.73737373737374,0.686868686868687,GSI,-,0.5,0.5,D_hb,-,23445.9,0.4613643,0.190641,0.2799417272727273,1.5724826317217222,0.0010754492098940585,0.5062557043321572
P0043,min_max_sweep_100_lhs,Fault,Fault,Fault,True,,,2490.0,0.5,density_kg_m3,kg/m3,325252525.2525252,0.31313131313131315,E_GPa,GPa,0.34898989898989896,0.9797979797979799,nu,-,26767.676767676767,0.6767676767676768,c_MPa,MPa,19.95959595959596,0.98989898989899,phi_deg,deg,7626262.626262627,0.26262626262626265,sigma_ci_MPa,MPa,3.8484848484848486,0.2828282828282829,mi,-,28.18181818181818,0.8787878787878789,GSI,-,0.5,0.5,D_hb,-,24426.9,0.32525252525252524,0.026767676767676767,7.626262626262626,0.1259042105454316,6.93907089817388e-05,0.5252504236333958
P0043,min_max_sweep_100_lhs,Interbedded_ST,Interbedded_ST,Interbedded_ST,True,,,2520.0,0.5,density_kg_m3,kg/m3,1629141745.4545455,0.020202020202020204,E_GPa,GPa,0.2675757575757576,0.30303030303030304,nu,-,73555.18181818182,0.37373737373737376,c_MPa,MPa,18.5020202020202,0.05050505050505051,phi_deg,deg,1618650.0,0.5,sigma_ci_MPa,MPa,10.787878787878787,0.7575757575757577,mi,-,34.84848484848485,0.32323232323232326,GSI,-,0.5,0.5,D_hb,-,24721.2,1.6291417454545456,0.07355518181818183,1.61865,0.48479462415992186,0.00016878772681821718,0.516113968772237
P0043,min_max_sweep_100_lhs,SH_ST,SH_ST,SH_ST,True,,,2442.3232323232323,0.13131313131313133,density_kg_m3,kg/m3,2964680100.0,0.5,E_GPa,GPa,0.38,0.5,nu,-,19000.68181818182,0.04040404040404041,c_MPa,MPa,34.26989898989899,0.6262626262626263,phi_deg,deg,9595775.363636361,0.5050505050505051,sigma_ci_MPa,MPa,4.525252525252525,0.13131313131313133,mi,-,32.42424242424242,0.494949494949495,GSI,-,0.5,0.5,D_hb,-,23959.19090909091,2.9646801,0.01900068181818182,9.595775363636362,0.181188050210641,0.00012216951504070858,0.5189777089558295
P0043,min_max_sweep_100_lhs,SS_NC,SS_NC,SS_NC,False,,,2566.3636363636365,0.6363636363636365,density_kg_m3,kg/m3,1661350254.5454547,0.30303030303030304,E_GPa,GPa,0.20373737373737372,0.38383838383838387,nu,-,204265.0090909091,0.42424242424242425,c_MPa,MPa,28.283939393939395,0.393939393939394,phi_deg,deg,53246500.00000001,0.9494949494949496,sigma_ci_MPa,MPa,20.78787878787879,0.8787878787878789,mi,-,44.696969696969695,0.31313131313131315,GSI,-,0.5,0.5,D_hb,-,25176.027272727275,1.6613502545454548,0.20426500909090908,53.246500000000005,1.493156645154513,0.0006275185198194417,0.5082550770464449
P0043,min_max_sweep_100_lhs,SS_NK,SS_NK,SS_NK,False,,,2390.0,0.5,density_kg_m3,kg/m3,461364300.0,0.5,E_GPa,GPa,0.38,0.5,nu,-,171417.36363636362,0.5656565656565657,c_MPa,MPa,24.578787878787878,0.14141414141414144,phi_deg,deg,211033.90909090912,0.14141414141414144,sigma_ci_MPa,MPa,17.252525252525253,0.5252525252525253,mi,-,55.0,1.0,GSI,-,0.5,0.5,D_hb,-,23445.9,0.4613643,0.17141736363636362,0.2110339090909091,2.0240518756462658,0.0024787521766663585,0.5040481499008612
P0044,min_max_sweep_100_lhs,Fault,Fault,Fault,True,,,2490.0,0.5,density_kg_m3,kg/m3,446464646.46464646,0.6161616161616162,E_GPa,GPa,0.30404040404040406,0.08080808080808081,nu,-,29090.909090909092,0.9090909090909092,c_MPa,MPa,19.151515151515152,0.787878787878788,phi_deg,deg,6919191.919191918,0.19191919191919193,sigma_ci_MPa,MPa,5.575757575757576,0.8585858585858587,mi,-,19.696969696969695,0.31313131313131315,GSI,-,0.5,0.5,D_hb,-,24426.9,0.44646464646464645,0.02909090909090909,6.919191919191919,0.12178164562308834,2.2386091501316424e-05,0.5446173088212239
P0044,min_max_sweep_100_lhs,Interbedded_ST,Interbedded_ST,Interbedded_ST,True,,,2520.0,0.5,density_kg_m3,kg/m3,1993152200.0000002,0.7777777777777778,E_GPa,GPa,0.3942424242424243,0.9696969696969697,nu,-,55322.45454545455,0.21212121212121213,c_MPa,MPa,20.32020202020202,0.5050505050505051,phi_deg,deg,1618650.0,0.5,sigma_ci_MPa,MPa,8.969696969696969,0.393939393939394,mi,-,33.93939393939394,0.26262626262626265,GSI,-,0.5,0.5,D_hb,-,24721.2,1.9931522000000002,0.05532245454545455,1.61865,0.3860102895969941,0.0001495199382088032,0.5171340264544042
P0044,min_max_sweep_100_lhs,SH_ST,SH_ST,SH_ST,True,,,2590.0,1.0,density_kg_m3,kg/m3,2964680100.0,0.5,E_GPa,GPa,0.38,0.5,nu,-,34831.44545454545,0.12121212121212122,c_MPa,MPa,34.57909090909091,0.6363636363636365,phi_deg,deg,17980491.36363636,0.9494949494949496,sigma_ci_MPa,MPa,5.696969696969697,0.42424242424242425,mi,-,27.12121212121212,0.14141414141414144,GSI,-,0.5,0.5,D_hb,-,25407.9,2.9646801,0.03483144545454545,17.98049136363636,0.1771986128406202,6.024013597996088e-05,0.527115981380768
P0044,min_max_sweep_100_lhs,SS_NC,SS_NC,SS_NC,False,,,2504.5454545454545,0.12121212121212122,density_kg_m3,kg/m3,3744512672.7272735,0.8484848484848485,E_GPa,GPa,0.20939393939393938,0.42424242424242425,nu,-,303929.6545454545,0.6565656565656566,c_MPa,MPa,20.60151515151515,0.15151515151515152,phi_deg,deg,37188620.0,0.6565656565656566,sigma_ci_MPa,MPa,16.646464646464647,0.4646464646464647,mi,-,45.15151515151515,0.3434343434343435,GSI,-,0.5,0.5,D_hb,-,24569.59090909091,3.7445126727272733,0.3039296545454545,37.18862,1.2218489551696237,0.0006667260519507941,0.5080023443755209
P0044,min_max_sweep_100_lhs,SS_NK,SS_NK,SS_NK,False,,,2390.0,0.5,density_kg_m3,kg/m3,461364300.0,0.5,E_GPa,GPa,0.38,0.5,nu,-,213709.36363636362,0.787878787878788,c_MPa,MPa,26.50909090909091,0.27272727272727276,phi_deg,deg,272034.27272727276,0.686868686868687,sigma_ci_MPa,MPa,20.78787878787879,0.8787878787878789,mi,-,37.22222222222222,0.11111111111111112,GSI,-,0.5,0.5,D_hb,-,23445.9,0.4613643,0.21370936363636361,0.27203427272727276,1.0459777321508528,0.00023162974905336826,0.513724436601144
P0045,min_max_sweep_100_lhs,Fault,Fault,Fault,True,,,2490.0,0.5,density_kg_m3,kg/m3,591919191.919192,0.9797979797979799,E_GPa,GPa,0.3338383838383838,0.6767676767676768,nu,-,21919.19191919192,0.19191919191919193,c_MPa,MPa,16.80808080808081,0.20202020202020204,phi_deg,deg,8434343.434343435,0.3434343434343435,sigma_ci_MPa,MPa,5.757575757575758,0.9191919191919192,mi,-,25.0,0.6666666666666667,GSI,-,0.5,0.5,D_hb,-,24426.9,0.591919191919192,0.021919191919191918,8.434343434343434,0.1618780409789299,4.5399929762484854e-05,0.531267161506037
P0045,min_max_sweep_100_lhs,Interbedded_ST,Interbedded_ST,Interbedded_ST,True,,,2520.0,0.5,density_kg_m3,kg/m3,1828134127.2727275,0.43434343434343436,E_GPa,GPa,0.257979797979798,0.25252525252525254,nu,-,33671.09090909091,0.020202020202020204,c_MPa,MPa,18.623232323232322,0.08080808080808081,phi_deg,deg,1618650.0,0.5,sigma_ci_MPa,MPa,9.97979797979798,0.595959595959596,mi,-,38.78787878787879,0.5858585858585859,GSI,-,0.5,0.5,D_hb,-,24721.2,1.8281341272727274,0.033671090909090914,1.61865,0.5410194400406024,0.0002854007680995882,0.512343123262325
P0045,min_max_sweep_100_lhs,SH_ST,SH_ST,SH_ST,True,,,2521.313131313131,0.595959595959596,density_kg_m3,kg/m3,2964680100.0,0.5,E_GPa,GPa,0.38,0.5,nu,-,84302.58181818182,0.37373737373737376,c_MPa,MPa,33.033131313131314,0.5858585858585859,phi_deg,deg,7690158.090909089,0.4040404040404041,sigma_ci_MPa,MPa,6.545454545454546,0.6363636363636365,mi,-,30.454545454545453,0.36363636363636365,GSI,-,0.5,0.5,D_hb,-,24734.081818181818,2.9646801,0.08430258181818182,7.6901580909090885,0.23861176418806734,9.395193157337451e-05,0.5216705157889783
P0045,min_max_sweep_100_lhs,SS_NC,SS_NC,SS_NC,False,,,2586.969696969697,0.8080808080808082,density_kg_m3,kg/m3,1468464845.454546,0.25252525252525254,E_GPa,GPa,0.18818181818181817,0.27272727272727276,nu,-,247597.46363636365,0.5252525252525253,c_MPa,MPa,26.683434343434342,0.3434343434343435,phi_deg,deg,7841460.0,0.12121212121212122,sigma_ci_MPa,MPa,13.11111111111111,0.11111111111111112,mi,-,54.696969696969695,0.9797979797979799,GSI,-,0.5,0.5,D_hb,-,25378.17272727273,1.468464845454546,0.24759746363636365,7.84146,1.516147972796265,0.0023805968619581247,0.5041350909043324
P0045,min_max_sweep_100_lhs,SS_NK,SS_NK,SS_NK,False,,,2390.0,0.5,density_kg_m3,kg/m3,461364300.0,0.5,E_GPa,GPa,0.38,0.5,nu,-,252156.63636363632,0.98989898989899,c_MPa,MPa,24.28181818181818,0.12121212121212122,phi_deg,deg,288978.8181818182,0.8383838383838385,sigma_ci_MPa,MPa,15.636363636363637,0.36363636363636365,mi,-,51.36363636363636,0.8181818181818182,GSI,-,0.5,0.5,D_hb,-,23445.9,0.4613643,0.25215663636363633,0.2889788181818182,1.54277368105288,0.001526392020645441,0.5052168858461141
P0046,min_max_sweep_100_lhs,Fault,Fault,Fault,True,,,2490.0,0.5,density_kg_m3,kg/m3,292929292.9292929,0.23232323232323235,E_GPa,GPa,0.3085858585858586,0.17171717171717174,nu,-,29393.939393939392,0.9393939393939394,c_MPa,MPa,18.90909090909091,0.7272727272727273,phi_deg,deg,8636363.636363637,0.36363636363636365,sigma_ci_MPa,MPa,5.272727272727273,0.7575757575757577,mi,-,24.545454545454547,0.6363636363636365,GSI,-,0.5,0.5,D_hb,-,24426.9,0.29292929292929293,0.029393939393939392,8.636363636363637,0.14507189159540818,4.273013877454377e-05,0.5322356790883618
P0046,min_max_sweep_100_lhs,Interbedded_ST,Interbedded_ST,Interbedded_ST,True,,,2520.0,0.5,density_kg_m3,kg/m3,1672823000.0000002,0.11111111111111112,E_GPa,GPa,0.39616161616161616,0.9797979797979799,nu,-,78113.36363636365,0.4141414141414142,c_MPa,MPa,20.15858585858586,0.4646464646464647,phi_deg,deg,1618650.0,0.5,sigma_ci_MPa,MPa,7.353535353535354,0.07070707070707072,mi,-,37.57575757575758,0.5050505050505051,GSI,-,0.5,0.5,D_hb,-,24721.2,1.6728230000000002,0.07811336363636365,1.61865,0.37628750962941976,0.00024280975481866756,0.5133998065429863
P0046,min_max_sweep_100_lhs,SH_ST,SH_ST,SH_ST,True,,,2535.050505050505,0.6767676767676768,density_kg_m3,kg/m3,2964680100.0,0.5,E_GPa,GPa,0.38,0.5,nu,-,32852.6,0.11111111111111112,c_MPa,MPa,22.52060606060606,0.24242424242424243,phi_deg,deg,1401621.0909090908,0.07070707070707072,sigma_ci_MPa,MPa,4.848484848484849,0.21212121212121213,mi,-,28.78787878787879,0.25252525252525254,GSI,-,0.5,0.5,D_hb,-,24868.845454545455,2.9646801,0.032852599999999996,1.401621090909091,0.16326393782528412,7.523082568708149e-05,0.5242421410801853
P0046,min_max_sweep_100_lhs,SS_NC,SS_NC,SS_NC,False,,,2574.848484848485,0.7070707070707072,density_kg_m3,kg/m3,1622773172.7272732,0.29292929292929293,E_GPa,GPa,0.26595959595959595,0.8282828282828284,nu,-,48268.17272727273,0.06060606060606061,c_MPa,MPa,19.961313131313133,0.13131313131313133,phi_deg,deg,34973740.0,0.6161616161616162,sigma_ci_MPa,MPa,20.686868686868685,0.8686868686868687,mi,-,45.45454545454545,0.36363636363636365,GSI,-,0.5,0.5,D_hb,-,25259.263636363637,1.6227731727272732,0.048268172727272726,34.97374,1.5404838241688539,0.0006942160929985587,0.5078380609067317
P0046,min_max_sweep_100_lhs,SS_NK,SS_NK,SS_NK,False,,,2390.0,0.5,density_kg_m3,kg/m3,461364300.0,0.5,E_GPa,GPa,0.38,0.5,nu,-,146426.63636363635,0.43434343434343436,c_MPa,MPa,28.884848484848487,0.43434343434343436,phi_deg,deg,256219.36363636368,0.5454545454545455,sigma_ci_MPa,MPa,21.696969696969695,0.9696969696969697,mi,-,47.121212121212125,0.6060606060606061,GSI,-,0.5,0.5,D_hb,-,23445.9,0.4613643,0.14642663636363634,0.25621936363636366,1.7491589763185813,0.0008669709825840166,0.5069914998935969
P0047,min_max_sweep_100_lhs,Fault,Fault,Fault,True,,,2490.0,0.5,density_kg_m3,kg/m3,280808080.80808085,0.20202020202020204,E_GPa,GPa,0.301010101010101,0.020202020202020204,nu,-,26868.68686868687,0.686868686868687,c_MPa,MPa,17.77777777777778,0.4444444444444445,phi_deg,deg,11262626.262626262,0.6262626262626263,sigma_ci_MPa,MPa,4.515151515151516,0.5050505050505051,mi,-,19.393939393939394,0.29292929292929293,GSI,-,0.5,0.5,D_hb,-,24426.9,0.28080808080808084,0.026868686868686868,11.262626262626263,0.09720383691070579,2.1499631823304513e-05,0.5455321633988981
P0047,min_max_sweep_100_lhs,Interbedded_ST,Interbedded_ST,Interbedded_ST,True,,,2520.0,0.5,density_kg_m3,kg/m3,2085368181.8181818,0.9696969696969697,E_GPa,GPa,0.33090909090909093,0.6363636363636365,nu,-,53043.36363636364,0.19191919191919193,c_MPa,MPa,18.946464646464648,0.16161616161616163,phi_deg,deg,1618650.0,0.5,sigma_ci_MPa,MPa,9.575757575757576,0.5151515151515152,mi,-,36.21212121212121,0.4141414141414142,GSI,-,0.5,0.5,D_hb,-,24721.2,2.0853681818181817,0.05304336363636364,1.61865,0.4591935935522467,0.00020244334161718323,0.514695244600451
P0047,min_max_sweep_100_lhs,SH_ST,SH_ST,SH_ST,True,,,2519.59595959596,0.5858585858585859,density_kg_m3,kg/m3,2964680100.0,0.5,E_GPa,GPa,0.38,0.5,nu,-,181266.0090909091,0.8686868686868687,c_MPa,MPa,37.6710101010101,0.7373737373737375,phi_deg,deg,14931503.727272725,0.787878787878788,sigma_ci_MPa,MPa,5.292929292929293,0.32323232323232326,mi,-,30.606060606060606,0.37373737373737376,GSI,-,0.5,0.5,D_hb,-,24717.236363636366,2.9646801,0.1812660090909091,14.931503727272725,0.19434866897857508,9.586925205874323e-05,0.521450591806047
P0047,min_max_sweep_100_lhs,SS_NC,SS_NC,SS_NC,False,,,2503.3333333333335,0.11111111111111112,density_kg_m3,kg/m3,4014552245.4545465,0.9191919191919192,E_GPa,GPa,0.27020202020202017,0.8585858585858587,nu,-,221597.9909090909,0.4646464646464647,c_MPa,MPa,16.76030303030303,0.030303030303030304,phi_deg,deg,3411699.9999999995,0.04040404040404041,sigma_ci_MPa,MPa,12.0,0.0,mi,-,46.81818181818182,0.4545454545454546,GSI,-,0.5,0.5,D_hb,-,24557.700000000004,4.014552245454547,0.2215979909090909,3.4116999999999997,0.9535524165391307,0.0008326400759127061,0.5071385072005722
P0047,min_max_sweep_100_lhs,SS_NK,SS_NK,SS_NK,False,,,2390.0,0.5,density_kg_m3,kg/m3,461364300.0,0.5,E_GPa,GPa,0.38,0.5,nu,-,194485.7272727273,0.686868686868687,c_MPa,MPa,27.251515151515154,0.32323232323232326,phi_deg,deg,226848.81818181818,0.2828282828282829,sigma_ci_MPa,MPa,18.565656565656568,0.6565656565656566,mi,-,53.98989898989899,0.9494949494949496,GSI,-,0.5,0.5,D_hb,-,23445.9,0.4613643,0.19448572727272728,0.22684881818181818,2.0758200113788874,0.0021664180690779324,0.5043449157759438
P0048,min_max_sweep_100_lhs,Fault,Fault,Fault,True,,,2490.0,0.5,density_kg_m3,kg/m3,260606060.60606062,0.15151515151515152,E_GPa,GPa,0.33989898989898987,0.797979797979798,nu,-,25757.575757575756,0.5757575757575758,c_MPa,MPa,19.757575757575758,0.9393939393939394,phi_deg,deg,5606060.606060606,0.06060606060606061,sigma_ci_MPa,MPa,5.03030303030303,0.6767676767676768,mi,-,16.666666666666668,0.11111111111111112,GSI,-,0.5,0.5,D_hb,-,24426.9,0.2606060606060606,0.025757575757575757,5.606060606060606,0.09510499935456306,1.4945338524781451e-05,0.5546533923344277
P0048,min_max_sweep_100_lhs,Interbedded_ST,Interbedded_ST,Interbedded_ST,True,,,2520.0,0.5,density_kg_m3,kg/m3,1745625090.909091,0.26262626262626265,E_GPa,GPa,0.38272727272727275,0.9090909090909092,nu,-,59880.63636363637,0.25252525252525254,c_MPa,MPa,20.07777777777778,0.4444444444444445,phi_deg,deg,1618650.0,0.5,sigma_ci_MPa,MPa,7.202020202020202,0.04040404040404041,mi,-,40.0,0.6666666666666667,GSI,-,0.5,0.5,D_hb,-,24721.2,1.745625090909091,0.059880636363636365,1.61865,0.41363088422031485,0.00033546262790251185,0.5113684695702436
P0048,min_max_sweep_100_lhs,SH_ST,SH_ST,SH_ST,True,,,2559.090909090909,0.8181818181818182,density_kg_m3,kg/m3,2964680100.0,0.5,E_GPa,GPa,0.38,0.5,nu,-,135752.56363636366,0.6363636363636365,c_MPa,MPa,21.283838383838383,0.20202020202020204,phi_deg,deg,2163868.0,0.11111111111111112,sigma_ci_MPa,MPa,6.626262626262626,0.6565656565656566,mi,-,34.84848484848485,0.6565656565656566,GSI,-,0.5,0.5,D_hb,-,25104.68181818182,2.9646801,0.13575256363636365,2.163868,0.2977764732667685,0.00016878772681821718,0.516113968772237
P0048,min_max_sweep_100_lhs,SS_NC,SS_NC,SS_NC,False,,,2576.060606060606,0.7171717171717172,density_kg_m3,kg/m3,1429887763.6363637,0.24242424242424243,E_GPa,GPa,0.18535353535353533,0.25252525252525254,nu,-,113266.85454545454,0.21212121212121213,c_MPa,MPa,27.643737373737373,0.37373737373737376,phi_deg,deg,14486100.0,0.24242424242424243,sigma_ci_MPa,MPa,13.212121212121213,0.12121212121212122,mi,-,53.18181818181818,0.8787878787878789,GSI,-,0.5,0.5,D_hb,-,25271.154545454545,1.4298877636363638,0.11326685454545454,14.4861,1.4214783938424063,0.0019451343253413232,0.5045971449315081
P0048,min_max_sweep_100_lhs,SS_NK,SS_NK,SS_NK,False,,,2390.0,0.5,density_kg_m3,kg/m3,461364300.0,0.5,E_GPa,GPa,0.38,0.5,nu,-,167572.63636363635,0.5454545454545455,c_MPa,MPa,34.081818181818186,0.787878787878788,phi_deg,deg,207645.0,0.11111111111111112,sigma_ci_MPa,MPa,13.313131313131313,0.13131313131313133,mi,-,36.01010101010101,0.05050505050505051,GSI,-,0.5,0.5,D_hb,-,23445.9,0.4613643,0.16757263636363634,0.207645,0.6323026124839766,0.0001970631086624573,0.5148973750869146
P0049,min_max_sweep_100_lhs,Fault,Fault,Fault,True,,,2490.0,0.5,density_kg_m3,kg/m3,547474747.4747474,0.8686868686868687,E_GPa,GPa,0.34696969696969693,0.9393939393939394,nu,-,25353.535353535353,0.5353535353535354,c_MPa,MPa,18.1010101010101,0.5252525252525253,phi_deg,deg,10656565.656565657,0.5656565656565657,sigma_ci_MPa,MPa,4.181818181818182,0.393939393939394,mi,-,24.393939393939394,0.6262626262626263,GSI,-,0.5,0.5,D_hb,-,24426.9,0.5474747474747474,0.025353535353535354,10.656565656565657,0.11422986779466154,4.1875564772392584e-05,0.5325650954075082
P0049,min_max_sweep_100_lhs,Interbedded_ST,Interbedded_ST,Interbedded_ST,True,,,2520.0,0.5,density_kg_m3,kg/m3,2007712618.1818182,0.8080808080808082,E_GPa,GPa,0.23303030303030303,0.12121212121212122,nu,-,56462.0,0.22222222222222224,c_MPa,MPa,20.643434343434343,0.5858585858585859,phi_deg,deg,1618650.0,0.5,sigma_ci_MPa,MPa,9.676767676767676,0.5353535353535354,mi,-,44.54545454545455,0.9696969696969697,GSI,-,0.5,0.5,D_hb,-,24721.2,2.0077126181818183,0.056462,1.61865,0.6900682916680861,0.0006149685719773453,0.5083410375573363
P0049,min_max_sweep_100_lhs,SH_ST,SH_ST,SH_ST,True,,,2511.010101010101,0.5353535353535354,density_kg_m3,kg/m3,2964680100.0,0.5,E_GPa,GPa,0.38,0.5,nu,-,94196.80909090908,0.42424242424242425,c_MPa,MPa,37.36181818181818,0.7272727272727273,phi_deg,deg,17027682.727272727,0.8989898989898991,sigma_ci_MPa,MPa,5.252525252525253,0.31313131313131315,mi,-,25.90909090909091,0.06060606060606061,GSI,-,0.5,0.5,D_hb,-,24633.009090909094,2.9646801,0.09419680909090908,17.027682727272726,0.15421160416474944,5.1250361885618896e-05,0.5294159898377997
P0049,min_max_sweep_100_lhs,SS_NC,SS_NC,SS_NC,False,,,2533.6363636363635,0.36363636363636365,density_kg_m3,kg/m3,4284591818.181819,0.98989898989899,E_GPa,GPa,0.19525252525252523,0.32323232323232326,nu,-,399261.0545454545,0.8787878787878789,c_MPa,MPa,17.08040404040404,0.04040404040404041,phi_deg,deg,56015100.0,1.0,sigma_ci_MPa,MPa,19.272727272727273,0.7272727272727273,mi,-,48.78787878787879,0.5858585858585859,GSI,-,0.5,0.5,D_hb,-,24854.97272727273,4.284591818181819,0.3992610545454545,56.0151,1.6820588738063857,0.0010827157310573264,0.5062339638149617
P0049,min_max_sweep_100_lhs,SS_NK,SS_NK,SS_NK,False,,,2390.0,0.5,density_kg_m3,kg/m3,461364300.0,0.5,E_GPa,GPa,0.38,0.5,nu,-,206019.90909090906,0.7474747474747475,c_MPa,MPa,23.242424242424242,0.05050505050505051,phi_deg,deg,214422.81818181818,0.17171717171717174,sigma_ci_MPa,MPa,12.707070707070708,0.07070707070707072,mi,-,48.93939393939394,0.696969696969697,GSI,-,0.5,0.5,D_hb,-,23445.9,0.4613643,0.20601990909090906,0.2144228181818182,1.1170610296114918,0.0011048112113334915,0.5061691797454484
P0050,min_max_sweep_100_lhs,Fault,Fault,Fault,True,,,2490.0,0.5,density_kg_m3,kg/m3,531313131.3131314,0.8282828282828284,E_GPa,GPa,0.3222222222222222,0.4444444444444445,nu,-,24949.49494949495,0.494949494949495,c_MPa,MPa,17.737373737373737,0.43434343434343436,phi_deg,deg,14090909.09090909,0.9090909090909092,sigma_ci_MPa,MPa,5.7272727272727275,0.9090909090909092,mi,-,17.727272727272727,0.18181818181818182,GSI,-,0.5,0.5,D_hb,-,24426.9,0.5313131313131314,0.02494949494949495,14.09090909090909,0.11389145148492365,1.7215559349860396e-05,0.5509079872958695
P0050,min_max_sweep_100_lhs,Interbedded_ST,Interbedded_ST,Interbedded_ST,True,,,2520.0,0.5,density_kg_m3,kg/m3,1842694545.4545455,0.4646464646464647,E_GPa,GPa,0.2925252525252525,0.43434343434343436,nu,-,95206.54545454546,0.5656565656565657,c_MPa,MPa,19.673737373737374,0.3434343434343435,phi_deg,deg,1618650.0,0.5,sigma_ci_MPa,MPa,10.434343434343434,0.686868686868687,mi,-,43.78787878787879,0.9191919191919192,GSI,-,0.5,0.5,D_hb,-,24721.2,1.8426945454545456,0.09520654545454546,1.61865,0.71772767989991,0.0005558847913707192,0.5087841089817633
P0050,min_max_sweep_100_lhs,SH_ST,SH_ST,SH_ST,True,,,2538.4848484848485,0.696969696969697,density_kg_m3,kg/m3,2964680100.0,0.5,E_GPa,GPa,0.38,0.5,nu,-,205012.15454545454,0.98989898989899,c_MPa,MPa,40.14454545454545,0.8181818181818182,phi_deg,deg,12073077.818181815,0.6363636363636365,sigma_ci_MPa,MPa,6.0606060606060606,0.5151515151515152,mi,-,37.42424242424242,0.8282828282828284,GSI,-,0.5,0.5,D_hb,-,24902.536363636365,2.9646801,0.20501215454545454,12.073077818181815,0.30789755200005775,0.0002379537232239292,0.5135379973638442
P0050,min_max_sweep_100_lhs,SS_NC,SS_NC,SS_NC,False,,,2500.909090909091,0.09090909090909091,density_kg_m3,kg/m3,3204433527.2727275,0.7070707070707072,E_GPa,GPa,0.2815151515151515,0.9393939393939394,nu,-,74267.64545454545,0.12121212121212122,c_MPa,MPa,16.12010101010101,0.010101010101010102,phi_deg,deg,49924180.0,0.888888888888889,sigma_ci_MPa,MPa,14.828282828282829,0.2828282828282829,mi,-,51.21212121212121,0.7474747474747475,GSI,-,0.5,0.5,D_hb,-,24533.918181818182,3.2044335272727276,0.07426764545454545,49.92418,1.452525892588187,0.0014958652080643488,0.5052720020398771
P0050,min_max_sweep_100_lhs,SS_NK,SS_NK,SS_NK,False,,,2390.0,0.5,density_kg_m3,kg/m3,461364300.0,0.5,E_GPa,GPa,0.38,0.5,nu,-,96445.18181818182,0.17171717171717174,c_MPa,MPa,23.836363636363636,0.09090909090909091,phi_deg,deg,294627.0,0.888888888888889,sigma_ci_MPa,MPa,17.757575757575758,0.5757575757575758,mi,-,40.05050505050505,0.25252525252525254,GSI,-,0.5,0.5,D_hb,-,23445.9,0.4613643,0.09644518181818182,0.294627,1.022319815015677,0.0003377292586859211,0.5113295433037504
P0051,min_max_sweep_100_lhs,Fault,Fault,Fault,True,,,2490.0,0.5,density_kg_m3,kg/m3,389898989.8989899,0.4747474747474748,E_GPa,GPa,0.32979797979797976,0.595959595959596,nu,-,20707.07070707071,0.07070707070707072,c_MPa,MPa,16.646464646464647,0.16161616161616163,phi_deg,deg,11969696.969696969,0.696969696969697,sigma_ci_MPa,MPa,3.2727272727272725,0.09090909090909091,mi,-,25.90909090909091,0.7272727272727273,GSI,-,0.5,0.5,D_hb,-,24426.9,0.3898989898989899,0.020707070707070712,11.969696969696969,0.09608569182572849,5.1250361885618896e-05,0.5294159898377997
P0051,min_max_sweep_100_lhs,Interbedded_ST,Interbedded_ST,Interbedded_ST,True,,,2520.0,0.5,density_kg_m3,kg/m3,1721357727.2727275,0.21212121212121213,E_GPa,GPa,0.3884848484848485,0.9393939393939394,nu,-,66717.90909090909,0.31313131313131315,c_MPa,MPa,20.239393939393942,0.48484848484848486,phi_deg,deg,1618650.0,0.5,sigma_ci_MPa,MPa,10.282828282828284,0.6565656565656566,mi,-,35.45454545454545,0.36363636363636365,GSI,-,0.5,0.5,D_hb,-,24721.2,1.7213577272727274,0.06671790909090909,1.61865,0.4756287211851708,0.00018299337534830135,0.5154674777731223
P0051,min_max_sweep_100_lhs,SH_ST,SH_ST,SH_ST,True,,,2476.6666666666665,0.33333333333333337,density_kg_m3,kg/m3,2964680100.0,0.5,E_GPa,GPa,0.38,0.5,nu,-,38789.13636363636,0.14141414141414144,c_MPa,MPa,17.882727272727273,0.09090909090909091,phi_deg,deg,6546787.727272726,0.3434343434343435,sigma_ci_MPa,MPa,7.636363636363637,0.9090909090909092,mi,-,26.96969696969697,0.13131313131313133,GSI,-,0.5,0.5,D_hb,-,24296.1,2.9646801,0.03878913636363636,6.546787727272726,0.23581399261981223,5.903537382446805e-05,0.5273934215176133
P0051,min_max_sweep_100_lhs,SS_NC,SS_NC,SS_NC,False,,,2505.757575757576,0.13131313131313133,density_kg_m3,kg/m3,581191963.6363637,0.020202020202020204,E_GPa,GPa,0.1811111111111111,0.22222222222222224,nu,-,351595.35454545455,0.7676767676767677,c_MPa,MPa,33.725656565656564,0.5656565656565657,phi_deg,deg,55461380.0,0.98989898989899,sigma_ci_MPa,MPa,17.95959595959596,0.595959595959596,mi,-,50.60606060606061,0.7070707070707072,GSI,-,0.5,0.5,D_hb,-,24581.481818181823,0.5811919636363637,0.35159535454545454,55.46138,1.7092116038993317,0.0013797422317342093,0.5054981194153898
P0051,min_max_sweep_100_lhs,SS_NK,SS_NK,SS_NK,False,,,2390.0,0.5,density_kg_m3,kg/m3,461364300.0,0.5,E_GPa,GPa,0.38,0.5,nu,-,163727.90909090906,0.5252525252525253,c_MPa,MPa,27.400000000000002,0.33333333333333337,phi_deg,deg,291238.09090909094,0.8585858585858587,sigma_ci_MPa,MPa,21.595959595959595,0.9595959595959597,mi,-,54.39393939393939,0.9696969696969697,GSI,-,0.5,0.5,D_hb,-,23445.9,0.4613643,0.16372790909090906,0.2912380909090909,2.4615446754417856,0.00228632836816574,0.5042238061530393
P0052,min_max_sweep_100_lhs,Fault,Fault,Fault,True,,,2490.0,0.5,density_kg_m3,kg/m3,397979797.97979796,0.494949494949495,E_GPa,GPa,0.3282828282828283,0.5656565656565657,nu,-,21212.121212121212,0.12121212121212122,c_MPa,MPa,16.242424242424242,0.06060606060606061,phi_deg,deg,12979797.97979798,0.797979797979798,sigma_ci_MPa,MPa,5.848484848484849,0.9494949494949496,mi,-,28.78787878787879,0.9191919191919192,GSI,-,0.5,0.5,D_hb,-,24426.9,0.39797979797979793,0.021212121212121213,12.97979797979798,0.19693712500174898,7.523082568708149e-05,0.5242421410801853
P0052,min_max_sweep_100_lhs,Interbedded_ST,Interbedded_ST,Interbedded_ST,True,,,2520.0,0.5,density_kg_m3,kg/m3,1697090363.6363637,0.16161616161616163,E_GPa,GPa,0.3328282828282828,0.6464646464646465,nu,-,72415.63636363637,0.36363636363636365,c_MPa,MPa,21.28989898989899,0.7474747474747475,phi_deg,deg,1618650.0,0.5,sigma_ci_MPa,MPa,10.838383838383837,0.7676767676767677,mi,-,34.09090909090909,0.27272727272727276,GSI,-,0.5,0.5,D_hb,-,24721.2,1.6970903636363637,0.07241563636363636,1.61865,0.46980655879452615,0.00015257126068507308,0.5169596949434041
P0052,min_max_sweep_100_lhs,SH_ST,SH_ST,SH_ST,True,,,2445.757575757576,0.15151515151515152,density_kg_m3,kg/m3,2964680100.0,0.5,E_GPa,GPa,0.38,0.5,nu,-,54619.9,0.22222222222222224,c_MPa,MPa,35.815858585858585,0.6767676767676768,phi_deg,deg,8261843.272727271,0.43434343434343436,sigma_ci_MPa,MPa,4.202020202020202,0.05050505050505051,mi,-,35.0,0.6666666666666667,GSI,-,0.5,0.5,D_hb,-,23992.88181818182,2.9646801,0.0546199,8.26184327272727,0.19020122560699143,0.00017223225596081014,0.5159498890105109
P0052,min_max_sweep_100_lhs,SS_NC,SS_NC,SS_NC,False,,,2601.5151515151515,0.9292929292929294,density_kg_m3,kg/m3,658346127.2727274,0.04040404040404041,E_GPa,GPa,0.19949494949494948,0.3535353535353536,nu,-,238930.97272727275,0.5050505050505051,c_MPa,MPa,44.92919191919192,0.9191919191919192,phi_deg,deg,22238180.0,0.38383838383838387,sigma_ci_MPa,MPa,20.98989898989899,0.8989898989898991,mi,-,40.0,0.0,GSI,-,0.5,0.5,D_hb,-,25520.863636363636,0.6583461272727273,0.23893097272727273,22.23818,1.2055048771526147,0.00033546262790251185,0.5113684695702436
P0052,min_max_sweep_100_lhs,SS_NK,SS_NK,SS_NK,False,,,2390.0,0.5,density_kg_m3,kg/m3,461364300.0,0.5,E_GPa,GPa,0.38,0.5,nu,-,121435.90909090909,0.30303030303030304,c_MPa,MPa,28.43939393939394,0.4040404040404041,phi_deg,deg,304793.7272727273,0.9797979797979799,sigma_ci_MPa,MPa,16.545454545454547,0.4545454545454546,mi,-,35.80808080808081,0.04040404040404041,GSI,-,0.5,0.5,D_hb,-,23445.9,0.4613643,0.1214359090909091,0.3047937272727273,0.7782973401932183,0.0001918258634020453,0.5151022462840287
P0053,min_max_sweep_100_lhs,Fault,Fault,Fault,True,,,2490.0,0.5,density_kg_m3,kg/m3,466666666.6666667,0.6666666666666667,E_GPa,GPa,0.31666666666666665,0.33333333333333337,nu,-,26262.62626262626,0.6262626262626263,c_MPa,MPa,18.060606060606062,0.5151515151515152,phi_deg,deg,6818181.818181818,0.18181818181818182,sigma_ci_MPa,MPa,4.0,0.33333333333333337,mi,-,24.696969696969695,0.6464646464646465,GSI,-,0.5,0.5,D_hb,-,24426.9,0.4666666666666667,0.026262626262626262,6.818181818181818,0.11085145415991522,4.3602152463278744e-05,0.5319095734579828
P0053,min_max_sweep_100_lhs,Interbedded_ST,Interbedded_ST,Interbedded_ST,True,,,2520.0,0.5,density_kg_m3,kg/m3,1706797309.0909092,0.18181818181818182,E_GPa,GPa,0.3616161616161616,0.797979797979798,nu,-,45066.545454545456,0.12121212121212122,c_MPa,MPa,19.350505050505053,0.26262626262626265,phi_deg,deg,1618650.0,0.5,sigma_ci_MPa,MPa,11.393939393939394,0.8787878787878789,mi,-,34.24242424242424,0.2828282828282829,GSI,-,0.5,0.5,D_hb,-,24721.2,1.7067973090909092,0.045066545454545456,1.61865,0.49746426734770205,0.00015568485290921554,0.5167871154930693
P0053,min_max_sweep_100_lhs,SH_ST,SH_ST,SH_ST,True,,,2516.161616161616,0.5656565656565657,density_kg_m3,kg/m3,2964680100.0,0.5,E_GPa,GPa,0.38,0.5,nu,-,64514.12727272727,0.27272727272727276,c_MPa,MPa,29.6320202020202,0.4747474747474748,phi_deg,deg,10739145.727272727,0.5656565656565657,sigma_ci_MPa,MPa,7.838383838383839,0.9595959595959597,mi,-,31.21212121212121,0.4141414141414142,GSI,-,0.5,0.5,D_hb,-,24683.545454545456,2.9646801,0.06451412727272728,10.739145727272726,0.2962414032365499,0.00010393787722042512,0.5205927775781345
P0053,min_max_sweep_100_lhs,SS_NC,SS_NC,SS_NC,False,,,2530.0,0.33333333333333337,density_kg_m3,kg/m3,3011548118.1818185,0.6565656565656566,E_GPa,GPa,0.1825252525252525,0.23232323232323235,nu,-,446926.7545454545,0.98989898989899,c_MPa,MPa,20.921616161616164,0.16161616161616163,phi_deg,deg,13932380.0,0.23232323232323235,sigma_ci_MPa,MPa,16.04040404040404,0.4040404040404041,mi,-,43.03030303030303,0.20202020202020204,GSI,-,0.5,0.5,D_hb,-,24819.300000000003,3.0115481181818184,0.4469267545454545,13.93238,1.06424760874325,0.0005024775498424193,0.509250132469866
P0053,min_max_sweep_100_lhs,SS_NK,SS_NK,SS_NK,False,,,2390.0,0.5,density_kg_m3,kg/m3,461364300.0,0.5,E_GPa,GPa,0.38,0.5,nu,-,154116.09090909088,0.4747474747474748,c_MPa,MPa,35.71515151515152,0.8989898989898991,phi_deg,deg,260737.90909090912,0.5858585858585859,sigma_ci_MPa,MPa,15.232323232323232,0.32323232323232326,mi,-,52.77777777777778,0.888888888888889,GSI,-,0.5,0.5,D_hb,-,23445.9,0.4613643,0.15411609090909087,0.2607379090909091,1.6076001063638894,0.0018431185160790876,0.5047284474799826
P0054,min_max_sweep_100_lhs,Fault,Fault,Fault,True,,,2490.0,0.5,density_kg_m3,kg/m3,551515151.5151515,0.8787878787878789,E_GPa,GPa,0.3186868686868687,0.37373737373737376,nu,-,28383.83838383838,0.8383838383838385,c_MPa,MPa,18.82828282828283,0.7070707070707072,phi_deg,deg,10353535.353535352,0.5353535353535354,sigma_ci_MPa,MPa,5.6060606060606055,0.8686868686868687,mi,-,25.757575757575758,0.7171717171717172,GSI,-,0.5,0.5,D_hb,-,24426.9,0.5515151515151515,0.028383838383838383,10.353535353535353,0.16340797816946115,5.0225389158537976e-05,0.5297167801147674
P0054,min_max_sweep_100_lhs,Interbedded_ST,Interbedded_ST,Interbedded_ST,True,,,2520.0,0.5,density_kg_m3,kg/m3,2031979981.818182,0.8585858585858587,E_GPa,GPa,0.34050505050505053,0.686868686868687,nu,-,76973.81818181819,0.4040404040404041,c_MPa,MPa,20.118181818181817,0.4545454545454546,phi_deg,deg,1618650.0,0.5,sigma_ci_MPa,MPa,8.262626262626263,0.25252525252525254,mi,-,31.363636363636363,0.09090909090909091,GSI,-,0.5,0.5,D_hb,-,24721.2,2.031979981818182,0.07697381818181818,1.61865,0.3145363019716394,0.00010605898551339095,0.5203836850433791
P0054,min_max_sweep_100_lhs,SH_ST,SH_ST,SH_ST,True,,,2468.0808080808083,0.2828282828282829,density_kg_m3,kg/m3,2964680100.0,0.5,E_GPa,GPa,0.38,0.5,nu,-,173350.62727272726,0.8282828282828284,c_MPa,MPa,22.82979797979798,0.25252525252525254,phi_deg,deg,16455997.545454543,0.8686868686868687,sigma_ci_MPa,MPa,6.262626262626263,0.5656565656565657,mi,-,36.81818181818182,0.787878787878788,GSI,-,0.5,0.5,D_hb,-,24211.87272727273,2.9646801,0.17335062727272726,16.455997545454544,0.3091099065326529,0.00021948154109105087,0.5141049332060894
P0054,min_max_sweep_100_lhs,SS_NC,SS_NC,SS_NC,False,,,2520.3030303030305,0.25252525252525254,density_kg_m3,kg/m3,1815658581.8181822,0.3434343434343435,E_GPa,GPa,0.17828282828282827,0.20202020202020204,nu,-,420927.2818181818,0.9292929292929294,c_MPa,MPa,29.564343434343435,0.43434343434343436,phi_deg,deg,42725820.0,0.7575757575757577,sigma_ci_MPa,MPa,12.505050505050505,0.05050505050505051,mi,-,50.75757575757576,0.7171717171717172,GSI,-,0.5,0.5,D_hb,-,24724.17272727273,1.8156585818181823,0.4209272818181818,42.72582,1.1987211236795456,0.001407899269073737,0.5054407307044145
P0054,min_max_sweep_100_lhs,SS_NK,SS_NK,SS_NK,False,,,2390.0,0.5,density_kg_m3,kg/m3,461364300.0,0.5,E_GPa,GPa,0.38,0.5,nu,-,244467.18181818177,0.9494949494949496,c_MPa,MPa,30.66666666666667,0.5555555555555556,phi_deg,deg,205385.72727272726,0.09090909090909091,sigma_ci_MPa,MPa,15.838383838383837,0.38383838383838387,mi,-,50.15151515151515,0.7575757575757577,GSI,-,0.5,0.5,D_hb,-,23445.9,0.4613643,0.24446718181818178,0.20538572727272728,1.4750604574277275,0.001298605027442549,0.5056738049970906
P0055,min_max_sweep_100_lhs,Fault,Fault,Fault,True,,,2490.0,0.5,density_kg_m3,kg/m3,563636363.6363637,0.9090909090909092,E_GPa,GPa,0.305050505050505,0.10101010101010102,nu,-,24242.424242424244,0.42424242424242425,c_MPa,MPa,16.565656565656568,0.14141414141414144,phi_deg,deg,10858585.858585859,0.5858585858585859,sigma_ci_MPa,MPa,5.3939393939393945,0.797979797979798,mi,-,21.060606060606062,0.4040404040404041,GSI,-,0.5,0.5,D_hb,-,24426.9,0.5636363636363637,0.024242424242424242,10.858585858585858,0.12571438004680666,2.6849790886486442e-05,0.5407216648156179
P0055,min_max_sweep_100_lhs,Interbedded_ST,Interbedded_ST,Interbedded_ST,True,,,2520.0,0.5,density_kg_m3,kg/m3,2002859145.4545457,0.797979797979798,E_GPa,GPa,0.32131313131313133,0.5858585858585859,nu,-,132811.54545454547,0.8989898989898991,c_MPa,MPa,19.18888888888889,0.22222222222222224,phi_deg,deg,1618650.0,0.5,sigma_ci_MPa,MPa,9.828282828282829,0.5656565656565657,mi,-,40.75757575757576,0.7171717171717172,GSI,-,0.5,0.5,D_hb,-,24721.2,2.0028591454545457,0.13281154545454546,1.61865,0.5851988417848708,0.0003711182180830607,0.5107981161304207
P0055,min_max_sweep_100_lhs,SH_ST,SH_ST,SH_ST,True,,,2581.4141414141413,0.9494949494949496,density_kg_m3,kg/m3,2964680100.0,0.5,E_GPa,GPa,0.38,0.5,nu,-,68471.81818181819,0.29292929292929293,c_MPa,MPa,21.593030303030304,0.21212121212121213,phi_deg,deg,8452404.999999998,0.4444444444444445,sigma_ci_MPa,MPa,4.040404040404041,0.010101010101010102,mi,-,26.060606060606062,0.07070707070707072,GSI,-,0.5,0.5,D_hb,-,25323.67272727273,2.9646801,0.06847181818181819,8.452404999999999,0.11948328116706913,5.229625170480921e-05,0.529118222553117
P0055,min_max_sweep_100_lhs,SS_NC,SS_NC,SS_NC,False,,,2519.090909090909,0.24242424242424243,density_kg_m3,kg/m3,542614881.818182,0.010101010101010102,E_GPa,GPa,0.2546464646464646,0.7474747474747475,nu,-,360261.8454545454,0.787878787878788,c_MPa,MPa,29.884444444444448,0.4444444444444445,phi_deg,deg,8948900.0,0.14141414141414144,sigma_ci_MPa,MPa,19.474747474747474,0.7474747474747475,mi,-,41.96969696969697,0.13131313131313133,GSI,-,0.5,0.5,D_hb,-,24712.28181818182,0.542614881818182,0.3602618454545454,8.9489,1.2284716818154433,0.00043621568901033614,0.5099434002680588
P0055,min_max_sweep_100_lhs,SS_NK,SS_NK,SS_NK,False,,,2390.0,0.5,density_kg_m3,kg/m3,461364300.0,0.5,E_GPa,GPa,0.38,0.5,nu,-,77221.54545454546,0.07070707070707072,c_MPa,MPa,23.53939393939394,0.07070707070707072,phi_deg,deg,303664.09090909094,0.9696969696969697,sigma_ci_MPa,MPa,19.474747474747474,0.7474747474747475,mi,-,50.35353535353535,0.7676767676767677,GSI,-,0.5,0.5,D_hb,-,23445.9,0.4613643,0.07722154545454546,0.30366409090909097,1.8312545179470843,0.0013340596470882123,0.5055950648999911
P0056,min_max_sweep_100_lhs,Fault,Fault,Fault,True,,,2490.0,0.5,density_kg_m3,kg/m3,204040404.04040405,0.010101010101010102,E_GPa,GPa,0.31565656565656564,0.31313131313131315,nu,-,23636.363636363636,0.36363636363636365,c_MPa,MPa,16.484848484848484,0.12121212121212122,phi_deg,deg,5303030.303030303,0.030303030303030304,sigma_ci_MPa,MPa,5.9393939393939394,0.9797979797979799,mi,-,25.151515151515152,0.6767676767676768,GSI,-,0.5,0.5,D_hb,-,24426.9,0.20404040404040405,0.023636363636363636,5.303030303030303,0.16819916993399903,4.632642710969407e-05,0.5309507896383611
P0056,min_max_sweep_100_lhs,Interbedded_ST,Interbedded_ST,Interbedded_ST,True,,,2520.0,0.5,density_kg_m3,kg/m3,1896082745.4545455,0.5757575757575758,E_GPa,GPa,0.3904040404040404,0.9494949494949496,nu,-,89508.81818181819,0.5151515151515152,c_MPa,MPa,21.491919191919195,0.797979797979798,phi_deg,deg,1618650.0,0.5,sigma_ci_MPa,MPa,8.616161616161616,0.32323232323232326,mi,-,32.878787878787875,0.19191919191919193,GSI,-,0.5,0.5,D_hb,-,24721.2,1.8960827454545455,0.08950881818181819,1.61865,0.3525338972678619,0.00012980270041316352,0.5184049218459958
P0056,min_max_sweep_100_lhs,SH_ST,SH_ST,SH_ST,True,,,2438.8888888888887,0.11111111111111112,density_kg_m3,kg/m3,2964680100.0,0.5,E_GPa,GPa,0.38,0.5,nu,-,28894.90909090909,0.09090909090909091,c_MPa,MPa,43.85484848484848,0.9393939393939394,phi_deg,deg,639374.1818181818,0.030303030303030304,sigma_ci_MPa,MPa,5.494949494949495,0.37373737373737376,mi,-,35.60606060606061,0.7070707070707072,GSI,-,0.5,0.5,D_hb,-,23925.5,2.9646801,0.02889490909090909,0.6393741818181817,0.25600746630941673,0.0001867278057252655,0.5153098953534061
P0056,min_max_sweep_100_lhs,SS_NC,SS_NC,SS_NC,False,,,2545.757575757576,0.4646464646464647,density_kg_m3,kg/m3,1121271109.0909092,0.16161616161616163,E_GPa,GPa,0.1613131313131313,0.08080808080808081,nu,-,173932.2909090909,0.3535353535353536,c_MPa,MPa,34.04575757575758,0.5757575757575758,phi_deg,deg,29436539.999999996,0.5151515151515152,sigma_ci_MPa,MPa,18.464646464646464,0.6464646464646465,mi,-,44.09090909090909,0.27272727272727276,GSI,-,0.5,0.5,D_hb,-,24973.88181818182,1.1212711090909093,0.1739322909090909,29.436539999999997,1.288553458953022,0.0005788046933122993,0.5086041907472687
P0056,min_max_sweep_100_lhs,SS_NK,SS_NK,SS_NK,False,,,2390.0,0.5,density_kg_m3,kg/m3,461364300.0,0.5,E_GPa,GPa,0.38,0.5,nu,-,246389.54545454544,0.9595959595959597,c_MPa,MPa,31.409090909090914,0.6060606060606061,phi_deg,deg,235885.90909090912,0.36363636363636365,sigma_ci_MPa,MPa,19.77777777777778,0.7777777777777778,mi,-,43.686868686868685,0.43434343434343436,GSI,-,0.5,0.5,D_hb,-,23445.9,0.4613643,0.24638954545454544,0.23588590909090912,1.3538891348055442,0.0005484483171876454,0.5088448939851741
P0057,min_max_sweep_100_lhs,Fault,Fault,Fault,True,,,2490.0,0.5,density_kg_m3,kg/m3,579797979.7979797,0.9494949494949496,E_GPa,GPa,0.3378787878787879,0.7575757575757577,nu,-,22020.20202020202,0.20202020202020204,c_MPa,MPa,17.333333333333332,0.33333333333333337,phi_deg,deg,14494949.494949495,0.9494949494949496,sigma_ci_MPa,MPa,3.0606060606060606,0.020202020202020204,mi,-,15.151515151515152,0.010101010101010102,GSI,-,0.5,0.5,D_hb,-,24426.9,0.5797979797979798,0.02202020202020202,14.494949494949495,0.053837173938079796,1.221151360524217e-05,0.5604849263053792
P0057,min_max_sweep_100_lhs,Interbedded_ST,Interbedded_ST,Interbedded_ST,True,,,2520.0,0.5,density_kg_m3,kg/m3,1905789690.909091,0.595959595959596,E_GPa,GPa,0.3251515151515152,0.6060606060606061,nu,-,97485.63636363635,0.5858585858585859,c_MPa,MPa,18.340404040404042,0.010101010101010102,phi_deg,deg,1618650.0,0.5,sigma_ci_MPa,MPa,9.474747474747474,0.494949494949495,mi,-,41.66666666666667,0.7777777777777778,GSI,-,0.5,0.5,D_hb,-,24721.2,1.905789690909091,0.09748563636363636,1.61865,0.5891068639671223,0.0004189421234483845,0.5101506483701295
P0057,min_max_sweep_100_lhs,SH_ST,SH_ST,SH_ST,True,,,2485.252525252525,0.38383838383838387,density_kg_m3,kg/m3,2964680100.0,0.5,E_GPa,GPa,0.38,0.5,nu,-,187202.54545454544,0.8989898989898991,c_MPa,MPa,41.07212121212121,0.8484848484848485,phi_deg,deg,5212855.636363635,0.27272727272727276,sigma_ci_MPa,MPa,4.767676767676768,0.19191919191919193,mi,-,36.06060606060606,0.7373737373737375,GSI,-,0.5,0.5,D_hb,-,24380.327272727274,2.9646801,0.18720254545454545,5.212855636363635,0.22698441748849327,0.00019839461110480523,0.5148465869643258
P0057,min_max_sweep_100_lhs,SS_NC,SS_NC,SS_NC,False,,,2522.7272727272725,0.27272727272727276,density_kg_m3,kg/m3,2124275236.363637,0.42424242424242425,E_GPa,GPa,0.15424242424242424,0.030303030303030304,nu,-,312596.14545454545,0.6767676767676768,c_MPa,MPa,39.16737373737374,0.7373737373737375,phi_deg,deg,32205140.0,0.5656565656565657,sigma_ci_MPa,MPa,12.202020202020202,0.020202020202020204,mi,-,47.72727272727273,0.5151515151515152,GSI,-,0.5,0.5,D_hb,-,24747.954545454544,2.124275236363637,0.31259614545454545,32.20514,1.012501538175094,0.0009399376922881779,0.5067062466221293
P0057,min_max_sweep_100_lhs,SS_NK,SS_NK,SS_NK,False,,,2390.0,0.5,density_kg_m3,kg/m3,461364300.0,0.5,E_GPa,GPa,0.38,0.5,nu,-,202175.1818181818,0.7272727272727273,c_MPa,MPa,23.984848484848484,0.10101010101010102,phi_deg,deg,221200.63636363638,0.23232323232323235,sigma_ci_MPa,MPa,20.98989898989899,0.8989898989898991,mi,-,49.34343434343434,0.7171717171717172,GSI,-,0.5,0.5,D_hb,-,23445.9,0.4613643,0.20217518181818178,0.22120063636363638,1.8810382956467784,0.0011659620319795473,0.5059995875938105
P0058,min_max_sweep_100_lhs,Fault,Fault,Fault,True,,,2490.0,0.5,density_kg_m3,kg/m3,337373737.3737374,0.3434343434343435,E_GPa,GPa,0.3146464646464646,0.29292929292929293,nu,-,27979.79797979798,0.797979797979798,c_MPa,MPa,17.13131313131313,0.2828282828282829,phi_deg,deg,6717171.717171717,0.17171717171717174,sigma_ci_MPa,MPa,4.545454545454545,0.5151515151515152,mi,-,20.757575757575758,0.38383838383838387,GSI,-,0.5,0.5,D_hb,-,24426.9,0.3373737373737374,0.02797979797979798,6.717171717171717,0.10442135853190945,2.5786574604067364e-05,0.5415570191857864
P0058,min_max_sweep_100_lhs,Interbedded_ST,Interbedded_ST,Interbedded_ST,True,,,2520.0,0.5,density_kg_m3,kg/m3,1789306345.4545455,0.3535353535353536,E_GPa,GPa,0.37696969696969695,0.8787878787878789,nu,-,83811.09090909091,0.4646464646464647,c_MPa,MPa,18.98686868686869,0.17171717171717174,phi_deg,deg,1618650.0,0.5,sigma_ci_MPa,MPa,7.05050505050505,0.010101010101010102,mi,-,31.515151515151516,0.10101010101010102,GSI,-,0.5,0.5,D_hb,-,24721.2,1.7893063454545455,0.08381109090909092,1.61865,0.2703375248785805,0.00010822338024351354,0.5201766939233561
P0058,min_max_sweep_100_lhs,SH_ST,SH_ST,SH_ST,True,,,2579.6969696969695,0.9393939393939394,density_kg_m3,kg/m3,2964680100.0,0.5,E_GPa,GPa,0.38,0.5,nu,-,86281.42727272728,0.38383838383838387,c_MPa,MPa,30.55959595959596,0.5050505050505051,phi_deg,deg,10358022.27272727,0.5454545454545455,sigma_ci_MPa,MPa,7.3939393939393945,0.8484848484848485,mi,-,34.696969696969695,0.6464646464646465,GSI,-,0.5,0.5,D_hb,-,25306.82727272727,2.9646801,0.08628142727272728,10.35802227272727,0.3298862285810062,0.00016541208593902172,0.516279714304111
P0058,min_max_sweep_100_lhs,SS_NC,SS_NC,SS_NC,False,,,2582.121212121212,0.7676767676767677,density_kg_m3,kg/m3,2317160645.454546,0.4747474747474748,E_GPa,GPa,0.26454545454545453,0.8181818181818182,nu,-,316929.3909090909,0.686868686868687,c_MPa,MPa,41.40808080808081,0.8080808080808082,phi_deg,deg,24453059.999999996,0.42424242424242425,sigma_ci_MPa,MPa,19.070707070707073,0.7070707070707072,mi,-,45.0,0.33333333333333337,GSI,-,0.5,0.5,D_hb,-,25330.609090909093,2.317160645454546,0.3169293909090909,24.453059999999997,1.3897249884381988,0.0006533919798673806,0.5080857390944207
P0058,min_max_sweep_100_lhs,SS_NK,SS_NK,SS_NK,False,,,2390.0,0.5,density_kg_m3,kg/m3,461364300.0,0.5,E_GPa,GPa,0.38,0.5,nu,-,109901.72727272726,0.24242424242424243,c_MPa,MPa,24.133333333333333,0.11111111111111112,phi_deg,deg,268645.36363636365,0.6565656565656566,sigma_ci_MPa,MPa,19.373737373737374,0.7373737373737375,mi,-,44.494949494949495,0.4747474747474748,GSI,-,0.5,0.5,D_hb,-,23445.9,0.4613643,0.10990172727272726,0.26864536363636365,1.3782585227432576,0.0006108412816694321,0.5083698845559768
P0059,min_max_sweep_100_lhs,Fault,Fault,Fault,True,,,2490.0,0.5,density_kg_m3,kg/m3,276767676.7676768,0.19191919191919193,E_GPa,GPa,0.33535353535353535,0.7070707070707072,nu,-,23737.37373737374,0.37373737373737376,c_MPa,MPa,19.353535353535353,0.8383838383838385,phi_deg,deg,5909090.909090909,0.09090909090909091,sigma_ci_MPa,MPa,3.3333333333333335,0.11111111111111112,mi,-,26.666666666666668,0.7777777777777778,GSI,-,0.5,0.5,D_hb,-,24426.9,0.2767676767676768,0.023737373737373738,5.909090909090909,0.10145999585089865,5.6697650936635075e-05,0.5279567802674544
P0059,min_max_sweep_100_lhs,Interbedded_ST,Interbedded_ST,Interbedded_ST,True,,,2520.0,0.5,density_kg_m3,kg/m3,1794159818.1818182,0.36363636363636365,E_GPa,GPa,0.26565656565656565,0.29292929292929293,nu,-,104322.90909090909,0.6464646464646465,c_MPa,MPa,20.845454545454547,0.6363636363636365,phi_deg,deg,1618650.0,0.5,sigma_ci_MPa,MPa,9.02020202020202,0.4040404040404041,mi,-,43.03030303030303,0.8686868686868687,GSI,-,0.5,0.5,D_hb,-,24721.2,1.7941598181818184,0.10432290909090909,1.61865,0.5984717346396236,0.0005024775498424193,0.509250132469866
P0059,min_max_sweep_100_lhs,SH_ST,SH_ST,SH_ST,True,,,2461.212121212121,0.24242424242424243,density_kg_m3,kg/m3,2964680100.0,0.5,E_GPa,GPa,0.38,0.5,nu,-,121900.64545454546,0.5656565656565657,c_MPa,MPa,26.84929292929293,0.38383838383838387,phi_deg,deg,13407009.909090906,0.7070707070707072,sigma_ci_MPa,MPa,6.303030303030303,0.5757575757575758,mi,-,34.09090909090909,0.6060606060606061,GSI,-,0.5,0.5,D_hb,-,24144.49090909091,2.9646801,0.12190064545454546,13.407009909090906,0.2732146250585129,0.00015257126068507308,0.5169596949434041
P0059,min_max_sweep_100_lhs,SS_NC,SS_NC,SS_NC,False,,,2521.5151515151515,0.26262626262626265,density_kg_m3,kg/m3,2201429400.0000005,0.4444444444444445,E_GPa,GPa,0.24757575757575756,0.696969696969697,nu,-,61267.909090909096,0.09090909090909091,c_MPa,MPa,28.924141414141417,0.4141414141414142,phi_deg,deg,16700979.999999998,0.2828282828282829,sigma_ci_MPa,MPa,17.757575757575758,0.5757575757575758,mi,-,55.0,1.0,GSI,-,0.5,0.5,D_hb,-,24736.063636363637,2.2014294000000003,0.061267909090909095,16.700979999999998,2.0833039797342714,0.0024787521766663585,0.5040481499008612
P0059,min_max_sweep_100_lhs,SS_NK,SS_NK,SS_NK,False,,,2390.0,0.5,density_kg_m3,kg/m3,461364300.0,0.5,E_GPa,GPa,0.38,0.5,nu,-,106057.0,0.22222222222222224,c_MPa,MPa,36.160606060606064,0.9292929292929294,phi_deg,deg,238145.18181818185,0.38383838383838387,sigma_ci_MPa,MPa,12.909090909090908,0.09090909090909091,mi,-,45.90909090909091,0.5454545454545455,GSI,-,0.5,0.5,D_hb,-,23445.9,0.4613643,0.106057,0.23814518181818184,0.9823321485986587,0.0007375909081038948,0.5075977755405124
P0060,min_max_sweep_100_lhs,Fault,Fault,Fault,True,,,2490.0,0.5,density_kg_m3,kg/m3,600000000.0,1.0,E_GPa,GPa,0.31616161616161614,0.32323232323232326,nu,-,26464.646464646466,0.6464646464646465,c_MPa,MPa,18.585858585858585,0.6464646464646465,phi_deg,deg,5505050.5050505055,0.05050505050505051,sigma_ci_MPa,MPa,5.636363636363637,0.8787878787878789,mi,-,23.333333333333336,0.5555555555555556,GSI,-,0.5,0.5,D_hb,-,24426.9,0.6,0.026464646464646465,5.505050505050505,0.14637923300917954,3.6353421850617646e-05,0.5349665756649584
P0060,min_max_sweep_100_lhs,Interbedded_ST,Interbedded_ST,Interbedded_ST,True,,,2520.0,0.5,density_kg_m3,kg/m3,2041686927.2727275,0.8787878787878789,E_GPa,GPa,0.28484848484848485,0.393939393939394,nu,-,70136.54545454546,0.3434343434343435,c_MPa,MPa,19.996969696969696,0.42424242424242425,phi_deg,deg,1618650.0,0.5,sigma_ci_MPa,MPa,9.070707070707071,0.4141414141414142,mi,-,31.060606060606062,0.07070707070707072,GSI,-,0.5,0.5,D_hb,-,24721.2,2.0416869272727274,0.07013654545454545,1.61865,0.34035092385665466,0.00010185918966502047,0.5208039928616001
P0060,min_max_sweep_100_lhs,SH_ST,SH_ST,SH_ST,True,,,2504.1414141414143,0.494949494949495,density_kg_m3,kg/m3,2964680100.0,0.5,E_GPa,GPa,0.38,0.5,nu,-,36810.29090909091,0.13131313131313133,c_MPa,MPa,24.066565656565658,0.29292929292929293,phi_deg,deg,1211059.3636363633,0.06060606060606061,sigma_ci_MPa,MPa,6.94949494949495,0.7373737373737375,mi,-,36.96969696969697,0.797979797979798,GSI,-,0.5,0.5,D_hb,-,24565.627272727277,2.9646801,0.03681029090909091,1.2110593636363634,0.3454960689683354,0.00022396060232850382,0.513961044585773
P0060,min_max_sweep_100_lhs,SS_NC,SS_NC,SS_NC,False,,,2570.0,0.6666666666666667,density_kg_m3,kg/m3,1352733600.0000002,0.22222222222222224,E_GPa,GPa,0.22777777777777775,0.5555555555555556,nu,-,407927.5454545454,0.8989898989898991,c_MPa,MPa,21.88191919191919,0.19191919191919193,phi_deg,deg,37742340.0,0.6666666666666667,sigma_ci_MPa,MPa,18.363636363636363,0.6363636363636365,mi,-,44.24242424242424,0.2828282828282829,GSI,-,0.5,0.5,D_hb,-,25211.7,1.3527336000000003,0.4079275454545454,37.74234,1.2907839790570685,0.0005906166281701632,0.5085155855030736
P0060,min_max_sweep_100_lhs,SS_NK,SS_NK,SS_NK,False,,,2390.0,0.5,density_kg_m3,kg/m3,461364300.0,0.5,E_GPa,GPa,0.38,0.5,nu,-,132970.0909090909,0.36363636363636365,c_MPa,MPa,34.972727272727276,0.8484848484848485,phi_deg,deg,215552.45454545456,0.18181818181818182,sigma_ci_MPa,MPa,19.17171717171717,0.7171717171717172,mi,-,45.101010101010104,0.5050505050505051,GSI,-,0.5,0.5,D_hb,-,23445.9,0.4613643,0.1329700909090909,0.21555245454545455,1.4038219969932564,0.0006622513973137264,0.508030049071088
P0061,min_max_sweep_100_lhs,Fault,Fault,Fault,True,,,2490.0,0.5,density_kg_m3,kg/m3,381818181.8181818,0.4545454545454546,E_GPa,GPa,0.3015151515151515,0.030303030303030304,nu,-,28686.868686868685,0.8686868686868687,c_MPa,MPa,17.050505050505052,0.26262626262626265,phi_deg,deg,13686868.686868686,0.8686868686868687,sigma_ci_MPa,MPa,5.151515151515151,0.7171717171717172,mi,-,30.0,1.0,GSI,-,0.5,0.5,D_hb,-,24426.9,0.38181818181818183,0.028686868686868684,13.686868686868687,0.1837751172434214,8.842698865988302e-05,0.5223437749058788
P0061,min_max_sweep_100_lhs,Interbedded_ST,Interbedded_ST,Interbedded_ST,True,,,2520.0,0.5,density_kg_m3,kg/m3,1711650781.8181818,0.19191919191919193,E_GPa,GPa,0.3424242424242424,0.696969696969697,nu,-,116857.9090909091,0.7575757575757577,c_MPa,MPa,19.956565656565658,0.4141414141414142,phi_deg,deg,1618650.0,0.5,sigma_ci_MPa,MPa,11.191919191919192,0.8383838383838385,mi,-,37.42424242424242,0.494949494949495,GSI,-,0.5,0.5,D_hb,-,24721.2,1.7116507818181816,0.11685790909090911,1.61865,0.5685841460267733,0.0002379537232239292,0.5135379973638442
P0061,min_max_sweep_100_lhs,SH_ST,SH_ST,SH_ST,True,,,2514.4444444444443,0.5555555555555556,density_kg_m3,kg/m3,2964680100.0,0.5,E_GPa,GPa,0.38,0.5,nu,-,58577.590909090904,0.24242424242424243,c_MPa,MPa,15.1,0.0,phi_deg,deg,15884312.363636361,0.8383838383838385,sigma_ci_MPa,MPa,5.818181818181818,0.4545454545454546,mi,-,26.515151515151516,0.10101010101010102,GSI,-,0.5,0.5,D_hb,-,24666.7,2.9646801,0.058577590909090906,15.884312363636361,0.17582067617722424,5.556373609659349e-05,0.5282427563606605
P0061,min_max_sweep_100_lhs,SS_NC,SS_NC,SS_NC,False,,,2546.969696969697,0.4747474747474748,density_kg_m3,kg/m3,966962781.8181821,0.12121212121212122,E_GPa,GPa,0.22070707070707068,0.5050505050505051,nu,-,56934.663636363635,0.08080808080808081,c_MPa,MPa,44.2889898989899,0.8989898989898991,phi_deg,deg,34420020.0,0.6060606060606061,sigma_ci_MPa,MPa,19.373737373737374,0.7373737373737375,mi,-,48.63636363636364,0.5757575757575758,GSI,-,0.5,0.5,D_hb,-,24985.772727272728,0.9669627818181821,0.05693466363636363,34.42002,1.6787189275753032,0.0010610621455081756,0.5062994055851439
P0061,min_max_sweep_100_lhs,SS_NK,SS_NK,SS_NK,False,,,2390.0,0.5,density_kg_m3,kg/m3,461364300.0,0.5,E_GPa,GPa,0.38,0.5,nu,-,250234.27272727274,0.9797979797979799,c_MPa,MPa,37.051515151515154,0.98989898989899,phi_deg,deg,305923.36363636365,0.98989898989899,sigma_ci_MPa,MPa,16.949494949494948,0.494949494949495,mi,-,37.42424242424242,0.12121212121212122,GSI,-,0.5,0.5,D_hb,-,23445.9,0.4613643,0.2502342727272727,0.30592336363636363,0.8610868204268282,0.0002379537232239292,0.5135379973638442
P0062,min_max_sweep_100_lhs,Fault,Fault,Fault,True,,,2490.0,0.5,density_kg_m3,kg/m3,288888888.8888889,0.22222222222222224,E_GPa,GPa,0.35,1.0,nu,-,24848.484848484848,0.48484848484848486,c_MPa,MPa,17.414141414141415,0.3535353535353536,phi_deg,deg,8232323.232323232,0.32323232323232326,sigma_ci_MPa,MPa,3.121212121212121,0.04040404040404041,mi,-,17.424242424242426,0.16161616161616163,GSI,-,0.5,0.5,D_hb,-,24426.9,0.2888888888888889,0.02484848484848485,8.232323232323232,0.06117861947930752,1.6533845920913913e-05,0.55195121865627
P0062,min_max_sweep_100_lhs,Interbedded_ST,Interbedded_ST,Interbedded_ST,True,,,2520.0,0.5,density_kg_m3,kg/m3,1832987600.0,0.4444444444444445,E_GPa,GPa,0.2598989898989899,0.26262626262626265,nu,-,58741.09090909091,0.24242424242424243,c_MPa,MPa,22.017171717171717,0.9292929292929294,phi_deg,deg,1618650.0,0.5,sigma_ci_MPa,MPa,9.323232323232324,0.4646464646464647,mi,-,36.81818181818182,0.4545454545454546,GSI,-,0.5,0.5,D_hb,-,24721.2,1.8329876,0.05874109090909091,1.61865,0.46017490924135257,0.00021948154109105087,0.5141049332060894
P0062,min_max_sweep_100_lhs,SH_ST,SH_ST,SH_ST,True,,,2576.2626262626263,0.9191919191919192,density_kg_m3,kg/m3,2964680100.0,0.5,E_GPa,GPa,0.38,0.5,nu,-,92217.96363636364,0.4141414141414142,c_MPa,MPa,20.047070707070706,0.16161616161616163,phi_deg,deg,3307238.3636363633,0.17171717171717174,sigma_ci_MPa,MPa,7.555555555555555,0.888888888888889,mi,-,25.0,0.0,GSI,-,0.5,0.5,D_hb,-,25273.136363636364,2.9646801,0.09221796363636364,3.307238363636363,0.21242942921445537,4.5399929762484854e-05,0.531267161506037
P0062,min_max_sweep_100_lhs,SS_NC,SS_NC,SS_NC,False,,,2556.6666666666665,0.5555555555555556,density_kg_m3,kg/m3,2432891890.9090915,0.5050505050505051,E_GPa,GPa,0.15707070707070706,0.05050505050505051,nu,-,390594.56363636366,0.8585858585858587,c_MPa,MPa,45.889494949494946,0.9494949494949496,phi_deg,deg,23345620.0,0.4040404040404041,sigma_ci_MPa,MPa,13.313131313131313,0.13131313131313133,mi,-,46.06060606060606,0.4040404040404041,GSI,-,0.5,0.5,D_hb,-,25080.9,2.4328918909090915,0.39059456363636363,23.34562,1.0204138664116262,0.0007526432666264533,0.5075192849364456
P0062,min_max_sweep_100_lhs,SS_NK,SS_NK,SS_NK,False,,,2390.0,0.5,density_kg_m3,kg/m3,461364300.0,0.5,E_GPa,GPa,0.38,0.5,nu,-,207942.27272727274,0.7575757575757577,c_MPa,MPa,33.48787878787879,0.7474747474747475,phi_deg,deg,197478.27272727274,0.020202020202020204,sigma_ci_MPa,MPa,16.848484848484848,0.48484848484848486,mi,-,47.72727272727273,0.6363636363636365,GSI,-,0.5,0.5,D_hb,-,23445.9,0.4613643,0.20794227272727273,0.19747827272727272,1.3980567596656095,0.0009399376922881779,0.5067062466221293
P0063,min_max_sweep_100_lhs,Fault,Fault,Fault,True,,,2490.0,0.5,density_kg_m3,kg/m3,361616161.6161616,0.4040404040404041,E_GPa,GPa,0.3196969696969697,0.393939393939394,nu,-,25050.505050505053,0.5050505050505051,c_MPa,MPa,16.161616161616163,0.04040404040404041,phi_deg,deg,5101010.101010101,0.010101010101010102,sigma_ci_MPa,MPa,3.8181818181818183,0.27272727272727276,mi,-,23.18181818181818,0.5454545454545455,GSI,-,0.5,0.5,D_hb,-,24426.9,0.36161616161616156,0.025050505050505052,5.101010101010101,0.09844725932535404,3.562637789303329e-05,0.5353237165855204
P0063,min_max_sweep_100_lhs,Interbedded_ST,Interbedded_ST,Interbedded_ST,True,,,2520.0,0.5,density_kg_m3,kg/m3,1740771618.1818182,0.25252525252525254,E_GPa,GPa,0.21191919191919192,0.010101010101010102,nu,-,124834.72727272728,0.8282828282828284,c_MPa,MPa,20.27979797979798,0.494949494949495,phi_deg,deg,1618650.0,0.5,sigma_ci_MPa,MPa,7.303030303030303,0.06060606060606061,mi,-,40.45454545454545,0.696969696969697,GSI,-,0.5,0.5,D_hb,-,24721.2,1.7407716181818182,0.12483472727272728,1.61865,0.42860974324695683,0.00035642242645338184,0.5110228068140821
P0063,min_max_sweep_100_lhs,SH_ST,SH_ST,SH_ST,True,,,2420.0,0.0,density_kg_m3,kg/m3,2964680100.0,0.5,E_GPa,GPa,0.38,0.5,nu,-,104091.03636363636,0.4747474747474748,c_MPa,MPa,37.05262626262626,0.7171717171717172,phi_deg,deg,18171053.09090909,0.9595959595959597,sigma_ci_MPa,MPa,6.222222222222222,0.5555555555555556,mi,-,35.45454545454545,0.696969696969697,GSI,-,0.5,0.5,D_hb,-,23740.2,2.9646801,0.10409103636363636,18.17105309090909,0.28780677038316815,0.00018299337534830135,0.5154674777731223
P0063,min_max_sweep_100_lhs,SS_NC,SS_NC,SS_NC,False,,,2595.4545454545455,0.8787878787878789,density_kg_m3,kg/m3,3628781427.2727284,0.8181818181818182,E_GPa,GPa,0.273030303030303,0.8787878787878789,nu,-,22268.7,0.0,c_MPa,MPa,25.082929292929293,0.29292929292929293,phi_deg,deg,42172100.0,0.7474747474747475,sigma_ci_MPa,MPa,15.636363636363637,0.36363636363636365,mi,-,47.121212121212125,0.4747474747474748,GSI,-,0.5,0.5,D_hb,-,25461.409090909092,3.6287814272727283,0.022268700000000002,42.1721,1.260567083492162,0.0008669709825840166,0.5069914998935969
P0063,min_max_sweep_100_lhs,SS_NK,SS_NK,SS_NK,False,,,2390.0,0.5,density_kg_m3,kg/m3,461364300.0,0.5,E_GPa,GPa,0.38,0.5,nu,-,150271.36363636362,0.4545454545454546,c_MPa,MPa,26.212121212121215,0.25252525252525254,phi_deg,deg,242663.7272727273,0.42424242424242425,sigma_ci_MPa,MPa,15.434343434343434,0.3434343434343435,mi,-,46.91919191919192,0.595959595959596,GSI,-,0.5,0.5,D_hb,-,23445.9,0.4613643,0.15027136363636362,0.24266372727272728,1.232368086421867,0.0008439299390306532,0.5070891744143292
P0064,min_max_sweep_100_lhs,Fault,Fault,Fault,True,,,2490.0,0.5,density_kg_m3,kg/m3,482828282.82828283,0.7070707070707072,E_GPa,GPa,0.3141414141414141,0.2828282828282829,nu,-,26363.636363636364,0.6363636363636365,c_MPa,MPa,17.858585858585858,0.4646464646464647,phi_deg,deg,12373737.373737374,0.7373737373737375,sigma_ci_MPa,MPa,3.303030303030303,0.10101010101010102,mi,-,18.636363636363637,0.24242424242424243,GSI,-,0.5,0.5,D_hb,-,24426.9,0.48282828282828283,0.026363636363636363,12.373737373737374,0.06858931230465391,1.9434031095633268e-05,0.5479018160502376
P0064,min_max_sweep_100_lhs,Interbedded_ST,Interbedded_ST,Interbedded_ST,True,,,2520.0,0.5,density_kg_m3,kg/m3,1760185509.090909,0.29292929292929293,E_GPa,GPa,0.23686868686868687,0.14141414141414144,nu,-,112299.72727272728,0.7171717171717172,c_MPa,MPa,21.774747474747475,0.8686868686868687,phi_deg,deg,1618650.0,0.5,sigma_ci_MPa,MPa,9.777777777777779,0.5555555555555556,mi,-,36.36363636363637,0.42424242424242425,GSI,-,0.5,0.5,D_hb,-,24721.2,1.760185509090909,0.11229972727272727,1.61865,0.47227643703025024,0.00020657469644415653,0.5145454232524915
P0064,min_max_sweep_100_lhs,SH_ST,SH_ST,SH_ST,True,,,2447.4747474747473,0.16161616161616163,density_kg_m3,kg/m3,2964680100.0,0.5,E_GPa,GPa,0.38,0.5,nu,-,96175.65454545454,0.43434343434343436,c_MPa,MPa,24.684949494949493,0.31313131313131315,phi_deg,deg,13978695.090909088,0.7373737373737375,sigma_ci_MPa,MPa,5.333333333333334,0.33333333333333337,mi,-,32.27272727272727,0.48484848484848486,GSI,-,0.5,0.5,D_hb,-,24009.727272727272,2.9646801,0.09617565454545454,13.978695090909088,0.2120078892547868,0.0001197262070055988,0.5191725277436547
P0064,min_max_sweep_100_lhs,SS_NC,SS_NC,SS_NC,False,,,2526.3636363636365,0.30303030303030304,density_kg_m3,kg/m3,3705935590.9090915,0.8383838383838385,E_GPa,GPa,0.22636363636363635,0.5454545454545455,nu,-,386261.3181818181,0.8484848484848485,c_MPa,MPa,43.32868686868687,0.8686868686868687,phi_deg,deg,7287739.999999999,0.11111111111111112,sigma_ci_MPa,MPa,14.02020202020202,0.20202020202020204,mi,-,42.42424242424242,0.16161616161616163,GSI,-,0.5,0.5,D_hb,-,24783.627272727274,3.7059355909090916,0.38626131818181814,7.287739999999999,0.903749145720396,0.00046347056691894967,0.5096402736876956
P0064,min_max_sweep_100_lhs,SS_NK,SS_NK,SS_NK,False,,,2390.0,0.5,density_kg_m3,kg/m3,461364300.0,0.5,E_GPa,GPa,0.38,0.5,nu,-,98367.54545454546,0.18181818181818182,c_MPa,MPa,25.32121212121212,0.19191919191919193,phi_deg,deg,196348.63636363635,0.010101010101010102,sigma_ci_MPa,MPa,17.858585858585858,0.5858585858585859,mi,-,49.94949494949495,0.7474747474747475,GSI,-,0.5,0.5,D_hb,-,23445.9,0.4613643,0.09836754545454546,0.19634863636363636,1.6472825811050584,0.0012640926670556547,0.5057536127402762
P0065,min_max_sweep_100_lhs,Fault,Fault,Fault,True,,,2490.0,0.5,density_kg_m3,kg/m3,329292929.2929293,0.32323232323232326,E_GPa,GPa,0.33585858585858586,0.7171717171717172,nu,-,25959.59595959596,0.595959595959596,c_MPa,MPa,19.11111111111111,0.7777777777777778,phi_deg,deg,8737373.737373738,0.37373737373737376,sigma_ci_MPa,MPa,5.121212121212121,0.7070707070707072,mi,-,18.78787878787879,0.25252525252525254,GSI,-,0.5,0.5,D_hb,-,24426.9,0.3292929292929293,0.02595959595959596,8.737373737373737,0.10711495089053444,1.9830630349197808e-05,0.5474182631391479
P0065,min_max_sweep_100_lhs,Interbedded_ST,Interbedded_ST,Interbedded_ST,True,,,2520.0,0.5,density_kg_m3,kg/m3,1687383418.1818182,0.14141414141414144,E_GPa,GPa,0.2503030303030303,0.21212121212121213,nu,-,91787.90909090909,0.5353535353535354,c_MPa,MPa,20.4010101010101,0.5252525252525253,phi_deg,deg,1618650.0,0.5,sigma_ci_MPa,MPa,10.686868686868687,0.7373737373737375,mi,-,42.57575757575758,0.8383838383838385,GSI,-,0.5,0.5,D_hb,-,24721.2,1.6873834181818181,0.09178790909090909,1.61865,0.6938690866612826,0.0004729288249604585,0.509541255637717
P0065,min_max_sweep_100_lhs,SH_ST,SH_ST,SH_ST,True,,,2452.626262626263,0.19191919191919193,density_kg_m3,kg/m3,2964680100.0,0.5,E_GPa,GPa,0.38,0.5,nu,-,123879.49090909092,0.5757575757575758,c_MPa,MPa,33.34232323232323,0.595959595959596,phi_deg,deg,12263639.545454543,0.6464646464646465,sigma_ci_MPa,MPa,5.090909090909091,0.27272727272727276,mi,-,30.757575757575758,0.38383838383838387,GSI,-,0.5,0.5,D_hb,-,24060.26363636364,2.9646801,0.12387949090909092,12.263639545454543,0.18828436496987552,9.782570018930283e-05,0.5212328780957032
P0065,min_max_sweep_100_lhs,SS_NC,SS_NC,SS_NC,False,,,2551.818181818182,0.5151515151515152,density_kg_m3,kg/m3,504037800.0000001,0.0,E_GPa,GPa,0.24616161616161614,0.686868686868687,nu,-,87267.38181818182,0.15151515151515152,c_MPa,MPa,34.6859595959596,0.595959595959596,phi_deg,deg,8395180.0,0.13131313131313133,sigma_ci_MPa,MPa,16.949494949494948,0.494949494949495,mi,-,40.15151515151515,0.010101010101010102,GSI,-,0.5,0.5,D_hb,-,25033.33636363637,0.5040378000000001,0.08726738181818182,8.39518,0.9805027653182934,0.0003423085687765509,0.5112520828643606
P0065,min_max_sweep_100_lhs,SS_NK,SS_NK,SS_NK,False,,,2390.0,0.5,density_kg_m3,kg/m3,461364300.0,0.5,E_GPa,GPa,0.38,0.5,nu,-,165650.27272727274,0.5353535353535354,c_MPa,MPa,29.181818181818183,0.4545454545454546,phi_deg,deg,257349.00000000006,0.5555555555555556,sigma_ci_MPa,MPa,14.929292929292929,0.29292929292929293,mi,-,53.58585858585859,0.9292929292929294,GSI,-,0.5,0.5,D_hb,-,23445.9,0.4613643,0.16565027272727273,0.25734900000000005,1.637430166451982,0.0020527966653332134,0.5044693319435827
P0066,min_max_sweep_100_lhs,Fault,Fault,Fault,True,,,2490.0,0.5,density_kg_m3,kg/m3,454545454.5454545,0.6363636363636365,E_GPa,GPa,0.30707070707070705,0.14141414141414144,nu,-,28080.80808080808,0.8080808080808082,c_MPa,MPa,18.505050505050505,0.6262626262626263,phi_deg,deg,14696969.696969697,0.9696969696969697,sigma_ci_MPa,MPa,3.5454545454545454,0.18181818181818182,mi,-,27.272727272727273,0.8181818181818182,GSI,-,0.5,0.5,D_hb,-,24426.9,0.4545454545454545,0.02808080808080808,14.696969696969697,0.11107639292122097,6.14694842735143e-05,0.5268413295634181
P0066,min_max_sweep_100_lhs,Interbedded_ST,Interbedded_ST,Interbedded_ST,True,,,2520.0,0.5,density_kg_m3,kg/m3,1920350109.0909092,0.6262626262626263,E_GPa,GPa,0.3002020202020202,0.4747474747474748,nu,-,75834.27272727272,0.393939393939394,c_MPa,MPa,19.552525252525253,0.31313131313131315,phi_deg,deg,1618650.0,0.5,sigma_ci_MPa,MPa,8.717171717171716,0.3434343434343435,mi,-,38.03030303030303,0.5353535353535354,GSI,-,0.5,0.5,D_hb,-,24721.2,1.9203501090909092,0.07583427272727272,1.61865,0.4558264609523511,0.00025798057601865047,0.512993511432703
P0066,min_max_sweep_100_lhs,SH_ST,SH_ST,SH_ST,True,,,2512.7272727272725,0.5454545454545455,density_kg_m3,kg/m3,2964680100.0,0.5,E_GPa,GPa,0.38,0.5,nu,-,179287.16363636364,0.8585858585858587,c_MPa,MPa,30.868787878787877,0.5151515151515152,phi_deg,deg,2544991.454545454,0.13131313131313133,sigma_ci_MPa,MPa,7.313131313131313,0.8282828282828284,mi,-,30.303030303030305,0.3535353535353536,GSI,-,0.5,0.5,D_hb,-,24649.854545454546,2.9646801,0.17928716363636363,2.544991454545454,0.26468051696979816,9.207295620664066e-05,0.5218926724836206
P0066,min_max_sweep_100_lhs,SS_NC,SS_NC,SS_NC,False,,,2565.151515151515,0.6262626262626263,density_kg_m3,kg/m3,2008543990.9090912,0.393939393939394,E_GPa,GPa,0.22919191919191917,0.5656565656565657,nu,-,299596.40909090906,0.6464646464646465,c_MPa,MPa,42.368383838383835,0.8383838383838385,phi_deg,deg,9502620.0,0.15151515151515152,sigma_ci_MPa,MPa,12.404040404040405,0.04040404040404041,mi,-,51.66666666666667,0.7777777777777778,GSI,-,0.5,0.5,D_hb,-,25164.136363636364,2.008543990909091,0.29959640909090907,9.50262,1.2416423225673625,0.001589327283456532,0.5051083096722593
P0066,min_max_sweep_100_lhs,SS_NK,SS_NK,SS_NK,False,,,2390.0,0.5,density_kg_m3,kg/m3,461364300.0,0.5,E_GPa,GPa,0.38,0.5,nu,-,111824.0909090909,0.25252525252525254,c_MPa,MPa,27.54848484848485,0.3434343434343435,phi_deg,deg,232497.0,0.33333333333333337,sigma_ci_MPa,MPa,17.555555555555557,0.5555555555555556,mi,-,45.303030303030305,0.5151515151515152,GSI,-,0.5,0.5,D_hb,-,23445.9,0.4613643,0.1118240909090909,0.232497,1.297906849505651,0.0006803322386052529,0.5079197877874092
P0067,min_max_sweep_100_lhs,Fault,Fault,Fault,True,,,2490.0,0.5,density_kg_m3,kg/m3,252525252.52525255,0.13131313131313133,E_GPa,GPa,0.3191919191919192,0.38383838383838387,nu,-,25555.555555555555,0.5555555555555556,c_MPa,MPa,17.97979797979798,0.494949494949495,phi_deg,deg,8030303.030303031,0.30303030303030304,sigma_ci_MPa,MPa,5.181818181818182,0.7272727272727273,mi,-,16.81818181818182,0.12121212121212122,GSI,-,0.5,0.5,D_hb,-,24426.9,0.25252525252525254,0.025555555555555554,8.030303030303031,0.09867901530859291,1.5250334954705326e-05,0.5541019849593407
P0067,min_max_sweep_100_lhs,Interbedded_ST,Interbedded_ST,Interbedded_ST,True,,,2520.0,0.5,density_kg_m3,kg/m3,1900936218.1818182,0.5858585858585859,E_GPa,GPa,0.2311111111111111,0.11111111111111112,nu,-,119137.0,0.7777777777777778,c_MPa,MPa,20.441414141414143,0.5353535353535354,phi_deg,deg,1618650.0,0.5,sigma_ci_MPa,MPa,8.212121212121213,0.24242424242424243,mi,-,42.42424242424242,0.8282828282828284,GSI,-,0.5,0.5,D_hb,-,24721.2,1.9009362181818183,0.119137,1.61865,0.5293573886676383,0.00046347056691894967,0.5096402736876956
P0067,min_max_sweep_100_lhs,SH_ST,SH_ST,SH_ST,True,,,2492.121212121212,0.42424242424242425,density_kg_m3,kg/m3,2964680100.0,0.5,E_GPa,GPa,0.38,0.5,nu,-,129816.02727272728,0.6060606060606061,c_MPa,MPa,28.086060606060606,0.42424242424242425,phi_deg,deg,12454201.272727272,0.6565656565656566,sigma_ci_MPa,MPa,4.0,0.0,mi,-,39.39393939393939,0.9595959595959597,GSI,-,0.5,0.5,D_hb,-,24447.70909090909,2.9646801,0.12981602727272729,12.454201272727271,0.22319520651720479,0.0003094208972776129,0.5118459527685943
P0067,min_max_sweep_100_lhs,SS_NC,SS_NC,SS_NC,False,,,2514.242424242424,0.20202020202020204,density_kg_m3,kg/m3,3551627263.636364,0.797979797979798,E_GPa,GPa,0.2122222222222222,0.4444444444444445,nu,-,394927.8090909091,0.8686868686868687,c_MPa,MPa,37.56686868686869,0.686868686868687,phi_deg,deg,52692780.0,0.9393939393939394,sigma_ci_MPa,MPa,21.393939393939394,0.9393939393939394,mi,-,40.60606060606061,0.04040404040404041,GSI,-,0.5,0.5,D_hb,-,24664.71818181818,3.551627263636364,0.3949278090909091,52.69278,1.2646872365098307,0.0003636961036225436,0.5109098940763594
P0067,min_max_sweep_100_lhs,SS_NK,SS_NK,SS_NK,False,,,2390.0,0.5,density_kg_m3,kg/m3,461364300.0,0.5,E_GPa,GPa,0.38,0.5,nu,-,81066.27272727272,0.09090909090909091,c_MPa,MPa,24.727272727272727,0.15151515151515152,phi_deg,deg,229108.09090909094,0.30303030303030304,sigma_ci_MPa,MPa,16.646464646464647,0.4646464646464647,mi,-,46.717171717171716,0.5858585858585859,GSI,-,0.5,0.5,D_hb,-,23445.9,0.4613643,0.08106627272727272,0.22910809090909093,1.3164257819072949,0.0008215012454851832,0.5071881733151881
P0068,min_max_sweep_100_lhs,Fault,Fault,Fault,True,,,2490.0,0.5,density_kg_m3,kg/m3,571717171.7171718,0.9292929292929294,E_GPa,GPa,0.3111111111111111,0.22222222222222224,nu,-,21515.151515151516,0.15151515151515152,c_MPa,MPa,16.767676767676768,0.19191919191919193,phi_deg,deg,10959595.959595958,0.595959595959596,sigma_ci_MPa,MPa,4.484848484848484,0.494949494949495,mi,-,16.21212121212121,0.08080808080808081,GSI,-,0.5,0.5,D_hb,-,24426.9,0.5717171717171717,0.021515151515151515,10.959595959595958,0.08297679591164446,1.4066462052638508e-05,0.5563414303439961
P0068,min_max_sweep_100_lhs,Interbedded_ST,Interbedded_ST,Interbedded_ST,True,,,2520.0,0.5,density_kg_m3,kg/m3,1823280654.5454547,0.42424242424242425,E_GPa,GPa,0.33474747474747474,0.6565656565656566,nu,-,48485.181818181816,0.15151515151515152,c_MPa,MPa,19.431313131313132,0.2828282828282829,phi_deg,deg,1618650.0,0.5,sigma_ci_MPa,MPa,8.919191919191919,0.38383838383838387,mi,-,39.39393939393939,0.6262626262626263,GSI,-,0.5,0.5,D_hb,-,24721.2,1.8232806545454547,0.048485181818181816,1.61865,0.4976802205926561,0.0003094208972776129,0.5118459527685943
P0068,min_max_sweep_100_lhs,SH_ST,SH_ST,SH_ST,True,,,2507.5757575757575,0.5151515151515152,density_kg_m3,kg/m3,2964680100.0,0.5,E_GPa,GPa,0.38,0.5,nu,-,183244.85454545452,0.8787878787878789,c_MPa,MPa,20.665454545454544,0.18181818181818182,phi_deg,deg,67689.0,0.0,sigma_ci_MPa,MPa,5.9393939393939394,0.48484848484848486,mi,-,30.90909090909091,0.393939393939394,GSI,-,0.5,0.5,D_hb,-,24599.318181818184,2.9646801,0.18324485454545453,0.067689,0.22125570894643762,9.982207446099097e-05,0.5210173524443397
P0068,min_max_sweep_100_lhs,SS_NC,SS_NC,SS_NC,False,,,2561.5151515151515,0.595959595959596,density_kg_m3,kg/m3,812654454.5454547,0.08080808080808081,E_GPa,GPa,0.21929292929292926,0.494949494949495,nu,-,325595.8818181818,0.7070707070707072,c_MPa,MPa,39.80757575757576,0.7575757575757577,phi_deg,deg,6180300.0,0.09090909090909091,sigma_ci_MPa,MPa,22.0,1.0,mi,-,53.03030303030303,0.8686868686868687,GSI,-,0.5,0.5,D_hb,-,25128.46363636364,0.8126544545454547,0.3255958818181818,6.1803,2.349940988833458,0.0019062329486362532,0.504645969393103
P0068,min_max_sweep_100_lhs,SS_NK,SS_NK,SS_NK,False,,,2390.0,0.5,density_kg_m3,kg/m3,461364300.0,0.5,E_GPa,GPa,0.38,0.5,nu,-,73376.81818181818,0.05050505050505051,c_MPa,MPa,35.41818181818182,0.8787878787878789,phi_deg,deg,201996.8181818182,0.06060606060606061,sigma_ci_MPa,MPa,17.656565656565657,0.5656565656565657,mi,-,44.898989898989896,0.494949494949495,GSI,-,0.5,0.5,D_hb,-,23445.9,0.4613643,0.07337681818181818,0.2019968181818182,1.2804993028522276,0.0006446510812762717,0.5081418054002682
P0069,min_max_sweep_100_lhs,Fault,Fault,Fault,True,,,2490.0,0.5,density_kg_m3,kg/m3,244444444.44444448,0.11111111111111112,E_GPa,GPa,0.32121212121212117,0.42424242424242425,nu,-,21010.10101010101,0.10101010101010102,c_MPa,MPa,18.303030303030305,0.5757575757575758,phi_deg,deg,12575757.575757574,0.7575757575757577,sigma_ci_MPa,MPa,5.787878787878788,0.9292929292929294,mi,-,22.12121212121212,0.4747474747474748,GSI,-,0.5,0.5,D_hb,-,24426.9,0.24444444444444446,0.02101010101010101,12.575757575757574,0.14188366156471818,3.092831706496307e-05,0.5379273121574687
P0069,min_max_sweep_100_lhs,Interbedded_ST,Interbedded_ST,Interbedded_ST,True,,,2520.0,0.5,density_kg_m3,kg/m3,1779599400.0000002,0.33333333333333337,E_GPa,GPa,0.305959595959596,0.5050505050505051,nu,-,81532.0,0.4444444444444445,c_MPa,MPa,21.451515151515153,0.787878787878788,phi_deg,deg,1618650.0,0.5,sigma_ci_MPa,MPa,8.313131313131313,0.26262626262626265,mi,-,39.24242424242424,0.6161616161616162,GSI,-,0.5,0.5,D_hb,-,24721.2,1.7795994000000002,0.081532,1.61865,0.46052803637495937,0.000303232687687869,0.5119683685590383
P0069,min_max_sweep_100_lhs,SH_ST,SH_ST,SH_ST,True,,,2553.939393939394,0.787878787878788,density_kg_m3,kg/m3,2964680100.0,0.5,E_GPa,GPa,0.38,0.5,nu,-,88260.27272727272,0.393939393939394,c_MPa,MPa,19.428686868686867,0.14141414141414144,phi_deg,deg,17599367.90909091,0.9292929292929294,sigma_ci_MPa,MPa,5.97979797979798,0.494949494949495,mi,-,38.484848484848484,0.8989898989898991,GSI,-,0.5,0.5,D_hb,-,25054.145454545458,2.9646801,0.08826027272727271,17.599367909090912,0.3195293508164918,0.0002740992743583049,0.5125993436205171
P0069,min_max_sweep_100_lhs,SS_NC,SS_NC,SS_NC,False,,,2494.848484848485,0.04040404040404041,density_kg_m3,kg/m3,3088702281.8181825,0.6767676767676768,E_GPa,GPa,0.28858585858585856,0.98989898989899,nu,-,442593.50909090904,0.9797979797979799,c_MPa,MPa,32.44525252525253,0.5252525252525253,phi_deg,deg,22791900.0,0.393939393939394,sigma_ci_MPa,MPa,21.8989898989899,0.98989898989899,mi,-,40.303030303030305,0.020202020202020204,GSI,-,0.5,0.5,D_hb,-,24474.46363636364,3.0887022818181826,0.44259350909090905,22.7919,1.275996790595446,0.0003492942179297028,0.5111368658642191
P0069,min_max_sweep_100_lhs,SS_NK,SS_NK,SS_NK,False,,,2390.0,0.5,density_kg_m3,kg/m3,461364300.0,0.5,E_GPa,GPa,0.38,0.5,nu,-,219476.4545454545,0.8181818181818182,c_MPa,MPa,25.024242424242424,0.17171717171717174,phi_deg,deg,250571.18181818182,0.494949494949495,sigma_ci_MPa,MPa,12.505050505050505,0.05050505050505051,mi,-,35.2020202020202,0.010101010101010102,GSI,-,0.5,0.5,D_hb,-,23445.9,0.4613643,0.2194764545454545,0.25057118181818183,0.5715030365242342,0.00017693455496378807,0.5157336782816273
P0070,min_max_sweep_100_lhs,Fault,Fault,Fault,True,,,2490.0,0.5,density_kg_m3,kg/m3,248484848.4848485,0.12121212121212122,E_GPa,GPa,0.32525252525252524,0.5050505050505051,nu,-,24141.41414141414,0.4141414141414142,c_MPa,MPa,17.292929292929294,0.32323232323232326,phi_deg,deg,5000000.0,0.0,sigma_ci_MPa,MPa,4.363636363636363,0.4545454545454546,mi,-,18.181818181818183,0.21212121212121213,GSI,-,0.5,0.5,D_hb,-,24426.9,0.2484848484848485,0.02414141414141414,5.0,0.0886731485144214,1.829119229940759e-05,0.5493821293910376
P0070,min_max_sweep_100_lhs,Interbedded_ST,Interbedded_ST,Interbedded_ST,True,,,2520.0,0.5,density_kg_m3,kg/m3,1813573709.0909092,0.4040404040404041,E_GPa,GPa,0.34818181818181815,0.7272727272727273,nu,-,144207.0,1.0,c_MPa,MPa,20.926262626262627,0.6565656565656566,phi_deg,deg,1618650.0,0.5,sigma_ci_MPa,MPa,9.222222222222221,0.4444444444444445,mi,-,45.0,1.0,GSI,-,0.5,0.5,D_hb,-,24721.2,1.8135737090909092,0.144207,1.61865,0.6720439165487686,0.0006533919798673806,0.5080857390944207
P0070,min_max_sweep_100_lhs,SH_ST,SH_ST,SH_ST,True,,,2444.040404040404,0.14141414141414144,density_kg_m3,kg/m3,2964680100.0,0.5,E_GPa,GPa,0.38,0.5,nu,-,17021.83636363636,0.030303030303030304,c_MPa,MPa,41.69050505050505,0.8686868686868687,phi_deg,deg,18742738.272727273,0.98989898989899,sigma_ci_MPa,MPa,6.464646464646465,0.6161616161616162,mi,-,29.545454545454547,0.30303030303030304,GSI,-,0.5,0.5,D_hb,-,23976.036363636365,2.9646801,0.017021836363636363,18.742738272727273,0.22568162118468582,8.322694587016918e-05,0.5230377480784557
P0070,min_max_sweep_100_lhs,SS_NC,SS_NC,SS_NC,False,,,2523.939393939394,0.2828282828282829,density_kg_m3,kg/m3,2895816872.7272735,0.6262626262626263,E_GPa,GPa,0.2306060606060606,0.5757575757575758,nu,-,347262.10909090907,0.7575757575757577,c_MPa,MPa,18.68090909090909,0.09090909090909091,phi_deg,deg,50477900.0,0.8989898989898991,sigma_ci_MPa,MPa,14.929292929292929,0.29292929292929293,mi,-,42.878787878787875,0.19191919191919193,GSI,-,0.5,0.5,D_hb,-,24759.845454545455,2.8958168727272735,0.34726210909090904,50.4779,0.9834067415449284,0.0004924283372005971,0.5093461949799458
P0070,min_max_sweep_100_lhs,SS_NK,SS_NK,SS_NK,False,,,2390.0,0.5,density_kg_m3,kg/m3,461364300.0,0.5,E_GPa,GPa,0.38,0.5,nu,-,88755.72727272726,0.13131313131313133,c_MPa,MPa,24.43030303030303,0.13131313131313133,phi_deg,deg,253960.09090909094,0.5252525252525253,sigma_ci_MPa,MPa,15.131313131313131,0.31313131313131315,mi,-,54.7979797979798,0.98989898989899,GSI,-,0.5,0.5,D_hb,-,23445.9,0.4613643,0.08875572727272726,0.25396009090909094,1.7581975438499078,0.0024128756502221444,0.504105915198524
P0071,min_max_sweep_100_lhs,Fault,Fault,Fault,True,,,2490.0,0.5,density_kg_m3,kg/m3,430303030.3030303,0.5757575757575758,E_GPa,GPa,0.34494949494949495,0.8989898989898991,nu,-,25454.545454545456,0.5454545454545455,c_MPa,MPa,16.525252525252526,0.13131313131313133,phi_deg,deg,7929292.929292929,0.29292929292929293,sigma_ci_MPa,MPa,3.5757575757575757,0.19191919191919193,mi,-,20.303030303030305,0.3535353535353536,GSI,-,0.5,0.5,D_hb,-,24426.9,0.4303030303030303,0.025454545454545455,7.929292929292929,0.08038588064441207,2.427016775392515e-05,0.5428421231752298
P0071,min_max_sweep_100_lhs,Interbedded_ST,Interbedded_ST,Interbedded_ST,True,,,2520.0,0.5,density_kg_m3,kg/m3,1988298727.2727275,0.7676767676767677,E_GPa,GPa,0.3117171717171717,0.5353535353535354,nu,-,90648.36363636363,0.5252525252525253,c_MPa,MPa,19.14848484848485,0.21212121212121213,phi_deg,deg,1618650.0,0.5,sigma_ci_MPa,MPa,9.171717171717171,0.43434343434343436,mi,-,32.42424242424242,0.16161616161616163,GSI,-,0.5,0.5,D_hb,-,24721.2,1.9882987272727275,0.09064836363636364,1.61865,0.36722935176620985,0.00012216951504070858,0.5189777089558295
P0071,min_max_sweep_100_lhs,SH_ST,SH_ST,SH_ST,True,,,2478.3838383838383,0.3434343434343435,density_kg_m3,kg/m3,2964680100.0,0.5,E_GPa,GPa,0.38,0.5,nu,-,74408.35454545455,0.32323232323232326,c_MPa,MPa,36.43424242424242,0.696969696969697,phi_deg,deg,11691954.363636361,0.6161616161616162,sigma_ci_MPa,MPa,7.272727272727273,0.8181818181818182,mi,-,25.151515151515152,0.010101010101010102,GSI,-,0.5,0.5,D_hb,-,24312.945454545454,2.9646801,0.07440835454545455,11.691954363636361,0.20595816726612126,4.632642710969407e-05,0.5309507896383611
P0071,min_max_sweep_100_lhs,SS_NC,SS_NC,SS_NC,False,,,2513.030303030303,0.19191919191919193,density_kg_m3,kg/m3,2972971036.363637,0.6464646464646465,E_GPa,GPa,0.21787878787878787,0.48484848484848486,nu,-,26601.94545454545,0.010101010101010102,c_MPa,MPa,22.842222222222222,0.22222222222222224,phi_deg,deg,48263020.00000001,0.8585858585858587,sigma_ci_MPa,MPa,15.333333333333334,0.33333333333333337,mi,-,46.96969696969697,0.4646464646464647,GSI,-,0.5,0.5,D_hb,-,24652.827272727274,2.972971036363637,0.02660194545454545,48.263020000000004,1.2272508450999022,0.000849632146727552,0.5070646323196677
P0071,min_max_sweep_100_lhs,SS_NK,SS_NK,SS_NK,False,,,2390.0,0.5,density_kg_m3,kg/m3,461364300.0,0.5,E_GPa,GPa,0.38,0.5,nu,-,127203.00000000001,0.33333333333333337,c_MPa,MPa,33.93333333333334,0.7777777777777778,phi_deg,deg,195219.0,0.0,sigma_ci_MPa,MPa,16.141414141414142,0.4141414141414142,mi,-,38.83838383838384,0.19191919191919193,GSI,-,0.5,0.5,D_hb,-,23445.9,0.4613643,0.127203,0.195219,0.8771566903473756,0.000287329144356067,0.5123009208520575
P0072,min_max_sweep_100_lhs,Fault,Fault,Fault,True,,,2490.0,0.5,density_kg_m3,kg/m3,450505050.50505054,0.6262626262626263,E_GPa,GPa,0.3404040404040404,0.8080808080808082,nu,-,27777.777777777777,0.7777777777777778,c_MPa,MPa,18.464646464646464,0.6161616161616162,phi_deg,deg,12676767.676767677,0.7676767676767677,sigma_ci_MPa,MPa,5.878787878787879,0.9595959595959597,mi,-,28.03030303030303,0.8686868686868687,GSI,-,0.5,0.5,D_hb,-,24426.9,0.4505050505050505,0.027777777777777776,12.676767676767676,0.1909434764534429,6.800294152796305e-05,0.5255089242595299
P0072,min_max_sweep_100_lhs,Interbedded_ST,Interbedded_ST,Interbedded_ST,True,,,2520.0,0.5,density_kg_m3,kg/m3,1677676472.7272727,0.12121212121212122,E_GPa,GPa,0.31363636363636366,0.5454545454545455,nu,-,115718.36363636363,0.7474747474747475,c_MPa,MPa,20.885858585858585,0.6464646464646465,phi_deg,deg,1618650.0,0.5,sigma_ci_MPa,MPa,8.818181818181818,0.36363636363636365,mi,-,37.72727272727273,0.5151515151515152,GSI,-,0.5,0.5,D_hb,-,24721.2,1.6776764727272728,0.11571836363636363,1.61865,0.4545023205473242,0.0002477648856942644,0.5132630045628501
P0072,min_max_sweep_100_lhs,SH_ST,SH_ST,SH_ST,True,,,2469.7979797979797,0.29292929292929293,density_kg_m3,kg/m3,2964680100.0,0.5,E_GPa,GPa,0.38,0.5,nu,-,157519.86363636365,0.7474747474747475,c_MPa,MPa,25.303333333333335,0.33333333333333337,phi_deg,deg,3878923.545454545,0.20202020202020204,sigma_ci_MPa,MPa,7.070707070707071,0.7676767676767677,mi,-,35.303030303030305,0.686868686868687,GSI,-,0.5,0.5,D_hb,-,24228.71818181818,2.9646801,0.15751986363636364,3.878923545454545,0.32470194949623327,0.00017933363106421065,0.5156266600006871
P0072,min_max_sweep_100_lhs,SS_NC,SS_NC,SS_NC,False,,,2499.6969696969695,0.08080808080808081,density_kg_m3,kg/m3,928385700.0000002,0.11111111111111112,E_GPa,GPa,0.2829292929292929,0.9494949494949496,nu,-,108933.6090909091,0.20202020202020204,c_MPa,MPa,32.76535353535354,0.5353535353535354,phi_deg,deg,2857980.0,0.030303030303030304,sigma_ci_MPa,MPa,13.919191919191919,0.19191919191919193,mi,-,45.303030303030305,0.3535353535353536,GSI,-,0.5,0.5,D_hb,-,24522.02727272727,0.9283857000000002,0.1089336090909091,2.85798,1.0290653847058613,0.0006803322386052529,0.5079197877874092
P0072,min_max_sweep_100_lhs,SS_NK,SS_NK,SS_NK,False,,,2390.0,0.5,density_kg_m3,kg/m3,461364300.0,0.5,E_GPa,GPa,0.38,0.5,nu,-,63765.0,0.0,c_MPa,MPa,35.56666666666667,0.888888888888889,phi_deg,deg,267515.7272727273,0.6464646464646465,sigma_ci_MPa,MPa,18.161616161616163,0.6161616161616162,mi,-,45.505050505050505,0.5252525252525253,GSI,-,0.5,0.5,D_hb,-,23445.9,0.4613643,0.063765,0.26751572727272727,1.3556930097524948,0.0006989067244902607,0.5078110015489238
P0073,min_max_sweep_100_lhs,Fault,Fault,Fault,True,,,2490.0,0.5,density_kg_m3,kg/m3,236363636.36363637,0.09090909090909091,E_GPa,GPa,0.30606060606060603,0.12121212121212122,nu,-,27373.737373737375,0.7373737373737375,c_MPa,MPa,17.656565656565657,0.4141414141414142,phi_deg,deg,11060606.06060606,0.6060606060606061,sigma_ci_MPa,MPa,4.333333333333334,0.4444444444444445,mi,-,25.454545454545453,0.696969696969697,GSI,-,0.5,0.5,D_hb,-,24426.9,0.2363636363636364,0.027373737373737373,11.06060606060606,0.1245003837204542,4.823653003594919e-05,0.530327552717188
P0073,min_max_sweep_100_lhs,Interbedded_ST,Interbedded_ST,Interbedded_ST,True,,,2520.0,0.5,density_kg_m3,kg/m3,1978591781.818182,0.7474747474747475,E_GPa,GPa,0.23878787878787877,0.15151515151515152,nu,-,62159.72727272728,0.27272727272727276,c_MPa,MPa,21.693939393939395,0.8484848484848485,phi_deg,deg,1618650.0,0.5,sigma_ci_MPa,MPa,7.555555555555555,0.11111111111111112,mi,-,43.63636363636364,0.9090909090909092,GSI,-,0.5,0.5,D_hb,-,24721.2,1.978591781818182,0.062159727272727276,1.61865,0.5159736626687826,0.0005447674698613483,0.5088754403293492
P0073,min_max_sweep_100_lhs,SH_ST,SH_ST,SH_ST,True,,,2500.7070707070707,0.4747474747474748,density_kg_m3,kg/m3,2964680100.0,0.5,E_GPa,GPa,0.38,0.5,nu,-,115964.1090909091,0.5353535353535354,c_MPa,MPa,29.322828282828283,0.4646464646464647,phi_deg,deg,829935.909090909,0.04040404040404041,sigma_ci_MPa,MPa,5.8989898989899,0.4747474747474748,mi,-,26.666666666666668,0.11111111111111112,GSI,-,0.5,0.5,D_hb,-,24531.936363636363,2.9646801,0.1159641090909091,0.829935909090909,0.17955344720280247,5.6697650936635075e-05,0.5279567802674544
P0073,min_max_sweep_100_lhs,SS_NC,SS_NC,SS_NC,False,,,2498.4848484848485,0.07070707070707072,density_kg_m3,kg/m3,3050125200.000001,0.6666666666666667,E_GPa,GPa,0.2532323232323232,0.7373737373737375,nu,-,277930.1818181818,0.595959595959596,c_MPa,MPa,25.72313131313131,0.31313131313131315,phi_deg,deg,46601860.0,0.8282828282828284,sigma_ci_MPa,MPa,17.454545454545453,0.5454545454545455,mi,-,46.21212121212121,0.4141414141414142,GSI,-,0.5,0.5,D_hb,-,24510.136363636364,3.050125200000001,0.2779301818181818,46.60186,1.3475289905627266,0.0007680028055854866,0.5074415831759974
P0073,min_max_sweep_100_lhs,SS_NK,SS_NK,SS_NK,False,,,2390.0,0.5,density_kg_m3,kg/m3,461364300.0,0.5,E_GPa,GPa,0.38,0.5,nu,-,140659.54545454544,0.4040404040404041,c_MPa,MPa,30.221212121212123,0.5252525252525253,phi_deg,deg,224589.54545454547,0.26262626262626265,sigma_ci_MPa,MPa,13.414141414141413,0.14141414141414144,mi,-,48.535353535353536,0.6767676767676768,GSI,-,0.5,0.5,D_hb,-,23445.9,0.4613643,0.14065954545454545,0.22458954545454546,1.156747316805079,0.0010468675473212896,0.5063434021157472
P0074,min_max_sweep_100_lhs,Fault,Fault,Fault,True,,,2490.0,0.5,density_kg_m3,kg/m3,511111111.11111104,0.7777777777777778,E_GPa,GPa,0.32676767676767676,0.5353535353535354,nu,-,23838.383838383837,0.38383838383838387,c_MPa,MPa,17.09090909090909,0.27272727272727276,phi_deg,deg,6212121.212121212,0.12121212121212122,sigma_ci_MPa,MPa,5.363636363636363,0.787878787878788,mi,-,15.606060606060606,0.04040404040404041,GSI,-,0.5,0.5,D_hb,-,24426.9,0.5111111111111111,0.023838383838383836,6.212121212121212,0.09641274778722603,1.297449238105223e-05,0.5586732111719244
P0074,min_max_sweep_100_lhs,Interbedded_ST,Interbedded_ST,Interbedded_ST,True,,,2520.0,0.5,density_kg_m3,kg/m3,1871815381.818182,0.5252525252525253,E_GPa,GPa,0.27525252525252525,0.3434343434343435,nu,-,87229.72727272726,0.494949494949495,c_MPa,MPa,19.22929292929293,0.23232323232323235,phi_deg,deg,1618650.0,0.5,sigma_ci_MPa,MPa,11.494949494949495,0.8989898989898991,mi,-,31.21212121212121,0.08080808080808081,GSI,-,0.5,0.5,D_hb,-,24721.2,1.871815381818182,0.08722972727272726,1.61865,0.43443649082885794,0.00010393787722042512,0.5205927775781345
P0074,min_max_sweep_100_lhs,SH_ST,SH_ST,SH_ST,True,,,2497.2727272727275,0.4545454545454546,density_kg_m3,kg/m3,2964680100.0,0.5,E_GPa,GPa,0.38,0.5,nu,-,191160.23636363636,0.9191919191919192,c_MPa,MPa,39.83535353535353,0.8080808080808082,phi_deg,deg,14550380.272727272,0.7676767676767677,sigma_ci_MPa,MPa,6.505050505050505,0.6262626262626263,mi,-,32.121212121212125,0.4747474747474748,GSI,-,0.5,0.5,D_hb,-,24498.245454545457,2.9646801,0.19116023636363635,14.550380272727272,0.256726399038075,0.0001173317634859323,0.5193693243702919
P0074,min_max_sweep_100_lhs,SS_NC,SS_NC,SS_NC,False,,,2610.0,1.0,density_kg_m3,kg/m3,1699927336.3636367,0.31313131313131315,E_GPa,GPa,0.23909090909090908,0.6363636363636365,nu,-,260597.19999999998,0.5555555555555556,c_MPa,MPa,35.32616161616161,0.6161616161616162,phi_deg,deg,4519140.0,0.06060606060606061,sigma_ci_MPa,MPa,18.767676767676768,0.6767676767676768,mi,-,44.84848484848485,0.32323232323232326,GSI,-,0.5,0.5,D_hb,-,25604.100000000002,1.6999273363636367,0.2605972,4.51914,1.3578104552240275,0.0006403245802468257,0.5081699804529777
P0074,min_max_sweep_100_lhs,SS_NK,SS_NK,SS_NK,False,,,2390.0,0.5,density_kg_m3,kg/m3,461364300.0,0.5,E_GPa,GPa,0.38,0.5,nu,-,192563.36363636362,0.6767676767676768,c_MPa,MPa,30.96363636363637,0.5757575757575758,phi_deg,deg,299145.54545454547,0.9292929292929294,sigma_ci_MPa,MPa,15.030303030303031,0.30303030303030304,mi,-,42.474747474747474,0.37373737373737376,GSI,-,0.5,0.5,D_hb,-,23445.9,0.4613643,0.19256336363636362,0.29914554545454547,0.9711936723006619,0.0004666021129297557,0.5096071564775138
P0075,min_max_sweep_100_lhs,Fault,Fault,Fault,True,,,2490.0,0.5,density_kg_m3,kg/m3,402020202.02020204,0.5050505050505051,E_GPa,GPa,0.3277777777777778,0.5555555555555556,nu,-,24444.44444444444,0.4444444444444445,c_MPa,MPa,19.636363636363637,0.9090909090909092,phi_deg,deg,9141414.141414141,0.4141414141414142,sigma_ci_MPa,MPa,4.0606060606060606,0.3535353535353536,mi,-,19.242424242424242,0.2828282828282829,GSI,-,0.5,0.5,D_hb,-,24426.9,0.40202020202020206,0.024444444444444442,9.141414141414142,0.08678976256124689,2.106965366411907e-05,0.5459965682529077
P0075,min_max_sweep_100_lhs,Interbedded_ST,Interbedded_ST,Interbedded_ST,True,,,2520.0,0.5,density_kg_m3,kg/m3,2080514709.090909,0.9595959595959597,E_GPa,GPa,0.3846464646464647,0.9191919191919192,nu,-,57601.54545454546,0.23232323232323235,c_MPa,MPa,19.31010101010101,0.25252525252525254,phi_deg,deg,1618650.0,0.5,sigma_ci_MPa,MPa,7.959595959595959,0.19191919191919193,mi,-,30.303030303030305,0.020202020202020204,GSI,-,0.5,0.5,D_hb,-,24721.2,2.080514709090909,0.05760154545454546,1.61865,0.28807768974060904,9.207295620664066e-05,0.5218926724836206
P0075,min_max_sweep_100_lhs,SH_ST,SH_ST,SH_ST,True,,,2562.5252525252527,0.8383838383838385,density_kg_m3,kg/m3,2964680100.0,0.5,E_GPa,GPa,0.38,0.5,nu,-,119921.79999999999,0.5555555555555556,c_MPa,MPa,24.375757575757575,0.30303030303030304,phi_deg,deg,1592182.8181818181,0.08080808080808081,sigma_ci_MPa,MPa,4.808080808080808,0.20202020202020204,mi,-,33.18181818181818,0.5454545454545455,GSI,-,0.5,0.5,D_hb,-,25138.37272727273,2.9646801,0.1199218,1.592182818181818,0.19958398022463414,0.000135154646016651,0.5180325938326162
P0075,min_max_sweep_100_lhs,SS_NC,SS_NC,SS_NC,False,,,2606.3636363636365,0.9696969696969697,density_kg_m3,kg/m3,3358741854.545455,0.7474747474747475,E_GPa,GPa,0.2716161616161616,0.8686868686868687,nu,-,100267.1181818182,0.18181818181818182,c_MPa,MPa,35.00606060606061,0.6060606060606061,phi_deg,deg,54353940.0,0.9696969696969697,sigma_ci_MPa,MPa,17.353535353535353,0.5353535353535354,mi,-,51.96969696969697,0.797979797979798,GSI,-,0.5,0.5,D_hb,-,25568.427272727276,3.358741854545455,0.10026711818181819,54.35394,1.7623338209130883,0.0016548574545556145,0.5050019049487693
P0075,min_max_sweep_100_lhs,SS_NK,SS_NK,SS_NK,False,,,2390.0,0.5,density_kg_m3,kg/m3,461364300.0,0.5,E_GPa,GPa,0.38,0.5,nu,-,131047.72727272726,0.3535353535353536,c_MPa,MPa,26.80606060606061,0.29292929292929293,phi_deg,deg,295756.63636363635,0.8989898989898991,sigma_ci_MPa,MPa,18.363636363636363,0.6363636363636365,mi,-,52.17171717171718,0.8585858585858587,GSI,-,0.5,0.5,D_hb,-,23445.9,0.4613643,0.13104772727272726,0.29575663636363636,1.8829414346971614,0.0017000385068226074,0.5049321533461213
P0076,min_max_sweep_100_lhs,Fault,Fault,Fault,True,,,2490.0,0.5,density_kg_m3,kg/m3,406060606.06060606,0.5151515151515152,E_GPa,GPa,0.30757575757575756,0.15151515151515152,nu,-,28989.89898989899,0.8989898989898991,c_MPa,MPa,16.96969696969697,0.24242424242424243,phi_deg,deg,7424242.424242424,0.24242424242424243,sigma_ci_MPa,MPa,5.212121212121213,0.7373737373737375,mi,-,23.939393939393938,0.595959595959596,GSI,-,0.5,0.5,D_hb,-,24426.9,0.40606060606060607,0.02898989898989899,7.424242424242424,0.1393248939653402,3.941302780308081e-05,0.5335735463147955
P0076,min_max_sweep_100_lhs,Interbedded_ST,Interbedded_ST,Interbedded_ST,True,,,2520.0,0.5,density_kg_m3,kg/m3,1857254963.6363637,0.494949494949495,E_GPa,GPa,0.21767676767676766,0.04040404040404041,nu,-,50764.27272727273,0.17171717171717174,c_MPa,MPa,22.25959595959596,0.98989898989899,phi_deg,deg,1618650.0,0.5,sigma_ci_MPa,MPa,10.484848484848484,0.696969696969697,mi,-,40.60606060606061,0.7070707070707072,GSI,-,0.5,0.5,D_hb,-,24721.2,1.8572549636363638,0.05076427272727273,1.61865,0.6198042263915033,0.0003636961036225436,0.5109098940763594
P0076,min_max_sweep_100_lhs,SH_ST,SH_ST,SH_ST,True,,,2502.4242424242425,0.48484848484848486,density_kg_m3,kg/m3,2964680100.0,0.5,E_GPa,GPa,0.38,0.5,nu,-,139710.25454545455,0.6565656565656566,c_MPa,MPa,32.41474747474747,0.5656565656565657,phi_deg,deg,3688361.818181818,0.19191919191919193,sigma_ci_MPa,MPa,4.7272727272727275,0.18181818181818182,mi,-,26.21212121212121,0.08080808080808081,GSI,-,0.5,0.5,D_hb,-,24548.78181818182,2.9646801,0.13971025454545455,3.688361818181818,0.14080771145161547,5.336348548087397e-05,0.5288234478791446
P0076,min_max_sweep_100_lhs,SS_NC,SS_NC,SS_NC,False,,,2557.878787878788,0.5656565656565657,density_kg_m3,kg/m3,3513050181.8181825,0.787878787878788,E_GPa,GPa,0.16838383838383839,0.13131313131313133,nu,-,438260.2636363636,0.9696969696969697,c_MPa,MPa,47.49,1.0,phi_deg,deg,28882820.0,0.5050505050505051,sigma_ci_MPa,MPa,16.444444444444443,0.4444444444444445,mi,-,47.878787878787875,0.5252525252525253,GSI,-,0.5,0.5,D_hb,-,25092.790909090912,3.5130501818181825,0.4382602636363636,28.88282,1.3744109158271616,0.0009591194351455538,0.5066367160318945
P0076,min_max_sweep_100_lhs,SS_NK,SS_NK,SS_NK,False,,,2390.0,0.5,density_kg_m3,kg/m3,461364300.0,0.5,E_GPa,GPa,0.38,0.5,nu,-,175262.09090909088,0.5858585858585859,c_MPa,MPa,22.945454545454545,0.030303030303030304,phi_deg,deg,283330.6363636364,0.787878787878788,sigma_ci_MPa,MPa,17.050505050505052,0.5050505050505051,mi,-,41.06060606060606,0.30303030303030304,GSI,-,0.5,0.5,D_hb,-,23445.9,0.4613643,0.1752620909090909,0.2833306363636364,1.029982712771294,0.00038641993761063295,0.5105779191091319
P0077,min_max_sweep_100_lhs,Fault,Fault,Fault,True,,,2490.0,0.5,density_kg_m3,kg/m3,345454545.45454544,0.36363636363636365,E_GPa,GPa,0.31767676767676767,0.3535353535353536,nu,-,23030.30303030303,0.30303030303030304,c_MPa,MPa,19.555555555555557,0.888888888888889,phi_deg,deg,8333333.333333334,0.33333333333333337,sigma_ci_MPa,MPa,4.636363636363637,0.5454545454545455,mi,-,29.84848484848485,0.98989898989899,GSI,-,0.5,0.5,D_hb,-,24426.9,0.34545454545454546,0.02303030303030303,8.333333333333334,0.1642085552631302,8.665850843106913e-05,0.5225727666600489
P0077,min_max_sweep_100_lhs,Interbedded_ST,Interbedded_ST,Interbedded_ST,True,,,2520.0,0.5,density_kg_m3,kg/m3,1653409109.090909,0.07070707070707072,E_GPa,GPa,0.28868686868686866,0.4141414141414142,nu,-,120276.54545454546,0.787878787878788,c_MPa,MPa,18.3,0.0,phi_deg,deg,1618650.0,0.5,sigma_ci_MPa,MPa,10.181818181818182,0.6363636363636365,mi,-,38.18181818181818,0.5454545454545455,GSI,-,0.5,0.5,D_hb,-,24721.2,1.653409109090909,0.12027654545454546,1.61865,0.5362690176464308,0.00026324530485332575,0.5128607927859652
P0077,min_max_sweep_100_lhs,SH_ST,SH_ST,SH_ST,True,,,2473.2323232323233,0.31313131313131315,density_kg_m3,kg/m3,2964680100.0,0.5,E_GPa,GPa,0.38,0.5,nu,-,159498.70909090908,0.7575757575757577,c_MPa,MPa,31.177979797979795,0.5252525252525253,phi_deg,deg,17408806.181818184,0.9191919191919192,sigma_ci_MPa,MPa,7.95959595959596,0.98989898989899,mi,-,37.27272727272727,0.8181818181818182,GSI,-,0.5,0.5,D_hb,-,24262.409090909092,2.9646801,0.15949870909090907,17.408806181818182,0.40146507033919954,0.00023319480899116346,0.513677591125209
P0077,min_max_sweep_100_lhs,SS_NC,SS_NC,SS_NC,False,,,2583.3333333333335,0.7777777777777778,density_kg_m3,kg/m3,2085698154.545455,0.4141414141414142,E_GPa,GPa,0.16272727272727272,0.09090909090909091,nu,-,269263.6909090909,0.5757575757575758,c_MPa,MPa,45.249292929292935,0.9292929292929294,phi_deg,deg,31097700.0,0.5454545454545455,sigma_ci_MPa,MPa,12.303030303030303,0.030303030303030304,mi,-,53.63636363636364,0.9090909090909092,GSI,-,0.5,0.5,D_hb,-,25342.500000000004,2.085698154545455,0.2692636909090909,31.0977,1.3526334423451574,0.002066666860480782,0.5044535960337948
P0077,min_max_sweep_100_lhs,SS_NK,SS_NK,SS_NK,False,,,2390.0,0.5,density_kg_m3,kg/m3,461364300.0,0.5,E_GPa,GPa,0.38,0.5,nu,-,234855.36363636362,0.8989898989898991,c_MPa,MPa,31.85454545454546,0.6363636363636365,phi_deg,deg,300275.1818181819,0.9393939393939394,sigma_ci_MPa,MPa,12.606060606060606,0.06060606060606061,mi,-,37.82828282828283,0.14141414141414144,GSI,-,0.5,0.5,D_hb,-,23445.9,0.4613643,0.2348553636363636,0.30027518181818186,0.6528680341628638,0.00025112435844346645,0.5131725679222705
P0078,min_max_sweep_100_lhs,Fault,Fault,Fault,True,,,2490.0,0.5,density_kg_m3,kg/m3,575757575.7575756,0.9393939393939394,E_GPa,GPa,0.3414141414141414,0.8282828282828284,nu,-,22222.222222222223,0.22222222222222224,c_MPa,MPa,18.02020202020202,0.5050505050505051,phi_deg,deg,12171717.17171717,0.7171717171717172,sigma_ci_MPa,MPa,5.484848484848484,0.8282828282828284,mi,-,24.242424242424242,0.6161616161616162,GSI,-,0.5,0.5,D_hb,-,24426.9,0.5757575757575756,0.022222222222222223,12.171717171717171,0.14874614695665841,4.103808167483707e-05,0.5328978560261884
P0078,min_max_sweep_100_lhs,Interbedded_ST,Interbedded_ST,Interbedded_ST,True,,,2520.0,0.5,density_kg_m3,kg/m3,1915496636.3636365,0.6161616161616162,E_GPa,GPa,0.3193939393939394,0.5757575757575758,nu,-,127113.81818181816,0.8484848484848485,c_MPa,MPa,20.764646464646464,0.6161616161616162,phi_deg,deg,1618650.0,0.5,sigma_ci_MPa,MPa,11.747474747474747,0.9494949494949496,mi,-,41.36363636363636,0.7575757575757577,GSI,-,0.5,0.5,D_hb,-,24721.2,1.9154966363636365,0.12711381818181816,1.61865,0.7199528970876091,0.00040235256828481973,0.510362125879994
P0078,min_max_sweep_100_lhs,SH_ST,SH_ST,SH_ST,True,,,2543.6363636363635,0.7272727272727273,density_kg_m3,kg/m3,2964680100.0,0.5,E_GPa,GPa,0.38,0.5,nu,-,193139.08181818182,0.9292929292929294,c_MPa,MPa,31.796363636363637,0.5454545454545455,phi_deg,deg,4450608.727272727,0.23232323232323235,sigma_ci_MPa,MPa,4.888888888888889,0.22222222222222224,mi,-,35.151515151515156,0.6767676767676768,GSI,-,0.5,0.5,D_hb,-,24953.072727272727,2.9646801,0.19313908181818182,4.450608727272726,0.22289420626886997,0.0001757470792014269,0.5157874582776657
P0078,min_max_sweep_100_lhs,SS_NC,SS_NC,SS_NC,False,,,2559.090909090909,0.5757575757575758,density_kg_m3,kg/m3,1044116945.4545456,0.14141414141414144,E_GPa,GPa,0.17404040404040402,0.17171717171717174,nu,-,381928.0727272727,0.8383838383838385,c_MPa,MPa,36.92666666666667,0.6666666666666667,phi_deg,deg,30543979.999999996,0.5353535353535354,sigma_ci_MPa,MPa,13.414141414141413,0.14141414141414144,mi,-,54.24242424242424,0.9494949494949496,GSI,-,0.5,0.5,D_hb,-,25104.68181818182,1.0441169454545456,0.3819280727272727,30.543979999999998,1.5179751383937816,0.0022406033403551797,0.5042688404056184
P0078,min_max_sweep_100_lhs,SS_NK,SS_NK,SS_NK,False,,,2390.0,0.5,density_kg_m3,kg/m3,461364300.0,0.5,E_GPa,GPa,0.38,0.5,nu,-,156038.45454545453,0.48484848484848486,c_MPa,MPa,28.58787878787879,0.4141414141414142,phi_deg,deg,287849.1818181819,0.8282828282828284,sigma_ci_MPa,MPa,16.04040404040404,0.4040404040404041,mi,-,37.62626262626263,0.13131313131313133,GSI,-,0.5,0.5,D_hb,-,23445.9,0.4613643,0.15603845454545454,0.28784918181818187,0.8227793831100989,0.0002444503550495343,0.5133540522594952
P0079,min_max_sweep_100_lhs,Fault,Fault,Fault,True,,,2490.0,0.5,density_kg_m3,kg/m3,365656565.65656567,0.4141414141414142,E_GPa,GPa,0.3181818181818182,0.36363636363636365,nu,-,22121.21212121212,0.21212121212121213,c_MPa,MPa,19.434343434343436,0.8585858585858587,phi_deg,deg,8131313.131313131,0.31313131313131315,sigma_ci_MPa,MPa,4.424242424242424,0.4747474747474748,mi,-,16.515151515151516,0.10101010101010102,GSI,-,0.5,0.5,D_hb,-,24426.9,0.3656565656565657,0.02212121212121212,8.131313131313131,0.0830452270622862,1.4646441818079538e-05,0.555210397706093
P0079,min_max_sweep_100_lhs,Interbedded_ST,Interbedded_ST,Interbedded_ST,True,,,2520.0,0.5,density_kg_m3,kg/m3,1667969527.2727273,0.10101010101010102,E_GPa,GPa,0.3385858585858586,0.6767676767676768,nu,-,61020.18181818182,0.26262626262626265,c_MPa,MPa,21.613131313131316,0.8282828282828284,phi_deg,deg,1618650.0,0.5,sigma_ci_MPa,MPa,11.09090909090909,0.8181818181818182,mi,-,41.515151515151516,0.7676767676767677,GSI,-,0.5,0.5,D_hb,-,24721.2,1.6679695272727273,0.06102018181818182,1.61865,0.6846366543475786,0.00041056356308390727,0.5102558530954865
P0079,min_max_sweep_100_lhs,SH_ST,SH_ST,SH_ST,True,,,2493.838383838384,0.43434343434343436,density_kg_m3,kg/m3,2964680100.0,0.5,E_GPa,GPa,0.38,0.5,nu,-,149604.4818181818,0.7070707070707072,c_MPa,MPa,31.48717171717172,0.5353535353535354,phi_deg,deg,10167460.545454543,0.5353535353535354,sigma_ci_MPa,MPa,7.111111111111111,0.7777777777777778,mi,-,31.96969696969697,0.4646464646464647,GSI,-,0.5,0.5,D_hb,-,24464.554545454546,2.9646801,0.1496044818181818,10.167460545454544,0.27862743902742226,0.00011498520722430451,0.5195681189151514
P0079,min_max_sweep_100_lhs,SS_NC,SS_NC,SS_NC,False,,,2563.939393939394,0.6161616161616162,density_kg_m3,kg/m3,4246014736.3636374,0.9797979797979799,E_GPa,GPa,0.21080808080808078,0.43434343434343436,nu,-,282263.42727272725,0.6060606060606061,c_MPa,MPa,24.762828282828284,0.2828282828282829,phi_deg,deg,31651419.999999996,0.5555555555555556,sigma_ci_MPa,MPa,21.09090909090909,0.9090909090909092,mi,-,46.515151515151516,0.43434343434343436,GSI,-,0.5,0.5,D_hb,-,25152.245454545457,4.246014736363637,0.28226342727272724,31.651419999999995,1.6519304140574924,0.0007996686278352246,0.5072885145535969
P0079,min_max_sweep_100_lhs,SS_NK,SS_NK,SS_NK,False,,,2390.0,0.5,density_kg_m3,kg/m3,461364300.0,0.5,E_GPa,GPa,0.38,0.5,nu,-,142581.90909090906,0.4141414141414142,c_MPa,MPa,31.557575757575762,0.6161616161616162,phi_deg,deg,296886.27272727276,0.9090909090909092,sigma_ci_MPa,MPa,18.464646464646464,0.6464646464646465,mi,-,36.61616161616162,0.08080808080808081,GSI,-,0.5,0.5,D_hb,-,23445.9,0.4613643,0.14258190909090906,0.29688627272727275,0.9026502538260797,0.00021364849263957267,0.5142990595920632
P0080,min_max_sweep_100_lhs,Fault,Fault,Fault,True,,,2490.0,0.5,density_kg_m3,kg/m3,583838383.8383838,0.9595959595959597,E_GPa,GPa,0.3368686868686869,0.7373737373737375,nu,-,29292.929292929293,0.9292929292929294,c_MPa,MPa,17.8989898989899,0.4747474747474748,phi_deg,deg,14595959.595959594,0.9595959595959597,sigma_ci_MPa,MPa,4.606060606060606,0.5353535353535354,mi,-,26.96969696969697,0.797979797979798,GSI,-,0.5,0.5,D_hb,-,24426.9,0.5838383838383838,0.029292929292929294,14.595959595959595,0.14223701142147405,5.903537382446805e-05,0.5273934215176133
P0080,min_max_sweep_100_lhs,Interbedded_ST,Interbedded_ST,Interbedded_ST,True,,,2520.0,0.5,density_kg_m3,kg/m3,1784452872.7272727,0.3434343434343435,E_GPa,GPa,0.2195959595959596,0.05050505050505051,nu,-,107741.54545454546,0.6767676767676768,c_MPa,MPa,21.41111111111111,0.7777777777777778,phi_deg,deg,1618650.0,0.5,sigma_ci_MPa,MPa,7.151515151515151,0.030303030303030304,mi,-,35.60606060606061,0.37373737373737376,GSI,-,0.5,0.5,D_hb,-,24721.2,1.7844528727272728,0.10774154545454545,1.61865,0.33318618777034387,0.0001867278057252655,0.5153098953534061
P0080,min_max_sweep_100_lhs,SH_ST,SH_ST,SH_ST,True,,,2432.020202020202,0.07070707070707072,density_kg_m3,kg/m3,2964680100.0,0.5,E_GPa,GPa,0.38,0.5,nu,-,62535.28181818183,0.26262626262626265,c_MPa,MPa,36.1250505050505,0.686868686868687,phi_deg,deg,13025886.454545451,0.686868686868687,sigma_ci_MPa,MPa,5.737373737373737,0.43434343434343436,mi,-,25.606060606060606,0.04040404040404041,GSI,-,0.5,0.5,D_hb,-,23858.118181818183,2.9646801,0.06253528181818183,13.025886454545452,0.16603328910023754,4.9220915195809375e-05,0.5300206240740349
P0080,min_max_sweep_100_lhs,SS_NC,SS_NC,SS_NC,False,,,2593.030303030303,0.8585858585858587,density_kg_m3,kg/m3,4207437654.545456,0.9696969696969697,E_GPa,GPa,0.17545454545454545,0.18181818181818182,nu,-,225931.2363636364,0.4747474747474748,c_MPa,MPa,34.36585858585859,0.5858585858585859,phi_deg,deg,23899340.0,0.4141414141414142,sigma_ci_MPa,MPa,15.838383838383837,0.38383838383838387,mi,-,54.39393939393939,0.9595959595959597,GSI,-,0.5,0.5,D_hb,-,25437.627272727274,4.207437654545456,0.22593123636363638,23.89934,1.8052862727281194,0.00228632836816574,0.5042238061530393
P0080,min_max_sweep_100_lhs,SS_NK,SS_NK,SS_NK,False,,,2390.0,0.5,density_kg_m3,kg/m3,461364300.0,0.5,E_GPa,GPa,0.38,0.5,nu,-,86833.36363636363,0.12121212121212122,c_MPa,MPa,34.82424242424243,0.8383838383838385,phi_deg,deg,217811.7272727273,0.20202020202020204,sigma_ci_MPa,MPa,21.8989898989899,0.98989898989899,mi,-,47.92929292929293,0.6464646464646465,GSI,-,0.5,0.5,D_hb,-,23445.9,0.4613643,0.08683336363636364,0.2178117272727273,1.8347037656612721,0.0009655999472975626,0.5066136948043111
P0081,min_max_sweep_100_lhs,Fault,Fault,Fault,True,,,2490.0,0.5,density_kg_m3,kg/m3,313131313.13131315,0.2828282828282829,E_GPa,GPa,0.34444444444444444,0.888888888888889,nu,-,27070.70707070707,0.7070707070707072,c_MPa,MPa,16.848484848484848,0.21212121212121213,phi_deg,deg,13080808.08080808,0.8080808080808082,sigma_ci_MPa,MPa,5.303030303030303,0.7676767676767677,mi,-,29.090909090909093,0.9393939393939394,GSI,-,0.5,0.5,D_hb,-,24426.9,0.31313131313131315,0.02707070707070707,13.080808080808081,0.18116537983038852,7.83326971081007e-05,0.5237530726127502
P0081,min_max_sweep_100_lhs,Interbedded_ST,Interbedded_ST,Interbedded_ST,True,,,2520.0,0.5,density_kg_m3,kg/m3,2051393872.7272727,0.8989898989898991,E_GPa,GPa,0.27141414141414144,0.32323232323232326,nu,-,67857.45454545456,0.32323232323232326,c_MPa,MPa,18.906060606060606,0.15151515151515152,phi_deg,deg,1618650.0,0.5,sigma_ci_MPa,MPa,11.242424242424242,0.8484848484848485,mi,-,35.15151515151515,0.3434343434343435,GSI,-,0.5,0.5,D_hb,-,24721.2,2.0513938727272727,0.06785745454545455,1.61865,0.5125645693744881,0.0001757470792014269,0.5157874582776657
P0081,min_max_sweep_100_lhs,SH_ST,SH_ST,SH_ST,True,,,2471.5151515151515,0.30303030303030304,density_kg_m3,kg/m3,2964680100.0,0.5,E_GPa,GPa,0.38,0.5,nu,-,153562.1727272727,0.7272727272727273,c_MPa,MPa,15.409191919191919,0.010101010101010102,phi_deg,deg,5403417.363636363,0.2828282828282829,sigma_ci_MPa,MPa,6.424242424242424,0.6060606060606061,mi,-,38.78787878787879,0.9191919191919192,GSI,-,0.5,0.5,D_hb,-,24245.563636363637,2.9646801,0.1535621727272727,5.403417363636363,0.34826757476297887,0.0002854007680995882,0.512343123262325
P0081,min_max_sweep_100_lhs,SS_NC,SS_NC,SS_NC,False,,,2515.4545454545455,0.21212121212121213,density_kg_m3,kg/m3,2240006481.8181825,0.4545454545454546,E_GPa,GPa,0.1938383838383838,0.31313131313131315,nu,-,433927.0181818182,0.9595959595959597,c_MPa,MPa,18.36080808080808,0.08080808080808081,phi_deg,deg,25006780.0,0.43434343434343436,sigma_ci_MPa,MPa,14.323232323232324,0.23232323232323235,mi,-,54.09090909090909,0.9393939393939394,GSI,-,0.5,0.5,D_hb,-,24676.609090909093,2.2400064818181824,0.43392701818181817,25.00678,1.6091976018380625,0.0021957927823108123,0.5043143318548242
P0081,min_max_sweep_100_lhs,SS_NK,SS_NK,SS_NK,False,,,2390.0,0.5,density_kg_m3,kg/m3,461364300.0,0.5,E_GPa,GPa,0.38,0.5,nu,-,182951.54545454544,0.6262626262626263,c_MPa,MPa,30.518181818181823,0.5454545454545455,phi_deg,deg,244923.0,0.4444444444444445,sigma_ci_MPa,MPa,14.222222222222221,0.22222222222222224,mi,-,42.07070707070707,0.3535353535353536,GSI,-,0.5,0.5,D_hb,-,23445.9,0.4613643,0.18295154545454545,0.244923,0.9014667933041389,0.00044213038800369124,0.509875242767026
P0082,min_max_sweep_100_lhs,Fault,Fault,Fault,True,,,2490.0,0.5,density_kg_m3,kg/m3,296969696.969697,0.24242424242424243,E_GPa,GPa,0.3313131313131313,0.6262626262626263,nu,-,24545.454545454544,0.4545454545454546,c_MPa,MPa,18.383838383838384,0.595959595959596,phi_deg,deg,9949494.94949495,0.494949494949495,sigma_ci_MPa,MPa,4.696969696969697,0.5656565656565657,mi,-,17.272727272727273,0.15151515151515152,GSI,-,0.5,0.5,D_hb,-,24426.9,0.296969696969697,0.024545454545454544,9.94949494949495,0.09140305432652292,1.6203180135948035e-05,0.5524807910270577
P0082,min_max_sweep_100_lhs,Interbedded_ST,Interbedded_ST,Interbedded_ST,True,,,2520.0,0.5,density_kg_m3,kg/m3,1692236890.909091,0.15151515151515152,E_GPa,GPa,0.37888888888888894,0.888888888888889,nu,-,84950.63636363637,0.4747474747474748,c_MPa,MPa,21.007070707070707,0.6767676767676768,phi_deg,deg,1618650.0,0.5,sigma_ci_MPa,MPa,11.848484848484848,0.9696969696969697,mi,-,41.96969696969697,0.797979797979798,GSI,-,0.5,0.5,D_hb,-,24721.2,1.692236890909091,0.08495063636363637,1.61865,0.7474052296522381,0.00043621568901033614,0.5099434002680588
P0082,min_max_sweep_100_lhs,SH_ST,SH_ST,SH_ST,True,,,2426.868686868687,0.04040404040404041,density_kg_m3,kg/m3,2964680100.0,0.5,E_GPa,GPa,0.38,0.5,nu,-,40767.98181818182,0.15151515151515152,c_MPa,MPa,19.11949494949495,0.13131313131313133,phi_deg,deg,5593979.09090909,0.29292929292929293,sigma_ci_MPa,MPa,4.96969696969697,0.24242424242424243,mi,-,38.63636363636364,0.9090909090909092,GSI,-,0.5,0.5,D_hb,-,23807.581818181818,2.9646801,0.040767981818181816,5.59397909090909,0.2674777066566816,0.00027969294491888777,0.5124705864258157
P0082,min_max_sweep_100_lhs,SS_NC,SS_NC,SS_NC,False,,,2562.7272727272725,0.6060606060606061,density_kg_m3,kg/m3,1931389827.2727277,0.37373737373737376,E_GPa,GPa,0.2009090909090909,0.36363636363636365,nu,-,243264.21818181817,0.5151515151515152,c_MPa,MPa,43.00858585858586,0.8585858585858587,phi_deg,deg,48816740.0,0.8686868686868687,sigma_ci_MPa,MPa,17.151515151515152,0.5151515151515152,mi,-,50.45454545454545,0.696969696969697,GSI,-,0.5,0.5,D_hb,-,25140.354545454546,1.9313898272727277,0.24326421818181818,48.81674,1.6205719742096314,0.0013521483161812705,0.5055560907478934
P0082,min_max_sweep_100_lhs,SS_NK,SS_NK,SS_NK,False,,,2390.0,0.5,density_kg_m3,kg/m3,461364300.0,0.5,E_GPa,GPa,0.38,0.5,nu,-,144504.27272727274,0.42424242424242425,c_MPa,MPa,30.81515151515152,0.5656565656565657,phi_deg,deg,206515.36363636365,0.10101010101010102,sigma_ci_MPa,MPa,12.303030303030303,0.030303030303030304,mi,-,52.57575757575758,0.8787878787878789,GSI,-,0.5,0.5,D_hb,-,23445.9,0.4613643,0.14450427272727273,0.20651536363636364,1.2860150643212525,0.001794134899722733,0.5047954370112248
P0083,min_max_sweep_100_lhs,Fault,Fault,Fault,True,,,2490.0,0.5,density_kg_m3,kg/m3,357575757.57575756,0.393939393939394,E_GPa,GPa,0.3101010101010101,0.20202020202020204,nu,-,27878.787878787876,0.787878787878788,c_MPa,MPa,16.32323232323232,0.08080808080808081,phi_deg,deg,5202020.202020203,0.020202020202020204,sigma_ci_MPa,MPa,3.1818181818181817,0.06060606060606061,mi,-,26.515151515151516,0.7676767676767677,GSI,-,0.5,0.5,D_hb,-,24426.9,0.35757575757575755,0.027878787878787878,5.202020202020202,0.0961519322844195,5.556373609659349e-05,0.5282427563606605
P0083,min_max_sweep_100_lhs,Interbedded_ST,Interbedded_ST,Interbedded_ST,True,,,2520.0,0.5,density_kg_m3,kg/m3,1633995218.1818182,0.030303030303030304,E_GPa,GPa,0.3654545454545455,0.8181818181818182,nu,-,92927.45454545454,0.5454545454545455,c_MPa,MPa,21.16868686868687,0.7171717171717172,phi_deg,deg,1618650.0,0.5,sigma_ci_MPa,MPa,10.535353535353536,0.7070707070707072,mi,-,30.90909090909091,0.06060606060606061,GSI,-,0.5,0.5,D_hb,-,24721.2,1.6339952181818183,0.09292745454545455,1.61865,0.39246548372641915,9.982207446099097e-05,0.5210173524443397
P0083,min_max_sweep_100_lhs,SH_ST,SH_ST,SH_ST,True,,,2433.7373737373737,0.08080808080808081,density_kg_m3,kg/m3,2964680100.0,0.5,E_GPa,GPa,0.38,0.5,nu,-,125858.33636363636,0.5858585858585859,c_MPa,MPa,17.573535353535352,0.08080808080808081,phi_deg,deg,13597571.636363635,0.7171717171717172,sigma_ci_MPa,MPa,7.434343434343434,0.8585858585858587,mi,-,29.696969696969695,0.31313131313131315,GSI,-,0.5,0.5,D_hb,-,23874.96363636364,2.9646801,0.12585833636363636,13.597571636363634,0.26141317453202634,8.492539661598396e-05,0.5228040831837348
P0083,min_max_sweep_100_lhs,SS_NC,SS_NC,SS_NC,False,,,2543.3333333333335,0.4444444444444445,density_kg_m3,kg/m3,2278583563.636364,0.4646464646464647,E_GPa,GPa,0.2631313131313131,0.8080808080808082,nu,-,91600.62727272727,0.16161616161616163,c_MPa,MPa,42.68848484848485,0.8484848484848485,phi_deg,deg,1750540.0,0.010101010101010102,sigma_ci_MPa,MPa,17.858585858585858,0.5858585858585859,mi,-,51.515151515151516,0.7676767676767677,GSI,-,0.5,0.5,D_hb,-,24950.100000000002,2.278583563636364,0.09160062727272728,1.75054,1.7747899612947222,0.00155754180799815,0.5051623235792607
P0083,min_max_sweep_100_lhs,SS_NK,SS_NK,SS_NK,False,,,2390.0,0.5,density_kg_m3,kg/m3,461364300.0,0.5,E_GPa,GPa,0.38,0.5,nu,-,102212.27272727272,0.20202020202020204,c_MPa,MPa,23.687878787878788,0.08080808080808081,phi_deg,deg,269775.0,0.6666666666666667,sigma_ci_MPa,MPa,14.424242424242424,0.24242424242424243,mi,-,39.84848484848485,0.24242424242424243,GSI,-,0.5,0.5,D_hb,-,23445.9,0.4613643,0.10221227272727272,0.269775,0.8224664630403599,0.00032875360123607925,0.5114860378569519
P0084,min_max_sweep_100_lhs,Fault,Fault,Fault,True,,,2490.0,0.5,density_kg_m3,kg/m3,478787878.7878788,0.696969696969697,E_GPa,GPa,0.34747474747474744,0.9494949494949496,nu,-,27474.747474747473,0.7474747474747475,c_MPa,MPa,18.626262626262626,0.6565656565656566,phi_deg,deg,11565656.565656565,0.6565656565656566,sigma_ci_MPa,MPa,3.212121212121212,0.07070707070707072,mi,-,17.12121212121212,0.14141414141414144,GSI,-,0.5,0.5,D_hb,-,24426.9,0.4787878787878788,0.027474747474747475,11.565656565656566,0.062058523361837245,1.58791274440199e-05,0.5530157397211477
P0084,min_max_sweep_100_lhs,Interbedded_ST,Interbedded_ST,Interbedded_ST,True,,,2520.0,0.5,density_kg_m3,kg/m3,1954324418.1818182,0.696969696969697,E_GPa,GPa,0.25606060606060604,0.24242424242424243,nu,-,111160.18181818182,0.7070707070707072,c_MPa,MPa,20.360606060606063,0.5151515151515152,phi_deg,deg,1618650.0,0.5,sigma_ci_MPa,MPa,8.01010101010101,0.20202020202020204,mi,-,37.27272727272727,0.48484848484848486,GSI,-,0.5,0.5,D_hb,-,24721.2,1.9543244181818182,0.11116018181818182,1.61865,0.40401243753678323,0.00023319480899116346,0.513677591125209
P0084,min_max_sweep_100_lhs,SH_ST,SH_ST,SH_ST,True,,,2481.818181818182,0.36363636363636365,density_kg_m3,kg/m3,2964680100.0,0.5,E_GPa,GPa,0.38,0.5,nu,-,133773.7181818182,0.6262626262626263,c_MPa,MPa,27.158484848484846,0.393939393939394,phi_deg,deg,10548583.999999998,0.5555555555555556,sigma_ci_MPa,MPa,7.353535353535354,0.8383838383838385,mi,-,36.515151515151516,0.7676767676767677,GSI,-,0.5,0.5,D_hb,-,24346.636363636368,2.9646801,0.1337737181818182,10.548583999999998,0.3577550212423925,0.00021079036173829528,0.5143971076339843
P0084,min_max_sweep_100_lhs,SS_NC,SS_NC,SS_NC,False,,,2540.909090909091,0.42424242424242425,density_kg_m3,kg/m3,3320164772.7272735,0.7373737373737375,E_GPa,GPa,0.2221212121212121,0.5151515151515152,nu,-,416594.0363636363,0.9191919191919192,c_MPa,MPa,43.96888888888889,0.888888888888889,phi_deg,deg,49370460.0,0.8787878787878789,sigma_ci_MPa,MPa,12.808080808080808,0.08080808080808081,mi,-,43.484848484848484,0.23232323232323235,GSI,-,0.5,0.5,D_hb,-,24926.318181818184,3.3201647727272734,0.41659403636363634,49.37046,0.8683838779935417,0.0005338724872960556,0.5089676988908144
P0084,min_max_sweep_100_lhs,SS_NK,SS_NK,SS_NK,False,,,2390.0,0.5,density_kg_m3,kg/m3,461364300.0,0.5,E_GPa,GPa,0.38,0.5,nu,-,240622.4545454545,0.9292929292929294,c_MPa,MPa,34.67575757575758,0.8282828282828284,phi_deg,deg,307053.0,1.0,sigma_ci_MPa,MPa,18.86868686868687,0.686868686868687,mi,-,40.25252525252525,0.26262626262626265,GSI,-,0.5,0.5,D_hb,-,23445.9,0.4613643,0.2406224545454545,0.307053,1.0967880167252217,0.0003469499702624831,0.5111751422917337
P0085,min_max_sweep_100_lhs,Fault,Fault,Fault,True,,,2490.0,0.5,density_kg_m3,kg/m3,515151515.1515151,0.787878787878788,E_GPa,GPa,0.3207070707070707,0.4141414141414142,nu,-,25656.565656565654,0.5656565656565657,c_MPa,MPa,18.424242424242426,0.6060606060606061,phi_deg,deg,13484848.484848484,0.8484848484848485,sigma_ci_MPa,MPa,4.666666666666667,0.5555555555555556,mi,-,22.272727272727273,0.48484848484848486,GSI,-,0.5,0.5,D_hb,-,24426.9,0.5151515151515151,0.025656565656565655,13.484848484848484,0.11522671456352325,3.1559485524126905e-05,0.5375440046686026
P0085,min_max_sweep_100_lhs,Interbedded_ST,Interbedded_ST,Interbedded_ST,True,,,2520.0,0.5,density_kg_m3,kg/m3,1934910527.2727275,0.6565656565656566,E_GPa,GPa,0.22343434343434343,0.07070707070707072,nu,-,105462.45454545454,0.6565656565656566,c_MPa,MPa,18.784848484848485,0.12121212121212122,phi_deg,deg,1618650.0,0.5,sigma_ci_MPa,MPa,7.909090909090909,0.18181818181818182,mi,-,33.63636363636364,0.24242424242424243,GSI,-,0.5,0.5,D_hb,-,24721.2,1.9349105272727274,0.10546245454545454,1.61865,0.33549094439124766,0.0001435991459939969,0.5174880169880441
P0085,min_max_sweep_100_lhs,SH_ST,SH_ST,SH_ST,True,,,2523.030303030303,0.6060606060606061,density_kg_m3,kg/m3,2964680100.0,0.5,E_GPa,GPa,0.38,0.5,nu,-,155541.0181818182,0.7373737373737375,c_MPa,MPa,45.71,1.0,phi_deg,deg,4831732.181818181,0.25252525252525254,sigma_ci_MPa,MPa,7.474747474747475,0.8686868686868687,mi,-,36.21212121212121,0.7474747474747475,GSI,-,0.5,0.5,D_hb,-,24750.927272727273,2.9646801,0.15554101818181817,4.831732181818181,0.35844225657031914,0.00020244334161718323,0.514695244600451
P0085,min_max_sweep_100_lhs,SS_NC,SS_NC,SS_NC,False,,,2539.6969696969695,0.4141414141414142,density_kg_m3,kg/m3,3590204345.454546,0.8080808080808082,E_GPa,GPa,0.20797979797979796,0.4141414141414142,nu,-,30935.190909090907,0.020202020202020204,c_MPa,MPa,45.56939393939394,0.9393939393939394,phi_deg,deg,5072859.999999999,0.07070707070707072,sigma_ci_MPa,MPa,16.848484848484848,0.48484848484848486,mi,-,50.151515151515156,0.6767676767676768,GSI,-,0.5,0.5,D_hb,-,24914.427272727273,3.590204345454546,0.030935190909090908,5.0728599999999995,1.569133190682047,0.0012986050274425504,0.5056738049970906
P0085,min_max_sweep_100_lhs,SS_NK,SS_NK,SS_NK,False,,,2390.0,0.5,density_kg_m3,kg/m3,461364300.0,0.5,E_GPa,GPa,0.38,0.5,nu,-,200252.81818181818,0.7171717171717172,c_MPa,MPa,27.845454545454547,0.36363636363636365,phi_deg,deg,273163.9090909091,0.696969696969697,sigma_ci_MPa,MPa,12.404040404040405,0.04040404040404041,mi,-,40.858585858585855,0.29292929292929293,GSI,-,0.5,0.5,D_hb,-,23445.9,0.4613643,0.20025281818181817,0.2731639090909091,0.742126505554952,0.00037615025293694576,0.5107242223029227
P0086,min_max_sweep_100_lhs,Fault,Fault,Fault,True,,,2490.0,0.5,density_kg_m3,kg/m3,264646464.64646468,0.16161616161616163,E_GPa,GPa,0.3292929292929293,0.5858585858585859,nu,-,23434.34343434343,0.3434343434343435,c_MPa,MPa,18.545454545454547,0.6363636363636365,phi_deg,deg,10454545.454545453,0.5454545454545455,sigma_ci_MPa,MPa,4.242424242424242,0.4141414141414142,mi,-,15.303030303030303,0.020202020202020204,GSI,-,0.5,0.5,D_hb,-,24426.9,0.2646464646464647,0.023434343434343433,10.454545454545453,0.0751661582907605,1.2460719606657929e-05,0.5598749110444853
P0086,min_max_sweep_100_lhs,Interbedded_ST,Interbedded_ST,Interbedded_ST,True,,,2520.0,0.5,density_kg_m3,kg/m3,1808720236.3636365,0.393939393939394,E_GPa,GPa,0.21,0.0,nu,-,123695.18181818181,0.8181818181818182,c_MPa,MPa,21.532323232323233,0.8080808080808082,phi_deg,deg,1618650.0,0.5,sigma_ci_MPa,MPa,8.515151515151516,0.30303030303030304,mi,-,38.63636363636364,0.5757575757575758,GSI,-,0.5,0.5,D_hb,-,24721.2,1.8087202363636365,0.12369518181818182,1.61865,0.45830021689346057,0.00027969294491888777,0.5124705864258157
P0086,min_max_sweep_100_lhs,SH_ST,SH_ST,SH_ST,True,,,2428.5858585858587,0.05050505050505051,density_kg_m3,kg/m3,2964680100.0,0.5,E_GPa,GPa,0.38,0.5,nu,-,66492.97272727273,0.2828282828282829,c_MPa,MPa,38.907777777777774,0.7777777777777778,phi_deg,deg,258250.72727272724,0.010101010101010102,sigma_ci_MPa,MPa,6.707070707070708,0.6767676767676768,mi,-,32.72727272727273,0.5151515151515152,GSI,-,0.5,0.5,D_hb,-,23824.427272727276,2.9646801,0.06649297272727273,0.25825072727272724,0.27244979943101233,0.00012720673381058853,0.5185939255859529
P0086,min_max_sweep_100_lhs,SS_NC,SS_NC,SS_NC,False,,,2607.5757575757575,0.9797979797979799,density_kg_m3,kg/m3,1738504418.1818185,0.32323232323232326,E_GPa,GPa,0.18676767676767675,0.26262626262626265,nu,-,199931.76363636364,0.4141414141414142,c_MPa,MPa,24.442727272727275,0.27272727272727276,phi_deg,deg,17808420.0,0.30303030303030304,sigma_ci_MPa,MPa,20.383838383838384,0.8383838383838385,mi,-,42.72727272727273,0.18181818181818182,GSI,-,0.5,0.5,D_hb,-,25580.318181818184,1.7385044181818186,0.19993176363636364,17.80842,1.3330500981601803,0.0004825801020447391,0.5094432327356009
P0086,min_max_sweep_100_lhs,SS_NK,SS_NK,SS_NK,False,,,2390.0,0.5,density_kg_m3,kg/m3,461364300.0,0.5,E_GPa,GPa,0.38,0.5,nu,-,209864.63636363632,0.7676767676767677,c_MPa,MPa,35.26969696969697,0.8686868686868687,phi_deg,deg,237015.54545454544,0.37373737373737376,sigma_ci_MPa,MPa,21.19191919191919,0.9191919191919192,mi,-,51.161616161616166,0.8080808080808082,GSI,-,0.5,0.5,D_hb,-,23445.9,0.4613643,0.20986463636363634,0.23701554545454545,2.0708985872095655,0.0014858258820621495,0.5052904981696704
P0087,min_max_sweep_100_lhs,Fault,Fault,Fault,True,,,2490.0,0.5,density_kg_m3,kg/m3,458585858.5858586,0.6464646464646465,E_GPa,GPa,0.32474747474747473,0.494949494949495,nu,-,27272.727272727272,0.7272727272727273,c_MPa,MPa,17.373737373737374,0.3434343434343435,phi_deg,deg,7020202.020202021,0.20202020202020204,sigma_ci_MPa,MPa,3.0,0.0,mi,-,21.96969696969697,0.4646464646464647,GSI,-,0.5,0.5,D_hb,-,24426.9,0.4585858585858586,0.02727272727272727,7.020202020202021,0.0730130981613797,3.0309771549970446e-05,0.5383145110596674
P0087,min_max_sweep_100_lhs,Interbedded_ST,Interbedded_ST,Interbedded_ST,True,,,2520.0,0.5,density_kg_m3,kg/m3,2065954290.909091,0.9292929292929294,E_GPa,GPa,0.2867676767676768,0.4040404040404041,nu,-,74694.72727272728,0.38383838383838387,c_MPa,MPa,20.805050505050506,0.6262626262626263,phi_deg,deg,1618650.0,0.5,sigma_ci_MPa,MPa,8.464646464646464,0.29292929292929293,mi,-,33.333333333333336,0.22222222222222224,GSI,-,0.5,0.5,D_hb,-,24721.2,2.065954290909091,0.07469472727272727,1.61865,0.3539127290829405,0.00013791280933656217,0.5178492315700927
P0087,min_max_sweep_100_lhs,SH_ST,SH_ST,SH_ST,True,,,2437.1717171717173,0.10101010101010102,density_kg_m3,kg/m3,2964680100.0,0.5,E_GPa,GPa,0.38,0.5,nu,-,48683.36363636363,0.19191919191919193,c_MPa,MPa,32.105555555555554,0.5555555555555556,phi_deg,deg,4260046.999999999,0.22222222222222224,sigma_ci_MPa,MPa,5.05050505050505,0.26262626262626265,mi,-,31.363636363636363,0.42424242424242425,GSI,-,0.5,0.5,D_hb,-,23908.65454545455,2.9646801,0.048683363636363636,4.260046999999999,0.19225935328339813,0.00010605898551339095,0.5203836850433791
P0087,min_max_sweep_100_lhs,SS_NC,SS_NC,SS_NC,False,,,2532.4242424242425,0.3535353535353536,density_kg_m3,kg/m3,1584196090.9090912,0.2828282828282829,E_GPa,GPa,0.15565656565656566,0.04040404040404041,nu,-,134933.08181818182,0.26262626262626265,c_MPa,MPa,27.003535353535355,0.3535353535353536,phi_deg,deg,29990260.0,0.5252525252525253,sigma_ci_MPa,MPa,21.595959595959595,0.9595959595959597,mi,-,45.90909090909091,0.393939393939394,GSI,-,0.5,0.5,D_hb,-,24843.08181818182,1.5841960909090913,0.1349330818181818,29.99026,1.6433694316932177,0.0007375909081038948,0.5075977755405124
P0087,min_max_sweep_100_lhs,SS_NK,SS_NK,SS_NK,False,,,2390.0,0.5,density_kg_m3,kg/m3,461364300.0,0.5,E_GPa,GPa,0.38,0.5,nu,-,188718.63636363632,0.6565656565656566,c_MPa,MPa,36.903030303030306,0.9797979797979799,phi_deg,deg,301404.8181818182,0.9494949494949496,sigma_ci_MPa,MPa,19.272727272727273,0.7272727272727273,mi,-,53.38383838383838,0.9191919191919192,GSI,-,0.5,0.5,D_hb,-,23445.9,0.4613643,0.1887186363636363,0.3014048181818182,2.0935763630180766,0.0019982405402468027,0.5045328080972895
P0088,min_max_sweep_100_lhs,Fault,Fault,Fault,True,,,2490.0,0.5,density_kg_m3,kg/m3,373737373.73737377,0.43434343434343436,E_GPa,GPa,0.33888888888888885,0.7777777777777778,nu,-,27676.767676767675,0.7676767676767677,c_MPa,MPa,19.838383838383837,0.9595959595959597,phi_deg,deg,13989898.989898989,0.8989898989898991,sigma_ci_MPa,MPa,5.242424242424242,0.7474747474747475,mi,-,23.03030303030303,0.5353535353535354,GSI,-,0.5,0.5,D_hb,-,24426.9,0.37373737373737376,0.027676767676767675,13.98989898989899,0.1341979094825266,3.491387432502856e-05,0.5356844832712456
P0088,min_max_sweep_100_lhs,Interbedded_ST,Interbedded_ST,Interbedded_ST,True,,,2520.0,0.5,density_kg_m3,kg/m3,1638848690.909091,0.04040404040404041,E_GPa,GPa,0.2733333333333333,0.33333333333333337,nu,-,49624.72727272728,0.16161616161616163,c_MPa,MPa,21.815151515151516,0.8787878787878789,phi_deg,deg,1618650.0,0.5,sigma_ci_MPa,MPa,8.11111111111111,0.22222222222222224,mi,-,33.18181818181818,0.21212121212121213,GSI,-,0.5,0.5,D_hb,-,24721.2,1.638848690909091,0.04962472727272728,1.61865,0.33669314311004456,0.000135154646016651,0.5180325938326162
P0088,min_max_sweep_100_lhs,SH_ST,SH_ST,SH_ST,True,,,2435.4545454545455,0.09090909090909091,density_kg_m3,kg/m3,2964680100.0,0.5,E_GPa,GPa,0.38,0.5,nu,-,76387.19999999998,0.33333333333333337,c_MPa,MPa,43.545656565656564,0.9292929292929294,phi_deg,deg,16837121.0,0.888888888888889,sigma_ci_MPa,MPa,8.0,1.0,mi,-,26.81818181818182,0.12121212121212122,GSI,-,0.5,0.5,D_hb,-,23891.809090909093,2.9646801,0.07638719999999999,16.837121,0.24526722631946432,5.785470610083026e-05,0.5276736782815239
P0088,min_max_sweep_100_lhs,SS_NC,SS_NC,SS_NC,False,,,2525.151515151515,0.29292929292929293,density_kg_m3,kg/m3,2664354381.818183,0.5656565656565657,E_GPa,GPa,0.2447474747474747,0.6767676767676768,nu,-,69934.4,0.11111111111111112,c_MPa,MPa,21.241717171717173,0.17171717171717174,phi_deg,deg,32758860.0,0.5757575757575758,sigma_ci_MPa,MPa,18.666666666666668,0.6666666666666667,mi,-,54.84848484848485,0.98989898989899,GSI,-,0.5,0.5,D_hb,-,24771.736363636363,2.6643543818181827,0.0699344,32.75886,2.1742140697440586,0.002429178802258864,0.504091400856475
P0088,min_max_sweep_100_lhs,SS_NK,SS_NK,SS_NK,False,,,2390.0,0.5,density_kg_m3,kg/m3,461364300.0,0.5,E_GPa,GPa,0.38,0.5,nu,-,159883.18181818182,0.5050505050505051,c_MPa,MPa,26.65757575757576,0.2828282828282829,phi_deg,deg,203126.45454545456,0.07070707070707072,sigma_ci_MPa,MPa,14.727272727272727,0.27272727272727276,mi,-,42.676767676767675,0.38383838383838387,GSI,-,0.5,0.5,D_hb,-,23445.9,0.4613643,0.1598831818181818,0.20312645454545455,0.9608118572796841,0.00047934132161152646,0.50947579708377
P0089,min_max_sweep_100_lhs,Fault,Fault,Fault,True,,,2490.0,0.5,density_kg_m3,kg/m3,220202020.2020202,0.05050505050505051,E_GPa,GPa,0.3095959595959596,0.19191919191919193,nu,-,28484.848484848484,0.8484848484848485,c_MPa,MPa,19.7979797979798,0.9494949494949496,phi_deg,deg,9646464.646464648,0.4646464646464647,sigma_ci_MPa,MPa,3.787878787878788,0.26262626262626265,mi,-,18.484848484848484,0.23232323232323235,GSI,-,0.5,0.5,D_hb,-,24426.9,0.2202020202020202,0.028484848484848484,9.646464646464647,0.07809199643303244,1.9045363560080585e-05,0.5483902780859854
P0089,min_max_sweep_100_lhs,Interbedded_ST,Interbedded_ST,Interbedded_ST,True,,,2520.0,0.5,density_kg_m3,kg/m3,1964031363.6363637,0.7171717171717172,E_GPa,GPa,0.31747474747474747,0.5656565656565657,nu,-,98625.18181818182,0.595959595959596,c_MPa,MPa,21.330303030303032,0.7575757575757577,phi_deg,deg,1618650.0,0.5,sigma_ci_MPa,MPa,10.98989898989899,0.797979797979798,mi,-,30.0,0.0,GSI,-,0.5,0.5,D_hb,-,24721.2,1.9640313636363638,0.09862518181818182,1.61865,0.39205358345263236,8.842698865988302e-05,0.5223437749058788
P0089,min_max_sweep_100_lhs,SH_ST,SH_ST,SH_ST,True,,,2571.1111111111113,0.888888888888889,density_kg_m3,kg/m3,2964680100.0,0.5,E_GPa,GPa,0.38,0.5,nu,-,127837.18181818182,0.595959595959596,c_MPa,MPa,33.96070707070707,0.6161616161616162,phi_deg,deg,17789929.636363633,0.9393939393939394,sigma_ci_MPa,MPa,6.141414141414142,0.5353535353535354,mi,-,27.272727272727273,0.15151515151515152,GSI,-,0.5,0.5,D_hb,-,25222.600000000002,2.9646801,0.12783718181818182,17.789929636363635,0.1924058316128272,6.14694842735143e-05,0.5268413295634181
P0089,min_max_sweep_100_lhs,SS_NC,SS_NC,SS_NC,False,,,2573.6363636363635,0.696969696969697,density_kg_m3,kg/m3,2741508545.454546,0.5858585858585859,E_GPa,GPa,0.28717171717171713,0.9797979797979799,nu,-,195598.5181818182,0.4040404040404041,c_MPa,MPa,22.2020202020202,0.20202020202020204,phi_deg,deg,6734020.0,0.10101010101010102,sigma_ci_MPa,MPa,16.242424242424242,0.42424242424242425,mi,-,43.333333333333336,0.22222222222222224,GSI,-,0.5,0.5,D_hb,-,25247.372727272726,2.741508545454546,0.1955985181818182,6.73402,1.093314492589295,0.0005231953970456776,0.5090608940794171
P0089,min_max_sweep_100_lhs,SS_NK,SS_NK,SS_NK,False,,,2390.0,0.5,density_kg_m3,kg/m3,461364300.0,0.5,E_GPa,GPa,0.38,0.5,nu,-,94522.81818181818,0.16161616161616163,c_MPa,MPa,25.46969696969697,0.20202020202020204,phi_deg,deg,264126.81818181823,0.6161616161616162,sigma_ci_MPa,MPa,17.95959595959596,0.595959595959596,mi,-,46.515151515151516,0.5757575757575758,GSI,-,0.5,0.5,D_hb,-,23445.9,0.4613643,0.09452281818181818,0.2641268181818182,1.4066725460700296,0.0007996686278352246,0.5072885145535969
P0090,min_max_sweep_100_lhs,Fault,Fault,Fault,True,,,2490.0,0.5,density_kg_m3,kg/m3,539393939.3939394,0.8484848484848485,E_GPa,GPa,0.32626262626262625,0.5252525252525253,nu,-,21111.111111111113,0.11111111111111112,c_MPa,MPa,16.444444444444443,0.11111111111111112,phi_deg,deg,11868686.868686868,0.686868686868687,sigma_ci_MPa,MPa,5.545454545454545,0.8484848484848485,mi,-,23.78787878787879,0.5858585858585859,GSI,-,0.5,0.5,D_hb,-,24426.9,0.5393939393939394,0.021111111111111112,11.868686868686869,0.14716953789169773,3.862479378670452e-05,0.5339165449262623
P0090,min_max_sweep_100_lhs,Interbedded_ST,Interbedded_ST,Interbedded_ST,True,,,2520.0,0.5,density_kg_m3,kg/m3,1998005672.7272727,0.787878787878788,E_GPa,GPa,0.3808080808080808,0.8989898989898991,nu,-,121416.0909090909,0.797979797979798,c_MPa,MPa,22.05757575757576,0.9393939393939394,phi_deg,deg,1618650.0,0.5,sigma_ci_MPa,MPa,11.545454545454545,0.9090909090909092,mi,-,32.121212121212125,0.14141414141414144,GSI,-,0.5,0.5,D_hb,-,24721.2,1.9980056727272728,0.1214160909090909,1.61865,0.45564949394490634,0.0001173317634859323,0.5193693243702919
P0090,min_max_sweep_100_lhs,SH_ST,SH_ST,SH_ST,True,,,2545.3535353535353,0.7373737373737375,density_kg_m3,kg/m3,2964680100.0,0.5,E_GPa,GPa,0.38,0.5,nu,-,80344.89090909091,0.3535353535353536,c_MPa,MPa,16.027575757575757,0.030303030303030304,phi_deg,deg,18933300.0,1.0,sigma_ci_MPa,MPa,5.01010101010101,0.25252525252525254,mi,-,37.72727272727273,0.8484848484848485,GSI,-,0.5,0.5,D_hb,-,24969.918181818182,2.9646801,0.08034489090909092,18.9333,0.2582281225560971,0.0002477648856942644,0.5132630045628501
P0090,min_max_sweep_100_lhs,SS_NC,SS_NC,SS_NC,False,,,2492.4242424242425,0.020202020202020204,density_kg_m3,kg/m3,1082694027.2727275,0.15151515151515152,E_GPa,GPa,0.24898989898989898,0.7070707070707072,nu,-,364595.0909090909,0.797979797979798,c_MPa,MPa,20.281414141414142,0.14141414141414144,phi_deg,deg,28329099.999999996,0.494949494949495,sigma_ci_MPa,MPa,14.727272727272727,0.27272727272727276,mi,-,42.57575757575758,0.17171717171717174,GSI,-,0.5,0.5,D_hb,-,24450.68181818182,1.0826940272727275,0.36459509090909087,28.329099999999997,0.9562014445672495,0.0004729288249604585,0.509541255637717
P0090,min_max_sweep_100_lhs,SS_NK,SS_NK,SS_NK,False,,,2390.0,0.5,density_kg_m3,kg/m3,461364300.0,0.5,E_GPa,GPa,0.38,0.5,nu,-,236777.72727272726,0.9090909090909092,c_MPa,MPa,25.766666666666666,0.22222222222222224,phi_deg,deg,199737.54545454547,0.04040404040404041,sigma_ci_MPa,MPa,21.7979797979798,0.9797979797979799,mi,-,39.44444444444444,0.22222222222222224,GSI,-,0.5,0.5,D_hb,-,23445.9,0.4613643,0.23677772727272728,0.19973754545454547,1.2192298782463316,0.00031151157108883507,0.5118054215180742
P0091,min_max_sweep_100_lhs,Fault,Fault,Fault,True,,,2490.0,0.5,density_kg_m3,kg/m3,305050505.0505051,0.26262626262626265,E_GPa,GPa,0.31717171717171716,0.3434343434343435,nu,-,22828.28282828283,0.2828282828282829,c_MPa,MPa,19.91919191919192,0.9797979797979799,phi_deg,deg,12070707.070707072,0.7070707070707072,sigma_ci_MPa,MPa,5.424242424242424,0.8080808080808082,mi,-,20.151515151515152,0.3434343434343435,GSI,-,0.5,0.5,D_hb,-,24426.9,0.3050505050505051,0.02282828282828283,12.070707070707071,0.12106465249590583,2.3784780741732513e-05,0.5432792182095882
P0091,min_max_sweep_100_lhs,Interbedded_ST,Interbedded_ST,Interbedded_ST,True,,,2520.0,0.5,density_kg_m3,kg/m3,1731064672.7272727,0.23232323232323235,E_GPa,GPa,0.2637373737373737,0.2828282828282829,nu,-,106602.0,0.6666666666666667,c_MPa,MPa,21.734343434343437,0.8585858585858587,phi_deg,deg,1618650.0,0.5,sigma_ci_MPa,MPa,10.636363636363637,0.7272727272727273,mi,-,39.696969696969695,0.6464646464646465,GSI,-,0.5,0.5,D_hb,-,24721.2,1.7310646727272727,0.106602,1.61865,0.6021225941892397,0.00032217875058529444,0.5116047997201273
P0091,min_max_sweep_100_lhs,SH_ST,SH_ST,SH_ST,True,,,2565.959595959596,0.8585858585858587,density_kg_m3,kg/m3,2964680100.0,0.5,E_GPa,GPa,0.38,0.5,nu,-,161477.55454545454,0.7676767676767677,c_MPa,MPa,42.30888888888889,0.888888888888889,phi_deg,deg,18552176.545454543,0.9797979797979799,sigma_ci_MPa,MPa,5.171717171717171,0.29292929292929293,mi,-,37.121212121212125,0.8080808080808082,GSI,-,0.5,0.5,D_hb,-,25172.063636363637,2.9646801,0.16147755454545454,18.552176545454543,0.258975136665001,0.00022853106983852626,0.51381860207001
P0091,min_max_sweep_100_lhs,SS_NC,SS_NC,SS_NC,False,,,2608.787878787879,0.98989898989899,density_kg_m3,kg/m3,2047121072.7272727,0.4040404040404041,E_GPa,GPa,0.17262626262626263,0.16161616161616163,nu,-,152266.06363636363,0.30303030303030304,c_MPa,MPa,33.085454545454546,0.5454545454545455,phi_deg,deg,38849780.0,0.686868686868687,sigma_ci_MPa,MPa,19.575757575757574,0.7575757575757577,mi,-,49.54545454545455,0.6363636363636365,GSI,-,0.5,0.5,D_hb,-,25592.209090909095,2.047121072727273,0.15226606363636364,38.84978,1.7712659903786574,0.0011977952218190572,0.5059164892665391
P0091,min_max_sweep_100_lhs,SS_NK,SS_NK,SS_NK,False,,,2390.0,0.5,density_kg_m3,kg/m3,461364300.0,0.5,E_GPa,GPa,0.38,0.5,nu,-,104134.63636363635,0.21212121212121213,c_MPa,MPa,34.37878787878788,0.8080808080808082,phi_deg,deg,259608.2727272727,0.5757575757575758,sigma_ci_MPa,MPa,18.767676767676768,0.6767676767676768,mi,-,36.81818181818182,0.09090909090909091,GSI,-,0.5,0.5,D_hb,-,23445.9,0.4613643,0.10413463636363636,0.2596082727272727,0.9263325908672081,0.00021948154109105087,0.5141049332060894
P0092,min_max_sweep_100_lhs,Fault,Fault,Fault,True,,,2490.0,0.5,density_kg_m3,kg/m3,321212121.21212125,0.30303030303030304,E_GPa,GPa,0.33939393939393936,0.787878787878788,nu,-,29898.989898989897,0.98989898989899,c_MPa,MPa,18.747474747474747,0.686868686868687,phi_deg,deg,9444444.444444444,0.4444444444444445,sigma_ci_MPa,MPa,3.909090909090909,0.30303030303030304,mi,-,20.90909090909091,0.393939393939394,GSI,-,0.5,0.5,D_hb,-,24426.9,0.3212121212121212,0.029898989898989897,9.444444444444445,0.09045263609532701,2.6312813148692228e-05,0.5411372325379051
P0092,min_max_sweep_100_lhs,Interbedded_ST,Interbedded_ST,Interbedded_ST,True,,,2520.0,0.5,density_kg_m3,kg/m3,1799013290.909091,0.37373737373737376,E_GPa,GPa,0.36353535353535354,0.8080808080808082,nu,-,65578.36363636363,0.30303030303030304,c_MPa,MPa,19.26969696969697,0.24242424242424243,phi_deg,deg,1618650.0,0.5,sigma_ci_MPa,MPa,10.131313131313131,0.6262626262626263,mi,-,32.72727272727273,0.18181818181818182,GSI,-,0.5,0.5,D_hb,-,24721.2,1.799013290909091,0.06557836363636363,1.61865,0.41154691088750806,0.00012720673381058853,0.5185939255859529
P0092,min_max_sweep_100_lhs,SH_ST,SH_ST,SH_ST,True,,,2557.373737373737,0.8080808080808082,density_kg_m3,kg/m3,2964680100.0,0.5,E_GPa,GPa,0.38,0.5,nu,-,141689.09999999998,0.6666666666666667,c_MPa,MPa,23.138989898989898,0.26262626262626265,phi_deg,deg,4641170.454545453,0.24242424242424243,sigma_ci_MPa,MPa,6.98989898989899,0.7474747474747475,mi,-,33.63636363636364,0.5757575757575758,GSI,-,0.5,0.5,D_hb,-,25087.836363636365,2.9646801,0.14168909999999998,4.6411704545454535,0.296500298235943,0.0001435991459939969,0.5174880169880441
P0092,min_max_sweep_100_lhs,SS_NC,SS_NC,SS_NC,False,,,2590.6060606060605,0.8383838383838385,density_kg_m3,kg/m3,1507041927.2727275,0.26262626262626265,E_GPa,GPa,0.2801010101010101,0.9292929292929294,nu,-,290929.91818181815,0.6262626262626263,c_MPa,MPa,22.522121212121213,0.21212121212121213,phi_deg,deg,27221660.0,0.4747474747474748,sigma_ci_MPa,MPa,18.96969696969697,0.696969696969697,mi,-,52.878787878787875,0.8585858585858587,GSI,-,0.5,0.5,D_hb,-,25413.845454545455,1.5070419272727276,0.2909299181818181,27.22166,2.0116908065801407,0.0018681095732701282,0.5046952895302752
P0092,min_max_sweep_100_lhs,SS_NK,SS_NK,SS_NK,False,,,2390.0,0.5,density_kg_m3,kg/m3,461364300.0,0.5,E_GPa,GPa,0.38,0.5,nu,-,173339.72727272726,0.5757575757575758,c_MPa,MPa,32.74545454545455,0.696969696969697,phi_deg,deg,276552.8181818182,0.7272727272727273,sigma_ci_MPa,MPa,16.444444444444443,0.4444444444444445,mi,-,36.21212121212121,0.06060606060606061,GSI,-,0.5,0.5,D_hb,-,23445.9,0.4613643,0.17333972727272726,0.27655281818181815,0.788572964454702,0.00020244334161718323,0.514695244600451
P0093,min_max_sweep_100_lhs,Fault,Fault,Fault,True,,,2490.0,0.5,density_kg_m3,kg/m3,200000000.0,0.0,E_GPa,GPa,0.33838383838383834,0.7676767676767677,nu,-,22929.292929292933,0.29292929292929293,c_MPa,MPa,18.707070707070706,0.6767676767676768,phi_deg,deg,10757575.757575758,0.5757575757575758,sigma_ci_MPa,MPa,3.515151515151515,0.17171717171717174,mi,-,28.484848484848484,0.8989898989898991,GSI,-,0.5,0.5,D_hb,-,24426.9,0.2,0.022929292929292935,10.757575757575758,0.11667059108705088,7.225178428044667e-05,0.5247411901938472
P0093,min_max_sweep_100_lhs,Interbedded_ST,Interbedded_ST,Interbedded_ST,True,,,2520.0,0.5,density_kg_m3,kg/m3,1891229272.7272727,0.5656565656565657,E_GPa,GPa,0.36737373737373735,0.8282828282828284,nu,-,100904.27272727274,0.6161616161616162,c_MPa,MPa,21.20909090909091,0.7272727272727273,phi_deg,deg,1618650.0,0.5,sigma_ci_MPa,MPa,8.363636363636363,0.27272727272727276,mi,-,38.93939393939394,0.595959595959596,GSI,-,0.5,0.5,D_hb,-,24721.2,1.8912292727272728,0.10090427272727273,1.61865,0.45668810558330836,0.00029122507346567754,0.512216941124816
P0093,min_max_sweep_100_lhs,SH_ST,SH_ST,SH_ST,True,,,2495.5555555555557,0.4444444444444445,density_kg_m3,kg/m3,2964680100.0,0.5,E_GPa,GPa,0.38,0.5,nu,-,26916.063636363637,0.08080808080808081,c_MPa,MPa,45.400808080808076,0.98989898989899,phi_deg,deg,12644762.999999998,0.6666666666666667,sigma_ci_MPa,MPa,4.484848484848484,0.12121212121212122,mi,-,35.90909090909091,0.7272727272727273,GSI,-,0.5,0.5,D_hb,-,24481.4,2.9646801,0.026916063636363636,12.644762999999998,0.21198424149357217,0.0001944268524763669,0.5149994657857697
P0093,min_max_sweep_100_lhs,SS_NC,SS_NC,SS_NC,False,,,2597.878787878788,0.8989898989898991,density_kg_m3,kg/m3,1892812745.4545457,0.36363636363636365,E_GPa,GPa,0.15848484848484848,0.06060606060606061,nu,-,295263.16363636364,0.6363636363636365,c_MPa,MPa,30.204545454545453,0.4545454545454546,phi_deg,deg,51031620.00000001,0.9090909090909092,sigma_ci_MPa,MPa,20.080808080808083,0.8080808080808082,mi,-,50.90909090909091,0.7272727272727273,GSI,-,0.5,0.5,D_hb,-,25485.19090909091,1.8928127454545458,0.2952631636363636,51.03162000000001,1.938863931879921,0.0014366309200863874,0.5053839187595246
P0093,min_max_sweep_100_lhs,SS_NK,SS_NK,SS_NK,False,,,2390.0,0.5,density_kg_m3,kg/m3,461364300.0,0.5,E_GPa,GPa,0.38,0.5,nu,-,107979.36363636362,0.23232323232323235,c_MPa,MPa,29.47878787878788,0.4747474747474748,phi_deg,deg,240404.45454545456,0.4040404040404041,sigma_ci_MPa,MPa,12.1010101010101,0.010101010101010102,mi,-,35.60606060606061,0.030303030303030304,GSI,-,0.5,0.5,D_hb,-,23445.9,0.4613643,0.10797936363636362,0.24040445454545456,0.56378114823287,0.0001867278057252655,0.5153098953534061
P0094,min_max_sweep_100_lhs,Fault,Fault,Fault,True,,,2490.0,0.5,density_kg_m3,kg/m3,595959595.959596,0.98989898989899,E_GPa,GPa,0.3126262626262626,0.25252525252525254,nu,-,28585.858585858583,0.8585858585858587,c_MPa,MPa,18.949494949494948,0.7373737373737375,phi_deg,deg,11767676.767676769,0.6767676767676768,sigma_ci_MPa,MPa,5.090909090909091,0.696969696969697,mi,-,23.484848484848484,0.5656565656565657,GSI,-,0.5,0.5,D_hb,-,24426.9,0.595959595959596,0.028585858585858583,11.767676767676768,0.13317087171053058,3.70953029302312e-05,0.534613024070017
P0094,min_max_sweep_100_lhs,Interbedded_ST,Interbedded_ST,Interbedded_ST,True,,,2520.0,0.5,density_kg_m3,kg/m3,1663116054.5454547,0.09090909090909091,E_GPa,GPa,0.35393939393939394,0.7575757575757577,nu,-,138509.27272727274,0.9494949494949496,c_MPa,MPa,20.037373737373738,0.43434343434343436,phi_deg,deg,1618650.0,0.5,sigma_ci_MPa,MPa,10.737373737373737,0.7474747474747475,mi,-,36.96969696969697,0.4646464646464647,GSI,-,0.5,0.5,D_hb,-,24721.2,1.6631160545454546,0.13850927272727273,1.61865,0.5338115135368321,0.00022396060232850382,0.513961044585773
P0094,min_max_sweep_100_lhs,SH_ST,SH_ST,SH_ST,True,,,2572.8282828282827,0.8989898989898991,density_kg_m3,kg/m3,2964680100.0,0.5,E_GPa,GPa,0.38,0.5,nu,-,52641.05454545454,0.21212121212121213,c_MPa,MPa,16.955151515151513,0.06060606060606061,phi_deg,deg,16646559.27272727,0.8787878787878789,sigma_ci_MPa,MPa,7.030303030303031,0.7575757575757577,mi,-,31.666666666666668,0.4444444444444445,GSI,-,0.5,0.5,D_hb,-,25239.445454545454,2.9646801,0.05264105454545454,16.64655927272727,0.2715148503266066,0.00011043194477711959,0.5199717830984983
P0094,min_max_sweep_100_lhs,SS_NC,SS_NC,SS_NC,False,,,2553.030303030303,0.5252525252525253,density_kg_m3,kg/m3,1777081500.0000005,0.33333333333333337,E_GPa,GPa,0.21505050505050505,0.4646464646464647,nu,-,273596.93636363634,0.5858585858585859,c_MPa,MPa,33.40555555555555,0.5555555555555556,phi_deg,deg,41064660.0,0.7272727272727273,sigma_ci_MPa,MPa,18.161616161616163,0.6161616161616162,mi,-,41.06060606060606,0.07070707070707072,GSI,-,0.5,0.5,D_hb,-,25045.227272727272,1.7770815000000004,0.27359693636363636,41.06466,1.097102439314447,0.00038641993761063295,0.5105779191091319
P0094,min_max_sweep_100_lhs,SS_NK,SS_NK,SS_NK,False,,,2390.0,0.5,density_kg_m3,kg/m3,461364300.0,0.5,E_GPa,GPa,0.38,0.5,nu,-,117591.18181818182,0.2828282828282829,c_MPa,MPa,25.618181818181817,0.21212121212121213,phi_deg,deg,200867.18181818182,0.05050505050505051,sigma_ci_MPa,MPa,14.02020202020202,0.20202020202020204,mi,-,43.282828282828284,0.4141414141414142,GSI,-,0.5,0.5,D_hb,-,23445.9,0.4613643,0.11759118181818182,0.20086718181818183,0.9414647141821678,0.00051968403176659,0.5090921689223776
P0095,min_max_sweep_100_lhs,Fault,Fault,Fault,True,,,2490.0,0.5,density_kg_m3,kg/m3,519191919.1919192,0.797979797979798,E_GPa,GPa,0.302020202020202,0.04040404040404041,nu,-,20808.080808080806,0.08080808080808081,c_MPa,MPa,16.282828282828284,0.07070707070707072,phi_deg,deg,11666666.666666668,0.6666666666666667,sigma_ci_MPa,MPa,4.757575757575758,0.5858585858585859,mi,-,29.696969696969695,0.9797979797979799,GSI,-,0.5,0.5,D_hb,-,24426.9,0.5191919191919192,0.020808080808080807,11.666666666666668,0.16729022446275058,8.492539661598396e-05,0.5228040831837348
P0095,min_max_sweep_100_lhs,Interbedded_ST,Interbedded_ST,Interbedded_ST,True,,,2520.0,0.5,density_kg_m3,kg/m3,1716504254.5454545,0.20202020202020204,E_GPa,GPa,0.34434343434343434,0.7070707070707072,nu,-,141927.9090909091,0.9797979797979799,c_MPa,MPa,20.522222222222222,0.5555555555555556,phi_deg,deg,1618650.0,0.5,sigma_ci_MPa,MPa,11.94949494949495,0.98989898989899,mi,-,39.84848484848485,0.6565656565656566,GSI,-,0.5,0.5,D_hb,-,24721.2,1.7165042545454545,0.14192790909090908,1.61865,0.6813570208520628,0.00032875360123607925,0.5114860378569519
P0095,min_max_sweep_100_lhs,SH_ST,SH_ST,SH_ST,True,,,2474.949494949495,0.32323232323232326,density_kg_m3,kg/m3,2964680100.0,0.5,E_GPa,GPa,0.38,0.5,nu,-,70450.66363636364,0.30303030303030304,c_MPa,MPa,25.612525252525252,0.3434343434343435,phi_deg,deg,2354429.727272727,0.12121212121212122,sigma_ci_MPa,MPa,6.5858585858585865,0.6464646464646465,mi,-,36.66666666666667,0.7777777777777778,GSI,-,0.5,0.5,D_hb,-,24279.254545454547,2.9646801,0.07045066363636364,2.354429727272727,0.32272706786977695,0.00021509205806226583,0.5142502826120983
P0095,min_max_sweep_100_lhs,SS_NC,SS_NC,SS_NC,False,,,2550.6060606060605,0.5050505050505051,density_kg_m3,kg/m3,2162852318.1818185,0.43434343434343436,E_GPa,GPa,0.2772727272727272,0.9090909090909092,nu,-,191265.27272727274,0.393939393939394,c_MPa,MPa,42.04828282828283,0.8282828282828284,phi_deg,deg,36081180.0,0.6363636363636365,sigma_ci_MPa,MPa,15.737373737373737,0.37373737373737376,mi,-,43.63636363636364,0.24242424242424243,GSI,-,0.5,0.5,D_hb,-,25021.445454545454,2.1628523181818187,0.19126527272727273,36.08118,1.0747151957726784,0.0005447674698613483,0.5088754403293492
P0095,min_max_sweep_100_lhs,SS_NK,SS_NK,SS_NK,False,,,2390.0,0.5,density_kg_m3,kg/m3,461364300.0,0.5,E_GPa,GPa,0.38,0.5,nu,-,100289.9090909091,0.19191919191919193,c_MPa,MPa,25.172727272727272,0.18181818181818182,phi_deg,deg,222330.27272727274,0.24242424242424243,sigma_ci_MPa,MPa,20.383838383838384,0.8383838383838385,mi,-,50.55555555555556,0.7777777777777778,GSI,-,0.5,0.5,D_hb,-,23445.9,0.4613643,0.1002899090909091,0.22233027272727274,1.9352664094005818,0.001370482251631251,0.5055173781663013
P0096,min_max_sweep_100_lhs,Fault,Fault,Fault,True,,,2490.0,0.5,density_kg_m3,kg/m3,353535353.53535354,0.38383838383838387,E_GPa,GPa,0.30656565656565654,0.13131313131313133,nu,-,23131.31313131313,0.31313131313131315,c_MPa,MPa,17.21212121212121,0.30303030303030304,phi_deg,deg,12474747.474747473,0.7474747474747475,sigma_ci_MPa,MPa,4.090909090909091,0.36363636363636365,mi,-,26.060606060606062,0.7373737373737375,GSI,-,0.5,0.5,D_hb,-,24426.9,0.35353535353535354,0.02313131313131313,12.474747474747474,0.12097682218165749,5.229625170480921e-05,0.529118222553117
P0096,min_max_sweep_100_lhs,Interbedded_ST,Interbedded_ST,Interbedded_ST,True,,,2520.0,0.5,density_kg_m3,kg/m3,1837841072.727273,0.4545454545454546,E_GPa,GPa,0.24262626262626263,0.17171717171717174,nu,-,110020.63636363637,0.696969696969697,c_MPa,MPa,19.714141414141416,0.3535353535353536,phi_deg,deg,1618650.0,0.5,sigma_ci_MPa,MPa,10.333333333333334,0.6666666666666667,mi,-,42.878787878787875,0.8585858585858587,GSI,-,0.5,0.5,D_hb,-,24721.2,1.837841072727273,0.11002063636363636,1.61865,0.6806665064955763,0.0004924283372005971,0.5093461949799458
P0096,min_max_sweep_100_lhs,SH_ST,SH_ST,SH_ST,True,,,2533.3333333333335,0.6666666666666667,density_kg_m3,kg/m3,2964680100.0,0.5,E_GPa,GPa,0.38,0.5,nu,-,22958.372727272726,0.06060606060606061,c_MPa,MPa,39.2169696969697,0.787878787878788,phi_deg,deg,11120269.18181818,0.5858585858585859,sigma_ci_MPa,MPa,4.404040404040404,0.10101010101010102,mi,-,28.636363636363637,0.24242424242424243,GSI,-,0.5,0.5,D_hb,-,24852.000000000004,2.9646801,0.022958372727272726,11.12026918181818,0.14723195582379964,7.372625983177851e-05,0.5244904054226968
P0096,min_max_sweep_100_lhs,SS_NC,SS_NC,SS_NC,False,,,2548.181818181818,0.48484848484848486,density_kg_m3,kg/m3,3821666836.3636374,0.8686868686868687,E_GPa,GPa,0.28575757575757577,0.9696969696969697,nu,-,104600.36363636365,0.19191919191919193,c_MPa,MPa,26.363333333333337,0.33333333333333337,phi_deg,deg,46048140.0,0.8181818181818182,sigma_ci_MPa,MPa,17.252525252525253,0.5252525252525253,mi,-,52.42424242424242,0.8282828282828284,GSI,-,0.5,0.5,D_hb,-,24997.663636363635,3.8216668363636375,0.10460036363636364,46.04814,1.7904128911522426,0.0017582534098510316,0.504846274573177
P0096,min_max_sweep_100_lhs,SS_NK,SS_NK,SS_NK,False,,,2390.0,0.5,density_kg_m3,kg/m3,461364300.0,0.5,E_GPa,GPa,0.38,0.5,nu,-,223321.1818181818,0.8383838383838385,c_MPa,MPa,33.63636363636364,0.7575757575757577,phi_deg,deg,246052.63636363638,0.4545454545454546,sigma_ci_MPa,MPa,20.88888888888889,0.888888888888889,mi,-,42.878787878787875,0.393939393939394,GSI,-,0.5,0.5,D_hb,-,23445.9,0.4613643,0.2233211818181818,0.2460526363636364,1.3759710023781542,0.0004924283372005971,0.5093461949799458
P0097,min_max_sweep_100_lhs,Fault,Fault,Fault,True,,,2490.0,0.5,density_kg_m3,kg/m3,587878787.8787879,0.9696969696969697,E_GPa,GPa,0.3131313131313131,0.26262626262626265,nu,-,22424.242424242424,0.24242424242424243,c_MPa,MPa,16.606060606060606,0.15151515151515152,phi_deg,deg,13888888.88888889,0.888888888888889,sigma_ci_MPa,MPa,3.090909090909091,0.030303030303030304,mi,-,28.333333333333336,0.888888888888889,GSI,-,0.5,0.5,D_hb,-,24426.9,0.5878787878787879,0.022424242424242423,13.88888888888889,0.10185213636981875,7.080679724726895e-05,0.524994520981526
P0097,min_max_sweep_100_lhs,Interbedded_ST,Interbedded_ST,Interbedded_ST,True,,,2520.0,0.5,density_kg_m3,kg/m3,1862108436.3636365,0.5050505050505051,E_GPa,GPa,0.33666666666666667,0.6666666666666667,nu,-,114578.81818181819,0.7373737373737375,c_MPa,MPa,21.37070707070707,0.7676767676767677,phi_deg,deg,1618650.0,0.5,sigma_ci_MPa,MPa,10.585858585858585,0.7171717171717172,mi,-,34.39393939393939,0.29292929292929293,GSI,-,0.5,0.5,D_hb,-,24721.2,1.8621084363636364,0.11457881818181818,1.61865,0.46552982689667366,0.0001588619856487517,0.5166162704948989
P0097,min_max_sweep_100_lhs,SH_ST,SH_ST,SH_ST,True,,,2457.777777777778,0.22222222222222224,density_kg_m3,kg/m3,2964680100.0,0.5,E_GPa,GPa,0.38,0.5,nu,-,163456.4,0.7777777777777778,c_MPa,MPa,44.164040404040406,0.9494949494949496,phi_deg,deg,15503188.909090906,0.8181818181818182,sigma_ci_MPa,MPa,4.565656565656566,0.14141414141414144,mi,-,29.848484848484848,0.32323232323232326,GSI,-,0.5,0.5,D_hb,-,24110.800000000003,2.9646801,0.1634564,15.503188909090907,0.16170428535715653,8.665850843106913e-05,0.522572766660049
P0097,min_max_sweep_100_lhs,SS_NC,SS_NC,SS_NC,False,,,2589.3939393939395,0.8282828282828284,density_kg_m3,kg/m3,1969966909.0909095,0.38383838383838387,E_GPa,GPa,0.1712121212121212,0.15151515151515152,nu,-,165265.8,0.33333333333333337,c_MPa,MPa,35.96636363636364,0.6363636363636365,phi_deg,deg,11717500.000000002,0.19191919191919193,sigma_ci_MPa,MPa,14.121212121212121,0.21212121212121213,mi,-,41.21212121212121,0.08080808080808081,GSI,-,0.5,0.5,D_hb,-,25401.954545454548,1.9699669090909095,0.1652658,11.717500000000001,0.8592075854496695,0.00039430578785264864,0.5104694775667994
P0097,min_max_sweep_100_lhs,SS_NK,SS_NK,SS_NK,False,,,2390.0,0.5,density_kg_m3,kg/m3,461364300.0,0.5,E_GPa,GPa,0.38,0.5,nu,-,119513.54545454546,0.29292929292929293,c_MPa,MPa,31.260606060606065,0.595959595959596,phi_deg,deg,284460.27272727276,0.797979797979798,sigma_ci_MPa,MPa,14.828282828282829,0.2828282828282829,mi,-,54.19191919191919,0.9595959595959597,GSI,-,0.5,0.5,D_hb,-,23445.9,0.4613643,0.11951354545454546,0.28446027272727276,1.6739718864697448,0.0022255657906787934,0.5042839531941471
P0098,min_max_sweep_100_lhs,Fault,Fault,Fault,True,,,2490.0,0.5,density_kg_m3,kg/m3,216161616.16161618,0.04040404040404041,E_GPa,GPa,0.34848484848484845,0.9696969696969697,nu,-,29191.91919191919,0.9191919191919192,c_MPa,MPa,16.92929292929293,0.23232323232323235,phi_deg,deg,12878787.878787879,0.787878787878788,sigma_ci_MPa,MPa,3.666666666666667,0.22222222222222224,mi,-,28.636363636363637,0.9090909090909092,GSI,-,0.5,0.5,D_hb,-,24426.9,0.21616161616161617,0.02919191919191919,12.878787878787879,0.1225807338624754,7.372625983177851e-05,0.5244904054226968
P0098,min_max_sweep_100_lhs,Interbedded_ST,Interbedded_ST,Interbedded_ST,True,,,2520.0,0.5,density_kg_m3,kg/m3,1765038981.818182,0.30303030303030304,E_GPa,GPa,0.34626262626262627,0.7171717171717172,nu,-,102043.81818181818,0.6262626262626263,c_MPa,MPa,19.875757575757575,0.393939393939394,phi_deg,deg,1618650.0,0.5,sigma_ci_MPa,MPa,7.656565656565657,0.13131313131313133,mi,-,35.75757575757576,0.38383838383838387,GSI,-,0.5,0.5,D_hb,-,24721.2,1.765038981818182,0.10204381818181818,1.61865,0.3592993033924891,0.00019053844634871417,0.5151538966632034
P0098,min_max_sweep_100_lhs,SH_ST,SH_ST,SH_ST,True,,,2586.5656565656564,0.9797979797979799,density_kg_m3,kg/m3,2964680100.0,0.5,E_GPa,GPa,0.38,0.5,nu,-,189181.3909090909,0.9090909090909092,c_MPa,MPa,15.718383838383838,0.020202020202020204,phi_deg,deg,12835324.727272725,0.6767676767676768,sigma_ci_MPa,MPa,6.666666666666667,0.6666666666666667,mi,-,28.484848484848484,0.23232323232323235,GSI,-,0.5,0.5,D_hb,-,25374.20909090909,2.9646801,0.1891813909090909,12.835324727272726,0.2212718106823379,7.225178428044667e-05,0.5247411901938472
P0098,min_max_sweep_100_lhs,SS_NC,SS_NC,SS_NC,False,,,2544.5454545454545,0.4545454545454546,density_kg_m3,kg/m3,1391310681.8181822,0.23232323232323235,E_GPa,GPa,0.2673737373737374,0.8383838383838385,nu,-,65601.15454545456,0.10101010101010102,c_MPa,MPa,26.043232323232324,0.32323232323232326,phi_deg,deg,16147260.0,0.27272727272727276,sigma_ci_MPa,MPa,18.060606060606062,0.6060606060606061,mi,-,44.54545454545455,0.30303030303030304,GSI,-,0.5,0.5,D_hb,-,24961.99090909091,1.3913106818181822,0.06560115454545455,16.14726,1.2879353919650711,0.0006149685719773453,0.5083410375573363
P0098,min_max_sweep_100_lhs,SS_NK,SS_NK,SS_NK,False,,,2390.0,0.5,density_kg_m3,kg/m3,461364300.0,0.5,E_GPa,GPa,0.38,0.5,nu,-,71454.45454545454,0.04040404040404041,c_MPa,MPa,28.142424242424244,0.38383838383838387,phi_deg,deg,275423.1818181818,0.7171717171717172,sigma_ci_MPa,MPa,20.282828282828284,0.8282828282828284,mi,-,52.97979797979798,0.8989898989898991,GSI,-,0.5,0.5,D_hb,-,23445.9,0.4613643,0.07145445454545454,0.2754231818181818,2.161316207891657,0.0018934394870968546,0.504662354116305
P0099,min_max_sweep_100_lhs,Fault,Fault,Fault,True,,,2490.0,0.5,density_kg_m3,kg/m3,494949494.94949496,0.7373737373737375,E_GPa,GPa,0.3055555555555555,0.11111111111111112,nu,-,20505.050505050505,0.05050505050505051,c_MPa,MPa,19.232323232323232,0.8080808080808082,phi_deg,deg,7121212.121212121,0.21212121212121213,sigma_ci_MPa,MPa,3.4545454545454546,0.15151515151515152,mi,-,17.575757575757574,0.17171717171717174,GSI,-,0.5,0.5,D_hb,-,24426.9,0.494949494949495,0.020505050505050505,7.121212121212121,0.06820256955820765,1.6871259755363295e-05,0.5514269685758415
P0099,min_max_sweep_100_lhs,Interbedded_ST,Interbedded_ST,Interbedded_ST,True,,,2520.0,0.5,density_kg_m3,kg/m3,1803866763.6363637,0.38383838383838387,E_GPa,GPa,0.30787878787878786,0.5151515151515152,nu,-,34810.63636363636,0.030303030303030304,c_MPa,MPa,19.754545454545454,0.36363636363636365,phi_deg,deg,1618650.0,0.5,sigma_ci_MPa,MPa,8.16161616161616,0.23232323232323235,mi,-,37.878787878787875,0.5252525252525253,GSI,-,0.5,0.5,D_hb,-,24721.2,1.8038667636363637,0.03481063636363636,1.61865,0.42370799596523734,0.0002528211382155403,0.5131275774653553
P0099,min_max_sweep_100_lhs,SH_ST,SH_ST,SH_ST,True,,,2517.878787878788,0.5757575757575758,density_kg_m3,kg/m3,2964680100.0,0.5,E_GPa,GPa,0.38,0.5,nu,-,167414.0909090909,0.797979797979798,c_MPa,MPa,28.395252525252523,0.43434343434343436,phi_deg,deg,8642966.727272725,0.4545454545454546,sigma_ci_MPa,MPa,4.444444444444445,0.11111111111111112,mi,-,33.484848484848484,0.5656565656565657,GSI,-,0.5,0.5,D_hb,-,24700.39090909091,2.9646801,0.1674140909090909,8.642966727272725,0.18717087849959535,0.000140727259769965,0.5176677121287885
P0099,min_max_sweep_100_lhs,SS_NC,SS_NC,SS_NC,False,,,2572.4242424242425,0.686868686868687,density_kg_m3,kg/m3,3281587690.909092,0.7272727272727273,E_GPa,GPa,0.2405050505050505,0.6464646464646465,nu,-,429593.7727272727,0.9494949494949496,c_MPa,MPa,31.484949494949497,0.494949494949495,phi_deg,deg,43279540.00000001,0.7676767676767677,sigma_ci_MPa,MPa,17.050505050505052,0.5050505050505051,mi,-,41.515151515151516,0.10101010101010102,GSI,-,0.5,0.5,D_hb,-,25235.48181818182,3.2815876909090917,0.4295937727272727,43.279540000000004,1.0525197381955491,0.00041056356308390727,0.5102558530954865
P0099,min_max_sweep_100_lhs,SS_NK,SS_NK,SS_NK,False,,,2390.0,0.5,density_kg_m3,kg/m3,461364300.0,0.5,E_GPa,GPa,0.38,0.5,nu,-,92600.45454545454,0.15151515151515152,c_MPa,MPa,24.875757575757575,0.16161616161616163,phi_deg,deg,243793.36363636368,0.43434343434343436,sigma_ci_MPa,MPa,17.454545454545453,0.5454545454545455,mi,-,53.18181818181818,0.9090909090909092,GSI,-,0.5,0.5,D_hb,-,23445.9,0.4613643,0.09260045454545454,0.24379336363636367,1.877916410213821,0.0019451343253413232,0.5045971449315081
P0100,min_max_sweep_100_lhs,Fault,Fault,Fault,True,,,2490.0,0.5,density_kg_m3,kg/m3,434343434.3434344,0.5858585858585859,E_GPa,GPa,0.3232323232323232,0.4646464646464647,nu,-,24040.40404040404,0.4040404040404041,c_MPa,MPa,16.2020202020202,0.05050505050505051,phi_deg,deg,5707070.707070706,0.07070707070707072,sigma_ci_MPa,MPa,4.454545454545455,0.48484848484848486,mi,-,22.727272727272727,0.5151515151515152,GSI,-,0.5,0.5,D_hb,-,24426.9,0.4343434343434344,0.02404040404040404,5.707070707070707,0.11239580611740145,3.353133098152018e-05,0.536417041549819
P0100,min_max_sweep_100_lhs,Interbedded_ST,Interbedded_ST,Interbedded_ST,True,,,2520.0,0.5,density_kg_m3,kg/m3,1682529945.4545455,0.13131313131313133,E_GPa,GPa,0.2771717171717172,0.3535353535353536,nu,-,43927.0,0.11111111111111112,c_MPa,MPa,21.047474747474748,0.686868686868687,phi_deg,deg,1618650.0,0.5,sigma_ci_MPa,MPa,11.797979797979798,0.9595959595959597,mi,-,38.333333333333336,0.5555555555555556,GSI,-,0.5,0.5,D_hb,-,24721.2,1.6825299454545455,0.043927,1.61865,0.6258906377308436,0.0002686174734423051,0.5127294079836894
P0100,min_max_sweep_100_lhs,SH_ST,SH_ST,SH_ST,True,,,2488.686868686869,0.4040404040404041,density_kg_m3,kg/m3,2964680100.0,0.5,E_GPa,GPa,0.38,0.5,nu,-,108048.72727272726,0.494949494949495,c_MPa,MPa,38.59858585858586,0.7676767676767677,phi_deg,deg,6356225.999999998,0.33333333333333337,sigma_ci_MPa,MPa,7.878787878787879,0.9696969696969697,mi,-,39.696969696969695,0.9797979797979799,GSI,-,0.5,0.5,D_hb,-,24414.018181818185,2.9646801,0.10804872727272727,6.356225999999998,0.4460167364364739,0.00032217875058529444,0.5116047997201273
P0100,min_max_sweep_100_lhs,SS_NC,SS_NC,SS_NC,False,,,2517.878787878788,0.23232323232323235,density_kg_m3,kg/m3,696923209.0909092,0.05050505050505051,E_GPa,GPa,0.19242424242424241,0.30303030303030304,nu,-,355928.6,0.7777777777777778,c_MPa,MPa,17.720606060606062,0.06060606060606061,phi_deg,deg,20577019.999999996,0.3535353535353536,sigma_ci_MPa,MPa,18.262626262626263,0.6262626262626263,mi,-,51.06060606060606,0.7373737373737375,GSI,-,0.5,0.5,D_hb,-,24700.39090909091,0.6969232090909092,0.3559286,20.577019999999997,1.7760811931170866,0.0014659489111789343,0.5053276777841249
P0100,min_max_sweep_100_lhs,SS_NK,SS_NK,SS_NK,False,,,2390.0,0.5,density_kg_m3,kg/m3,461364300.0,0.5,E_GPa,GPa,0.38,0.5,nu,-,152193.72727272726,0.4646464646464647,c_MPa,MPa,27.103030303030305,0.31313131313131315,phi_deg,deg,223459.9090909091,0.25252525252525254,sigma_ci_MPa,MPa,16.747474747474747,0.4747474747474748,mi,-,44.292929292929294,0.4646464646464647,GSI,-,0.5,0.5,D_hb,-,23445.9,0.4613643,0.15219372727272726,0.2234599090909091,1.1800181654910233,0.000594607265932033,0.5084862487538123
