Mileage,X_local,Y_local,Z_crown
0.0,4240.776767802017,5162.376738340128,216.3349955548387
1.0,4239.802434854011,5162.151626575821,216.33845161290324
2.0,4238.828101973106,5161.9265145210875,216.34190322580645
3.0,4237.853769118778,5161.701402351324,216.34535483870968
4.0,4236.8794362644485,5161.47629018156,216.34880645161292
5.0,4235.90510341012,5161.251178011796,216.35225806451615
6.0,4234.930770555791,5161.026065842032,216.35570967741936
7.0,4233.956437701463,5160.800953672268,216.3591612903226
8.0,4232.982104847134,5160.575841502504,216.36261290322582
9.0,4232.007771992806,5160.35072933274,216.36606451612903
10.0,4231.033439138477,5160.125617162976,216.36951612903226
11.0,4230.059106284149,5159.900504993212,216.3729677419355
12.0,4229.0847734298195,5159.675392823448,216.37641935483873
13.0,4228.110440575491,5159.450280653684,216.37987096774194
14.0,4227.136107721162,5159.22516848392,216.38332258064517
15.0,4226.161774866834,5159.000056314157,216.3867741935484
16.0,4225.187442012505,5158.774944144392,216.3902258064516
17.0,4224.213109158177,5158.549831974628,216.39367741935484
18.0,4223.238776303848,5158.324719804864,216.39712903225808
19.0,4222.264443449769,5158.099607634019,216.40058064516128
20.0,4221.290110595697,5157.874495463147,216.40403225806452
21.0,4220.3157777416245,5157.649383292274,216.40748387096775
22.0,4219.341444887552,5157.424271121402,216.410935483871
23.0,4218.367112033479,5157.19915895053,216.4143870967742
24.0,4217.392779179407,5156.974046779656,216.41783870967743
25.0,4216.418446325334,5156.748934608784,216.42129032258066
26.0,4215.4441134712615,5156.523822437912,216.42474193548387
27.0,4214.4697806170425,5156.2987102676725,216.4281935483871
28.0,4213.495447762727,5156.073598097854,216.43164516129033
29.0,4212.521114908411,5155.848485928036,216.43509677419357
30.0,4211.546782054094,5155.623373758218,216.43854838709677
31.0,4210.572449199778,5155.3982615884,216.442
32.0,4209.598116345463,5155.1731494185815,216.44545161290324
33.0,4208.623783491146,5154.948037248763,216.44890322580645
34.0,4207.64945063683,5154.722925078945,216.45235483870968
35.0,4206.675117782511,5154.497812909139,216.45580645161291
36.0,4205.700784928183,5154.272700739375,216.45925806451615
37.0,4204.726452073854,5154.0475885696105,216.46270967741935
38.0,4203.752119219525,5153.822476399847,216.4661612903226
39.0,4202.777786365196,5153.597364230083,216.46961290322582
40.0,4201.803453510868,5153.372252060319,216.47306451612903
41.0,4200.829120656539,5153.147139890555,216.47651612903226
42.0,4199.854787802211,5152.9220277207905,216.4799677419355
43.0,4198.880454947882,5152.696915551027,216.48341935483873
44.0,4197.906122093554,5152.471803381263,216.48687096774194
45.0,4196.931789239225,5152.246691211499,216.49032258064517
46.0,4195.957456384896,5152.021579041735,216.4937741935484
47.0,4194.983123530567,5151.7964668719715,216.4972258064516
48.0,4194.008790676239,5151.571354702207,216.50067741935484
49.0,4193.03445782191,5151.346242532443,216.50412903225808
50.0,4192.060124967582,5151.121130362679,216.5075806451613
51.0,4191.085792113253,5150.896018192915,216.51103225806452
52.0,4190.111459258925,5150.6709060231515,216.51448387096775
53.0,4189.137126404596,5150.445793853387,216.51793548387099
54.0,4188.162793550267,5150.220681683623,216.5213870967742
55.0,4187.188460695938,5149.99556951386,216.52483870967743
56.0,4186.21412784161,5149.770457344095,216.52829032258066
57.0,4185.239794987281,5149.5453451743315,216.53174193548386
58.0,4184.265462132953,5149.320233004568,216.5351935483871
59.0,4183.291129278624,5149.095120834803,216.53864516129033
60.0,4182.316796424322,5148.870008664926,216.54209677419357
61.0,4181.342463570262,5148.644896494,216.54554838709677
62.0,4180.368130716201,5148.419784323073,216.549
63.0,4179.393797862142,5148.194672152146,216.55245161290324
64.0,4178.419465008082,5147.969559981219,216.55590322580645
65.0,4177.445132154022,5147.744447810293,216.55935483870968
66.0,4176.470799299962,5147.519335639367,216.56280645161291
67.0,4175.496466445902,5147.29422346844,216.56625806451615
68.0,4174.522133591842,5147.069111297513,216.56970967741935
69.0,4173.547800737588,5146.843999127425,216.5731612903226
70.0,4172.57346788326,5146.618886957662,216.57661290322582
71.0,4171.5991350289305,5146.393774787898,216.58006451612903
72.0,4170.624802174602,5146.168662618134,216.58351612903226
73.0,4169.650469320273,5145.94355044837,216.5869677419355
74.0,4168.676136465945,5145.718438278605,216.59041935483873
75.0,4167.701803611616,5145.493326108842,216.59387096774194
76.0,4166.727470757288,5145.268213939078,216.59732258064517
77.0,4165.753137902959,5145.043101769314,216.6007741935484
78.0,4164.778805048631,5144.81798959955,216.6042258064516
79.0,4163.8044721943015,5144.592877429786,216.60767741935484
80.0,4162.830139339973,5144.367765260022,216.61112903225808
81.0,4161.855806485644,5144.142653090258,216.6145806451613
82.0,4160.881473631316,5143.917540920494,216.61803225806452
83.0,4159.907140776987,5143.69242875073,216.62148387096775
84.0,4158.932807922659,5143.467316580966,216.62493548387098
85.0,4157.95847506833,5143.242204411202,216.6283870967742
86.0,4156.984142214002,5143.017092241438,216.63183870967742
87.0,4156.0098093596725,5142.7919800716745,216.63529032258066
88.0,4155.035476505344,5142.56686790191,216.6387419354839
89.0,4154.061143651015,5142.341755732146,216.6421935483871
90.0,4153.086810796687,5142.116643562383,216.64564516129033
91.0,4152.112477942358,5141.891531392618,216.64909677419357
92.0,4151.13814508803,5141.6664192228545,216.65254838709677
93.0,4150.163812233701,5141.44130705309,216.656
94.0,4149.189479379373,5141.216194883326,216.65945161290324
95.0,4148.215146525044,5140.991082713563,216.66290322580645
96.0,4147.240813670715,5140.765970543798,216.66635483870968
97.0,4146.266480816386,5140.5408583740345,216.6698064516129
98.0,4145.292147962058,5140.315746204271,216.67325806451615
99.0,4144.317815107729,5140.090634034506,216.67670967741935
100.0,4143.343482253401,5139.865521864743,216.6801612903226
101.0,4142.369149399072,5139.640409694978,216.68361290322582
102.0,4141.394816544802,5139.415297524961,216.68706451612903
103.0,4140.420483690742,5139.190185354034,216.69051612903226
104.0,4139.446150836682,5138.965073183107,216.6939677419355
105.0,4138.471817982622,5138.73996101218,216.69741935483873
106.0,4137.497485128562,5138.514848841254,216.70087096774193
107.0,4136.5231522745025,5138.289736670327,216.70432258064517
108.0,4135.548819420443,5138.0646244994,216.7077741935484
109.0,4134.574486566382,5137.839512328474,216.7112258064516
110.0,4133.600153712322,5137.614400157548,216.71467741935484
111.0,4132.625820858036,5137.389287987601,216.71812903225808
112.0,4131.6514880037075,5137.164175817837,216.7215806451613
113.0,4130.677155149378,5136.939063648073,216.72503225806452
114.0,4129.70282229505,5136.713951478308,216.72848387096775
115.0,4128.728489440721,5136.488839308545,216.73193548387098
116.0,4127.754156586393,5136.263727138781,216.7353870967742
117.0,4126.779823732064,5136.038614969017,216.73883870967742
118.0,4125.805490877736,5135.813502799253,216.74229032258066
119.0,4124.831158023407,5135.588390629489,216.7457419354839
120.0,4123.856825169079,5135.363278459725,216.7491935483871
121.0,4122.8824923147495,5135.138166289961,216.75264516129033
122.0,4121.908159460421,5134.913054120198,216.75609677419357
123.0,4120.933826606092,5134.687941950433,216.75954838709677
124.0,4119.959493751764,5134.462829780669,216.763
125.0,4118.985160897435,5134.237717610905,216.76645161290324
126.0,4118.010828043107,5134.012605441141,216.76990322580647
127.0,4117.036495188778,5133.787493271378,216.77335483870968
128.0,4116.06216233445,5133.562381101613,216.7768064516129
129.0,4115.0878294801205,5133.337268931849,216.78025806451615
130.0,4114.113496625792,5133.112156762086,216.78370967741935
131.0,4113.139163771463,5132.887044592321,216.7871612903226
132.0,4112.164830917135,5132.661932422558,216.79061290322582
133.0,4111.190498062806,5132.436820252793,216.79406451612903
134.0,4110.216165208478,5132.211708083029,216.79751612903226
135.0,4109.241832354149,5131.986595913266,216.8009677419355
136.0,4108.2674995000125,5131.761483742671,216.80441935483873
137.0,4107.293166645952,5131.536371571746,216.80787096774193
138.0,4106.318833791892,5131.311259400821,216.81132258064517
139.0,4105.344500937831,5131.086147229896,216.8147741935484
140.0,4104.370168083771,5130.86103505897,216.8182258064516
141.0,4103.39583522971,5130.635922888045,216.82167741935484
142.0,4102.421502375651,5130.41081071712,216.82512903225808
143.0,4101.44716952159,5130.1856985461945,216.8285806451613
144.0,4100.472836667436,5129.960586375672,216.83203225806452
145.0,4099.498503813103,5129.735474205933,216.83548387096775
146.0,4098.524170958768,5129.510362036193,216.83893548387098
147.0,4097.549838104434,5129.285249866454,216.8423870967742
148.0,4096.575505250099,5129.060137696714,216.84583870967742
149.0,4095.601172395765,5128.835025526975,216.84929032258066
150.0,4094.626839541431,5128.609913357235,216.8527419354839
151.0,4093.652506687097,5128.384801187496,216.8561935483871
152.0,4092.6781738327622,5128.159689017756,216.85964516129033
153.0,4091.7038409784336,5127.934576847993,216.86309677419356
154.0,4090.729508124105,5127.709464678229,216.86654838709677
155.0,4089.7551752697764,5127.484352508465,216.87
156.0,4088.7808424154478,5127.259240338701,216.87345161290324
157.0,4087.806509561119,5127.034128168937,216.87690322580647
158.0,4086.8321767067905,5126.809015999173,216.88035483870968
159.0,4085.857843852462,5126.583903829409,216.8838064516129
160.0,4084.8835109981333,5126.358791659645,216.88725806451615
161.0,4083.9091781438046,5126.133679489882,216.89070967741935
162.0,4082.934845289476,5125.908567320117,216.8941612903226
163.0,4081.9605124351474,5125.683455150353,216.89761290322582
164.0,4080.9861795808188,5125.458342980589,216.90106451612903
165.0,4080.01184672649,5125.233230810825,216.90451612903226
166.0,4079.0375138721615,5125.008118641062,216.9079677419355
167.0,4078.063181017833,5124.783006471297,216.91141935483873
168.0,4077.0888481635043,5124.557894301533,216.91487096774193
169.0,4076.1145153091757,5124.33278213177,216.91832258064517
170.0,4075.140182454847,5124.107669962005,216.9217741935484
171.0,4074.1658496005184,5123.882557792242,216.9252258064516
172.0,4073.19151674619,5123.657445622478,216.92867741935484
173.0,4072.217183891861,5123.4323334527135,216.93212903225808
174.0,4071.2428510375325,5123.20722128295,216.9355806451613
175.0,4070.268518183204,5122.982109113185,216.93903225806451
176.0,4069.2941853288753,5122.756996943422,216.94248387096775
177.0,4068.3198524745467,5122.531884773658,216.94593548387098
178.0,4067.345519620218,5122.3067726038935,216.9493870967742
179.0,4066.3711867658894,5122.08166043413,216.95283870967742
180.0,4065.396853911561,5121.856548264366,216.95629032258066
181.0,4064.422521057232,5121.631436094602,216.9597419354839
182.0,4063.4481882029036,5121.406323924838,216.9631935483871
183.0,4062.473855348575,5121.181211755074,216.96664516129033
184.0,4061.4995224942463,5120.95609958531,216.97009677419356
185.0,4060.5251896399177,5120.730987415546,216.97354838709677
186.0,4059.550856785713,5120.505875245246,216.977
187.0,4058.576523931653,5120.280763074319,216.98045161290324
188.0,4057.602191077593,5120.055650903392,216.98390322580647
189.0,4056.627858223533,5119.830538732466,216.98735483870968
190.0,4055.653525369473,5119.605426561539,216.9908064516129
191.0,4054.679192515413,5119.3803143906125,216.99425806451615
192.0,4053.704859661353,5119.155202219686,216.99770967741935
193.0,4052.7305268072932,5118.93009004876,217.00116129032259
194.0,4051.75619395321,5118.704977877932,217.00461290322582
195.0,4050.7818610988816,5118.479865708168,217.00806451612905
196.0,4049.807528244553,5118.254753538404,217.01151612903226
197.0,4048.8331953902243,5118.02964136864,217.0149677419355
198.0,4047.8588625358957,5117.8045291988765,217.01841935483873
199.0,4046.884529681567,5117.579417029112,217.02187096774193
200.0,4045.9101968272385,5117.354304859348,217.02532258064517
201.0,4044.93586397291,5117.129192689585,217.0287741935484
202.0,4043.961531118581,5116.90408051982,217.0322258064516
203.0,4042.9871982642526,5116.6789683500565,217.03567741935484
204.0,4042.012865409924,5116.453856180293,217.03912903225807
205.0,4041.0385325555953,5116.228744010528,217.0425806451613
206.0,4040.0641997012667,5116.003631840765,217.0460322580645
207.0,4039.089866846938,5115.778519671,217.04948387096775
208.0,4038.1155339926095,5115.5534075012365,217.05293548387098
209.0,4037.141201138281,5115.328295331473,217.0563870967742
210.0,4036.166868283952,5115.103183161708,217.05983870967742
211.0,4035.1925354296236,5114.878070991945,217.06329032258066
212.0,4034.218202575295,5114.652958822181,217.0667419354839
213.0,4033.2438697209664,5114.4278466524165,217.0701935483871
214.0,4032.2695368666377,5114.202734482653,217.07364516129033
215.0,4031.295204012309,5113.977622312889,217.07709677419356
216.0,4030.3208711579805,5113.752510143125,217.08054838709677
217.0,4029.346538303652,5113.527397973361,217.084
218.0,4028.3722054493232,5113.3022858035965,217.08745161290324
219.0,4027.3978725949946,5113.077173633833,217.09090322580647
220.0,4026.423539740923,5112.852061462956,217.09435483870968
221.0,4025.4492068868626,5112.626949292031,217.0978064516129
222.0,4024.4748740328023,5112.401837121106,217.10125806451614
223.0,4023.500541178742,5112.176724950181,217.10470967741935
224.0,4022.5262083246816,5111.951612779256,217.10816129032258
225.0,4021.5518754706213,5111.726500608331,217.11161290322582
226.0,4020.577542616561,5111.501388437406,217.11506451612905
227.0,4019.6032097625007,5111.276276266481,217.11851612903226
228.0,4018.628876908284,5111.051164096231,217.1219677419355
229.0,4017.6545440539558,5110.826051926466,217.12541935483873
230.0,4016.6802111996276,5110.6009397566995,217.12887096774193
231.0,4015.7058783452994,5110.375827586934,217.13232258064517
232.0,4014.7315454909713,5110.150715417169,217.1357741935484
233.0,4013.7572126366426,5109.925603247403,217.13922580645163
234.0,4012.7828797823145,5109.700491077638,217.14267741935484
235.0,4011.8085469279863,5109.475378907872,217.14612903225807
236.0,4010.834214073658,5109.250266738108,217.1495806451613
237.0,4009.8598812193295,5109.025154568343,217.1530322580645
238.0,4008.885548365001,5108.8000423985795,217.15648387096775
239.0,4007.9112155106723,5108.574930228815,217.15993548387098
240.0,4006.9368826563436,5108.349818059051,217.1633870967742
241.0,4005.962549802015,5108.124705889288,217.16683870967742
242.0,4004.9882169476864,5107.899593719523,217.17029032258066
243.0,4004.013884093358,5107.67448154976,217.1737419354839
244.0,4003.039551239029,5107.449369379996,217.1771935483871
245.0,4002.0652183847005,5107.224257210231,217.18064516129033
246.0,4001.090885530372,5106.999145040468,217.18409677419356
247.0,4000.1165526760433,5106.774032870704,217.18754838709677
248.0,3999.1422198217147,5106.54892070094,217.191
249.0,3998.167886967386,5106.323808531176,217.19445161290324
250.0,3997.1935541130574,5106.098696361411,217.19790322580647
251.0,3996.219221258729,5105.873584191648,217.20135483870968
252.0,3995.2448884044,5105.648472021884,217.2048064516129
253.0,3994.2705555500715,5105.42335985212,217.20825806451614
254.0,3993.296222695743,5105.198247682356,217.21170967741935
255.0,3992.3218898414143,5104.973135512592,217.21516129032258
256.0,3991.3475569870857,5104.748023342828,217.21861290322582
257.0,3990.373224132757,5104.522911173064,217.22206451612905
258.0,3989.3988912784284,5104.2977990033,217.22551612903226
259.0,3988.4245584241,5104.072686833536,217.2289677419355
260.0,3987.450225569771,5103.847574663772,217.23241935483873
261.0,3986.475892715464,5103.622462493916,217.23587096774193
262.0,3985.5015598614036,5103.397350322989,217.23932258064517
263.0,3984.5272270073438,5103.172238152062,217.2427741935484
264.0,3983.552894153284,5102.947125981135,217.24622580645163
265.0,3982.5785612992236,5102.722013810209,217.24967741935484
266.0,3981.6042284451637,5102.496901639282,217.25312903225807
267.0,3980.629895591104,5102.271789468356,217.2565806451613
268.0,3979.655562737044,5102.04667729743,217.2600322580645
269.0,3978.6812298829836,5101.821565126503,217.26348387096775
270.0,3977.7068970287346,5101.596452956394,217.26693548387098
271.0,3976.732564174406,5101.37134078663,217.27038709677421
272.0,3975.7582313200774,5101.146228616866,217.27383870967742
273.0,3974.7838984657487,5100.921116447103,217.27729032258065
274.0,3973.80956561142,5100.696004277338,217.2807419354839
275.0,3972.8352327570915,5100.470892107574,217.2841935483871
276.0,3971.860899902763,5100.245779937811,217.28764516129033
277.0,3970.8865670484342,5100.020667768046,217.29109677419356
278.0,3969.9122341941056,5099.795555598283,217.29454838709677
279.0,3968.937901339777,5099.570443428519,217.298
280.0,3967.9635684854484,5099.345331258754,217.30145161290324
281.0,3966.9892356311198,5099.120219088991,217.30490322580647
282.0,3966.014902776791,5098.895106919226,217.30835483870968
283.0,3965.0405699224625,5098.669994749463,217.3118064516129
284.0,3964.066237068134,5098.444882579699,217.31525806451614
285.0,3963.0919042138053,5098.219770409934,217.31870967741935
286.0,3962.1175713594766,5097.994658240171,217.32216129032258
287.0,3961.143238505148,5097.769546070407,217.32561290322582
288.0,3960.1689056508194,5097.544433900643,217.32906451612905
289.0,3959.194572796491,5097.319321730879,217.33251612903226
290.0,3958.220239942162,5097.094209561114,217.3359677419355
291.0,3957.2459070878335,5096.869097391351,217.33941935483872
292.0,3956.271574233505,5096.643985221587,217.34287096774193
293.0,3955.2972413791763,5096.418873051823,217.34632258064516
294.0,3954.3229085248477,5096.193760882059,217.3497741935484
295.0,3953.3485756705263,5095.968648712264,217.35322580645163
296.0,3952.37424281621,5095.743536542448,217.35667741935484
297.0,3951.3999099618936,5095.518424372631,217.36012903225807
298.0,3950.425577107577,5095.293312202814,217.3635806451613
299.0,3949.4512442532605,5095.068200032998,217.3670322580645
300.0,3948.476911398944,5094.843087863181,217.37048387096775
301.0,3947.502578544628,5094.617975693364,217.37393548387098
302.0,3946.5282456903115,5094.392863523547,217.3773870967742
303.0,3945.5539128360438,5094.167751353519,217.38083870967742
304.0,3944.5795799819716,5093.942639182645,217.38429032258065
305.0,3943.6052471278995,5093.7175270117705,217.3877419354839
306.0,3942.6309142738273,5093.492414840896,217.3911935483871
307.0,3941.656581419755,5093.267302670023,217.39464516129033
308.0,3940.682248565683,5093.042190499149,217.39809677419356
309.0,3939.707915711611,5092.817078328275,217.4015483870968
310.0,3938.7335828575387,5092.591966157402,217.405
311.0,3937.7592500034666,5092.3668539865275,217.40845161290324
312.0,3936.7849171491825,5092.141741816569,217.41190322580647
313.0,3935.810584294854,5091.916629646806,217.41535483870967
314.0,3934.8362514405253,5091.691517477041,217.4188064516129
315.0,3933.8619185861967,5091.4664053072775,217.42225806451614
316.0,3932.887585731868,5091.241293137514,217.42570967741935
317.0,3931.9132528775394,5091.016180967749,217.42916129032258
318.0,3930.938920023211,5090.791068797986,217.43261290322582
319.0,3929.964587168882,5090.565956628222,217.43606451612905
320.0,3928.9902543145536,5090.3408444584575,217.43951612903226
321.0,3928.015921460225,5090.115732288694,217.4429677419355
322.0,3927.0415886058963,5089.890620118929,217.44641935483872
323.0,3926.0672557515677,5089.665507949166,217.44987096774193
324.0,3925.092922897239,5089.440395779402,217.45332258064516
325.0,3924.1185900429105,5089.2152836096375,217.4567741935484
326.0,3923.144257188582,5088.990171439874,217.46022580645163
327.0,3922.169924334253,5088.76505927011,217.46367741935484
328.0,3921.1955914799255,5088.539947100342,217.46712903225807
329.0,3920.221258625609,5088.314834930526,217.4705806451613
330.0,3919.246925771293,5088.089722760708,217.4740322580645
331.0,3918.2725929169765,5087.864610590892,217.47748387096775
332.0,3917.29826006266,5087.639498421075,217.48093548387098
333.0,3916.3239272083433,5087.414386251258,217.4843870967742
334.0,3915.349594354027,5087.189274081442,217.48783870967742
335.0,3914.3752614997106,5086.964161911625,217.49129032258065
336.0,3913.4009286453943,5086.739049741808,217.4947419354839
337.0,3912.4265957910693,5086.513937572028,217.4981935483871
338.0,3911.4522629367407,5086.288825402265,217.50164516129033
339.0,3910.477930082412,5086.0637132325,217.50509677419356
340.0,3909.5035972280834,5085.838601062736,217.5085483870968
341.0,3908.529264373755,5085.613488892972,217.512
342.0,3907.554931519426,5085.388376723208,217.51545161290323
343.0,3906.5805986650976,5085.163264553445,217.51890322580647
344.0,3905.606265810769,5084.93815238368,217.52235483870967
345.0,3904.631932956523,5084.713040213559,217.5258064516129
346.0,3903.657600102451,5084.487928042685,217.52925806451614
347.0,3902.6832672483783,5084.262815871811,217.53270967741938
348.0,3901.708934394306,5084.0377037009375,217.53616129032258
349.0,3900.734601540234,5083.812591530063,217.53961290322582
350.0,3899.760268686162,5083.587479359189,217.54306451612905
351.0,3898.7859358320898,5083.362367188316,217.54651612903226
352.0,3897.8116029780176,5083.137255017442,217.5499677419355
353.0,3896.8372701239455,5082.912142846568,217.55341935483872
354.0,3895.8629372696305,5082.687030676744,217.55687096774193
355.0,3894.888604415302,5082.4619185069805,217.56032258064516
356.0,3893.9142715609732,5082.236806337217,217.5637741935484
357.0,3892.9399387066446,5082.011694167452,217.56722580645163
358.0,3891.965605852316,5081.786581997689,217.57067741935484
359.0,3890.9912729979874,5081.561469827925,217.57412903225807
360.0,3890.0169401436588,5081.3363576581605,217.5775806451613
361.0,3889.04260728933,5081.111245488397,217.5810322580645
362.0,3888.0682744350083,5080.886133318602,217.58448387096774
363.0,3887.093941580692,5080.661021148786,217.58793548387098
364.0,3886.1196087263756,5080.43590897897,217.5913870967742
365.0,3885.1452758720593,5080.210796809152,217.59483870967742
366.0,3884.170943017743,5079.985684639336,217.59829032258065
367.0,3883.1966101634266,5079.760572469519,217.6017419354839
368.0,3882.22227730911,5079.535460299702,217.6051935483871
369.0,3881.2479444547935,5079.310348129886,217.60864516129033
370.0,3880.273611600475,5079.085235960079,217.61209677419356
371.0,3879.2992787461462,5078.860123790315,217.6155483870968
372.0,3878.3249458918176,5078.635011620551,217.619
373.0,3877.350613037489,5078.409899450787,217.62245161290323
374.0,3876.3762801831604,5078.184787281023,217.62590322580647
375.0,3875.4019473288317,5077.9596751112595,217.62935483870967
376.0,3874.427614474503,5077.734562941495,217.6328064516129
377.0,3873.4532816201745,5077.509450771731,217.63625806451614
378.0,3872.478948765846,5077.284338601968,217.63970967741938
379.0,3871.5046159115172,5077.059226432202,217.64316129032258
380.0,3870.530283057189,5076.834114262437,217.64661290322582
381.0,3869.555950202861,5076.609002092671,217.65006451612905
382.0,3868.5816173485327,5076.383889922906,217.65351612903225
383.0,3867.6072844942046,5076.15877775314,217.6569677419355
384.0,3866.632951639876,5075.933665583375,217.66041935483872
385.0,3865.658618785548,5075.7085534136095,217.66387096774196
386.0,3864.6842859312196,5075.483441243844,217.66732258064516
387.0,3863.7099530770047,5075.258329073587,217.6707741935484
388.0,3862.735620222932,5075.033216902715,217.67422580645163
389.0,3861.7612873688595,5074.808104731843,217.67767741935484
390.0,3860.786954514787,5074.5829925609705,217.68112903225807
391.0,3859.8126216607143,5074.357880390098,217.6845806451613
392.0,3858.838288806642,5074.132768219226,217.6880322580645
393.0,3857.8639559525695,5073.907656048354,217.69148387096774
394.0,3856.889623098497,5073.682543877481,217.69493548387098
395.0,3855.915290244408,5073.45743170668,217.6983870967742
396.0,3854.940957390091,5073.2323195368635,217.70183870967742
397.0,3853.966624535775,5073.007207367046,217.70529032258065
398.0,3852.9922916814585,5072.78209519723,217.70874193548389
399.0,3852.017958827142,5072.5569830274135,217.7121935483871
400.0,3851.043625972826,5072.331870857596,217.71564516129033
401.0,3850.0692931185094,5072.10675868778,217.71909677419356
402.0,3849.0949602641927,5071.8816465179625,217.7225483870968
403.0,3848.1206274098763,5071.656534348146,217.726
404.0,3847.1462945555513,5071.431422178366,217.72945161290323
405.0,3846.1719617012227,5071.206310008602,217.73290322580647
406.0,3845.197628846894,5070.981197838838,217.73635483870967
407.0,3844.2232959925655,5070.756085669074,217.7398064516129
408.0,3843.248963138237,5070.53097349931,217.74325806451614
409.0,3842.274630283908,5070.305861329546,217.74670967741937
410.0,3841.3002974295796,5070.0807491597825,217.75016129032258
411.0,3840.3259645752514,5069.855636990018,217.75361290322581
412.0,3839.351631720923,5069.630524820254,217.75706451612905
413.0,3838.377298866594,5069.405412650491,217.76051612903225
414.0,3837.4029660122656,5069.180300480726,217.7639677419355
415.0,3836.428633157937,5068.9551883109625,217.76741935483872
416.0,3835.4543003036083,5068.730076141198,217.77087096774196
417.0,3834.4799674492797,5068.504963971434,217.77432258064516
418.0,3833.505634594951,5068.279851801671,217.7777741935484
419.0,3832.5313017406224,5068.054739631906,217.78122580645163
420.0,3831.556968886294,5067.8296274621425,217.78467741935484
421.0,3830.5826360319593,5067.6045152924025,217.78812903225807
422.0,3829.6083031776247,5067.379403122664,217.7915806451613
423.0,3828.63397032329,5067.154290952927,217.79503225806454
424.0,3827.6596374689557,5066.929178783189,217.79848387096774
425.0,3826.685304614621,5066.704066613451,217.80193548387098
426.0,3825.710971760286,5066.478954443713,217.8053870967742
427.0,3824.7366389059516,5066.253842273974,217.80883870967742
428.0,3823.762306051617,5066.028730104236,217.81229032258065
429.0,3822.7879731974376,5065.803617933827,217.81574193548389
430.0,3821.8136403433778,5065.578505762901,217.8191935483871
431.0,3820.8393074893174,5065.353393591974,217.82264516129032
432.0,3819.8649746352576,5065.128281421047,217.82609677419356
433.0,3818.8906417811977,5064.90316925012,217.8295483870968
434.0,3817.9163089271374,5064.678057079194,217.833
435.0,3816.9419760730775,5064.452944908267,217.83645161290323
436.0,3815.9676432190176,5064.227832737341,217.83990322580647
437.0,3814.993310364907,5064.002720566634,217.84335483870967
438.0,3814.018977510578,5063.77760839687,217.8468064516129
439.0,3813.0446446562496,5063.552496227106,217.85025806451614
440.0,3812.070311801921,5063.327384057342,217.85370967741937
441.0,3811.0959789475924,5063.102271887578,217.85716129032258
442.0,3810.1216460932637,5062.877159717814,217.8606129032258
443.0,3809.147313238935,5062.65204754805,217.86406451612905
444.0,3808.1729803846065,5062.4269353782865,217.86751612903225
445.0,3807.198647530278,5062.201823208522,217.8709677419355
446.0,3806.2243146759492,5061.976711038758,217.87441935483872
447.0,3805.2499818216206,5061.751598868994,217.87787096774196
448.0,3804.275648967292,5061.52648669923,217.88132258064516
449.0,3803.3013161129634,5061.301374529467,217.8847741935484
450.0,3802.3269832586348,5061.076262359702,217.88822580645163
451.0,3801.352650404306,5060.851150189938,217.89167741935483
452.0,3800.3783175499775,5060.626038020175,217.89512903225807
453.0,3799.403984695649,5060.40092585041,217.8985806451613
454.0,3798.4296518413203,5060.175813680647,217.90203225806454
455.0,3797.4553189869916,5059.950701510882,217.90548387096774
456.0,3796.480986132663,5059.725589341118,217.90893548387098
457.0,3795.5066532783344,5059.500477171355,217.9123870967742
458.0,3794.532320424006,5059.27536500159,217.91583870967742
459.0,3793.557987569677,5059.050252831827,217.91929032258065
460.0,3792.5836547153485,5058.825140662063,217.92274193548388
461.0,3791.60932186102,5058.600028492298,217.92619354838712
462.0,3790.6349890066913,5058.374916322535,217.92964516129032
463.0,3789.660656152363,5058.149804152769,217.93309677419356
464.0,3788.686323298035,5057.924691983004,217.9365483870968
465.0,3787.711990443707,5057.699579813238,217.94
466.0,3786.737657589378,5057.474467643473,217.94345161290323
467.0,3785.76332473505,5057.2493554737075,217.94690322580647
468.0,3784.788991880722,5057.024243303942,217.95035483870967
469.0,3783.8146590263937,5056.799131134176,217.9538064516129
470.0,3782.840326172065,5056.57401896441,217.95725806451614
471.0,3781.8659933179206,5056.34890679385,217.96070967741937
472.0,3780.8916604638603,5056.123794622925,217.96416129032258
473.0,3779.9173276098,5055.898682452,217.9676129032258
474.0,3778.9429947557396,5055.673570281075,217.97106451612905
475.0,3777.9686619016793,5055.44845811015,217.97451612903225
476.0,3776.994329047619,5055.223345939224,217.9779677419355
477.0,3776.0199961935587,5054.998233768299,217.98141935483872
478.0,3775.0456633394983,5054.773121597374,217.98487096774195
479.0,3774.071330485355,5054.548009426809,217.98832258064516
480.0,3773.096997631026,5054.322897257045,217.9917741935484
481.0,3772.1226647766975,5054.097785087281,217.99522580645163
482.0,3771.148331922369,5053.872672917517,217.99867741935483
483.0,3770.1739990680403,5053.647560747753,218.00212903225807
484.0,3769.1996662137117,5053.42244857799,218.0055806451613
485.0,3768.225333359383,5053.197336408225,218.00903225806454
486.0,3767.2510005050544,5052.972224238461,218.01248387096774
487.0,3766.276667650726,5052.747112068697,218.01593548387098
488.0,3765.302334796397,5052.521999898933,218.0193870967742
489.0,3764.3280019420686,5052.29688772917,218.02283870967742
490.0,3763.35366908774,5052.071775559405,218.02629032258065
491.0,3762.3793362334113,5051.846663389641,218.02974193548388
492.0,3761.4050033790827,5051.621551219878,218.03319354838712
493.0,3760.430670524754,5051.396439050113,218.03664516129032
494.0,3759.4563376704255,5051.17132688035,218.04009677419356
495.0,3758.482004816097,5050.946214710586,218.0435483870968
496.0,3757.507671961768,5050.721102540821,218.047
497.0,3756.5333391074396,5050.495990371058,218.05045161290323
498.0,3755.559006253111,5050.270878201293,218.05390322580647
499.0,3754.5846733987823,5050.04576603153,218.0573548387097
500.0,3753.6103405444537,5049.820653861766,218.0608064516129
501.0,3752.636007690125,5049.5955416920015,218.06425806451614
502.0,3751.6616748357965,5049.370429522238,218.06770967741937
503.0,3750.687341981468,5049.145317352474,218.07116129032258
504.0,3749.7130091271392,5048.92020518271,218.0746129032258
505.0,3748.738676272811,5048.695093012944,218.07806451612905
506.0,3747.764343418483,5048.469980843179,218.08151612903225
507.0,3746.7900105641543,5048.244868673413,218.0849677419355
508.0,3745.815677709826,5048.019756503648,218.08841935483872
509.0,3744.841344855498,5047.794644333882,218.09187096774195
510.0,3743.8670120011698,5047.569532164117,218.09532258064516
511.0,3742.892679146841,5047.3444199943515,218.0987741935484
512.0,3741.918346292513,5047.119307824586,218.10222580645163
513.0,3740.9440134384013,5046.894195653884,218.10567741935483
514.0,3739.969680584341,5046.669083482959,218.10912903225807
515.0,3738.9953477302806,5046.443971312034,218.1125806451613
516.0,3738.02101487622,5046.218859141109,218.11603225806454
517.0,3737.0466820221595,5045.993746970184,218.11948387096774
518.0,3736.072349168099,5045.7686347992585,218.12293548387098
519.0,3735.098016314039,5045.543522628333,218.1263870967742
520.0,3734.1236834599786,5045.318410457408,218.12983870967741
521.0,3733.1493506058027,5045.0932982869845,218.13329032258065
522.0,3732.175017751474,5044.86818611722,218.13674193548388
523.0,3731.2006848971455,5044.643073947456,218.14019354838712
524.0,3730.226352042817,5044.417961777693,218.14364516129032
525.0,3729.2520191884882,5044.192849607928,218.14709677419356
526.0,3728.2776863341596,5043.9677374381645,218.1505483870968
527.0,3727.303353479831,5043.742625268401,218.154
528.0,3726.3290206255024,5043.517513098636,218.15745161290323
529.0,3725.3546877711738,5043.292400928873,218.16090322580646
530.0,3724.380354916845,5043.067288759108,218.1643548387097
531.0,3723.4060220625165,5042.8421765893445,218.1678064516129
532.0,3722.431689208188,5042.617064419581,218.17125806451614
533.0,3721.4573563538593,5042.391952249816,218.17470967741937
534.0,3720.4830234995306,5042.166840080053,218.17816129032258
535.0,3719.508690645202,5041.941727910289,218.1816129032258
536.0,3718.5343577908734,5041.7166157405245,218.18506451612905
537.0,3717.5600249365443,5041.491503570761,218.18851612903228
538.0,3716.585692082216,5041.266391400995,218.19196774193549
539.0,3715.611359227888,5041.04127923123,218.19541935483872
540.0,3714.63702637356,5040.8161670614645,218.19887096774195
541.0,3713.662693519231,5040.591054891699,218.20232258064516
542.0,3712.688360664903,5040.365942721934,218.2057741935484
543.0,3711.714027810575,5040.140830552168,218.20922580645163
544.0,3710.7396949562467,5039.915718382403,218.21267741935483
545.0,3709.7653621019185,5039.690606212637,218.21612903225807
546.0,3708.79102924759,5039.465494042872,218.2195806451613
547.0,3707.8166963932613,5039.240381873108,218.22303225806453
548.0,3706.8423635389327,5039.0152697033445,218.22648387096774
549.0,3705.868030684604,5038.79015753358,218.22993548387097
550.0,3704.8936978302754,5038.565045363816,218.2333870967742
551.0,3703.919364975947,5038.339933194053,218.23683870967741
552.0,3702.945032121618,5038.114821024288,218.24029032258065
553.0,3701.9706992672895,5037.8897088545245,218.24374193548388
554.0,3700.996366412961,5037.664596684761,218.24719354838712
555.0,3700.0220335588815,5037.439484513919,218.25064516129032
556.0,3699.047700704821,5037.214372342994,218.25409677419356
557.0,3698.073367850761,5036.9892601720685,218.2575483870968
558.0,3697.0990349967005,5036.764148001143,218.261
559.0,3696.12470214264,5036.5390358302175,218.26445161290323
560.0,3695.15036928858,5036.313923659292,218.26790322580646
561.0,3694.1760364345196,5036.088811488367,218.2713548387097
562.0,3693.201703580459,5035.863699317442,218.2748064516129
563.0,3692.2273707262502,5035.638587147159,218.27825806451614
564.0,3691.2530378719216,5035.413474977396,218.28170967741937
565.0,3690.278705017593,5035.188362807631,218.28516129032258
566.0,3689.3043721632644,5034.9632506378675,218.2886129032258
567.0,3688.3300393089357,5034.738138468104,218.29206451612905
568.0,3687.355706454607,5034.513026298339,218.29551612903228
569.0,3686.3813736002785,5034.287914128576,218.29896774193548
570.0,3685.40704074595,5034.062801958811,218.30241935483872
571.0,3684.4327078916212,5033.8376897890475,218.30587096774195
572.0,3683.4583750372926,5033.612577619284,218.30932258064516
573.0,3682.484042182964,5033.387465449519,218.3127741935484
574.0,3681.5097093286354,5033.162353279756,218.31622580645163
575.0,3680.5353764743068,5032.937241109992,218.31967741935486
576.0,3679.561043619978,5032.712128940228,218.32312903225807
577.0,3678.5867107656495,5032.487016770464,218.3265806451613
578.0,3677.612377911321,5032.2619046007,218.33003225806453
579.0,3676.6380450569923,5032.036792430936,218.33348387096774
580.0,3675.663712202664,5031.81168026117,218.33693548387097
581.0,3674.689379348336,5031.586568091405,218.3403870967742
582.0,3673.7150464940073,5031.361455921639,218.3438387096774
583.0,3672.740713639679,5031.136343751874,218.34729032258065
584.0,3671.766380785351,5030.9112315821085,218.35074193548388
585.0,3670.792047931023,5030.686119412343,218.35419354838712
586.0,3669.8177150766946,5030.461007242578,218.35764516129032
587.0,3668.843382222366,5030.235895072812,218.36109677419356
588.0,3667.869049368038,5030.010782903048,218.3645483870968
589.0,3666.894716513709,5029.785670733283,218.368
590.0,3665.9203836593806,5029.560558563519,218.37145161290323
591.0,3664.946050805052,5029.335446393756,218.37490322580646
592.0,3663.9717179507234,5029.110334223991,218.3783548387097
593.0,3662.9973850963947,5028.885222054228,218.3818064516129
594.0,3662.023052242066,5028.660109884464,218.38525806451614
595.0,3661.0487193877375,5028.434997714699,218.38870967741937
596.0,3660.074386533422,5028.209885544878,218.39216129032258
597.0,3659.1000536793617,5027.9847733739525,218.3956129032258
598.0,3658.1257208253014,5027.7596612030275,218.39906451612904
599.0,3657.151387971241,5027.534549032102,218.40251612903228
600.0,3656.1770551171808,5027.309436861177,218.40596774193548
601.0,3655.2027222631204,5027.084324690252,218.40941935483872
602.0,3654.22838940906,5026.859212519327,218.41287096774195
603.0,3653.254056555,5026.634100348402,218.41632258064516
604.0,3652.2797237009395,5026.408988177477,218.4197741935484
605.0,3651.305390846698,5026.183876007334,218.42322580645163
606.0,3650.3310579923696,5025.958763837571,218.42667741935486
607.0,3649.356725138041,5025.733651667807,218.43012903225807
608.0,3648.3823922837123,5025.508539498042,218.4335806451613
609.0,3647.4080594293837,5025.283427328279,218.43703225806453
610.0,3646.433726575055,5025.058315158515,218.44048387096774
611.0,3645.4593937207264,5024.833202988751,218.44393548387097
612.0,3644.485060866398,5024.608090818987,218.4473870967742
613.0,3643.510728012069,5024.382978649222,218.45083870967744
614.0,3642.5363951577406,5024.157866479459,218.45429032258065
615.0,3641.562062303412,5023.932754309695,218.45774193548388
616.0,3640.5877294490833,5023.707642139931,218.46119354838712
617.0,3639.6133965947547,5023.482529970167,218.46464516129032
618.0,3638.639063740426,5023.257417800403,218.46809677419355
619.0,3637.6647308860975,5023.032305630639,218.4715483870968
620.0,3636.690398031769,5022.807193460875,218.475
621.0,3635.71606517744,5022.582081291111,218.47845161290323
622.0,3634.7417323231116,5022.356969121346,218.48190322580646
623.0,3633.7673994687834,5022.13185695158,218.4853548387097
624.0,3632.7930666144553,5021.906744781814,218.4888064516129
625.0,3631.818733760127,5021.681632612049,218.49225806451614
626.0,3630.844400905799,5021.456520442283,218.49570967741937
627.0,3629.8700680514703,5021.231408272518,218.49916129032258
628.0,3628.895735197142,5021.0062961027525,218.5026129032258
629.0,3627.921402342814,5020.781183932987,218.50606451612904
630.0,3626.947069488632,5020.556071762588,218.50951612903228
631.0,3625.972736634572,5020.330959591663,218.51296774193548
632.0,3624.9984037805116,5020.1058474207375,218.51641935483872
633.0,3624.0240709264513,5019.8807352498125,218.51987096774195
634.0,3623.049738072391,5019.655623078887,218.52332258064516
635.0,3622.0754052183306,5019.430510907962,218.5267741935484
636.0,3621.1010723642703,5019.205398737037,218.53022580645163
637.0,3620.12673951021,5018.980286566112,218.53367741935486
638.0,3619.1524066561037,5018.755174395385,218.53712903225806
639.0,3618.178073801775,5018.530062225622,218.5405806451613
640.0,3617.2037409474465,5018.304950055857,218.54403225806453
641.0,3616.229408093118,5018.079837886094,218.54748387096774
642.0,3615.2550752387892,5017.854725716329,218.55093548387097
643.0,3614.2807423844606,5017.629613546565,218.5543870967742
644.0,3613.306409530132,5017.404501376802,218.55783870967744
645.0,3612.3320766758034,5017.179389207037,218.56129032258065
646.0,3611.3577438214747,5016.954277037274,218.56474193548388
647.0,3610.383410967146,5016.72916486751,218.56819354838711
648.0,3609.4090781128175,5016.5040526977455,218.57164516129032
649.0,3608.434745258489,5016.278940527982,218.57509677419355
650.0,3607.4604124041603,5016.053828358218,218.5785483870968
651.0,3606.4860795498316,5015.828716188454,218.58200000000002
652.0,3605.511746695503,5015.60360401869,218.58545161290323
653.0,3604.537413841174,5015.3784918489255,218.58890322580646
654.0,3603.5630809868453,5015.153379679162,218.5923548387097
655.0,3602.588748132517,5014.928267509397,218.5958064516129
656.0,3601.614415278189,5014.703155339632,218.59925806451614
657.0,3600.6400824238603,5014.478043169866,218.60270967741937
658.0,3599.665749569532,5014.252931000101,218.60616129032258
659.0,3598.691416715204,5014.0278188303355,218.6096129032258
660.0,3597.717083860876,5013.80270666057,218.61306451612904
661.0,3596.7427510065477,5013.577594490805,218.61651612903228
662.0,3595.768418152219,5013.352482321039,218.61996774193548
663.0,3594.7940852978913,5013.127370151271,218.62341935483872
664.0,3593.819752443575,5012.902257981455,218.62687096774195
665.0,3592.8454195892587,5012.677145811637,218.63032258064516
666.0,3591.8710867349423,5012.452033641821,218.6337741935484
667.0,3590.8967538806255,5012.2269214720045,218.63722580645162
668.0,3589.922421026309,5012.001809302187,218.64067741935486
669.0,3588.948088171993,5011.776697132371,218.64412903225806
670.0,3587.9737553176765,5011.5515849625535,218.6475806451613
671.0,3586.99942246336,5011.326472792737,218.65103225806453
672.0,3586.0250896092066,5011.101360622215,218.65448387096774
673.0,3585.050756755134,5010.876248451343,218.65793548387097
674.0,3584.0764239010614,5010.65113628047,218.6613870967742
675.0,3583.102091046989,5010.426024109598,218.66483870967744
676.0,3582.127758192916,5010.200911938726,218.66829032258065
677.0,3581.153425338844,5009.9757997678535,218.67174193548388
678.0,3580.1790924847714,5009.750687596981,218.6751935483871
679.0,3579.204759630699,5009.525575426109,218.67864516129032
680.0,3578.230426776551,5009.30046325556,218.68209677419355
681.0,3577.2560939222226,5009.075351085797,218.6855483870968
682.0,3576.281761067894,5008.850238916033,218.68900000000002
683.0,3575.3074282135653,5008.6251267462685,218.69245161290323
684.0,3574.3330953592367,5008.400014576505,218.69590322580646
685.0,3573.358762504908,5008.17490240674,218.6993548387097
686.0,3572.3844296505795,5007.949790236977,218.7028064516129
687.0,3571.410096796251,5007.724678067213,218.70625806451613
688.0,3570.4357639419222,5007.4995658974485,218.70970967741937
689.0,3569.4614310875936,5007.274453727685,218.7131612903226
690.0,3568.487098233265,5007.049341557921,218.7166129032258
691.0,3567.5127653789364,5006.824229388157,218.72006451612904
692.0,3566.5384325246077,5006.599117218393,218.72351612903228
693.0,3565.564099670279,5006.3740050486285,218.72696774193548
694.0,3564.5897668159505,5006.148892878865,218.73041935483872
695.0,3563.615433961622,5005.923780709101,218.73387096774195
696.0,3562.6411011072933,5005.698668539337,218.73732258064516
697.0,3561.6667682529683,5005.4735563695585,218.7407741935484
698.0,3560.6924353986456,5005.248444199768,218.74422580645162
699.0,3559.7181025443233,5005.023332029977,218.74767741935486
700.0,3558.7437696900006,5004.798219860186,218.75112903225806
701.0,3557.7694368356783,5004.573107690395,218.7545806451613
702.0,3556.795103981356,5004.347995520604,218.75803225806453
703.0,3555.8207711270334,5004.122883350814,218.76148387096774
704.0,3554.846438272711,5003.897771181023,218.76493548387097
705.0,3553.872105418388,5003.672659011236,218.7683870967742
706.0,3552.8977725640593,5003.44754684147,218.77183870967744
707.0,3551.923439709731,5003.222434671705,218.77529032258064
708.0,3550.949106855403,5002.997322501939,218.77874193548388
709.0,3549.974774001075,5002.772210332174,218.7821935483871
710.0,3549.0004411467467,5002.5470981624085,218.78564516129032
711.0,3548.026108292418,5002.321985992643,218.78909677419355
712.0,3547.05177543809,5002.096873822878,218.7925483870968
713.0,3546.0774425837617,5001.871761653112,218.79600000000002
714.0,3545.1031097296354,5001.646649482473,218.79945161290323
715.0,3544.128776875563,5001.4215373116,218.80290322580646
716.0,3543.1544440214902,5001.196425140728,218.8063548387097
717.0,3542.1801111674176,5000.971312969856,218.8098064516129
718.0,3541.205778313345,5000.746200798983,218.81325806451613
719.0,3540.2314454592724,5000.521088628111,218.81670967741937
720.0,3539.2571126052,5000.295976457239,218.8201612903226
721.0,3538.2827797511277,5000.0708642863665,218.8236129032258
722.0,3537.308446896949,4999.845752115953,218.82706451612904
723.0,3536.3341140426205,4999.620639946189,218.83051612903228
724.0,3535.359781188292,4999.395527776424,218.83396774193548
725.0,3534.3854483339633,4999.170415606661,218.83741935483872
726.0,3533.4111154796346,4998.945303436897,218.84087096774195
727.0,3532.436782625306,4998.720191267133,218.84432258064518
728.0,3531.4624497709774,4998.495079097369,218.8477741935484
729.0,3530.488116916649,4998.269966927605,218.85122580645162
730.0,3529.5137840623206,4998.044854757839,218.85467741935486
731.0,3528.539451208004,4997.819742588023,218.85812903225806
732.0,3527.5651183536875,4997.594630418205,218.8615806451613
733.0,3526.590785499371,4997.369518248389,218.86503225806453
734.0,3525.616452645055,4997.144406078572,218.86848387096774
735.0,3524.6421197907384,4996.919293908755,218.87193548387097
736.0,3523.667786936422,4996.694181738939,218.8753870967742
737.0,3522.6934540821053,4996.4690695691215,218.87883870967744
738.0,3521.719121227789,4996.243957399305,218.88229032258064
739.0,3520.744788373465,4996.018845229522,218.88574193548388
740.0,3519.7704555191362,4995.793733059757,218.8891935483871
741.0,3518.796122664808,4995.5686208899915,218.89264516129032
742.0,3517.82178981048,4995.343508720226,218.89609677419355
743.0,3516.8474569561517,4995.118396550461,218.8995483870968
744.0,3515.8731241018236,4994.893284380695,218.90300000000002
745.0,3514.898791247495,4994.66817221093,218.90645161290323
746.0,3513.924458393167,4994.443060041163,218.90990322580646
747.0,3512.9501255388386,4994.217947871399,218.9133548387097
748.0,3511.97579268451,4993.992835701635,218.9168064516129
749.0,3511.0014598301814,4993.767723531871,218.92025806451613
750.0,3510.0271269758528,4993.542611362107,218.92370967741937
751.0,3509.052794121524,4993.317499192342,218.9271612903226
752.0,3508.0784612671955,4993.092387022579,218.9306129032258
753.0,3507.104128412867,4992.867274852815,218.93406451612904
754.0,3506.1297955585383,4992.642162683051,218.93751612903228
755.0,3505.1554627042096,4992.417050513287,218.94096774193548
756.0,3504.1811298501143,4992.191938342514,218.94441935483871
757.0,3503.2067969960417,4991.9668261716415,218.94787096774195
758.0,3502.232464141969,4991.741714000769,218.95132258064518
759.0,3501.2581312878965,4991.516601829897,218.9547741935484
760.0,3500.283798433824,4991.291489659025,218.95822580645162
761.0,3499.3094655797513,4991.066377488152,218.96167741935486
762.0,3498.3351327256787,4990.84126531728,218.96512903225806
763.0,3497.3607998716066,4990.616153146408,218.9685806451613
764.0,3496.3864670174034,4990.391040976099,218.97203225806453
765.0,3495.412134163087,4990.165928806283,218.97548387096776
766.0,3494.4378013087703,4989.9408166364665,218.97893548387097
767.0,3493.463468454454,4989.715704466649,218.9823870967742
768.0,3492.4891356001376,4989.490592296833,218.98583870967744
769.0,3491.5148027458213,4989.2654801270155,218.98929032258064
770.0,3490.540469891505,4989.040367957199,218.99274193548388
771.0,3489.566137037188,4988.815255787383,218.9961935483871
772.0,3488.59180418287,4988.5901436175745,218.99964516129032
773.0,3487.6174713285413,4988.36503144781,219.00309677419355
774.0,3486.6431384742127,4988.139919278046,219.00654838709679
775.0,3485.668805619884,4987.914807108282,219.01000000000002
776.0,3484.6944727655555,4987.689694938518,219.01345161290322
777.0,3483.720139911227,4987.464582768755,219.01690322580646
778.0,3482.7458070568982,4987.23947059899,219.0203548387097
779.0,3481.7714742025696,4987.014358429226,219.0238064516129
780.0,3480.797141348241,4986.789246259463,219.02725806451613
781.0,3479.8228084939124,4986.564134089697,219.03070967741937
782.0,3478.848475639584,4986.339021919932,219.0341612903226
783.0,3477.874142785256,4986.113909750166,219.0376129032258
784.0,3476.899809930928,4985.888797580401,219.04106451612904
785.0,3475.9254770765997,4985.6636854106355,219.04451612903227
786.0,3474.951144222271,4985.43857324087,219.04796774193548
787.0,3473.976811367943,4985.213461071105,219.0514193548387
788.0,3473.0024785136147,4984.988348901339,219.05487096774195
789.0,3472.028145659286,4984.763236731574,219.05832258064518
790.0,3471.0538128049575,4984.53812456181,219.0617741935484
791.0,3470.079479950629,4984.3130123920455,219.06522580645162
792.0,3469.1051470963002,4984.087900222282,219.06867741935486
793.0,3468.1308142419716,4983.862788052518,219.07212903225806
794.0,3467.156481387643,4983.637675882754,219.0755806451613
795.0,3466.1821485333144,4983.41256371299,219.07903225806453
796.0,3465.2078156789858,4983.187451543226,219.08248387096776
797.0,3464.2334828246658,4982.962339373425,219.08593548387097
798.0,3463.2591499706054,4982.7372272024995,219.0893870967742
799.0,3462.284817116545,4982.5121150315745,219.09283870967744
800.0,3461.310484262485,4982.287002860649,219.09629032258064
801.0,3460.3361514084245,4982.061890689724,219.09974193548388
802.0,3459.361818554364,4981.836778518799,219.1031935483871
803.0,3458.387485700304,4981.611666347874,219.10664516129032
804.0,3457.4131528462435,4981.386554176949,219.11009677419355
805.0,3456.438819992183,4981.161442006024,219.11354838709678
806.0,3455.464487137947,4980.936329835861,219.11700000000002
807.0,3454.4901542836183,4980.711217666097,219.12045161290322
808.0,3453.5158214292896,4980.486105496333,219.12390322580646
809.0,3452.541488574961,4980.260993326569,219.1273548387097
810.0,3451.5671557206324,4980.035881156805,219.1308064516129
811.0,3450.592822866304,4979.810768987041,219.13425806451613
812.0,3449.618490011975,4979.585656817278,219.13770967741937
813.0,3448.6441571576465,4979.360544647513,219.1411612903226
814.0,3447.669824303318,4979.135432477749,219.1446129032258
815.0,3446.6954914489893,4978.910320307985,219.14806451612904
816.0,3445.7211585946607,4978.685208138221,219.15151612903227
817.0,3444.7468257403316,4978.460095968458,219.15496774193548
818.0,3443.772492886003,4978.234983798693,219.1584193548387
819.0,3442.7981600316743,4978.009871628929,219.16187096774195
820.0,3441.8238271773457,4977.784759459166,219.16532258064518
821.0,3440.849494323017,4977.559647289401,219.1687741935484
822.0,3439.8751614686885,4977.334535119638,219.17222580645162
823.0,3438.9008286143603,4977.109422949872,219.17567741935486
824.0,3437.926495760032,4976.884310780107,219.17912903225806
825.0,3436.952162905704,4976.659198610341,219.1825806451613
826.0,3435.977830051376,4976.434086440576,219.18603225806453
827.0,3435.003497197047,4976.20897427081,219.18948387096776
828.0,3434.029164342719,4975.983862101045,219.19293548387097
829.0,3433.054831488391,4975.758749931279,219.1963870967742
830.0,3432.0804986340627,4975.533637761514,219.19983870967744
831.0,3431.106165779734,4975.3085255917495,219.20329032258064
832.0,3430.1318329254054,4975.083413421985,219.20674193548388
833.0,3429.157500071077,4974.858301252221,219.2101935483871
834.0,3428.183167216748,4974.633189082457,219.21364516129034
835.0,3427.2088343624196,4974.408076912693,219.21709677419355
836.0,3426.234501508091,4974.1829647429295,219.22054838709678
837.0,3425.2601686537623,4973.957852573165,219.22400000000002
838.0,3424.2858357994337,4973.732740403401,219.22745161290322
839.0,3423.311502945146,4973.507628233459,219.23090322580646
840.0,3422.3371700910857,4973.282516062534,219.2343548387097
841.0,3421.3628372370254,4973.057403891609,219.2378064516129
842.0,3420.388504382965,4972.832291720684,219.24125806451613
843.0,3419.4141715289047,4972.607179549759,219.24470967741937
844.0,3418.4398386748444,4972.382067378834,219.2481612903226
845.0,3417.465505820784,4972.156955207909,219.2516129032258
846.0,3416.4911729667238,4971.931843036983,219.25506451612904
847.0,3415.5168401126634,4971.706730866058,219.25851612903227
848.0,3414.5425072583944,4971.481618696036,219.26196774193548
849.0,3413.5681744040658,4971.2565065262725,219.2654193548387
850.0,3412.593841549737,4971.031394356508,219.26887096774195
851.0,3411.6195086954085,4970.806282186744,219.27232258064518
852.0,3410.64517584108,4970.581170016981,219.2757741935484
853.0,3409.6708429867513,4970.356057847216,219.27922580645162
854.0,3408.6965101324226,4970.1309456774525,219.28267741935485
855.0,3407.722177278094,4969.905833507689,219.28612903225806
856.0,3406.7478444237654,4969.680721337923,219.2895806451613
857.0,3405.7735115694372,4969.455609168158,219.29303225806453
858.0,3404.799178715109,4969.2304969983925,219.29648387096776
859.0,3403.824845860781,4969.005384828627,219.29993548387097
860.0,3402.8505130064527,4968.780272658862,219.3033870967742
861.0,3401.876180152124,4968.555160489096,219.30683870967744
862.0,3400.901847297796,4968.330048319331,219.31029032258064
863.0,3399.9275144434678,4968.104936149565,219.31374193548388
864.0,3398.9531815891396,4967.8798239798,219.3171935483871
865.0,3397.978848734811,4967.654711810036,219.32064516129034
866.0,3397.0045158804824,4967.429599640272,219.32409677419355
867.0,3396.0301830261537,4967.204487470508,219.32754838709678
868.0,3395.055850171825,4966.979375300744,219.33100000000002
869.0,3394.0815173174965,4966.75426313098,219.33445161290322
870.0,3393.107184463168,4966.529150961216,219.33790322580646
871.0,3392.1328516088392,4966.3040387914525,219.3413548387097
872.0,3391.1585187545106,4966.078926621688,219.34480645161293
873.0,3390.184185900182,4965.853814451924,219.34825806451613
874.0,3389.2098530458534,4965.62870228216,219.35170967741936
875.0,3388.2355201915248,4965.403590112396,219.3551612903226
876.0,3387.261187337196,4965.1784779426325,219.3586129032258
877.0,3386.2868544828675,4964.953365772868,219.36206451612904
878.0,3385.312521628539,4964.728253603104,219.36551612903227
879.0,3384.3381887742103,4964.503141433341,219.36896774193548
880.0,3383.3638559198816,4964.278029263576,219.3724193548387
881.0,3382.3895230656267,4964.052917093493,219.37587096774195
882.0,3381.4151902115664,4963.827804922568,219.37932258064518
883.0,3380.440857357506,4963.602692751643,219.38277419354839
884.0,3379.4665245034453,4963.377580580718,219.38622580645162
885.0,3378.492191649385,4963.152468409793,219.38967741935485
886.0,3377.5178587953246,4962.927356238868,219.39312903225806
887.0,3376.5435259412643,4962.702244067943,219.3965806451613
888.0,3375.569193087204,4962.477131897018,219.40003225806453
889.0,3374.5948602331437,4962.252019726093,219.40348387096776
890.0,3373.6205273788423,4962.026907556211,219.40693548387097
891.0,3372.6461945245137,4961.801795386447,219.4103870967742
892.0,3371.671861670185,4961.576683216684,219.41383870967744
893.0,3370.6975288158565,4961.351571046919,219.41729032258064
894.0,3369.723195961528,4961.1264588771555,219.42074193548387
895.0,3368.748863107199,4960.901346707392,219.4241935483871
896.0,3367.7745302528706,4960.676234537627,219.42764516129034
897.0,3366.800197398542,4960.451122367864,219.43109677419355
898.0,3365.8258645442133,4960.226010198099,219.43454838709678
899.0,3364.851531689885,4960.000898028334,219.43800000000002
900.0,3363.877198835557,4959.775785858567,219.44145161290322
901.0,3362.902865981229,4959.550673688802,219.44490322580646
902.0,3361.9285331269,4959.3255615190365,219.4483548387097
903.0,3360.954200272572,4959.100449349271,219.45180645161292
904.0,3359.979867418244,4958.875337179506,219.45525806451613
905.0,3359.0055345639157,4958.65022500974,219.45870967741936
906.0,3358.031201709587,4958.425112839975,219.4621612903226
907.0,3357.0568688552585,4958.200000670211,219.4656129032258
908.0,3356.08253600093,4957.974888500447,219.46906451612904
909.0,3355.108203146601,4957.749776330683,219.47251612903227
910.0,3354.1338702922726,4957.524664160919,219.4759677419355
911.0,3353.159537437944,4957.299551991156,219.4794193548387
912.0,3352.1852045836154,4957.074439821391,219.48287096774195
913.0,3351.2108717292867,4956.849327651627,219.48632258064518
914.0,3350.236538874958,4956.624215481864,219.48977419354839
915.0,3349.2622060206295,4956.399103312099,219.49322580645162
916.0,3348.287873166301,4956.173991142336,219.49667741935485
917.0,3347.3135403119722,4955.948878972571,219.50012903225806
918.0,3346.3392074576436,4955.723766802807,219.5035806451613
919.0,3345.364874603315,4955.498654633044,219.50703225806453
920.0,3344.3905417489864,4955.273542463279,219.51048387096776
921.0,3343.4162088946578,4955.048430293516,219.51393548387097
922.0,3342.441876040329,4954.823318123752,219.5173870967742
923.0,3341.467543186107,4954.598205953528,219.52083870967743
924.0,3340.4932103320466,4954.373093782603,219.52429032258064
925.0,3339.5188774779863,4954.147981611678,219.52774193548387
926.0,3338.544544623926,4953.922869440753,219.5311935483871
927.0,3337.5702117698656,4953.697757269828,219.53464516129034
928.0,3336.5958789158053,4953.472645098903,219.53809677419355
929.0,3335.621546061745,4953.247532927977,219.54154838709678
930.0,3334.647213207684,4953.022420757052,219.54500000000002
931.0,3333.672880353619,4952.79730858615,219.54845161290322
932.0,3332.6985474992903,4952.572196416385,219.55190322580646
933.0,3331.724214644962,4952.3470842466195,219.5553548387097
934.0,3330.749881790634,4952.121972076854,219.55880645161292
935.0,3329.7755489363058,4951.896859907089,219.56225806451613
936.0,3328.801216081977,4951.671747737323,219.56570967741936
937.0,3327.826883227649,4951.446635567558,219.5691612903226
938.0,3326.852550373321,4951.221523397792,219.5726129032258
939.0,3325.8782175189926,4950.996411228027,219.57606451612904
940.0,3324.903884664664,4950.771299058262,219.57951612903227
941.0,3323.9295518103354,4950.546186888498,219.5829677419355
942.0,3322.955218956007,4950.321074718734,219.5864193548387
943.0,3321.980886101678,4950.09596254897,219.58987096774194
944.0,3321.0065532473495,4949.870850379206,219.59332258064518
945.0,3320.032220393021,4949.645738209442,219.59677419354838
946.0,3319.0578875386923,4949.420626039679,219.60022580645162
947.0,3318.0835546843637,4949.195513869914,219.60367741935485
948.0,3317.109221830035,4948.97040170015,219.6071290322581
949.0,3316.1348889757064,4948.745289530386,219.6105806451613
950.0,3315.160556121378,4948.520177360622,219.61403225806453
951.0,3314.186223267049,4948.295065190859,219.61748387096776
952.0,3313.2118904127205,4948.069953021094,219.62093548387097
953.0,3312.237557558392,4947.84484085133,219.6243870967742
954.0,3311.2632247040633,4947.619728681567,219.62783870967743
955.0,3310.2888918497347,4947.394616511802,219.63129032258064
956.0,3309.314558995406,4947.169504342039,219.63474193548387
957.0,3308.3402261410774,4946.944392172274,219.6381935483871
958.0,3307.365893286749,4946.7192800025105,219.64164516129034
959.0,3306.39156043242,4946.494167832747,219.64509677419355
960.0,3305.4172275780916,4946.269055662982,219.64854838709678
961.0,3304.442894723763,4946.043943493219,219.65200000000002
962.0,3303.4685618694343,4945.818831323455,219.65545161290322
963.0,3302.4942290151057,4945.5937191536905,219.65890322580645
964.0,3301.519896160777,4945.368606983927,219.6623548387097
965.0,3300.545563306587,4945.143494813562,219.66580645161292
966.0,3299.571230452527,4944.918382642637,219.66925806451613
967.0,3298.5968975984665,4944.693270471712,219.67270967741936
968.0,3297.622564744406,4944.468158300787,219.6761612903226
969.0,3296.648231890346,4944.243046129862,219.6796129032258
970.0,3295.6738990362855,4944.017933958937,219.68306451612904
971.0,3294.699566182225,4943.792821788012,219.68651612903227
972.0,3293.725233328165,4943.567709617087,219.6899677419355
973.0,3292.7509004740664,4943.342597446325,219.6934193548387
974.0,3291.776567619738,4943.11748527656,219.69687096774194
975.0,3290.80223476541,4942.892373106794,219.70032258064518
976.0,3289.827901911082,4942.667260937029,219.70377419354838
977.0,3288.8535690567533,4942.4421487672635,219.70722580645162
978.0,3287.879236202425,4942.217036597498,219.71067741935485
979.0,3286.904903348097,4941.991924427733,219.71412903225809
980.0,3285.9305704937688,4941.766812257967,219.7175806451613
981.0,3284.9562376394406,4941.541700088202,219.72103225806453
982.0,3283.9819047851074,4941.316587918457,219.72448387096776
983.0,3283.007571930773,4941.091475748719,219.72793548387097
984.0,3282.033239076438,4940.866363578981,219.7313870967742
985.0,3281.0589062221034,4940.641251409243,219.73483870967743
986.0,3280.084573367769,4940.416139239504,219.73829032258067
987.0,3279.1102405134343,4940.191027069766,219.74174193548387
988.0,3278.1359076590998,4939.965914900029,219.7451935483871
989.0,3277.161574804765,4939.740802730291,219.74864516129034
990.0,3276.187241950433,4939.515690560543,219.75209677419355
991.0,3275.2129090961043,4939.290578390778,219.75554838709678
992.0,3274.2385762417757,4939.0654662210145,219.75900000000001
993.0,3273.2642433874466,4938.840354051251,219.76245161290322
994.0,3272.289910533118,4938.615241881486,219.76590322580645
995.0,3271.3155776787894,4938.390129711723,219.7693548387097
996.0,3270.341244824461,4938.165017541959,219.77280645161292
997.0,3269.366911970132,4937.9399053721945,219.77625806451613
998.0,3268.392579115804,4937.71479320243,219.77970967741936
999.0,3267.4182462614876,4937.489681032614,219.7831612903226
1000.0,3266.443913407171,4937.264568862796,219.7866129032258
1001.0,3265.4695805528545,4937.03945669298,219.79006451612904
1002.0,3264.495247698538,4936.814344523163,219.79351612903227
1003.0,3263.520914844222,4936.589232353346,219.7969677419355
1004.0,3262.5465819899055,4936.36412018353,219.8004193548387
1005.0,3261.5722491355887,4936.139008013713,219.80387096774194
1006.0,3260.5979162812723,4935.913895843896,219.80732258064518
1007.0,3259.6235834271115,4935.688783673405,219.81077419354838
1008.0,3258.6492505730394,4935.463671502533,219.81422580645162
1009.0,3257.6749177189668,4935.23855933166,219.81767741935485
1010.0,3256.700584864894,4935.013447160788,219.82112903225809
1011.0,3255.7262520108216,4934.788334989916,219.8245806451613
1012.0,3254.751919156749,4934.563222819043,219.82803225806452
1013.0,3253.7775863026764,4934.338110648171,219.83148387096776
1014.0,3252.8032534486038,4934.112998477299,219.83493548387096
1015.0,3251.8289205944643,4933.8878863067175,219.8383870967742
1016.0,3250.8545877401357,4933.662774136954,219.84183870967743
1017.0,3249.880254885807,4933.43766196719,219.84529032258067
1018.0,3248.9059220314784,4933.212549797426,219.84874193548387
1019.0,3247.93158917715,4932.987437627662,219.8521935483871
1020.0,3246.957256322821,4932.7623254578975,219.85564516129034
1021.0,3245.9829234684926,4932.537213288134,219.85909677419355
1022.0,3245.008590614164,4932.31210111837,219.86254838709678
1023.0,3244.0342577598353,4932.086988948606,219.866
1024.0,3243.0599249055067,4931.861876778841,219.86945161290325
1025.0,3242.0855920511785,4931.636764609075,219.87290322580645
1026.0,3241.1112591968504,4931.411652439309,219.8763548387097
1027.0,3240.136926342522,4931.186540269544,219.87980645161292
1028.0,3239.1625934881936,4930.9614280997785,219.88325806451613
1029.0,3238.1882606338654,4930.736315930013,219.88670967741936
1030.0,3237.2139277795372,4930.511203760248,219.8901612903226
1031.0,3236.239594925209,4930.286091590482,219.8936129032258
1032.0,3235.265262070887,4930.06097942069,219.89706451612903
1033.0,3234.29092921657,4929.835867250874,219.90051612903227
1034.0,3233.3165963622537,4929.6107550810575,219.9039677419355
1035.0,3232.3422635079373,4929.38564291124,219.9074193548387
1036.0,3231.367930653621,4929.160530741424,219.91087096774194
1037.0,3230.3935977993046,4928.9354185716065,219.91432258064518
1038.0,3229.4192649449883,4928.71030640179,219.91777419354838
1039.0,3228.4449320906715,4928.485194231974,219.92122580645162
1040.0,3227.470599236354,4928.260082062164,219.92467741935485
1041.0,3226.496266382025,4928.0349698924,219.92812903225808
1042.0,3225.5219335276965,4927.809857722636,219.9315806451613
1043.0,3224.547600673368,4927.584745552872,219.93503225806452
1044.0,3223.5732678190393,4927.359633383108,219.93848387096776
1045.0,3222.5989349647107,4927.134521213344,219.94193548387096
1046.0,3221.624602110382,4926.90940904358,219.9453870967742
1047.0,3220.6502692560534,4926.684296873816,219.94883870967743
1048.0,3219.675936401725,4926.459184704052,219.95229032258067
1049.0,3218.701603547591,4926.234072533446,219.95574193548387
1050.0,3217.727270693518,4926.008960362574,219.9591935483871
1051.0,3216.7529378394456,4925.7838481917015,219.96264516129034
1052.0,3215.778604985373,4925.558736020829,219.96609677419355
1053.0,3214.8042721313004,4925.333623849957,219.96954838709678
1054.0,3213.829939277228,4925.108511679085,219.973
1055.0,3212.855606423155,4924.883399508212,219.97645161290325
1056.0,3211.8812735690826,4924.65828733734,219.97990322580645
1057.0,3210.9069407149123,4924.433175166892,219.9833548387097
1058.0,3209.9326078605836,4924.208062997127,219.98680645161292
1059.0,3208.9582750062555,4923.9829508273615,219.99025806451613
1060.0,3207.9839421519273,4923.757838657596,219.99370967741936
1061.0,3207.009609297599,4923.532726487831,219.9971612903226
1062.0,3206.0352764432705,4923.307614318065,220.00061290322583
1063.0,3205.0609435889423,4923.0825021483,220.00406451612903
1064.0,3204.086610734614,4922.857389978534,220.00751612903227
1065.0,3203.112277880286,4922.632277808768,220.0109677419355
1066.0,3202.1379450259697,4922.4071656389515,220.0144193548387
1067.0,3201.1636121716533,4922.182053469134,220.01787096774194
1068.0,3200.1892793173365,4921.956941299318,220.02132258064518
1069.0,3199.21494646302,4921.731829129501,220.02477419354838
1070.0,3198.240613608704,4921.506716959684,220.02822580645162
1071.0,3197.2662807543875,4921.281604789868,220.03167741935485
1072.0,3196.291947900071,4921.05649262005,220.03512903225808
1073.0,3195.317615045755,4920.831380450234,220.0385806451613
1074.0,3194.3432821914303,4920.60626828045,220.04203225806452
1075.0,3193.3689493371016,4920.381156110687,220.04548387096776
1076.0,3192.394616482773,4920.156043940923,220.04893548387096
1077.0,3191.4202836284444,4919.930931771159,220.0523870967742
1078.0,3190.4459507741158,4919.705819601395,220.05583870967743
1079.0,3189.4716179197876,4919.48070743163,220.05929032258067
1080.0,3188.497285065459,4919.255595261867,220.06274193548387
1081.0,3187.5229522111304,4919.030483092103,220.0661935483871
1082.0,3186.548619356867,4918.805370922054,220.06964516129034
1083.0,3185.5742865027946,4918.580258751182,220.07309677419354
1084.0,3184.599953648722,4918.355146580309,220.07654838709678
1085.0,3183.6256207946494,4918.130034409437,220.08
1086.0,3182.6512879405773,4917.904922238565,220.08345161290325
1087.0,3181.6769550865047,4917.679810067692,220.08690322580645
1088.0,3180.702622232432,4917.45469789682,220.0903548387097
1089.0,3179.7282893783595,4917.229585725948,220.09380645161292
1090.0,3178.753956524287,4917.0044735550755,220.09725806451613
1091.0,3177.7796236699887,4916.77936138518,220.10070967741936
1092.0,3176.80529081566,4916.554249215416,220.1041612903226
1093.0,3175.8309579613315,4916.329137045652,220.10761290322583
1094.0,3174.856625107003,4916.104024875888,220.11106451612903
1095.0,3173.8822922526742,4915.878912706124,220.11451612903227
1096.0,3172.9079593983456,4915.65380053636,220.1179677419355
1097.0,3171.933626544017,4915.428688366596,220.1214193548387
1098.0,3170.9592936896884,4915.203576196832,220.12487096774194
1099.0,3169.984960835366,4914.978464027041,220.12832258064518
1100.0,3169.01062798105,4914.753351857223,220.1317741935484
1101.0,3168.036295126734,4914.5282396874045,220.13522580645161
1102.0,3167.061962272418,4914.303127517586,220.13867741935485
1103.0,3166.0876294181016,4914.078015347767,220.14212903225808
1104.0,3165.1132965637858,4913.852903177949,220.1455806451613
1105.0,3164.13896370947,4913.627791008131,220.14903225806452
1106.0,3163.1646308551535,4913.402678838313,220.15248387096776
1107.0,3162.190298000836,4913.177566668502,220.15593548387096
1108.0,3161.215965146507,4912.952454498738,220.1593870967742
1109.0,3160.2416322921786,4912.7273423289735,220.16283870967743
1110.0,3159.26729943785,4912.50223015921,220.16629032258066
1111.0,3158.2929665835213,4912.277117989445,220.16974193548387
1112.0,3157.3186337291927,4912.052005819682,220.1731935483871
1113.0,3156.344300874864,4911.826893649918,220.17664516129034
1114.0,3155.3699680205355,4911.6017814801535,220.18009677419354
1115.0,3154.395635166207,4911.37666931039,220.18354838709678
1116.0,3153.421302311878,4911.151557140626,220.187
1117.0,3152.4469694575496,4910.926444970862,220.19045161290325
1118.0,3151.472636603221,4910.701332801098,220.19390322580645
1119.0,3150.4983037488923,4910.476220631334,220.19735483870969
1120.0,3149.5239708945637,4910.25110846157,220.20080645161292
1121.0,3148.549638040235,4910.025996291806,220.20425806451613
1122.0,3147.5753051859065,4909.800884122042,220.20770967741936
1123.0,3146.600972331578,4909.575771952278,220.2111612903226
1124.0,3145.626639477346,4909.350659782095,220.21461290322583
1125.0,3144.6523066232735,4909.125547611223,220.21806451612903
1126.0,3143.6779737692013,4908.9004354403505,220.22151612903227
1127.0,3142.7036409151287,4908.675323269478,220.2249677419355
1128.0,3141.729308061056,4908.450211098606,220.2284193548387
1129.0,3140.7549752069835,4908.225098927734,220.23187096774194
1130.0,3139.780642352911,4907.999986756861,220.23532258064517
1131.0,3138.8063094988383,4907.774874585989,220.2387741935484
1132.0,3137.8319766447653,4907.5497624151185,220.24222580645161
1133.0,3136.857643790449,4907.3246502453,220.24567741935485
1134.0,3135.883310936133,4907.099538075482,220.24912903225808
1135.0,3134.908978081817,4906.874425905664,220.2525806451613
1136.0,3133.934645227501,4906.649313735846,220.25603225806452
1137.0,3132.960312373185,4906.4242015660275,220.25948387096776
1138.0,3131.9859795188686,4906.199089396209,220.262935483871
1139.0,3131.0116466645527,4905.973977226391,220.2663870967742
1140.0,3130.037313810237,4905.748865056573,220.26983870967743
1141.0,3129.0629809559127,4905.523752886788,220.27329032258066
1142.0,3128.088648101584,4905.298640717025,220.27674193548387
1143.0,3127.1143152472555,4905.07352854726,220.2801935483871
1144.0,3126.139982392927,4904.8484163774965,220.28364516129034
1145.0,3125.1656495385982,4904.623304207733,220.28709677419354
1146.0,3124.1913166842696,4904.398192037968,220.29054838709678
1147.0,3123.216983829941,4904.173079868205,220.294
1148.0,3122.2426509756124,4903.947967698441,220.29745161290325
1149.0,3121.2683181212838,4903.7228555286765,220.30090322580645
1150.0,3120.293985266955,4903.497743358913,220.30435483870968
1151.0,3119.3196524126265,4903.272631189149,220.30780645161292
1152.0,3118.345319558298,4903.047519019385,220.31125806451612
1153.0,3117.3709867039693,4902.822406849621,220.31470967741936
1154.0,3116.3966538496406,4902.5972946798565,220.3181612903226
1155.0,3115.422320995312,4902.372182510093,220.32161290322583
1156.0,3114.4479881409834,4902.147070340329,220.32506451612903
1157.0,3113.473655286655,4901.921958170565,220.32851612903227
1158.0,3112.499322432326,4901.696846000801,220.3319677419355
1159.0,3111.5249895779975,4901.471733831037,220.3354193548387
1160.0,3110.550656723669,4901.246621661273,220.33887096774194
1161.0,3109.5763238693403,4901.021509491509,220.34232258064517
1162.0,3108.6019910150117,4900.796397321745,220.3457741935484
1163.0,3107.627658160683,4900.571285151981,220.3492258064516
1164.0,3106.6533253063544,4900.3461729822175,220.35267741935485
1165.0,3105.678992452026,4900.121060812453,220.35612903225808
1166.0,3104.7046595978313,4899.89594864211,220.3595806451613
1167.0,3103.730326743771,4899.670836471184,220.36303225806452
1168.0,3102.7559938897107,4899.445724300259,220.36648387096776
1169.0,3101.7816610356504,4899.220612129334,220.369935483871
1170.0,3100.80732818159,4898.995499958409,220.3733870967742
1171.0,3099.8329953275293,4898.770387787484,220.37683870967743
1172.0,3098.858662473469,4898.545275616559,220.38029032258066
1173.0,3097.8843296194086,4898.320163445634,220.38374193548387
1174.0,3096.909996765315,4898.095051274852,220.3871935483871
1175.0,3095.935663910987,4897.869939105087,220.39064516129034
1176.0,3094.9613310566588,4897.644826935321,220.39409677419357
1177.0,3093.9869982023306,4897.419714765556,220.39754838709678
1178.0,3093.012665348002,4897.19460259579,220.401
1179.0,3092.038332493674,4896.969490426024,220.40445161290324
1180.0,3091.0639996393456,4896.744378256259,220.40790322580645
1181.0,3090.0896667850175,4896.519266086493,220.41135483870968
1182.0,3089.1153339306893,4896.294153916728,220.41480645161292
1183.0,3088.1410010763607,4896.069041746964,220.41825806451612
1184.0,3087.166668222032,4895.8439295772,220.42170967741936
1185.0,3086.1923353677034,4895.618817407436,220.4251612903226
1186.0,3085.218002513375,4895.393705237671,220.42861290322583
1187.0,3084.243669659046,4895.168593067908,220.43206451612903
1188.0,3083.2693368047176,4894.943480898144,220.43551612903227
1189.0,3082.295003950389,4894.71836872838,220.4389677419355
1190.0,3081.3206710960603,4894.493256558616,220.4424193548387
1191.0,3080.3463382417317,4894.268144388852,220.44587096774194
1192.0,3079.372005387403,4894.043032219088,220.44932258064517
1193.0,3078.3976725330745,4893.817920049324,220.4527741935484
1194.0,3077.423339678746,4893.59280787956,220.4562258064516
1195.0,3076.449006824417,4893.367695709796,220.45967741935485
1196.0,3075.4746739700886,4893.142583540032,220.46312903225808
1197.0,3074.50034111576,4892.917471370268,220.4665806451613
1198.0,3073.5260082614313,4892.692359200504,220.47003225806452
1199.0,3072.5516754071027,4892.4672470307405,220.47348387096775
1200.0,3071.577342552774,4892.242134860976,220.476935483871
1201.0,3070.6030096984455,4892.017022691212,220.4803870967742
1202.0,3069.628676844117,4891.791910521449,220.48383870967743
1203.0,3068.6543439897882,4891.566798351684,220.48729032258066
1204.0,3067.6800111354596,4891.3416861819205,220.49074193548387
1205.0,3066.705678281131,4891.116574012156,220.4941935483871
1206.0,3065.7313454268024,4890.891461842392,220.49764516129034
1207.0,3064.7570125724737,4890.666349672629,220.50109677419357
1208.0,3063.7826797183116,4890.441237502144,220.50454838709678
1209.0,3062.8083468642512,4890.216125331219,220.508
1210.0,3061.834014010191,4889.991013160294,220.51145161290324
1211.0,3060.8596811561306,4889.765900989369,220.51490322580645
1212.0,3059.8853483020703,4889.540788818444,220.51835483870968
1213.0,3058.91101544801,4889.315676647519,220.52180645161292
1214.0,3057.9366825939496,4889.0905644765935,220.52525806451615
1215.0,3056.9623497398893,4888.865452305668,220.52870967741936
1216.0,3055.988016885763,4888.640340135027,220.5321612903226
1217.0,3055.013684031435,4888.415227965262,220.53561290322583
1218.0,3054.0393511771067,4888.190115795496,220.53906451612903
1219.0,3053.0650183227785,4887.965003625731,220.54251612903226
1220.0,3052.09068546845,4887.739891455965,220.5459677419355
1221.0,3051.1163526141218,4887.5147792862,220.5494193548387
1222.0,3050.1420197597936,4887.289667116434,220.55287096774194
1223.0,3049.1676869054654,4887.064554946668,220.55632258064517
1224.0,3048.193354051137,4886.839442776903,220.5597741935484
1225.0,3047.2190211968086,4886.614330607139,220.5632258064516
1226.0,3046.24468834248,4886.389218437374,220.56667741935485
1227.0,3045.2703554881514,4886.164106267611,220.57012903225808
1228.0,3044.2960226338228,4885.938994097847,220.5735806451613
1229.0,3043.321689779494,4885.713881928083,220.57703225806452
1230.0,3042.3473569251655,4885.488769758319,220.58048387096775
1231.0,3041.373024070837,4885.263657588555,220.583935483871
1232.0,3040.3986912165083,4885.038545418791,220.5873870967742
1233.0,3039.4243583621796,4884.813433249027,220.59083870967743
1234.0,3038.450025507851,4884.588321079264,220.59429032258066
1235.0,3037.4756926535224,4884.363208909499,220.59774193548387
1236.0,3036.501359799194,4884.138096739735,220.6011935483871
1237.0,3035.527026944865,4883.912984569971,220.60464516129034
1238.0,3034.5526940905365,4883.687872400207,220.60809677419357
1239.0,3033.578361236208,4883.462760230444,220.61154838709678
1240.0,3032.6040283818793,4883.237648060679,220.61499648447582
1241.0,3031.6296955275507,4883.012535890915,220.6184375
1242.0,3030.655362673222,4882.787423721152,220.62187500000002
1243.0,3029.6810298188934,4882.562311551387,220.6253125
1244.0,3028.706696964565,4882.337199381624,220.62875
1245.0,3027.732364110236,4882.11208721186,220.63218750000001
1246.0,3026.7580312559076,4881.886975042095,220.635625
1247.0,3025.783698401579,4881.661862872332,220.63906250000002
1248.0,3024.8093655472503,4881.436750702567,220.6425
1249.0,3023.8350326929217,4881.211638532804,220.6459375
1250.0,3022.8606998387922,4880.986526362177,220.64937500000002
1251.0,3021.8863669847324,4880.761414191251,220.6528125
1252.0,3020.9120341306725,4880.536302020324,220.65625
1253.0,3019.9377012766126,4880.311189849397,220.65968750000002
1254.0,3018.9633684225523,4880.08607767847,220.663125
1255.0,3017.9890355684925,4879.860965507544,220.6665625
1256.0,3017.0147027144326,4879.635853336617,220.67000000000002
1257.0,3016.0403698603723,4879.4107411656905,220.6734375
1258.0,3015.066037006212,4879.185628995199,220.676875
1259.0,3014.0917041518774,4878.960516825461,220.6803125
1260.0,3013.117371297543,4878.735404655723,220.68375
1261.0,3012.143038443208,4878.510292485985,220.68718750000002
1262.0,3011.1687055888733,4878.285180316247,220.690625
1263.0,3010.194372734539,4878.060068146509,220.6940625
1264.0,3009.2200398802042,4877.834955976771,220.69750000000002
1265.0,3008.2457070258697,4877.609843807033,220.7009375
1266.0,3007.271374171535,4877.384731637295,220.704375
1267.0,3006.2970413172065,4877.159619467531,220.70781250000002
1268.0,3005.322708462878,4876.934507297767,220.71125
1269.0,3004.3483756085493,4876.709395128003,220.7146875
1270.0,3003.3740427542207,4876.484282958239,220.71812500000001
1271.0,3002.399709899892,4876.259170788475,220.7215625
1272.0,3001.4253770455634,4876.034058618711,220.72500000000002
1273.0,3000.451044191235,4875.808946448948,220.7284375
1274.0,2999.476711336906,4875.583834279183,220.731875
1275.0,2998.5023784825776,4875.358722109419,220.73531250000002
1276.0,2997.528045628249,4875.133609939656,220.73875
1277.0,2996.5537127739203,4874.908497769891,220.7421875
1278.0,2995.5793799195917,4874.683385600128,220.74562500000002
1279.0,2994.605047065263,4874.458273430363,220.7490625
1280.0,2993.6307142109345,4874.233161260599,220.7525
1281.0,2992.656381356606,4874.008049090836,220.75593750000002
1282.0,2991.682048502277,4873.782936921071,220.759375
1283.0,2990.7077156479486,4873.557824751308,220.7628125
1284.0,2989.73338279362,4873.332712581544,220.76625
1285.0,2988.7590499392913,4873.1076004117795,220.7696875
1286.0,2987.7847170849627,4872.882488242016,220.77312500000002
1287.0,2986.810384230634,4872.657376072252,220.7765625
1288.0,2985.8360513763055,4872.432263902488,220.78
1289.0,2984.861718521977,4872.207151732724,220.78343750000002
1290.0,2983.8873856676482,4871.9820395629595,220.786875
1291.0,2982.9130528133196,4871.756927393196,220.7903125
1292.0,2981.9387199592225,4871.53181522243,220.79375000000002
1293.0,2980.964387105162,4871.306703051505,220.7971875
1294.0,2979.990054251102,4871.08159088058,220.800625
1295.0,2979.0157213970415,4870.856478709654,220.80406250000001
1296.0,2978.041388542981,4870.631366538729,220.8075
1297.0,2977.067055688921,4870.406254367804,220.8109375
1298.0,2976.0927228348605,4870.181142196879,220.814375
1299.0,2975.1183899808,4869.956030025954,220.8178125
1300.0,2974.144057126609,4869.730917855594,220.82125000000002
1301.0,2973.1697242722807,4869.505805685829,220.8246875
1302.0,2972.1953914179526,4869.280693516063,220.828125
1303.0,2971.2210585636244,4869.055581346298,220.83156250000002
1304.0,2970.246725709296,4868.8304691765325,220.835
1305.0,2969.2723928549676,4868.605357006766,220.8384375
1306.0,2968.2980600006395,4868.380244837001,220.84187500000002
1307.0,2967.3237271463113,4868.155132667235,220.8453125
1308.0,2966.3493942919827,4867.930020497471,220.84875
1309.0,2965.375061437654,4867.704908327706,220.8521875
1310.0,2964.4007285833254,4867.4797961579425,220.855625
1311.0,2963.426395728997,4867.254683988178,220.85906250000002
1312.0,2962.4520628746686,4867.029571818414,220.8625
1313.0,2961.47773002034,4866.804459648651,220.8659375
1314.0,2960.5033971660114,4866.579347478886,220.86937500000002
1315.0,2959.5290643116828,4866.3542353091225,220.8728125
1316.0,2958.554731457354,4866.129123139359,220.87625
1317.0,2957.5803986030255,4865.904010969594,220.87968750000002
1318.0,2956.606065748697,4865.678898799831,220.883125
1319.0,2955.6317328943683,4865.453786630067,220.8865625
1320.0,2954.6574000400396,4865.2286744603025,220.89000000000001
1321.0,2953.683067185711,4865.003562290539,220.8934375
1322.0,2952.7087343313824,4864.778450120774,220.896875
1323.0,2951.734401477054,4864.553337951011,220.9003125
1324.0,2950.760068622725,4864.328225781247,220.90375
1325.0,2949.7857357683965,4864.1031136114825,220.90718750000002
1326.0,2948.811402914068,4863.878001441719,220.910625
1327.0,2947.8370700597393,4863.652889271955,220.9140625
1328.0,2946.8627372054107,4863.427777102191,220.91750000000002
1329.0,2945.888404351082,4863.202664932427,220.9209375
1330.0,2944.9140714967534,4862.9775527626625,220.924375
1331.0,2943.939738642425,4862.752440592899,220.92781250000002
1332.0,2942.965405788096,4862.527328423135,220.93125
1333.0,2941.9910729337676,4862.302216253371,220.9346875
1334.0,2941.016740079703,4862.077104082462,220.938125
1335.0,2940.0424072256433,4861.851991911536,220.9415625
1336.0,2939.0680743715834,4861.626879740609,220.94500000000002
1337.0,2938.0937415175235,4861.401767569682,220.9484375
1338.0,2937.119408663463,4861.176655398756,220.951875
1339.0,2936.1450758094034,4860.9515432278295,220.95531250000002
1340.0,2935.1707429553435,4860.726431056903,220.95875
1341.0,2934.1964101012836,4860.501318885976,220.9621875
1342.0,2933.22207724706,4860.276206715757,220.96562500000002
1343.0,2932.2477443927314,4860.051094545993,220.9690625
1344.0,2931.273411538403,4859.825982376229,220.9725
1345.0,2930.299078684074,4859.6008702064655,220.97593750000001
1346.0,2929.3247458297456,4859.375758036701,220.979375
1347.0,2928.350412975417,4859.150645866937,220.9828125
1348.0,2927.3760801210883,4858.925533697174,220.98625
1349.0,2926.4017472667597,4858.700421527409,220.9896875
1350.0,2925.427414412431,4858.4753093576455,220.99312500000002
1351.0,2924.4530815581024,4858.250197187882,220.9965625
1352.0,2923.478748703774,4858.025085018117,221.0
1353.0,2922.504415849445,4857.799972848354,221.00343750000002
1354.0,2921.5300829951166,4857.574860678589,221.006875
1355.0,2920.555750140788,4857.3497485088255,221.0103125
1356.0,2919.5814172864593,4857.124636339062,221.01375000000002
1357.0,2918.6070844321307,4856.899524169297,221.0171875
1358.0,2917.632751577802,4856.674411999534,221.020625
1359.0,2916.6584187234735,4856.44929982977,221.0240625
1360.0,2915.684085869145,4856.224187660006,221.0275
1361.0,2914.709753014816,4855.999075490242,221.0309375
1362.0,2913.7354201604876,4855.773963320478,221.034375
1363.0,2912.761087306159,4855.548851150714,221.0378125
1364.0,2911.7867544518303,4855.32373898095,221.04125000000002
1365.0,2910.8124215975017,4855.098626811186,221.0446875
1366.0,2909.838088743173,4854.873514641422,221.048125
1367.0,2908.8637558888504,4854.648402471633,221.05156250000002
1368.0,2907.889423034534,4854.4232903018155,221.055
1369.0,2906.9150901802177,4854.198178131999,221.0584375
1370.0,2905.9407573259014,4853.973065962183,221.06187500000001
1371.0,2904.9664244715846,4853.7479537923655,221.0653125
1372.0,2903.992091617268,4853.522841622549,221.06875
1373.0,2903.017758762952,4853.297729452732,221.0721875
1374.0,2902.0434259086355,4853.072617282915,221.075625
1375.0,2901.069093054345,4852.847505112987,221.07906250000002
1376.0,2900.0947602002725,4852.622392942113,221.0825
1377.0,2899.1204273462004,4852.397280771239,221.0859375
1378.0,2898.146094492128,4852.172168600366,221.08937500000002
1379.0,2897.171761638056,4851.947056429492,221.0928125
1380.0,2896.197428783984,4851.721944258617,221.09625
1381.0,2895.223095929912,4851.496832087743,221.09968750000002
1382.0,2894.2487630758396,4851.27171991687,221.103125
1383.0,2893.2744302217675,4851.046607745996,221.1065625
1384.0,2892.300097367508,4850.821495575932,221.11
1385.0,2891.3257645131794,4850.596383406169,221.1134375
1386.0,2890.3514316588507,4850.371271236405,221.116875
1387.0,2889.377098804522,4850.14615906664,221.1203125
1388.0,2888.4027659501935,4849.921046896877,221.12375
1389.0,2887.428433095865,4849.695934727112,221.12718750000002
1390.0,2886.4541002415363,4849.470822557349,221.130625
1391.0,2885.4797673872076,4849.245710387585,221.1340625
1392.0,2884.505434532879,4849.02059821782,221.13750000000002
1393.0,2883.5311016785504,4848.795486048057,221.1409375
1394.0,2882.5567688242218,4848.570373878293,221.144375
1395.0,2881.582435969893,4848.345261708529,221.14781250000001
1396.0,2880.6081031155645,4848.120149538765,221.15125
1397.0,2879.633770261236,4847.895037369,221.1546875
1398.0,2878.6594374069073,4847.669925199237,221.158125
1399.0,2877.6851045525787,4847.444813029473,221.1615625
1400.0,2876.71077169825,4847.219700859709,221.16500000000002
1401.0,2875.7364388439337,4846.994588689893,221.1684375
1402.0,2874.762105989617,4846.769476520077,221.171875
1403.0,2873.7877731353005,4846.5443643502595,221.17531250000002
1404.0,2872.813440280984,4846.319252180443,221.17875
1405.0,2871.839107426668,4846.094140010627,221.1821875
1406.0,2870.8647745723515,4845.869027840809,221.18562500000002
1407.0,2869.890441718035,4845.643915670993,221.1890625
1408.0,2868.9161088637184,4845.418803501176,221.1925
1409.0,2867.9417760093947,4845.193691331391,221.1959375
1410.0,2866.967443155066,4844.9685791616275,221.199375
1411.0,2865.9931103007375,4844.743466991863,221.2028125
1412.0,2865.018777446409,4844.518354822099,221.20625
1413.0,2864.0444445920803,4844.293242652336,221.2096875
1414.0,2863.0701117377516,4844.068130482571,221.21312500000002
1415.0,2862.095778883423,4843.8430183128075,221.2165625
1416.0,2861.1214460290944,4843.617906143043,221.22
1417.0,2860.147113174824,4843.392793973027,221.22343750000002
1418.0,2859.172780320752,4843.167681802153,221.226875
1419.0,2858.1984474666797,4842.94256963128,221.2303125
1420.0,2857.2241146126075,4842.717457460406,221.23375000000001
1421.0,2856.2497817585354,4842.492345289532,221.2371875
1422.0,2855.2754489044632,4842.267233118659,221.240625
1423.0,2854.301116050391,4842.0421209477845,221.2440625
1424.0,2853.326783196319,4841.81700877691,221.2475
1425.0,2852.352450342247,4841.591896606036,221.2509375
1426.0,2851.378117487956,4841.366784436108,221.254375
1427.0,2850.4037846336273,4841.141672266343,221.2578125
1428.0,2849.4294517792987,4840.91656009658,221.26125000000002
1429.0,2848.45511892497,4840.691447926816,221.2646875
1430.0,2847.4807860706414,4840.466335757052,221.268125
1431.0,2846.506453216313,4840.241223587288,221.27156250000002
1432.0,2845.532120361984,4840.0161114175235,221.275
1433.0,2844.557787507656,4839.79099924776,221.2784375
1434.0,2843.583454653333,4839.565887077971,221.281875
1435.0,2842.6091217990165,4839.340774908154,221.2853125
1436.0,2841.6347889447,4839.115662738337,221.28875
1437.0,2840.660456090384,4838.890550568521,221.2921875
1438.0,2839.6861232360675,4838.665438398704,221.295625
1439.0,2838.7117903817507,4838.440326228887,221.29906250000002
1440.0,2837.7374575274343,4838.215214059071,221.3025
1441.0,2836.763124673118,4837.990101889253,221.3059375
1442.0,2835.7887918188003,4837.764989719442,221.30937500000002
1443.0,2834.8144589644717,4837.539877549678,221.3128125
1444.0,2833.840126110143,4837.314765379914,221.31625
1445.0,2832.8657932558144,4837.089653210151,221.31968750000001
1446.0,2831.891460401486,4836.864541040386,221.323125
1447.0,2830.917127547157,4836.639428870622,221.3265625
1448.0,2829.9427946928286,4836.414316700859,221.33
1449.0,2828.9684618385,4836.189204531094,221.3334375
1450.0,2827.9941289841713,4835.964092361331,221.336875
1451.0,2827.019796129843,4835.738980191565,221.3403125
1452.0,2826.045463275515,4835.5138680218,221.34375
1453.0,2825.071130421187,4835.288755852034,221.34718750000002
1454.0,2824.096797566858,4835.063643682269,221.350625
1455.0,2823.12246471253,4834.838531512503,221.3540625
1456.0,2822.148131858202,4834.613419342738,221.35750000000002
1457.0,2821.1737990038737,4834.388307172972,221.3609375
1458.0,2820.199466149545,4834.163195003207,221.364375
1459.0,2819.225133295306,4833.938082833056,221.3678125
1460.0,2818.2508004412334,4833.712970662184,221.37125
1461.0,2817.276467587161,4833.487858491311,221.3746875
1462.0,2816.302134733088,4833.262746320439,221.378125
1463.0,2815.3278018790156,4833.037634149567,221.3815625
1464.0,2814.3534690249435,4832.812521978694,221.38500000000002
1465.0,2813.379136170871,4832.587409807822,221.3884375
1466.0,2812.4048033167983,4832.36229763695,221.391875
1467.0,2811.4304704627257,4832.137185466077,221.39531250000002
1468.0,2810.4561376084157,4831.912073296232,221.39875
1469.0,2809.4818047540994,4831.686961126415,221.4021875
1470.0,2808.507471899783,4831.461848956598,221.40562500000001
1471.0,2807.5331390454667,4831.236736786781,221.4090625
1472.0,2806.5588061911503,4831.011624616965,221.4125
1473.0,2805.584473336834,4830.786512447148,221.4159375
1474.0,2804.610140482517,4830.561400277331,221.419375
1475.0,2803.635807628201,4830.3362881075145,221.4228125
1476.0,2802.661474773877,4830.111175937729,221.42625
1477.0,2801.6871419195486,4829.886063767965,221.4296875
1478.0,2800.71280906522,4829.660951598201,221.43312500000002
1479.0,2799.7384762108913,4829.435839428437,221.4365625
1480.0,2798.7641433565627,4829.210727258674,221.44
1481.0,2797.789810502234,4828.985615088909,221.44343750000002
1482.0,2796.8154776479055,4828.760502919145,221.446875
1483.0,2795.841144793577,4828.535390749381,221.4503125
1484.0,2794.8668119392482,4828.310278579617,221.45375
1485.0,2793.8924790849196,4828.085166409854,221.4571875
1486.0,2792.918146230591,4827.860054240089,221.460625
1487.0,2791.9438133762624,4827.634942070325,221.4640625
1488.0,2790.9694805219337,4827.409829900562,221.4675
1489.0,2789.995147667605,4827.184717730797,221.4709375
1490.0,2789.0208148132765,4826.959605561034,221.474375
1491.0,2788.046481958948,4826.73449339127,221.4778125
1492.0,2787.0721491046193,4826.5093812215055,221.48125000000002
1493.0,2786.0978162505075,4826.284269050803,221.4846875
1494.0,2785.1234833964354,4826.059156879929,221.488125
1495.0,2784.1491505423633,4825.834044709056,221.49156250000001
1496.0,2783.174817688291,4825.608932538182,221.495
1497.0,2782.200484834219,4825.383820367308,221.4984375
1498.0,2781.226151980147,4825.158708196434,221.501875
1499.0,2780.251819126074,4824.93359602556,221.5053125
1500.0,2779.277486272002,4824.708483854686,221.50875
1501.0,2778.3031534178153,4824.483371684309,221.5121875
1502.0,2777.328820563499,4824.258259514492,221.515625
1503.0,2776.3544877091826,4824.033147344676,221.51906250000002
1504.0,2775.3801548548663,4823.808035174859,221.5225
1505.0,2774.4058220005495,4823.582923005042,221.5259375
1506.0,2773.431489146233,4823.357810835225,221.52937500000002
1507.0,2772.457156291917,4823.1326986654085,221.5328125
1508.0,2771.4828234376005,4822.907586495592,221.53625
1509.0,2770.5084905832828,4822.68247432578,221.5396875
1510.0,2769.534157728954,4822.457362156016,221.543125
1511.0,2768.5598248746255,4822.232249986252,221.5465625
1512.0,2767.585492020297,4822.0071378164885,221.55
1513.0,2766.6111591659683,4821.782025646724,221.5534375
1514.0,2765.6368263116397,4821.55691347696,221.556875
1515.0,2764.662493457311,4821.331801307196,221.5603125
1516.0,2763.6881606029824,4821.106689137432,221.56375
1517.0,2762.713827748654,4820.8815769676685,221.56718750000002
1518.0,2761.739494894325,4820.656464797904,221.570625
1519.0,2760.7651620399965,4820.43135262814,221.5740625
1520.0,2759.790829185668,4820.206240458377,221.57750000000001
1521.0,2758.8164963313393,4819.981128288612,221.5809375
1522.0,2757.8421634770107,4819.7560161188485,221.584375
1523.0,2756.867830622682,4819.530903949085,221.5878125
1524.0,2755.8934977683534,4819.30579177932,221.59125
1525.0,2754.9191649140253,4819.080679609557,221.5946875
1526.0,2753.9448320596966,4818.855567439792,221.598125
1527.0,2752.9704992053685,4818.630455270027,221.6015625
1528.0,2751.99616635104,4818.405343100261,221.60500000000002
1529.0,2751.0218334967117,4818.180230930496,221.6084375
1530.0,2750.0475006423835,4817.95511876073,221.611875
1531.0,2749.0731677880553,4817.730006590965,221.61531250000002
1532.0,2748.0988349337267,4817.504894421199,221.61875
1533.0,2747.1245020793986,4817.279782251434,221.6221875
1534.0,2746.1501692250704,4817.0546700816685,221.625625
1535.0,2745.175836370995,4816.829557910806,221.6290625
1536.0,2744.201503516929,4816.6044457399075,221.6325
1537.0,2743.2271706628626,4816.379333569008,221.6359375
1538.0,2742.2528378087964,4816.154221398109,221.639375
1539.0,2741.27850495473,4815.92910922721,221.6428125
1540.0,2740.3041721006634,4815.703997056311,221.64625
1541.0,2739.329839246597,4815.478884885411,221.6496875
1542.0,2738.355506392531,4815.253772714513,221.65312500000002
1543.0,2737.3811735383097,4815.028660544284,221.6565625
1544.0,2736.406840683981,4814.80354837452,221.66
1545.0,2735.4325078296524,4814.578436204756,221.66343750000001
1546.0,2734.458174975324,4814.3533240349925,221.666875
1547.0,2733.483842120995,4814.128211865228,221.6703125
1548.0,2732.5095092666666,4813.903099695464,221.67375
1549.0,2731.535176412338,4813.6779875257,221.6771875
1550.0,2730.5608435580093,4813.452875355936,221.680625
1551.0,2729.5865107036807,4813.2277631861725,221.6840625
1552.0,2728.612177849352,4813.002651016408,221.6875
1553.0,2727.6378449950234,4812.777538846644,221.6909375
1554.0,2726.663512140695,4812.552426676881,221.694375
1555.0,2725.689179286366,4812.327314507116,221.6978125
1556.0,2724.7148464320376,4812.1022023373525,221.70125000000002
1557.0,2723.740513577709,4811.877090167588,221.7046875
1558.0,2722.7661807233803,4811.651977997824,221.708125
1559.0,2721.7918478690517,4811.426865828061,221.7115625
1560.0,2720.817515014723,4811.201753658296,221.715
1561.0,2719.8431821603945,4810.976641488533,221.7184375
1562.0,2718.868849306066,4810.751529318769,221.721875
1563.0,2717.894516451737,4810.526417149004,221.7253125
1564.0,2716.9201835974086,4810.301304979241,221.72875
1565.0,2715.94585074308,4810.076192809477,221.7321875
1566.0,2714.9715178887514,4809.851080639713,221.735625
1567.0,2713.9971850344227,4809.625968469949,221.73906250000002
1568.0,2713.022852180094,4809.400856300184,221.7425
1569.0,2712.048519325766,4809.175744130421,221.7459375
1570.0,2711.0741864714373,4808.950631960657,221.74937500000001
1571.0,2710.0998536171087,4808.725519790893,221.7528125
1572.0,2709.12552076278,4808.500407621129,221.75625
1573.0,2708.1511879084514,4808.275295451365,221.7596875
1574.0,2707.176855054123,4808.050183281601,221.763125
1575.0,2706.202522199794,4807.825071111837,221.7665625
1576.0,2705.228189345489,4807.599958941971,221.77
1577.0,2704.253856491429,4807.374846771044,221.7734375
1578.0,2703.279523637369,4807.149734600118,221.776875
1579.0,2702.305190783309,4806.924622429191,221.7803125
1580.0,2701.330857929249,4806.699510258264,221.78375
1581.0,2700.356525075189,4806.474398087337,221.78718750000002
1582.0,2699.382192221129,4806.249285916411,221.790625
1583.0,2698.4078593670692,4806.024173745484,221.7940625
1584.0,2697.433526513009,4805.7990615745575,221.7975
1585.0,2696.4591936587576,4805.573949404459,221.8009375
1586.0,2695.484860804429,4805.348837234696,221.804375
1587.0,2694.5105279501004,4805.123725064931,221.8078125
1588.0,2693.5361950957717,4804.898612895167,221.81125
1589.0,2692.561862241443,4804.673500725404,221.8146875
1590.0,2691.5875293871145,4804.448388555639,221.818125
1591.0,2690.613196532786,4804.223276385876,221.8215625
1592.0,2689.6388636784577,4803.998164216111,221.82500000000002
1593.0,2688.664530824129,4803.773052046347,221.8284375
1594.0,2687.6901979698005,4803.547939876584,221.831875
1595.0,2686.715865115472,4803.322827706819,221.83531250000001
1596.0,2685.741532261143,4803.097715537056,221.83875
1597.0,2684.7671994068146,4802.872603367292,221.8421875
1598.0,2683.792866552486,4802.647491197527,221.845625
1599.0,2682.8185336981574,4802.422379027764,221.8490625
1600.0,2681.8442008438287,4802.197266858,221.8525
1601.0,2680.8698679895,4801.972154688236,221.8559375
1602.0,2679.8955351351715,4801.747042518472,221.859375
1603.0,2678.921202280843,4801.521930348707,221.8628125
1604.0,2677.9468694265142,4801.296818178944,221.86625
1605.0,2676.9725365721856,4801.07170600918,221.8696875
1606.0,2675.998203717857,4800.846593839416,221.87312500000002
1607.0,2675.0238708635284,4800.621481669652,221.8765625
1608.0,2674.0495380091998,4800.396369499888,221.88
1609.0,2673.075205154871,4800.171257330124,221.8834375
1610.0,2672.1008723005425,4799.94614516036,221.886875
1611.0,2671.126539446214,4799.721032990596,221.8903125
1612.0,2670.1522065918853,4799.495920820832,221.89375
1613.0,2669.1778737375566,4799.270808651068,221.8971875
1614.0,2668.203540883228,4799.045696481304,221.900625
1615.0,2667.2292080288994,4798.82058431154,221.9040625
1616.0,2666.2548751745708,4798.595472141777,221.9075
1617.0,2665.280542320242,4798.370359972012,221.9109375
1618.0,2664.30620946597,4798.145247802005,221.914375
1619.0,2663.3318766119096,4797.920135631079,221.9178125
1620.0,2662.3575437578497,4797.695023460152,221.92125000000001
1621.0,2661.38321090379,4797.469911289225,221.9246875
1622.0,2660.4088780497295,4797.244799118299,221.928125
1623.0,2659.4345451956697,4797.019686947372,221.9315625
1624.0,2658.46021234161,4796.794574776445,221.935
1625.0,2657.48587948755,4796.569462605518,221.9384375
1626.0,2656.5115466334896,4796.344350434592,221.941875
1627.0,2655.537213779206,4796.119238264634,221.9453125
1628.0,2654.5628809248774,4795.89412609487,221.94875
1629.0,2653.5885480705488,4795.669013925107,221.9521875
1630.0,2652.61421521622,4795.443901755342,221.955625
1631.0,2651.6398823618915,4795.218789585579,221.95906250000002
1632.0,2650.665549507563,4794.993677415815,221.9625
1633.0,2649.6912166532343,4794.7685652460505,221.9659375
1634.0,2648.7168837989057,4794.543453076287,221.969375
1635.0,2647.742550944577,4794.318340906522,221.9728125
1636.0,2646.7682180902484,4794.093228736759,221.97625
1637.0,2645.79388523592,4793.868116566995,221.9796875
1638.0,2644.819552381591,4793.6430043972305,221.983125
1639.0,2643.8452195272625,4793.417892227467,221.9865625
1640.0,2642.870886672934,4793.192780057703,221.99
1641.0,2641.8965538186053,4792.967667887939,221.9934375
1642.0,2640.9222209642767,4792.742555718175,221.996875
1643.0,2639.947888109948,4792.517443548411,222.0003125
1644.0,2638.9735552556194,4792.292331378647,222.00375
1645.0,2637.999222401291,4792.067219208883,222.00718750000001
1646.0,2637.024889546962,4791.842107039119,222.010625
1647.0,2636.0505566926336,4791.616994869355,222.0140625
1648.0,2635.076223838305,4791.391882699591,222.0175
1649.0,2634.1018909839763,4791.166770529827,222.0209375
1650.0,2633.1275581296477,4790.941658360063,222.024375
1651.0,2632.153225275319,4790.7165461903,222.0278125
1652.0,2631.178892420991,4790.491434020534,222.03125
1653.0,2630.2045595666627,4790.266321850769,222.0346875
1654.0,2629.230226712334,4790.041209681003,222.038125
1655.0,2628.255893858006,4789.816097511238,222.0415625
1656.0,2627.281561003678,4789.590985341472,222.04500000000002
1657.0,2626.3072281493496,4789.365873171707,222.0484375
1658.0,2625.332895295021,4789.140761001941,222.051875
1659.0,2624.358562440693,4788.915648832176,222.0553125
1660.0,2623.3842295864533,4788.690536662027,222.05875
1661.0,2622.409896732393,4788.465424491102,222.0621875
1662.0,2621.4355638783322,4788.240312320177,222.065625
1663.0,2620.461231024272,4788.0152001492515,222.0690625
1664.0,2619.4868981702116,4787.7900879783265,222.0725
1665.0,2618.5125653161513,4787.564975807401,222.0759375
1666.0,2617.538232462091,4787.339863636476,222.079375
1667.0,2616.5638996080306,4787.114751465551,222.0828125
1668.0,2615.5895667539703,4786.889639294626,222.08625
1669.0,2614.615233899654,4786.66452712481,222.0896875
1670.0,2613.6409010453253,4786.439414955045,222.09312500000001
1671.0,2612.6665681909967,4786.214302785282,222.0965625
1672.0,2611.692235336668,4785.989190615518,222.1
1673.0,2610.7179024823395,4785.7640784457535,222.1034375
1674.0,2609.743569628011,4785.53896627599,222.106875
1675.0,2608.769236773682,4785.313854106226,222.1103125
1676.0,2607.7949039193536,4785.088741936462,222.11375
1677.0,2606.820571065025,4784.863629766698,222.1171875
1678.0,2605.8462382106964,4784.6385175969335,222.120625
1679.0,2604.8719053563677,4784.41340542717,222.1240625
1680.0,2603.897572502039,4784.188293257406,222.1275
1681.0,2602.9232396477105,4783.963181087642,222.1309375
1682.0,2601.948906793382,4783.738068917878,222.134375
1683.0,2600.9745739390532,4783.512956748114,222.1378125
1684.0,2600.0002410847246,4783.28784457835,222.14125
1685.0,2599.027315577712,4783.05701932754,222.1446875
1686.0,2598.0599048971644,4782.803806817655,222.148125
1687.0,2597.092494214255,4782.550594316793,222.1515625
1688.0,2596.125083533649,4782.2973818071305,222.155
1689.0,2595.157672850733,4782.044169306294,222.1584375
1690.0,2594.1902621701615,4781.7909567965,222.161875
1691.0,2593.222851487277,4781.537744295543,222.1653125
1692.0,2592.2554408043807,4781.284531794629,222.16875
1693.0,2591.2880301238138,4781.031319284818,222.1721875
1694.0,2590.320619440771,4780.778106784464,222.175625
1695.0,2589.353208760283,4780.524894274351,222.17906250000001
1696.0,2588.3857980773114,4780.2716817737255,222.1825
1697.0,2587.4183873968113,4780.018469263658,222.1859375
1698.0,2586.450976713836,4779.765256763046,222.189375
1699.0,2585.483566032454,4779.512044256348,222.1928125
1700.0,2584.5161553503326,4779.258831752475,222.19625
1701.0,2583.5487446687275,4779.00561924663,222.1996875
1702.0,2582.581333986877,4778.752406741723,222.203125
1703.0,2581.6139233049616,4778.499194237062,222.2065625
1704.0,2580.6465126233543,4778.245981731226,222.21
1705.0,2579.6791019403713,4777.992769230643,222.2134375
1706.0,2578.711691259896,4777.739556720483,222.216875
1707.0,2577.744280576938,4777.486344219807,222.2203125
1708.0,2576.7768698963864,4777.233131709935,222.22375
1709.0,2575.809459213403,4776.979919209355,222.2271875
1710.0,2574.842048532916,4776.726706699237,222.230625
1711.0,2573.8746378499345,4776.473494198651,222.2340625
1712.0,2572.9072271669506,4776.2202816980725,222.2375
1713.0,2571.9398164864106,4775.967069188158,222.2409375
1714.0,2570.976732882465,4775.699084035329,222.244375
1715.0,2570.0255908197396,4775.390330449904,222.2478125
1716.0,2569.0744487574443,4775.081576863149,222.25125
1717.0,2568.1233066950745,4774.772823276628,222.2546875
1718.0,2567.1721646328083,4774.464069689784,222.258125
1719.0,2566.221022568691,4774.155316108645,222.2615625
1720.0,2565.2698805065816,4773.846562521318,222.26500000000001
1721.0,2564.318738444425,4773.537808934138,222.2684375
1722.0,2563.3675963804994,4773.229055352408,222.271875
1723.0,2562.4164543182324,4772.920301765569,222.2753125
1724.0,2561.465312255843,4772.611548179106,222.27875
1725.0,2560.5141701935718,4772.3027945922795,222.2821875
1726.0,2559.5630281306244,4771.994041007537,222.285625
1727.0,2558.611886068515,4771.685287420212,222.2890625
1728.0,2557.6607440062644,4771.376533833321,222.2925
1729.0,2556.7096019441515,4771.067780246007,222.2959375
1730.0,2555.758459879032,4770.759026667954,222.299375
1731.0,2554.80731781683,4770.450273080914,222.3028125
1732.0,2553.8561757547263,4770.141519493573,222.30625
1733.0,2552.905033691954,4769.832765908289,222.3096875
1734.0,2551.9538916296847,4769.524012321455,222.313125
1735.0,2551.0027495673808,4769.215258734731,222.3165625
1736.0,2550.0516075050436,4768.9065051481075,222.32
1737.0,2549.100465440947,4768.597751566903,222.3234375
1738.0,2548.1493233787987,4768.288997979696,222.326875
1739.0,2547.1981813165503,4767.9802443928,222.3303125
1740.0,2546.247039252844,4767.671490810395,222.33375
1741.0,2545.2958971904577,4767.3627372239225,222.3371875
1742.0,2544.3447551281397,4767.053983637238,222.340625
1743.0,2543.3966802238274,4766.736227151683,222.3440625
1744.0,2542.4548709348023,4766.400079471181,222.3475
1745.0,2541.5130616457777,4766.06393179068,222.3509375
1746.0,2540.5712523567527,4765.727784110179,222.354375
1747.0,2539.6294430677276,4765.391636429677,222.3578125
1748.0,2538.687633778703,4765.055488749176,222.36125
1749.0,2537.745824489678,4764.719341068675,222.3646875
1750.0,2536.804015201148,4764.383193386786,222.368125
1751.0,2535.8622059126337,4764.047045704856,222.3715625
1752.0,2534.920396624119,4763.710898022925,222.375
1753.0,2533.978587335604,4763.374750340995,222.3784375
1754.0,2533.0367780470892,4763.038602659064,222.381875
1755.0,2532.0949687585744,4762.702454977133,222.3853125
1756.0,2531.1531594697476,4762.366307296077,222.38875
1757.0,2530.211350180724,4762.030159615572,222.3921875
1758.0,2529.2695408916998,4761.694011935068,222.395625
1759.0,2528.327731602676,4761.357864254564,222.3990625
1760.0,2527.385922313652,4761.02171657406,222.4025
1761.0,2526.444113024628,4760.685568893556,222.4059375
1762.0,2525.5023037356054,4760.349421213048,222.409375
1763.0,2524.5604944465863,4760.0132735325315,222.4128125
1764.0,2523.618685157567,4759.677125852014,222.41625
1765.0,2522.6768758685475,4759.340978171497,222.4196875
1766.0,2521.7350665795284,4759.004830490981,222.423125
1767.0,2520.7932572905092,4758.668682810463,222.4265625
1768.0,2519.8514480014896,4758.332535129946,222.43
1769.0,2518.9096387124655,4757.996387449443,222.4334375
1770.0,2517.9678294234404,4757.660239768942,222.436875
1771.0,2517.026020134416,4757.324092088441,222.4403125
1772.0,2516.0842108453908,4756.98794440794,222.44375
1773.0,2515.142401556366,4756.651796727438,222.4471875
1774.0,2514.200592267341,4756.315649046936,222.450625
1775.0,2513.2587829785793,4755.9795013656985,222.4540625
1776.0,2512.3169736900422,4755.64335368383,222.4575
1777.0,2511.375164401505,4755.307206001961,222.4609375
1778.0,2510.4333551129685,4754.971058320093,222.464375
1779.0,2509.4915458244313,4754.634910638225,222.4678125
1780.0,2508.5497365358947,4754.298762956356,222.47125
1781.0,2507.6079272472734,4753.962615274723,222.4746875
1782.0,2506.666117958272,4753.6264675941575,222.478125
1783.0,2505.72430866927,4753.290319913591,222.4815625
1784.0,2504.7824993802683,4752.954172233024,222.485
1785.0,2503.840690091267,4752.618024552458,222.4884375
1786.0,2502.898880802265,4752.281876871892,222.491875
1787.0,2501.957071513263,4751.945729191326,222.4953125
1788.0,2501.0152622242426,4751.609581510813,222.49875
1789.0,2500.0734529352176,4751.273433830312,222.5021875
1790.0,2499.131643646193,4750.9372861498105,222.505625
1791.0,2498.189834357168,4750.601138469309,222.5090625
1792.0,2497.248025068143,4750.264990788807,222.5125
1793.0,2496.3062157791182,4749.928843108306,222.5159375
1794.0,2495.364406490331,4749.592695427139,222.519375
1795.0,2494.422597201817,4749.256547745205,222.5228125
1796.0,2493.4807879133036,4748.920400063273,222.52625
1797.0,2492.5389786247897,4748.584252381339,222.5296875
1798.0,2491.597169336276,4748.248104699405,222.533125
1799.0,2490.6553600477623,4747.911957017472,222.5365625
1800.0,2489.713550759194,4747.575809335692,222.54
1801.0,2488.7717414701688,4747.2396616551905,222.5434375
1802.0,2487.829932181144,4746.903513974689,222.546875
1803.0,2486.888122892119,4746.567366294188,222.5503125
1804.0,2485.946313603094,4746.231218613686,222.55375
1805.0,2485.0045043140694,4745.895070933185,222.5571875
1806.0,2484.0626950250444,4745.558923252684,222.560625
1807.0,2483.12088573602,4745.222775572181,222.5640625
1808.0,2482.1790764469965,4744.886627891676,222.5675
1809.0,2481.2372671579724,4744.550480211172,222.57093749999999
1810.0,2480.2954578689487,4744.214332530668,222.574375
1811.0,2479.353648579925,4743.878184850163,222.5778125
1812.0,2478.411839290901,4743.542037169659,222.58125
1813.0,2477.47003000187,4743.205889489175,222.5846875
1814.0,2476.528220712827,4742.869741808723,222.588125
1815.0,2475.5864114237847,4742.533594128271,222.5915625
1816.0,2474.6446021347424,4742.197446447819,222.595
1817.0,2473.7027928456996,4741.861298767367,222.5984375
1818.0,2472.7609835566573,4741.525151086915,222.601875
1819.0,2471.819174267632,4741.189003406414,222.6053125
1820.0,2470.8773649791174,4740.852855724484,222.60875
1821.0,2469.9355556906025,4740.516708042553,222.6121875
1822.0,2468.9937464020877,4740.180560360623,222.615625
1823.0,2468.0519371135733,4739.844412678692,222.6190625
1824.0,2467.1101278250585,4739.508264996762,222.6225
1825.0,2466.1683185365437,4739.172117314831,222.6259375
1826.0,2465.2265092476846,4738.835969633865,222.629375
1827.0,2464.2846999586595,4738.499821953364,222.6328125
1828.0,2463.3428906696345,4738.163674272862,222.63625
1829.0,2462.40108138061,4737.827526592361,222.6396875
1830.0,2461.459272091585,4737.49137891186,222.643125
1831.0,2460.5174628025597,4737.155231231359,222.6465625
1832.0,2459.5756535135356,4736.819083550857,222.65
1833.0,2458.6338442245114,4736.482935870352,222.6534375
1834.0,2457.6920349354878,4736.146788189848,222.65687499999999
1835.0,2456.7502256464636,4735.810640509344,222.6603125
1836.0,2455.80841635744,4735.474492828839,222.66375
1837.0,2454.866607068416,4735.138345148335,222.6671875
1838.0,2453.924797779392,4734.802197467831,222.670625
1839.0,2452.9829884908568,4734.466049785959,222.6740625
1840.0,2452.041179202342,4734.129902104028,222.6775
1841.0,2451.099369913827,4733.793754422098,222.6809375
1842.0,2450.1575606253123,4733.457606740167,222.684375
1843.0,2449.2157513367974,4733.121459058237,222.6878125
1844.0,2448.2739420482826,4732.785311376306,222.69125
1845.0,2447.3321327594617,4732.4491636952325,222.6946875
1846.0,2446.390323470438,4732.113016014729,222.698125
1847.0,2445.448514181414,4731.776868334225,222.7015625
1848.0,2444.50670489239,4731.44072065372,222.705
1849.0,2443.5648956033665,4731.104572973216,222.7084375
1850.0,2442.6230863143423,4730.768425292712,222.711875
1851.0,2441.681277025314,4730.43227761222,222.7153125
1852.0,2440.7394677362713,4730.096129931768,222.71875
1853.0,2439.797658447229,4729.759982251316,222.7221875
1854.0,2438.8558491581866,4729.4238345708645,222.725625
1855.0,2437.914039869144,4729.087686890412,222.7290625
1856.0,2436.9722305801015,4728.75153920996,222.7325
1857.0,2436.030421291059,4728.415391529508,222.7359375
1858.0,2435.0886120020527,4728.079243848954,222.739375
1859.0,2434.146802713051,4727.743096168389,222.74281249999999
1860.0,2433.204993424049,4727.406948487822,222.74625
1861.0,2432.2631841350476,4727.070800807256,222.7496875
1862.0,2431.3213748460457,4726.734653126689,222.753125
1863.0,2430.379565557044,4726.398505446124,222.7565625
1864.0,2429.437756268287,4726.062357764872,222.76
1865.0,2428.495946979749,4725.726210083007,222.7634375
1866.0,2427.554137691211,4725.39006240114,222.766875
1867.0,2426.612328402673,4725.053914719275,222.7703125
1868.0,2425.670519114135,4724.717767037409,222.77375
1869.0,2424.728709825597,4724.381619355544,222.7771875
1870.0,2423.7869005369807,4724.045471673898,222.780625
1871.0,2422.8450912479802,4723.709323993329,222.7840625
1872.0,2421.9032819589793,4723.37317631276,222.7875
1873.0,2420.961472669979,4723.03702863219,222.79093749999998
1874.0,2420.0196633809783,4722.700880951621,222.794375
1875.0,2419.0778540919773,4722.3647332710525,222.7978125
1876.0,2418.136044802977,4722.028585590483,222.80125
1877.0,2417.1942355139563,4721.692437909969,222.8046875
1878.0,2416.2524262249317,4721.356290229467,222.808125
1879.0,2415.3106169359066,4721.020142548966,222.8115625
1880.0,2414.368807646882,4720.683994868465,222.81389461875
1881.0,2413.426998357857,4720.347847187963,222.814
1882.0,2412.485189068832,4720.011699507462,222.813
1883.0,2411.543379780028,4719.675551826343,222.81199999999998
1884.0,2410.60157049149,4719.339404144476,222.811
1885.0,2409.6597612029523,4719.003256462611,222.81
1886.0,2408.7179519144142,4718.667108780745,222.809
1887.0,2407.776142625876,4718.33096109888,222.808
1888.0,2406.834333337338,4717.9948134170145,222.807
1889.0,2405.892524048756,4717.658665735273,222.80599999999998
1890.0,2404.9507147597556,4717.322518054703,222.805
1891.0,2404.0089054707546,4716.986370374134,222.804
1892.0,2403.067096181754,4716.650222693565,222.803
1893.0,2402.125286892753,4716.314075012996,222.802
1894.0,2401.1834776037526,4715.977927332427,222.801
1895.0,2400.241668314752,4715.641779651857,222.79999999999998
1896.0,2399.2998590257334,4715.305631971339,222.799
1897.0,2398.3580497367084,4714.9694842908375,222.798
1898.0,2397.416240447684,4714.633336610335,222.797
1899.0,2396.4744311586587,4714.297188929834,222.796
1900.0,2395.532621869634,4713.961041249333,222.795
1901.0,2394.590812580609,4713.624893568832,222.79399999999998
1902.0,2393.6490032915776,4713.288745888349,222.793
1903.0,2392.707194002535,4712.952598207897,222.792
1904.0,2391.7653847134925,4712.6164505274455,222.791
1905.0,2390.82357542445,4712.280302846993,222.79
1906.0,2389.8817661354074,4711.944155166541,222.789
1907.0,2388.939956846365,4711.608007486089,222.78799999999998
1908.0,2387.998147557334,4711.271859805604,222.787
1909.0,2387.05633826882,4710.935712123672,222.786
1910.0,2386.1145289803067,4710.599564441738,222.785
1911.0,2385.1727196917927,4710.263416759804,222.784
1912.0,2384.230910403279,4709.927269077871,222.783
1913.0,2383.2891011147653,4709.591121395937,222.782
1914.0,2382.3472918262514,4709.254973714004,222.781
1915.0,2381.4054825373987,4708.918826033021,222.78
1916.0,2380.4636732483737,4708.58267835252,222.779
1917.0,2379.5218639593486,4708.246530672019,222.778
1918.0,2378.580054670324,4707.9103829915175,222.777
1919.0,2377.638245381299,4707.574235311016,222.776
1920.0,2376.6964360922743,4707.238087630514,222.775
1921.0,2375.7546268032493,4706.901939950013,222.774
1922.0,2374.812817514224,4706.565792269512,222.773
1923.0,2373.8710082251996,4706.229644589011,222.772
1924.0,2372.9291989361745,4705.893496908509,222.771
1925.0,2371.9873896471495,4705.557349228008,222.77
1926.0,2371.045580358125,4705.221201547507,222.769
1927.0,2370.1037710691,4704.885053867006,222.768
1928.0,2369.161961780076,4704.548906186501,222.767
1929.0,2368.220152491052,4704.212758505997,222.766
1930.0,2367.2783432020283,4703.876610825493,222.765
1931.0,2366.336533913004,4703.540463144988,222.764
1932.0,2365.3947246239804,4703.204315464484,222.763
1933.0,2364.4529153349567,4702.86816778398,222.762
1934.0,2363.511106046233,4702.532020102634,222.761
1935.0,2362.5692967577183,4702.195872420704,222.76
1936.0,2361.6274874692035,4701.859724738773,222.759
1937.0,2360.6856781806887,4701.523577056843,222.758
1938.0,2359.743868892174,4701.187429374912,222.757
1939.0,2358.802059603659,4700.8512816929815,222.756
1940.0,2357.8602503150264,4700.5151340113825,222.755
1941.0,2356.9184410260023,4700.178986330878,222.754
1942.0,2355.9766317369786,4699.842838650374,222.753
1943.0,2355.0348224479544,4699.50669096987,222.752
1944.0,2354.0930131589307,4699.170543289365,222.751
1945.0,2353.151203869907,4698.834395608861,222.75
1946.0,2352.209394580883,4698.498247928357,222.749
1947.0,2351.267585291843,4698.162100247898,222.748
1948.0,2350.3257760028005,4697.825952567446,222.74699999999999
1949.0,2349.3839667137577,4697.489804886994,222.746
1950.0,2348.4421574247153,4697.153657206542,222.745
1951.0,2347.500348135673,4696.81750952609,222.744
1952.0,2346.55853884663,4696.481361845638,222.743
1953.0,2345.6167295578603,4696.145214164423,222.742
1954.0,2344.6749202693454,4695.809066482492,222.74099999999999
1955.0,2343.7331109808306,4695.472918800562,222.74
1956.0,2342.7913016923158,4695.136771118631,222.739
1957.0,2341.849492403801,4694.800623436701,222.738
1958.0,2340.907683115286,4694.46447575477,222.737
1959.0,2339.9658738266908,4694.128328073066,222.736
1960.0,2339.024064537666,4693.792180392565,222.73499999999999
1961.0,2338.082255248641,4693.456032712063,222.734
1962.0,2337.140445959616,4693.119885031561,222.733
1963.0,2336.1986366705914,4692.78373735106,222.732
1964.0,2335.2568273815664,4692.447589670559,222.731
1965.0,2334.315018092542,4692.111441990058,222.73
1966.0,2333.373208803536,4691.775294309502,222.72899999999998
1967.0,2332.4313995145353,4691.439146628933,222.728
1968.0,2331.489590225535,4691.102998948364,222.727
1969.0,2330.547780936534,4690.766851267795,222.726
1970.0,2329.6059716475334,4690.430703587225,222.725
1971.0,2328.664162358533,4690.094555906656,222.724
1972.0,2327.7223530695214,4689.758408226117,222.723
1973.0,2326.7805437804964,4689.422260545615,222.722
1974.0,2325.8387344914713,4689.086112865114,222.721
1975.0,2324.8969252024467,4688.749965184613,222.72
1976.0,2323.9551159134217,4688.413817504112,222.719
1977.0,2323.013306624397,4688.07766982361,222.718
1978.0,2322.071497335413,4687.741522142994,222.717
1979.0,2321.1296880468763,4687.405374461126,222.716
1980.0,2320.187878758339,4687.069226779257,222.715
1981.0,2319.2460694698025,4686.733079097388,222.714
1982.0,2318.3042601812654,4686.39693141552,222.713
1983.0,2317.3624508927282,4686.060783733652,222.712
1984.0,2316.4206416041916,4685.724636051783,222.711
1985.0,2315.478832315317,4685.388488370861,222.71
1986.0,2314.537023026315,4685.052340690294,222.709
1987.0,2313.5952137373138,4684.716193009728,222.708
1988.0,2312.653404448312,4684.3800453291615,222.707
1989.0,2311.7115951593105,4684.043897648595,222.706
1990.0,2310.7697858703086,4683.707749968029,222.705
1991.0,2309.8279765812918,4683.371602287505,222.704
1992.0,2308.8861672922494,4683.035454607053,222.703
1993.0,2307.944358003207,4682.699306926601,222.702
1994.0,2307.0025487141643,4682.363159246149,222.701
1995.0,2306.060739425122,4682.027011565697,222.7
1996.0,2305.118930136079,4681.690863885245,222.699
1997.0,2304.1771208470423,4681.354716204777,222.698
1998.0,2303.2353115585274,4681.018568522847,222.697
1999.0,2302.2935022700126,4680.682420840916,222.696
2000.0,2301.3516929814978,4680.346273158985,222.695
2001.0,2300.409883692983,4680.010125477055,222.694
2002.0,2299.4680744044686,4679.673977795124,222.693
2003.0,2298.5262651159537,4679.337830113194,222.692
2004.0,2297.584455827107,4679.001682432194,222.691
2005.0,2296.6426465380828,4678.66553475169,222.69
2006.0,2295.700837249059,4678.329387071185,222.689
2007.0,2294.759027960035,4677.993239390681,222.688
2008.0,2293.8172186710112,4677.657091710177,222.687
2009.0,2292.8754093819875,4677.320944029672,222.686
2010.0,2291.933600092963,4676.984796349169,222.685
2011.0,2290.9917908039383,4676.648648668668,222.684
2012.0,2290.0499815149133,4676.312500988167,222.683
2013.0,2289.1081722258887,4675.976353307666,222.682
2014.0,2288.1663629368636,4675.640205627164,222.681
2015.0,2287.2245536478385,4675.304057946662,222.68
2016.0,2286.282744358814,4674.967910266161,222.679
2017.0,2285.34093506979,4674.631762585657,222.678
2018.0,2284.399125780766,4674.295614905153,222.677
2019.0,2283.457316491742,4673.9594672246485,222.676
2020.0,2282.5155072027183,4673.623319544145,222.675
2021.0,2281.5736979136946,4673.287171863641,222.674
2022.0,2280.6318886246704,4672.951024183136,222.673
2023.0,2279.690079335941,4672.614876501807,222.672
2024.0,2278.748270047426,4672.278728819876,222.671
2025.0,2277.8064607589117,4671.942581137946,222.67
2026.0,2276.864651470397,4671.606433456015,222.669
2027.0,2275.922842181882,4671.270285774085,222.668
2028.0,2274.9810328933672,4670.934138092154,222.667
2029.0,2274.03922360474,4670.597990410539,222.666
2030.0,2273.097414315715,4670.261842730038,222.665
2031.0,2272.1556050266904,4669.925695049536,222.664
2032.0,2271.2137957376654,4669.589547369035,222.663
2033.0,2270.2719864486403,4669.253399688533,222.662
2034.0,2269.3301771596157,4668.917252008032,222.661
2035.0,2268.3883678705906,4668.581104327531,222.66
2036.0,2267.4465585815506,4668.244956647072,222.659
2037.0,2266.504749292508,4667.90880896662,222.65800000000002
2038.0,2265.5629400034654,4667.572661286168,222.657
2039.0,2264.621130714423,4667.236513605716,222.656
2040.0,2263.6793214253807,4666.900365925264,222.655
2041.0,2262.737512136338,4666.564218244812,222.654
2042.0,2261.7957028475626,4666.228070563612,222.653
2043.0,2260.8538935590486,4665.8919228816785,222.65200000000002
2044.0,2259.9120842705347,4665.555775199746,222.651
2045.0,2258.9702749820212,4665.219627517812,222.65
2046.0,2258.0284656935073,4664.8834798358785,222.649
2047.0,2257.086656404994,4664.547332153945,222.648
2048.0,2256.144847116405,4664.211184472221,222.647
2049.0,2255.2030378273803,4663.87503679172,222.64600000000002
2050.0,2254.261228538355,4663.538889111219,222.645
2051.0,2253.31941924933,4663.202741430718,222.644
2052.0,2252.3776099603056,4662.866593750216,222.643
2053.0,2251.4358006712805,4662.530446069715,222.642
2054.0,2250.493991382256,4662.194298389214,222.641
2055.0,2249.5521820932317,4661.85815070871,222.64000000000001
2056.0,2248.6103728042076,4661.522003028206,222.639
2057.0,2247.668563515184,4661.185855347701,222.638
2058.0,2246.7267542261598,4660.849707667197,222.637
2059.0,2245.784944937136,4660.5135599866935,222.636
2060.0,2244.8431356481124,4660.177412306189,222.635
2061.0,2243.9013263590978,4659.841264625658,222.63400000000001
2062.0,2242.9595170700964,4659.505116945092,222.633
2063.0,2242.0177077810945,4659.168969264525,222.632
2064.0,2241.0758984920926,4658.832821583959,222.631
2065.0,2240.134089203091,4658.496673903393,222.63
2066.0,2239.1922799140893,4658.160526222827,222.629
2067.0,2238.250470625121,4657.8243785421655,222.62800000000001
2068.0,2237.3086613365836,4657.4882308603,222.627
2069.0,2236.3668520480455,4657.152083178435,222.626
2070.0,2235.4250427595075,4656.815935496569,222.625
2071.0,2234.4832334709695,4656.479787814704,222.624
2072.0,2233.5414241824315,4656.143640132838,222.623
2073.0,2232.5996148938934,4655.807492450972,222.622
2074.0,2231.657805605025,4655.471344770033,222.621
2075.0,2230.715996316024,4655.135197089464,222.62
2076.0,2229.7741870270233,4654.7990494088945,222.619
2077.0,2228.8323777380224,4654.462901728326,222.618
2078.0,2227.890568449022,4654.126754047757,222.617
2079.0,2226.948759160021,4653.790606367187,222.616
2080.0,2226.0069498710054,4653.45445868666,222.615
2081.0,2225.065140581963,4653.1183110062075,222.614
2082.0,2224.1233312929207,4652.782163325755,222.613
2083.0,2223.181522003878,4652.446015645304,222.612
2084.0,2222.2397127148356,4652.109867964852,222.611
2085.0,2221.2979034257933,4651.7737202844,222.61
2086.0,2220.3560941367505,4651.437572603948,222.609
2087.0,2219.414284848212,4651.101424922083,222.608
2088.0,2218.472475559674,4650.765277240218,222.607
2089.0,2217.530666271136,4650.4291295583525,222.606
2090.0,2216.588856982598,4650.092981876487,222.605
2091.0,2215.64704769406,4649.756834194622,222.604
2092.0,2214.705238405522,4649.420686512755,222.603
2093.0,2213.763429116687,4649.084538831723,222.602
2094.0,2212.821619827685,4648.748391151156,222.601
2095.0,2211.8798105386836,4648.4122434705905,222.6
2096.0,2210.9380012496817,4648.076095790024,222.59900000000002
2097.0,2209.99619196068,4647.739948109458,222.598
2098.0,2209.0543826716785,4647.403800428891,222.597
2099.0,2208.1125733826702,4647.067652748343,222.596
2100.0,2207.1707640936465,4646.731505067838,222.595
2101.0,2206.2289548046224,4646.395357387334,222.594
2102.0,2205.2871455155987,4646.05920970683,222.59300000000002
2103.0,2204.345336226575,4645.723062026325,222.592
2104.0,2203.403526937551,4645.386914345821,222.591
2105.0,2202.461717648527,4645.0507666653175,222.59
2106.0,2201.519908359502,4644.714618984815,222.589
2107.0,2200.5780990704775,4644.378471304314,222.588
2108.0,2199.6362897814524,4644.042323623813,222.58700000000002
2109.0,2198.694480492428,4643.706175943312,222.586
2110.0,2197.7526712034028,4643.370028262811,222.585
2111.0,2196.8108619143777,4643.033880582309,222.584
2112.0,2195.869052625643,4642.697732900996,222.583
2113.0,2194.927243337129,4642.361585219062,222.582
2114.0,2193.9854340486154,4642.025437537129,222.58100000000002
2115.0,2193.0436247601015,4641.689289855196,222.58
2116.0,2192.101815471588,4641.353142173262,222.579
2117.0,2191.160006183074,4641.016994491329,222.578
2118.0,2190.2181968944533,4640.680846809694,222.577
2119.0,2189.2763876054287,4640.344699129193,222.576
2120.0,2188.3345783164036,4640.008551448692,222.57500000000002
2121.0,2187.392769027379,4639.672403768191,222.574
2122.0,2186.450959738354,4639.336256087689,222.573
2123.0,2185.509150449329,4639.000108407188,222.572
2124.0,2184.5673411603043,4638.663960726687,222.571
2125.0,2183.6255318712792,4638.327813046185,222.57
2126.0,2182.683722582254,4637.991665365684,222.56900000000002
2127.0,2181.7419132932296,4637.6555176851825,222.568
2128.0,2180.8001040042045,4637.319370004681,222.567
2129.0,2179.85829471518,4636.98322232418,222.566
2130.0,2178.916485426155,4636.647074643679,222.565
2131.0,2177.9746761373726,4636.310926962497,222.564
2132.0,2177.0328668488405,4635.974779280616,222.56300000000002
2133.0,2176.091057560308,4635.638631598735,222.562
2134.0,2175.149248271776,4635.302483916853,222.561
2135.0,2174.2074389832433,4634.966336234972,222.56
2136.0,2173.265629694711,4634.630188553091,222.559
2137.0,2172.323820406112,4634.294040871396,222.558
2138.0,2171.3820111170885,4633.957893190891,222.55700000000002
2139.0,2170.4402018280643,4633.621745510387,222.556
2140.0,2169.4983925390407,4633.285597829883,222.555
2141.0,2168.556583250017,4632.949450149378,222.554
2142.0,2167.614773960993,4632.613302468874,222.553
2143.0,2166.672964671969,4632.27715478837,222.552
2144.0,2165.7311553829445,4631.941007107868,222.55100000000002
2145.0,2164.7893460939194,4631.604859427367,222.55
2146.0,2163.8475368048944,4631.268711746866,222.549
2147.0,2162.90572751587,4630.932564066365,222.548
2148.0,2161.9639182268447,4630.5964163858625,222.547
2149.0,2161.02210893782,4630.260268705361,222.546
2150.0,2160.0802996487955,4629.924121024859,222.54500000000002
2151.0,2159.1384903597714,4629.587973344354,222.544
2152.0,2158.1966810707477,4629.2518256638505,222.543
2153.0,2157.254871781724,4628.9156779833465,222.542
2154.0,2156.3130624927,4628.579530302843,222.541
2155.0,2155.371253203676,4628.243382622338,222.54000000000002
2156.0,2154.4294439146834,4627.9072349417465,222.53900000000002
2157.0,2153.4876346261685,4627.571087259816,222.538
2158.0,2152.5458253376537,4627.234939577886,222.537
2159.0,2151.6040160491393,4626.898791895955,222.536
2160.0,2150.6622067606245,4626.562644214025,222.535
2161.0,2149.7203974721097,4626.226496532094,222.53400000000002
2162.0,2148.778588183595,4625.890348850163,222.53300000000002
2163.0,2147.836778894721,4625.554201169238,222.532
2164.0,2146.8949696056966,4625.218053488737,222.531
2165.0,2145.9531603166715,4624.881905808235,222.53
2166.0,2145.0113510276465,4624.545758127734,222.529
2167.0,2144.069541738622,4624.209610447232,222.52800000000002
2168.0,2143.127732449597,4623.873462766731,222.52700000000002
2169.0,2142.1859231605804,4623.537315086206,222.526
2170.0,2141.24411387158,4623.2011674056375,222.525
2171.0,2140.302304582579,4622.865019725068,222.524
2172.0,2139.3604952935784,4622.528872044499,222.523
2173.0,2138.4186860045775,4622.192724363929,222.52200000000002
2174.0,2137.476876715577,4621.856576683361,222.52100000000002
2175.0,2136.535067426576,4621.520429002791,222.52
2176.0,2135.593258138015,4621.1842813209905,222.519
2177.0,2134.6514488494595,4620.848133639174,222.518
2178.0,2133.7096395609037,4620.511985957358,222.517
2179.0,2132.7678302723484,4620.1758382755415,222.51600000000002
2180.0,2131.8260209837927,4619.839690593725,222.51500000000001
2181.0,2130.8842116952374,4619.503542911909,222.514
2182.0,2129.942402406401,4619.167395230879,222.513
2183.0,2129.000593117399,4618.8312475503135,222.512
2184.0,2128.0587838283977,4618.495099869747,222.511
2185.0,2127.116974539396,4618.158952189181,222.51000000000002
2186.0,2126.175165250394,4617.822804508614,222.50900000000001
2187.0,2125.2333559613926,4617.486656828049,222.508
2188.0,2124.291546672385,4617.150509147499,222.507
2189.0,2123.3497373833607,4616.814361466994,222.506
2190.0,2122.407928094337,4616.47821378649,222.505
2191.0,2121.4661188053133,4616.1420661059865,222.50400000000002
2192.0,2120.524309516289,4615.805918425482,222.50300000000001
2193.0,2119.5825002272654,4615.469770744978,222.502
2194.0,2118.6406909382413,4615.133623064474,222.501
2195.0,2117.6988816492167,4614.797475383972,222.5
2196.0,2116.7570723601916,4614.4613277034705,222.499
2197.0,2115.815263071167,4614.125180022969,222.49800000000002
2198.0,2114.873453782142,4613.789032342468,222.497
2199.0,2113.931644493117,4613.452884661967,222.496
2200.0,2112.9898352040923,4613.116736981466,222.495
2201.0,2112.0480259153505,4612.78058930017,222.494
2202.0,2111.106216626836,4612.44444161824,222.493
2203.0,2110.1644073383213,4612.108293936309,222.49200000000002
2204.0,2109.2225980498065,4611.772146254379,222.491
2205.0,2108.2807887612917,4611.435998572448,222.49
2206.0,2107.338979472777,4611.099850890518,222.489
2207.0,2106.3971701841615,4610.763703208869,222.488
2208.0,2105.455360895138,4610.427555528365,222.487
2209.0,2104.5135516061137,4610.09140784786,222.48600000000002
2210.0,2103.57174231709,4609.755260167356,222.485
2211.0,2102.6299330280663,4609.419112486852,222.484
2212.0,2101.688123739042,4609.082964806347,222.483
2213.0,2100.7463144500184,4608.746817125843,222.482
2214.0,2099.804505160994,4608.410669445341,222.48100000000002
2215.0,2098.8626958719688,4608.07452176484,222.48000000000002
2216.0,2097.9208865829437,4607.738374084339,222.479
2217.0,2096.979077293919,4607.402226403838,222.478
2218.0,2096.037268004894,4607.066078723336,222.477
2219.0,2095.0954587158694,4606.729931042835,222.476
2220.0,2094.1536494270817,4606.393783361669,222.47500000000002
2221.0,2093.211840138549,4606.057635679787,222.47400000000002
2222.0,2092.270030850017,4605.7214879979065,222.473
2223.0,2091.3282215614845,4605.385340316025,222.472
2224.0,2090.386412272952,4605.049192634144,222.471
2225.0,2089.44460298442,4604.713044952263,222.47
2226.0,2088.5027936958268,4604.376897270552,222.46900000000002
2227.0,2087.5609844068026,4604.040749590047,222.46800000000002
2228.0,2086.619175117779,4603.704601909543,222.467
2229.0,2085.677365828755,4603.368454229039,222.466
2230.0,2084.735556539731,4603.0323065485345,222.465
2231.0,2083.7937472507074,4602.696158868031,222.464
2232.0,2082.8519379616832,4602.360011187527,222.46300000000002
2233.0,2081.9101286726586,4602.0238635070245,222.46200000000002
2234.0,2080.9683193836336,4601.687715826523,222.461
2235.0,2080.026510094609,4601.351568146021,222.46
2236.0,2079.084700805584,4601.01542046552,222.459
2237.0,2078.1428915165593,4600.679272785019,222.458
2238.0,2077.2010822275342,4600.343125104518,222.45700000000002
2239.0,2076.259272938509,4600.006977424016,222.45600000000002
2240.0,2075.3174636494846,4599.670829743515,222.4550020832475
2241.0,2074.3756543604595,4599.334682063014,222.45400836309707
2242.0,2073.433845071435,4598.998534382513,222.45301672619414
2243.0,2072.49203578241,4598.662386702011,222.4520250892912
2244.0,2071.550226493385,4598.3262390215095,222.4510334523883
2245.0,2070.6084172043857,4597.990091340937,222.45004181548535
2246.0,2069.6666079158717,4597.653943659004,222.4490501785824
2247.0,2068.7247986273583,4597.31779597707,222.44805854167947
2248.0,2067.7829893388443,4596.981648295136,222.44706690477653
2249.0,2066.8411800503304,4596.645500613204,222.4460752678736
2250.0,2065.899370761817,4596.30935293127,222.4450836309707
2251.0,2064.957561473303,4595.973205249336,222.44409199406775
2252.0,2064.0157521844358,4595.637057568394,222.4431003571648
2253.0,2063.0739428954107,4595.300909887893,222.44210872026187
2254.0,2062.132133606386,4594.964762207392,222.44111708335893
2255.0,2061.190324317361,4594.62861452689,222.440125446456
2256.0,2060.248515028336,4594.292466846388,222.43913380955308
2257.0,2059.3067057393114,4593.956319165887,222.43814217265015
2258.0,2058.3648964502863,4593.620171485386,222.4371505357472
2259.0,2057.4230871612617,4593.284023804885,222.43615889884427
2260.0,2056.4812778722367,4592.947876124384,222.43516726194133
2261.0,2055.5394685832116,4592.611728443882,222.4341756250384
2262.0,2054.597659294187,4592.275580763381,222.43318398813548
2263.0,2053.655850005162,4591.939433082879,222.43219235123254
2264.0,2052.714040716137,4591.603285402378,222.4312007143296
2265.0,2051.772231427594,4591.267137720527,222.43020907742667
2266.0,2050.8304221390626,4590.930990038643,222.42921744052373
2267.0,2049.888612850531,4590.594842356759,222.4282258036208
2268.0,2048.946803562,4590.258694674874,222.42723416671788
2269.0,2048.0049942734686,4589.922546992991,222.42624252981494
2270.0,2047.0631849849372,4589.586399311106,222.425250892912
2271.0,2046.1213756961008,4589.2502516300765,222.42425925600907
2272.0,2045.1795664070758,4588.914103949575,222.42326761910613
2273.0,2044.237757118051,4588.577956269074,222.4222759822032
2274.0,2043.295947829026,4588.241808588573,222.42128434530028
2275.0,2042.3541385400013,4587.905660908072,222.42029270839734
2276.0,2041.4123292509764,4587.5695132275705,222.4193010714944
2277.0,2040.4705199619575,4587.233365547052,222.41830943459146
2278.0,2039.5287106729556,4586.897217866485,222.41731779768853
2279.0,2038.586901383954,4586.56107018592,222.4163261607856
2280.0,2037.6450920949524,4586.224922505353,222.41533452388268
2281.0,2036.7032828059507,4585.888774824787,222.41434288697974
2282.0,2035.7614735169489,4585.55262714422,222.4133512500768
2283.0,2034.8196642279472,4585.216479463655,222.41235961317386
2284.0,2033.8778549389256,4584.880331783143,222.41136797627092
2285.0,2032.9360456499016,4584.5441841026395,222.41037633936799
2286.0,2031.9942363608777,4584.208036422136,222.40938470246508
2287.0,2031.0524270718538,4583.871888741632,222.40839306556214
2288.0,2030.1106177828299,4583.535741061127,222.4074014286592
2289.0,2029.1688084938062,4583.199593380623,222.40640979175626
2290.0,2028.2269992050467,4582.863445699378,222.40541815485332
2291.0,2027.2851899165087,4582.527298017512,222.40442651795038
2292.0,2026.3433806279706,4582.191150335647,222.40343488104747
2293.0,2025.4015713394326,4581.855002653781,222.40244324414454
2294.0,2024.4597620508946,4581.518854971915,222.4014516072416
2295.0,2023.5179527623566,4581.18270729005,222.40045997033866
2296.0,2022.5761434737324,4580.846559608426,222.39946833343572
2297.0,2021.6343341847307,4580.510411927859,222.39847669653278
2298.0,2020.6925248957289,4580.174264247294,222.39748505962987
2299.0,2019.7507156067272,4579.838116566727,222.39649342272693
2300.0,2018.8089063177256,4579.501968886161,222.395501785824
2301.0,2017.8670970287237,4579.1658212055945,222.39451014892106
2302.0,2016.925287739722,4578.829673525029,222.39351851201812
2303.0,2015.983478450702,4578.493525844514,222.39252687511518
2304.0,2015.041669161678,4578.157378164009,222.39153523821227
2305.0,2014.0998598726542,4577.821230483505,222.39054360130933
2306.0,2013.1580505836303,4577.485082803001,222.3895519644064
2307.0,2012.2162412946066,4577.148935122496,222.38856032750346
2308.0,2011.2744320055826,4576.812787441992,222.38756869060052
2309.0,2010.33262271679,4576.476639760841,222.38657705369758
2310.0,2009.3908134282574,4576.140492078959,222.38558541679467
2311.0,2008.449004139725,4575.804344397078,222.38459377989173
2312.0,2007.5071948511927,4575.468196715196,222.3836021429888
2313.0,2006.5653855626604,4575.1320490333155,222.38261050608585
2314.0,2005.623576274128,4574.795901351435,222.38161886918292
2315.0,2004.6817669855404,4574.459753669708,222.38062723227998
2316.0,2003.7399576965156,4574.123605989206,222.37963559537707
2317.0,2002.7981484074905,4573.787458308705,222.37864395847413
2318.0,2001.8563391184657,4573.451310628204,222.3776523215712
2319.0,2000.9145298294409,4573.115162947703,222.37666068466825
2320.0,1999.972720540416,4572.779015267201,222.3756690477653
2321.0,1999.030911251391,4572.4428675867,222.37467741086238
2322.0,1998.089101962367,4572.106719906196,222.37368577395947
2323.0,1997.1472926733431,4571.770572225692,222.37269413705653
2324.0,1996.2054833843192,4571.434424545188,222.3717025001536
2325.0,1995.2636740952953,4571.098276864684,222.37071086325065
2326.0,1994.3218648062714,4570.76212918418,222.3697192263477
2327.0,1993.3800555172477,4570.425981503676,222.36872758944477
2328.0,1992.4382462282233,4570.089833823173,222.36773595254186
2329.0,1991.4964369391985,4569.753686142671,222.36674431563893
2330.0,1990.5546276501736,4569.417538462169,222.365752678736
2331.0,1989.6128183611486,4569.081390781668,222.36476104183305
2332.0,1988.6710090721238,4568.745243101167,222.3637694049301
2333.0,1987.729199783099,4568.409095420666,222.36277776802717
2334.0,1986.7873904940936,4568.07294774011,222.36178613112423
2335.0,1985.8455812055788,4567.736800058179,222.36079449422132
2336.0,1984.903771917064,4567.400652376248,222.35980285731839
2337.0,1983.9619626285494,4567.064504694318,222.35881122041545
2338.0,1983.0201533400345,4566.728357012387,222.3578195835125
2339.0,1982.07834405152,4566.392209330457,222.35682794660957
2340.0,1981.136534763005,4566.056061648526,222.35583630970663
2341.0,1980.194725474144,4565.719913967567,222.35484467280372
2342.0,1979.25291618512,4565.383766287062,222.35385303590078
2343.0,1978.3111068960961,4565.047618606558,222.35286139899785
2344.0,1977.3692976070722,4564.711470926054,222.3518697620949
2345.0,1976.4274883180483,4564.375323245549,222.35087812519197
2346.0,1975.4856790290246,4564.039175565045,222.34988648828903
2347.0,1974.5438697400002,4563.703027884542,222.34889485138612
2348.0,1973.6020604509754,4563.366880204041,222.34790321448318
2349.0,1972.6602511619506,4563.030732523539,222.34691157758024
2350.0,1971.7184418729257,4562.694584843038,222.3459199406773
2351.0,1970.776632583901,4562.358437162537,222.34492830377437
2352.0,1969.8348232948758,4562.022289482035,222.34393666687143
2353.0,1968.893014005851,4561.686141801534,222.34294502996852
2354.0,1967.9512047168485,4561.34999412097,222.34195339306558
2355.0,1967.0093954278468,4561.0138464404035,222.34096175616264
2356.0,1966.0675861388452,4560.677698759838,222.3399701192597
2357.0,1965.1257768498433,4560.341551079271,222.33897848235677
2358.0,1964.1839675608417,4560.005403398705,222.33798684545383
2359.0,1963.24215827184,4559.669255718139,222.33699520855092
2360.0,1962.3003489831094,4559.3331080368125,222.33600357164798
2361.0,1961.358539694555,4558.9969603549935,222.33501193474504
2362.0,1960.4167304060004,4558.660812673174,222.3340202978421
2363.0,1959.4749211174458,4558.324664991354,222.33302866093916
2364.0,1958.5331118288914,4557.988517309535,222.33203702403623
2365.0,1957.5913025403368,4557.652369627716,222.33104538713332
2366.0,1956.6494932516653,4557.316221946225,222.33005375023038
2367.0,1955.7076839626404,4556.9800742657235,222.32906211332744
2368.0,1954.7658746736156,4556.643926585222,222.3280704764245
2369.0,1953.8240653845908,4556.307778904721,222.32707883952156
2370.0,1952.882256095566,4555.97163122422,222.32608720261862
2371.0,1951.9404468065409,4555.635483543718,222.3250955657157
2372.0,1950.998637517516,4555.299335863217,222.32410392881278
2373.0,1950.056828228512,4554.963188182658,222.32311229190984
2374.0,1949.11501893951,4554.627040502091,222.3221206550069
2375.0,1948.1732096505084,4554.290892821525,222.32112901810396
2376.0,1947.2314003615068,4553.954745140959,222.32013738120102
2377.0,1946.289591072505,4553.618597460392,222.3191457442981
2378.0,1945.3477817835033,4553.2824497798265,222.31815410739517
2379.0,1944.4059724947492,4552.946302098567,222.31716247049224
2380.0,1943.4641632062123,4552.610154416698,222.3161708335893
2381.0,1942.5223539176752,4552.2740067348295,222.31517919668636
2382.0,1941.5805446291383,4551.937859052961,222.31418755978342
2383.0,1940.6387353406014,4551.601711371092,222.3131959228805
2384.0,1939.6969260520646,4551.265563689224,222.31220428597757
2385.0,1938.7551167634465,4550.929416007583,222.31121264907463
2386.0,1937.8133074744446,4550.593268327017,222.3102210121717
2387.0,1936.871498185443,4550.257120646451,222.30922937526876
2388.0,1935.9296888964413,4549.920972965884,222.30823773836582
2389.0,1934.9878796074395,4549.5848252853175,222.3072461014629
2390.0,1934.0460703184378,4549.248677604752,222.30625446455997
2391.0,1933.1042610294362,4548.912529924185,222.30526282765703
2392.0,1932.1624517404155,4548.576382243672,222.3042711907541
2393.0,1931.2206424513906,4548.240234563171,222.30327955385116
2394.0,1930.2788331623658,4547.90408688267,222.30228791694822
2395.0,1929.337023873341,4547.567939202168,222.3012962800453
2396.0,1928.395214584316,4547.231791521667,222.30030464314237
2397.0,1927.453405295291,4546.895643841165,222.29931300623943
2398.0,1926.511596006482,4546.559496160059,222.2983213693365
2399.0,1925.5697867179274,4546.22334847824,222.29732973243355
2400.0,1924.627977429373,4545.887200796421,222.29633809553061
2401.0,1923.6861681408184,4545.551053114602,222.2953464586277
2402.0,1922.744358852264,4545.214905432783,222.29435482172477
2403.0,1921.8025495637094,4544.878757750964,222.29336318482183
2404.0,1920.8607402751097,4544.54261006927,222.2923715479189
2405.0,1919.918930986108,4544.2064623887045,222.29137991101595
2406.0,1918.9771216971064,4543.870314708138,222.290388274113
2407.0,1918.0353124081046,4543.534167027572,222.2893966372101
2408.0,1917.093503119103,4543.198019347005,222.28840500030716
2409.0,1916.1516938301013,4542.86187166644,222.28741336340423
2410.0,1915.2098845410994,4542.525723985873,222.2864217265013
2411.0,1914.2680752520805,4542.189576305355,222.28543008959835
2412.0,1913.3262659630557,4541.853428624853,222.2844384526954
2413.0,1912.3844566740308,4541.517280944352,222.2834468157925
2414.0,1911.442647385006,4541.181133263851,222.28245517888956
2415.0,1910.500838095981,4540.84498558335,222.28146354198662
2416.0,1909.5590288069561,4540.508837902848,222.2804719050837
2417.0,1908.6172195179317,4540.172690222346,222.27948026818075
2418.0,1907.6754102289078,4539.8365425418415,222.2784886312778
2419.0,1906.733600939884,4539.500394861338,222.2774969943749
2420.0,1905.79179165086,4539.164247180834,222.27650535747196
2421.0,1904.849982361836,4538.828099500329,222.27551372056902
2422.0,1903.9081730728124,4538.491951819825,222.27452208366608
2423.0,1902.966363783802,4538.155804139282,222.27353044676315
2424.0,1902.0245544952872,4537.819656457352,222.2725388098602
2425.0,1901.0827452067726,4537.483508775421,222.2715471729573
2426.0,1900.1409359182578,4537.147361093491,222.27055553605436
2427.0,1899.1991266297432,4536.81121341156,222.26956389915142
2428.0,1898.2573173412284,4536.475065729629,222.26857226224848
2429.0,1897.3155080527135,4536.138918047699,222.26758062534554
2430.0,1896.3736987638576,4535.802770366725,222.2665889884426
2431.0,1895.4318894748328,4535.466622686223,222.2655973515397
2432.0,1894.4900801858078,4535.130475005722,222.26460571463676
2433.0,1893.548270896783,4534.79432732522,222.26361407773382
2434.0,1892.606461607758,4534.458179644719,222.26262244083088
2435.0,1891.6646523187333,4534.122031964218,222.26163080392794
2436.0,1890.7228430297087,4533.785884283716,222.260639167025
2437.0,1889.7810337406847,4533.449736603211,222.2596475301221
2438.0,1888.8392244516608,4533.113588922707,222.25865589321916
2439.0,1887.897415162637,4532.777441242203,222.25766425631622
2440.0,1886.9556058736132,4532.441293561698,222.25667261941328
2441.0,1886.0137965845893,4532.105145881194,222.25568098251034
2442.0,1885.0719872955653,4531.7689982006905,222.2546893456074
2443.0,1884.1301780065405,4531.432850520189,222.25369770870446
2444.0,1883.1883687175157,4531.096702839687,222.25270607180155
2445.0,1882.2465594284906,4530.760555159186,222.25171443489862
2446.0,1881.3047501394658,4530.424407478685,222.25072279799568
2447.0,1880.362940850441,4530.088259798184,222.24973116109274
2448.0,1879.4211315614161,4529.752112117682,222.2487395241898
2449.0,1878.4793222726844,4529.41596443636,222.24774788728686
2450.0,1877.537512984152,4529.079816754478,222.24675625038395
2451.0,1876.5957036956195,4528.743669072597,222.24576461348101
2452.0,1875.6538944070871,4528.407521390716,222.24477297657808
2453.0,1874.7120851185548,4528.0713737088345,222.24378133967514
2454.0,1873.7702758300225,4527.735226026954,222.2427897027722
2455.0,1872.8284665413735,4527.399078345398,222.24179806586926
2456.0,1871.8866572523498,4527.062930664894,222.24080642896635
2457.0,1870.9448479633259,4526.72678298439,222.2398147920634
2458.0,1870.003038674302,4526.390635303886,222.23882315516047
2459.0,1869.061229385278,4526.054487623382,222.23783151825754
2460.0,1868.119420096254,4525.718339942878,222.2368398813546
2461.0,1867.1776108072304,4525.382192262374,222.23584824445166
2462.0,1866.2358015182056,4525.046044581872,222.23485660754875
2463.0,1865.2939922291807,4524.7098969013705,222.2338649706458
2464.0,1864.3521829401557,4524.373749220869,222.23287333374287
2465.0,1863.4103736511308,4524.037601540368,222.23188169683993
2466.0,1862.468564362106,4523.701453859866,222.230890059937
2467.0,1861.5267550730812,4523.365306179365,222.22989842303406
2468.0,1860.5849457843221,4523.029158498119,222.22890678613115
2469.0,1859.6431364958073,4522.693010816189,222.2279151492282
2470.0,1858.7013272072927,4522.356863134258,222.22692351232527
2471.0,1857.7595179187779,4522.020715452327,222.22593187542233
2472.0,1856.817708630263,4521.684567770397,222.2249402385194
2473.0,1855.8758993417484,4521.348420088466,222.22394860161646
2474.0,1854.9340900531506,4521.012272406769,222.22295696471355
2475.0,1853.9922807641267,4520.676124726264,222.2219653278106
2476.0,1853.0504714751028,4520.33997704576,222.22097369090767
2477.0,1852.1086621860788,4520.003829365256,222.21998205400473
2478.0,1851.166852897055,4519.667681684751,222.2189904171018
2479.0,1850.2250436080312,4519.331534004247,222.21799878019885
2480.0,1849.2832343190073,4518.995386323743,222.21700714329594
2481.0,1848.3414250300011,4518.659238643189,222.216015506393
2482.0,1847.3996157409995,4518.323090962623,222.21502386949007
2483.0,1846.4578064519978,4517.986943282056,222.21403223258713
2484.0,1845.5159971629962,4517.65079560149,222.2130405956842
2485.0,1844.5741878739943,4517.314647920924,222.21204895878125
2486.0,1843.6323785849927,4516.978500240358,222.21105732187834
2487.0,1842.6905692959806,4516.64235255982,222.2100656849754
2488.0,1841.7487600069558,4516.306204879319,222.20907404807247
2489.0,1840.806950717931,4515.970057198818,222.20808241116953
2490.0,1839.8651414289059,4515.633909518317,222.2070907742666
2491.0,1838.923332139881,4515.297761837815,222.20609913736365
2492.0,1837.9815228508562,4514.961614157313,222.20510750046074
2493.0,1837.0397135618734,4514.625466476695,222.2041158635578
2494.0,1836.0979042733188,4514.289318794876,222.20312422665486
2495.0,1835.1560949847642,4513.953171113056,222.20213258975193
2496.0,1834.2142856962098,4513.617023431237,222.201140952849
2497.0,1833.2724764076552,4513.280875749418,222.20014931594605
2498.0,1832.3306671191008,4512.944728067599,222.19915767904314
2499.0,1831.3888578305462,4512.6085803857795,222.1981660421402
2500.0,1830.4470485416646,4512.272432704876,222.19717440523726
2501.0,1829.505239252663,4511.936285024311,222.19618276833432
2502.0,1828.563429963661,4511.600137343744,222.1951911314314
2503.0,1827.6216206746594,4511.263989663178,222.19419949452845
2504.0,1826.6798113856578,4510.927841982611,222.19320785762554
2505.0,1825.738002096656,4510.591694302045,222.1922162207226
2506.0,1824.7961928076456,4510.2555466215035,222.19122458381966
2507.0,1823.8543835186208,4509.919398941001,222.19023294691672
2508.0,1822.912574229596,4509.5832512605,222.18924131001378
2509.0,1821.970764940571,4509.247103579999,222.18824967311085
2510.0,1821.028955651546,4508.910955899498,222.18725803620794
2511.0,1820.0871463625213,4508.574808218997,222.186266399305
2512.0,1819.1453370735042,4508.238660538473,222.18527476240206
2513.0,1818.2035277849905,4507.90251285654,222.18428312549912
2514.0,1817.2617184964768,4507.566365174606,222.18329148859618
2515.0,1816.319909207963,4507.230217492673,222.18229985169324
2516.0,1815.3780999194494,4506.894069810739,222.18130821479033
2517.0,1814.4362906309354,4506.557922128805,222.1803165778874
2518.0,1813.4944813424218,4506.221774446873,222.17932494098446
2519.0,1812.552672053572,4505.88562676588,222.17833330408152
2520.0,1811.6108627645472,4505.549479085379,222.17734166717858
2521.0,1810.669053475522,4505.213331404878,222.17635003027564
2522.0,1809.7272441864973,4504.877183724377,222.17535839337273
2523.0,1808.7854348974724,4504.5410360438755,222.1743667564698
2524.0,1807.8436256084476,4504.204888363374,222.17337511956686
2525.0,1806.9018163194226,4503.868740682873,222.17238348266392
2526.0,1805.9600070303977,4503.532593002371,222.17139184576098
2527.0,1805.018197741373,4503.19644532187,222.17040020885804
2528.0,1804.076388452348,4502.860297641369,222.16940857195513
2529.0,1803.1345791633232,4502.524149960867,222.1684169350522
2530.0,1802.1927698742982,4502.188002280366,222.16742529814925
2531.0,1801.2509605852733,4501.851854599865,222.16643366124632
2532.0,1800.3091512962494,4501.515706919361,222.16544202434338
2533.0,1799.3673420072255,4501.179559238856,222.16445038744044
2534.0,1798.4255327182016,4500.843411558352,222.16345875053753
2535.0,1797.4837234291779,4500.507263877848,222.1624671136346
2536.0,1796.541914140154,4500.1711161973435,222.16147547673165
2537.0,1795.60010485113,4499.83496851684,222.16048383982871
2538.0,1794.658295562393,4499.498820835532,222.15949220292578
2539.0,1793.7164862738607,4499.162673153651,222.15850056602284
2540.0,1792.7746769853284,4498.826525471769,222.15750892911993
2541.0,1791.832867696796,4498.490377789888,222.156517292217
2542.0,1790.8910584082637,4498.154230108006,222.15552565531405
2543.0,1789.9492491197311,4497.818082426125,222.1545340184111
2544.0,1789.0074398310876,4497.4819347445555,222.15354238150817
2545.0,1788.0656305420628,4497.145787064054,222.15255074460524
2546.0,1787.123821253038,4496.809639383553,222.1515591077023
2547.0,1786.182011964013,4496.473491703052,222.1505674707994
2548.0,1785.2402026749883,4496.137344022551,222.14957583389645
2549.0,1784.2983933859632,4495.801196342049,222.1485841969935
2550.0,1783.3565840969384,4495.465048661547,222.14759256009057
2551.0,1782.4147748079145,4495.128900981043,222.14660092318763
2552.0,1781.4729655188905,4494.7927533005395,222.1456092862847
2553.0,1780.5311562298666,4494.456605620036,222.1446176493818
2554.0,1779.5893469408427,4494.120457939531,222.14362601247885
2555.0,1778.6475376518188,4493.784310259027,222.1426343755759
2556.0,1777.705728362795,4493.448162578523,222.14164273867297
2557.0,1776.7639190740306,4493.112014897291,222.14065110177003
2558.0,1775.822109785516,4492.77586721536,222.1396594648671
2559.0,1774.8803004970011,4492.43971953343,222.13866782796418
2560.0,1773.9384912084863,4492.1035718514995,222.13767619106125
2561.0,1772.9966819199717,4491.7674241695695,222.1366845541583
2562.0,1772.0548726314569,4491.431276487639,222.13569291725537
2563.0,1771.1130633428647,4491.095128805925,222.13470128035243
2564.0,1770.17125405384,4490.758981125424,222.1337096434495
2565.0,1769.2294447648148,4490.422833444923,222.13271800654658
2566.0,1768.28763547579,4490.086685764421,222.13172636964364
2567.0,1767.3458261867652,4489.75053808392,222.1307347327407
2568.0,1766.4040168977403,4489.414390403418,222.12974309583777
2569.0,1765.4622076087155,4489.078242722917,222.12875145893483
2570.0,1764.5203983196914,4488.742095042414,222.1277598220319
2571.0,1763.5785890306674,4488.405947361909,222.12676818512898
2572.0,1762.6367797416435,4488.069799681405,222.12577654822604
2573.0,1761.6949704526196,4487.733652000901,222.1247849113231
2574.0,1760.753161163596,4487.397504320396,222.12379327442017
2575.0,1759.811351874572,4487.061356639892,222.12280163751723
2576.0,1758.8695425855576,4486.725208959361,222.1218100006143
2577.0,1757.927733296556,4486.3890612787945,222.12081836371138
2578.0,1756.9859240075543,4486.052913598229,222.11982672680844
2579.0,1756.0441147185527,4485.716765917662,222.1188350899055
2580.0,1755.1023054295508,4485.380618237096,222.11784345300256
2581.0,1754.1604961405492,4485.04447055653,222.11685181609963
2582.0,1753.2186868515823,4484.708322875866,222.1158601791967
2583.0,1752.2768775630268,4484.372175194049,222.11486854229378
2584.0,1751.3350682744713,4484.036027512233,222.11387690539084
2585.0,1750.3932589859157,4483.699879830418,222.1128852684879
2586.0,1749.4514496973602,4483.363732148601,222.11189363158496
2587.0,1748.5096404088047,4483.027584466785,222.11090199468202
2588.0,1747.5678311202491,4482.691436784969,222.10991035777909
2589.0,1746.626021831373,4482.35528910405,222.10891872087618
2590.0,1745.6842125423723,4482.0191414234805,222.10792708397324
2591.0,1744.7424032533715,4481.682993742911,222.1069354470703
2592.0,1743.8005939643708,4481.346846062343,222.10594381016736
2593.0,1742.85878467537,4481.010698381773,222.10495217326442
2594.0,1741.9169753863694,4480.674550701204,222.10396053636148
2595.0,1740.97516609736,4480.338403020659,222.10296889945857
2596.0,1740.0333568083352,4480.002255340158,222.10197726255564
2597.0,1739.0915475193103,4479.6661076596565,222.1009856256527
2598.0,1738.1497382302853,4479.329959979155,222.09999398874976
2599.0,1737.2079289412604,4478.993812298654,222.09900235184682
2600.0,1736.2661196522356,4478.657664618153,222.09801071494388
2601.0,1735.3243103632126,4478.321516937645,222.09701907804097
2602.0,1734.3825010746748,4477.98536925578,222.09602744113803
2603.0,1733.4406917861368,4477.6492215739145,222.0950358042351
2604.0,1732.4988824975987,4477.313073892049,222.09404416733216
2605.0,1731.5570732090607,4476.976926210184,222.09305253042922
2606.0,1730.6152639205227,4476.640778528318,222.09206089352628
2607.0,1729.6734546319847,4476.304630846452,222.09106925662337
2608.0,1728.7316453431479,4475.968483165424,222.09007761972043
2609.0,1727.7898360541471,4475.6323354848555,222.0890859828175
2610.0,1726.8480267651464,4475.296187804286,222.08809434591456
2611.0,1725.9062174761457,4474.960040123717,222.08710270901162
2612.0,1724.964408187145,4474.623892443147,222.08611107210868
2613.0,1724.0225988981442,4474.287744762578,222.08511943520577
2614.0,1723.0807896091367,4473.9515970820285,222.08412779830283
2615.0,1722.1389803201116,4473.615449401527,222.0831361613999
2616.0,1721.1971710310868,4473.279301721026,222.08214452449695
2617.0,1720.255361742062,4472.943154040525,222.08115288759402
2618.0,1719.3135524530371,4472.607006360024,222.08016125069108
2619.0,1718.371743164012,4472.2708586795225,222.07916961378817
2620.0,1717.4299338749872,4471.93471099902,222.07817797688523
2621.0,1716.4881245859624,4471.598563318519,222.0771863399823
2622.0,1715.5463152969376,4471.262415638018,222.07619470307935
2623.0,1714.6045060079127,4470.926267957517,222.0752030661764
2624.0,1713.6626967188877,4470.590120277016,222.07421142927348
2625.0,1712.7208874298628,4470.253972596514,222.07321979237057
2626.0,1711.779078140838,4469.917824916013,222.07222815546763
2627.0,1710.8372688520956,4469.58167723472,222.0712365185647
2628.0,1709.8954595635641,4469.245529552836,222.07024488166175
2629.0,1708.9536502750327,4468.909381870952,222.0692532447588
2630.0,1708.0118409865015,4468.573234189068,222.06826160785587
2631.0,1707.07003169797,4468.237086507183,222.06726997095296
2632.0,1706.1282224094386,4467.900938825299,222.06627833405003
2633.0,1705.1864131208017,4467.564791143712,222.0652866971471
2634.0,1704.2446038317767,4467.228643463211,222.06429506024415
2635.0,1703.3027945427518,4466.8924957827085,222.0633034233412
2636.0,1702.360985253727,4466.556348102207,222.06231178643827
2637.0,1701.4191759647022,4466.220200421706,222.06132014953536
2638.0,1700.477366675677,4465.884052741205,222.06032851263242
2639.0,1699.5355573866523,4465.547905060704,222.05933687572949
2640.0,1698.5937480976274,4465.2117573802025,222.05834523882655
2641.0,1697.6519388086026,4464.875609699701,222.0573536019236
2642.0,1696.7101295195778,4464.5394620192,222.05636196502067
2643.0,1695.7683202305527,4464.203314338698,222.05537032811776
2644.0,1694.8265109415279,4463.867166658197,222.05437869121482
2645.0,1693.884701652503,4463.531018977696,222.05338705431188
2646.0,1692.9428923637329,4463.19487129648,222.05239541740895
2647.0,1692.0010830752192,4462.858723614547,222.051403780506
2648.0,1691.0592737867055,4462.522575932614,222.05041214360307
2649.0,1690.1174644981916,4462.18642825068,222.04942050670013
2650.0,1689.1756552096779,4461.850280568747,222.04842886979722
2651.0,1688.2338459211642,4461.514132886813,222.04743723289428
2652.0,1687.2920366325786,4461.177985205081,222.04644559599134
2653.0,1686.3502273435538,4460.84183752458,222.0454539590884
2654.0,1685.408418054529,4460.505689844078,222.04446232218547
2655.0,1684.466608765504,4460.169542163577,222.04347068528253
2656.0,1683.524799476479,4459.833394483076,222.04247904837962
2657.0,1682.5829901874542,4459.497246802574,222.04148741147668
2658.0,1681.6411808984294,4459.161099122073,222.04049577457374
2659.0,1680.6993716094044,4458.824951441572,222.0395041376708
2660.0,1679.7575623203795,4458.488803761071,222.03851250076787
2661.0,1678.8157530313547,4458.15265608057,222.03752086386493
2662.0,1677.8739437423299,4457.8165084000675,222.03652922696202
2663.0,1676.932134453305,4457.480360719566,222.03553759005908
2664.0,1675.99032516428,4457.144213039065,222.03454595315614
2665.0,1675.0485158752654,4456.808065358535,222.0335543162532
2666.0,1674.1067065862646,4456.471917677966,222.03256267935026
2667.0,1673.164897297264,4456.135769997397,222.03157104244733
2668.0,1672.2230880082634,4455.7996223168275,222.03057940554442
2669.0,1671.2812787192627,4455.463474636258,222.02958776864148
2670.0,1670.339469430262,4455.12732695569,222.02859613173854
2671.0,1669.397660141292,4454.791179275034,222.0276044948356
2672.0,1668.4558508527539,4454.455031593168,222.02661285793266
2673.0,1667.514041564216,4454.118883911303,222.02562122102972
2674.0,1666.572232275678,4453.7827362294365,222.0246295841268
2675.0,1665.63042298714,4453.446588547571,222.02363794722388
2676.0,1664.688613698602,4453.110440865706,222.02264631032094
2677.0,1663.746804410064,4452.77429318384,222.021654673418
2678.0,1662.8049951211685,4452.438145502976,222.02066303651506
2679.0,1661.863185832126,4452.101997822524,222.01967139961212
2680.0,1660.9213765430836,4451.765850142072,222.0186797627092
2681.0,1659.979567254041,4451.42970246162,222.01768812580627
2682.0,1659.0377579649985,4451.093554781168,222.01669648890334
2683.0,1658.0959486759562,4450.757407100716,222.0157048520004
2684.0,1657.1541393869284,4450.421259420223,222.01471321509746
2685.0,1656.2123300979276,4450.085111739653,222.01372157819452
2686.0,1655.270520808927,4449.748964059085,222.0127299412916
2687.0,1654.3287115199262,4449.412816378515,222.01173830438867
2688.0,1653.3869022309254,4449.076668697946,222.01074666748573
2689.0,1652.4450929419247,4448.7405210173765,222.0097550305828
2690.0,1651.503283652924,4448.404373336808,222.00876339367986
2691.0,1650.5614743643825,4448.068225654952,222.00777175677692
2692.0,1649.6196650758445,4447.732077973086,222.006780119874
2693.0,1648.6778557873067,4447.395930291221,222.00578848297107
2694.0,1647.7360464987687,4447.059782609354,222.00479684606813
2695.0,1646.7942372102307,4446.723634927489,222.0038052091652
2696.0,1645.8524279216927,4446.387487245624,222.00281357226226
2697.0,1644.9106186328604,4446.051339564583,222.00182193535932
2698.0,1643.9688093438588,4445.715191884016,222.0008302984564
2699.0,1643.027000054857,4445.379044203451,221.99983866155347
2700.0,1642.0851907658553,4445.042896522884,221.99884702465053
2701.0,1641.1433814768536,4444.706748842317,221.9978553877476
2702.0,1640.2015721878518,4444.370601161751,221.99686375084465
2703.0,1639.259762898844,4444.034453481202,221.99587211394172
2704.0,1638.31795360982,4443.698305800698,221.9948804770388
2705.0,1637.3761443207961,4443.362158120193,221.99388884013587
2706.0,1636.4343350317724,4443.026010439689,221.99289720323293
2707.0,1635.4925257427485,4442.689862759185,221.99190556633
2708.0,1634.5507164537246,4442.3537150786815,221.99091392942705
2709.0,1633.6089071647007,4442.017567398177,221.9899222925241
2710.0,1632.6670978756758,4441.681419717675,221.9889306556212
2711.0,1631.725288586651,4441.345272037174,221.98793901871827
2712.0,1630.7834792976262,4441.009124356673,221.98694738181533
2713.0,1629.8416700086013,4440.672976676171,221.9859557449124
2714.0,1628.8998607195763,4440.33682899567,221.98496410800945
2715.0,1627.9580514305514,4440.000681315169,221.9839724711065
2716.0,1627.0162421418127,4439.664533633866,221.9829808342036
2717.0,1626.0744328532978,4439.328385951935,221.98198919730066
2718.0,1625.1326235647832,4438.992238270005,221.98099756039773
2719.0,1624.1908142762684,4438.656090588074,221.9800059234948
2720.0,1623.2490049877538,4438.319942906143,221.97901428659185
2721.0,1622.307195699239,4437.983795224213,221.9780226496889
2722.0,1621.3653864106172,4437.647647542582,221.977031012786
2723.0,1620.4235771215758,4437.311499862127,221.97603937588306
2724.0,1619.4817678325346,4436.975352181672,221.97504773898012
2725.0,1618.5399585434932,4436.639204501217,221.97405610207718
2726.0,1617.5981492544518,4436.303056820762,221.97306446517425
2727.0,1616.6563399654103,4435.9669091403075,221.9720728282713
2728.0,1615.714530676369,4435.630761459853,221.9710811913684
2729.0,1614.7727213873413,4435.294613779358,221.97008955446546
2730.0,1613.8309120983165,4434.958466098857,221.96909791756252
2731.0,1612.8891028092917,4434.6223184183555,221.96810628065958
2732.0,1611.9472935202666,4434.286170737854,221.96711464375664
2733.0,1611.0054842312418,4433.950023057353,221.9661230068537
2734.0,1610.063674942217,4433.613875376852,221.9651313699508
2735.0,1609.1218656534404,4433.277727695654,221.96413973304786
2736.0,1608.1800563649258,4432.941580013724,221.96314809614492
2737.0,1607.238247076411,4432.605432331793,221.96215645924198
2738.0,1606.2964377878961,4432.269284649863,221.96116482233904
2739.0,1605.3546284993815,4431.933136967932,221.9601731854361
2740.0,1604.4128192108667,4431.596989286002,221.9591815485332
2741.0,1603.4710099222864,4431.260841604255,221.95818991163026
2742.0,1602.5292006332625,4430.924693923751,221.95719827472732
2743.0,1601.5873913442385,4430.588546243247,221.95620663782438
2744.0,1600.6455820552146,4430.252398562742,221.95521500092144
2745.0,1599.7037727661907,4429.916250882238,221.9542233640185
2746.0,1598.761963477167,4429.580103201734,221.9532317271156
2747.0,1597.820154188143,4429.2439555212295,221.95224009021265
2748.0,1596.8783448991185,4428.907807840727,221.95124845330972
2749.0,1595.9365356100934,4428.571660160226,221.95025681640678
2750.0,1594.9947263210686,4428.235512479725,221.94926517950384
2751.0,1594.0529170320438,4427.899364799224,221.9482735426009
2752.0,1593.111107743019,4427.563217118723,221.94728190569796
2753.0,1592.1692984539939,4427.227069438221,221.94629026879505
2754.0,1591.227489164969,4426.89092175772,221.94529863189211
2755.0,1590.2856798759442,4426.554774077219,221.94430699498918
2756.0,1589.3438705869194,4426.218626396717,221.94331535808624
2757.0,1588.4020612978945,4425.882478716216,221.9423237211833
2758.0,1587.4602520088695,4425.5463310357145,221.94133208428036
2759.0,1586.5184427198446,4425.210183355213,221.94034044737745
2760.0,1585.576633430848,4424.874035674633,221.9393488104745
2761.0,1584.6348241423343,4424.537887992699,221.93835717357157
2762.0,1583.6930148538204,4424.201740310767,221.93736553666864
2763.0,1582.7512055653067,4423.865592628833,221.9363738997657
2764.0,1581.809396276793,4423.529444946899,221.93538226286276
2765.0,1580.8675869882793,4423.193297264966,221.93439062595985
2766.0,1579.9257776997654,4422.857149583033,221.9333989890569
2767.0,1578.983968410883,4422.5210019021315,221.93240735215397
2768.0,1578.0421591218405,4422.184854221679,221.93141571525103
2769.0,1577.1003498327982,4421.848706541227,221.9304240783481
2770.0,1576.1585405437556,4421.512558860775,221.92943244144516
2771.0,1575.216731254713,4421.176411180323,221.92844080454225
2772.0,1574.2749219656707,4420.840263499871,221.9274491676393
2773.0,1573.333112676634,4420.504115819403,221.92645753073637
2774.0,1572.3913033876092,4420.167968138901,221.92546589383343
2775.0,1571.4494940985844,4419.8318204584,221.9244742569305
2776.0,1570.5076848095596,4419.495672777899,221.92348262002756
2777.0,1569.5658755205345,4419.159525097398,221.92249098312465
2778.0,1568.6240662315097,4418.823377416896,221.9214993462217
2779.0,1567.6822569424849,4418.4872297363945,221.92050770931877
2780.0,1566.7404476539614,4418.151082054488,221.91951607241583
2781.0,1565.7986383654477,4417.8149343725545,221.9185244355129
2782.0,1564.856829076934,4417.478786690622,221.91753279860995
2783.0,1563.9150197884203,4417.142639008688,221.91654116170704
2784.0,1562.9732104999066,4416.806491326754,221.9155495248041
2785.0,1562.0314012113927,4416.470343644821,221.91455788790117
2786.0,1561.0895919225604,4416.13419596378,221.91356625099823
2787.0,1560.1477826335356,4415.798048283279,221.9125746140953
2788.0,1559.2059733445108,4415.461900602778,221.91158297719235
2789.0,1558.2641640554857,4415.125752922277,221.91059134028944
2790.0,1557.3223547664609,4414.789605241775,221.9095997033865
2791.0,1556.380545477436,4414.453457561273,221.90860806648357
2792.0,1555.4387361884174,4414.117309880755,221.90761642958063
2793.0,1554.4969268994155,4413.781162200189,221.9066247926777
2794.0,1553.5551176104138,4413.445014519622,221.90563315577475
2795.0,1552.6133083214122,4413.108866839057,221.90464151887184
2796.0,1551.6714990324106,4412.77271915849,221.9036498819689
2797.0,1550.7296897434087,4412.436571477923,221.90265824506596
2798.0,1549.787880454407,4412.1004237973575,221.90166660816303
2799.0,1548.8460711653852,4411.764276116847,221.9006749712601
2800.0,1547.9042618763613,4411.428128436343,221.89968333435715
2801.0,1546.9624525873376,4411.091980755839,221.89869169745424
2802.0,1546.0206432983136,4410.7558330753345,221.8977000605513
2803.0,1545.0788340092897,4410.419685394831,221.89670842364836
2804.0,1544.1370247202658,4410.083537714327,221.89571678674542
2805.0,1543.1952154315088,4409.747390033074,221.8947251498425
2806.0,1542.2534061429708,4409.411242351209,221.89373351293955
2807.0,1541.311596854433,4409.075094669343,221.89274187603664
2808.0,1540.369787565895,4408.738946987477,221.8917502391337
2809.0,1539.427978277357,4408.402799305612,221.89075860223076
2810.0,1538.486168988819,4408.066651623746,221.88976696532782
2811.0,1537.5443597001888,4407.730503942139,221.88877532842488
2812.0,1536.6025504111694,4407.394356261621,221.88778369152195
2813.0,1535.66074112215,4407.058208581105,221.88679205461904
2814.0,1534.718931833131,4406.722060900588,221.8858004177161
2815.0,1533.7771225441115,4406.3859132200705,221.88480878081316
2816.0,1532.8353132550922,4406.049765539554,221.88381714391022
2817.0,1531.8935039660728,4405.713617859036,221.88282550700728
2818.0,1530.9516946770498,4405.3774701785305,221.88183387010434
2819.0,1530.0098853880259,4405.041322498026,221.88084223320143
2820.0,1529.068076099002,4404.705174817522,221.8798505962985
2821.0,1528.126266809978,4404.369027137018,221.87885895939556
2822.0,1527.1844575209543,4404.032879456513,221.87786732249262
2823.0,1526.2426482319304,4403.696731776009,221.87687568558968
2824.0,1525.3008389431486,4403.360584094827,221.87588404868674
2825.0,1524.3590296546338,4403.024436412896,221.87489241178383
2826.0,1523.417220366119,4402.688288730966,221.8739007748809
2827.0,1522.4754110776043,4402.352141049035,221.87290913797796
2828.0,1521.5336017890895,4402.015993367105,221.87191750107502
2829.0,1520.591792500575,4401.679845685174,221.87092586417208
2830.0,1519.649983212,4401.343698003411,221.86993422726914
2831.0,1518.7081739229752,4401.00755032291,221.86894259036623
2832.0,1517.7663646339504,4400.671402642409,221.8679509534633
2833.0,1516.8245553449256,4400.335254961908,221.86695931656035
2834.0,1515.8827460559005,4399.999107281406,221.86596767965742
2835.0,1514.9409367668757,4399.662959600905,221.86497604275448
2836.0,1513.9991274778508,4399.326811920404,221.86398440585154
2837.0,1513.0573181888267,4398.9906642399,221.86299276894863
2838.0,1512.1155088998028,4398.654516559396,221.8620011320457
2839.0,1511.1736996107788,4398.318368878891,221.86100949514275
2840.0,1510.2318903217551,4397.982221198387,221.86001785823981
2841.0,1509.2900810327312,4397.646073517883,221.85902622133688
2842.0,1508.3482717437073,4397.309925837379,221.85803458443394
2843.0,1507.406462454683,4396.973778156876,221.85704294753103
2844.0,1506.464653165658,4396.637630476374,221.8560513106281
2845.0,1505.5228438766333,4396.301482795873,221.85505967372515
2846.0,1504.5810345876084,4395.965335115372,221.8540680368222
2847.0,1503.6392252985836,4395.629187434871,221.85307639991927
2848.0,1502.6974160095585,4395.29303975437,221.85208476301634
2849.0,1501.755606720556,4394.956892073806,221.85109312611343
2850.0,1500.8137974320423,4394.620744391872,221.8501014892105
2851.0,1499.8719881435286,4394.284596709938,221.84910985230755
2852.0,1498.930178855015,4393.948449028006,221.8481182154046
2853.0,1497.988369566501,4393.612301346072,221.84712657850167
2854.0,1497.0465602779873,4393.276153664138,221.84613494159873
2855.0,1496.1047509894736,4392.940005982205,221.84514330469582
2856.0,1495.1629417005972,4392.603858301287,221.8441516677929
2857.0,1494.2211324115547,4392.267710620835,221.84316003088995
2858.0,1493.2793231225123,4391.931562940383,221.842168393987
2859.0,1492.3375138334698,4391.595415259931,221.84117675708407
2860.0,1491.3957045444272,4391.259267579479,221.84018512018113
2861.0,1490.4538952553849,4390.9231198990265,221.8391934832782
2862.0,1489.512085966348,4390.586972218559,221.83820184637528
2863.0,1488.5702766773231,4390.250824538058,221.83721020947235
2864.0,1487.6284673882983,4389.914676857556,221.8362185725694
2865.0,1486.6866580992735,4389.578529177054,221.83522693566647
2866.0,1485.7448488102486,4389.242381496553,221.83423529876353
2867.0,1484.8030395212236,4388.906233816052,221.8332436618606
2868.0,1483.8612302321987,4388.570086135551,221.83225202495768
2869.0,1482.9194209431964,4388.233938454987,221.83126038805474
2870.0,1481.9776116541946,4387.89779077442,221.8302687511518
2871.0,1481.035802365193,4387.5616430938535,221.82927711424887
2872.0,1480.0939930761913,4387.225495413288,221.82828547734593
2873.0,1479.1521837871894,4386.889347732721,221.827293840443
2874.0,1478.2103744981878,4386.553200052155,221.82630220354008
2875.0,1477.2685652094704,4386.217052370792,221.82531056663714
2876.0,1476.3267559209335,4385.880904688924,221.8243189297342
2877.0,1475.3849466323966,4385.5447570070555,221.82332729283127
2878.0,1474.4431373438597,4385.208609325186,221.82233565592833
2879.0,1473.5013280553228,4384.872461643318,221.8213440190254
2880.0,1472.559518766786,4384.53631396145,221.82035238212248
2881.0,1471.617709478125,4384.200166279928,221.81936074521954
2882.0,1470.6759001891003,4383.864018599427,221.8183691083166
2883.0,1469.7340909000752,4383.527870918926,221.81737747141366
2884.0,1468.7922816110504,4383.191723238424,221.81638583451073
2885.0,1467.8504723220256,4382.855575557923,221.8153941976078
2886.0,1466.9086630330007,4382.519427877422,221.81440256070488
2887.0,1465.966853743976,4382.18328019692,221.81341092380194
2888.0,1465.0250444549727,4381.847132516358,221.812419286899
2889.0,1464.083235165972,4381.510984835789,221.81142764999606
2890.0,1463.1414258769712,4381.17483715522,221.81043601309312
2891.0,1462.1996165879705,4380.838689474651,221.80944437619019
2892.0,1461.2578072989697,4380.5025417940815,221.80845273928728
2893.0,1460.315998009969,4380.166394113512,221.80746110238434
2894.0,1459.3741887212173,4379.830246432246,221.8064694654814
2895.0,1458.4323794326792,4379.4940987503805,221.80547782857846
2896.0,1457.4905701441412,4379.157951068514,221.80448619167552
2897.0,1456.5487608556032,4378.821803386649,221.80349455477258
2898.0,1455.6069515670654,4378.485655704783,221.80250291786967
2899.0,1454.6651422785274,4378.149508022918,221.80151128096674
2900.0,1453.7233329899059,4377.813360341286,221.8005196440638
2901.0,1452.781523700904,4377.4772126607195,221.79952800716086
2902.0,1451.8397144119024,4377.141064980154,221.79853637025792
2903.0,1450.8979051229007,4376.804917299587,221.79754473335498
2904.0,1449.956095833899,4376.468769619021,221.79655309645207
2905.0,1449.0142865448972,4376.132621938455,221.79556145954913
2906.0,1448.0724772558956,4375.796474257888,221.7945698226462
2907.0,1447.1306679668603,4375.460326577416,221.79357818574326
2908.0,1446.1888586778177,4375.124178896964,221.79258654884032
2909.0,1445.2470493887754,4374.788031216512,221.79159491193738
2910.0,1444.3052400997328,4374.4518835360595,221.79060327503447
2911.0,1443.3634308106903,4374.115735855607,221.78961163813153
2912.0,1442.421621521648,4373.779588175155,221.7886200012286
2913.0,1441.479812232614,4373.44344049468,221.78762836432566
2914.0,1440.53800294359,4373.107292814175,221.78663672742272
2915.0,1439.5961936545662,4372.771145133671,221.78564509051978
2916.0,1438.6543843655425,4372.434997453167,221.78465345361687
2917.0,1437.7125750765185,4372.098849772662,221.78366181671393
2918.0,1436.7707657874946,4371.762702092158,221.782670179811
2919.0,1435.8289564985248,4371.426554411502,221.78167854290805
2920.0,1434.88714721001,4371.090406729572,221.78068690600512
2921.0,1433.9453379214951,4370.754259047641,221.77969526910218
2922.0,1433.0035286329805,4370.418111365711,221.77870363219927
2923.0,1432.0617193444657,4370.0819636837805,221.77771199529633
2924.0,1431.119910055951,4369.7458160018505,221.7767203583934
2925.0,1430.1781007674363,4369.40966831992,221.77572872149045
2926.0,1429.23629147854,4369.073520639058,221.7747370845875
2927.0,1428.294482189515,4368.737372958557,221.77374544768458
2928.0,1427.35267290049,4368.401225278056,221.77275381078167
2929.0,1426.4108636114652,4368.065077597555,221.77176217387873
2930.0,1425.4690543224403,4367.728929917053,221.7707705369758
2931.0,1424.5272450334155,4367.392782236551,221.76977890007285
2932.0,1423.585435744391,4367.056634556049,221.7687872631699
2933.0,1422.643626455367,4366.720486875545,221.76779562626697
2934.0,1421.7018171663433,4366.38433919504,221.76680398936406
2935.0,1420.7600078773194,4366.0481915145365,221.76581235246113
2936.0,1419.8181985882954,4365.712043834033,221.7648207155582
2937.0,1418.8763892992715,4365.375896153528,221.76382907865525
2938.0,1417.934580010264,4365.039748472978,221.7628374417523
2939.0,1416.9927707217494,4364.703600791047,221.76184580484937
2940.0,1416.0509614332345,4364.3674531091165,221.76085416794646
2941.0,1415.10915214472,4364.031305427186,221.75986253104352
2942.0,1414.167342856205,4363.6951577452555,221.75887089414059
2943.0,1413.2255335676903,4363.3590100633255,221.75787925723765
2944.0,1412.2837242791757,4363.022862381395,221.7568876203347
2945.0,1411.3419149903175,4362.686714700426,221.75589598343177
2946.0,1410.4001057012936,4362.350567019922,221.75490434652886
2947.0,1409.4582964122699,4362.014419339417,221.75391270962592
2948.0,1408.516487123246,4361.678271658913,221.75292107272298
2949.0,1407.574677834222,4361.342123978409,221.75192943582005
2950.0,1406.632868545198,4361.005976297904,221.7509377989171
2951.0,1405.6910592561685,4360.669828617417,221.74994616201417
2952.0,1404.749249967126,4360.333680936965,221.74895452511126
2953.0,1403.8074406780834,4359.997533256513,221.74796288820832
2954.0,1402.8656313890408,4359.661385576061,221.74697125130538
2955.0,1401.9238220999985,4359.325237895609,221.74597961440244
2956.0,1400.982012810956,4358.9890902151565,221.7449879774995
2957.0,1400.0402035219133,4358.652942534704,221.74399634059657
2958.0,1399.0983942328878,4358.316794854205,221.74300470369366
2959.0,1398.156584943863,4357.980647173704,221.74201306679072
2960.0,1397.2147756548381,4357.644499493203,221.74102142988778
2961.0,1396.272966365813,4357.308351812701,221.74002979298484
2962.0,1395.3311570767883,4356.9722041322,221.7390381560819
2963.0,1394.3893477877634,4356.636056451699,221.73804651917897
2964.0,1393.4475384990449,4356.299908770339,221.73705488227603
2965.0,1392.50572921053,4355.963761088409,221.73606324537312
2966.0,1391.5639199220152,4355.627613406478,221.73507160847018
2967.0,1390.6221106335006,4355.291465724548,221.73407997156724
2968.0,1389.6803013449858,4354.955318042617,221.7330883346643
2969.0,1388.738492056471,4354.619170360686,221.73209669776136
2970.0,1387.7966827678329,4354.283022679102,221.73110506085843
2971.0,1386.854873478809,4353.946874998598,221.73011342395552
2972.0,1385.913064189785,4353.610727318093,221.72912178705258
2973.0,1384.9712549007613,4353.274579637589,221.72813015014964
2974.0,1384.0294456117374,4352.938431957085,221.7271385132467
2975.0,1383.0876363227135,4352.602284276581,221.72614687634376
2976.0,1382.1458270336896,4352.266136596077,221.72515523944082
2977.0,1381.2040177446647,4351.929988915575,221.7241636025379
2978.0,1380.26220845564,4351.593841235073,221.72317196563498
2979.0,1379.320399166615,4351.257693554572,221.72218032873204
2980.0,1378.3785898775902,4350.921545874071,221.7211886918291
2981.0,1377.4367805885654,4350.58539819357,221.72019705492616
2982.0,1376.4949712995403,4350.249250513069,221.71920541802322
2983.0,1375.5531620107847,4349.913102831813,221.7182137811203
2984.0,1374.6113527222708,4349.57695514988,221.71722214421737
2985.0,1373.669543433757,4349.240807467946,221.71623050731444
2986.0,1372.7277341452434,4348.904659786012,221.7152388704115
2987.0,1371.7859248567297,4348.56851210408,221.71424723350856
2988.0,1370.844115568216,4348.232364422146,221.71325559660562
2989.0,1369.902306279616,4347.896216740453,221.7122639597027
2990.0,1368.960496990591,4347.560069059952,221.71127232279977
2991.0,1368.0186877015663,4347.223921379451,221.71028068589683
2992.0,1367.0768784125414,4346.88777369895,221.7092890489939
2993.0,1366.1350691235166,4346.551626018449,221.70829741209096
2994.0,1365.1932598344915,4346.215478337947,221.70730577518802
2995.0,1364.2514505454667,4345.879330657446,221.7063141382851
2996.0,1363.3096412564464,4345.543182976932,221.70532250138217
2997.0,1362.367831967427,4345.207035296415,221.70433086447923
2998.0,1361.4260226784077,4344.870887615898,221.7033392275763
2999.0,1360.4842133893883,4344.5347399353805,221.70234759067336
3000.0,1359.5424041003691,4344.198592254864,221.70135595377042
3001.0,1358.6005948113498,4343.862444574347,221.7003643168675
3002.0,1357.658785522328,4343.526296893837,221.69937267996457
3003.0,1356.716976233303,4343.190149213336,221.69838104306163
3004.0,1355.7751669442782,4342.854001532834,221.6973894061587
3005.0,1354.8333576552532,4342.517853852333,221.69639776925575
3006.0,1353.8915483662283,4342.181706171832,221.69540613235282
3007.0,1352.9497390772035,4341.84555849133,221.6944144954499
3008.0,1352.0079297882269,4341.509410810693,221.69342285854697
3009.0,1351.0661204997132,4341.17326312876,221.69243122164403
3010.0,1350.1243112111995,4340.837115446827,221.6914395847411
3011.0,1349.1825019226858,4340.500967764893,221.69044794783815
3012.0,1348.240692634172,4340.1648200829595,221.6894563109352
3013.0,1347.2988833456582,4339.828672401026,221.6884646740323
3014.0,1346.3570740571445,4339.492524719093,221.68747303712937
3015.0,1345.4152647682542,4339.1563770382145,221.68648140022643
3016.0,1344.4734554792294,4338.820229357713,221.6854897633235
3017.0,1343.5316461902044,4338.484081677212,221.68449812642055
3018.0,1342.5898369011795,4338.14793399671,221.6835064895176
3019.0,1341.6480276121547,4337.811786316209,221.6825148526147
3020.0,1340.7062183231299,4337.475638635708,221.68152321571176
3021.0,1339.764318887652,4337.139743808065,221.68053157880883
3022.0,1338.8222715754282,4336.804263761665,221.6795399419059
3023.0,1337.8802242654137,4336.468783709062,221.67854830500295
3024.0,1336.9381769536567,4336.133303661352,221.6775566681
3025.0,1335.9961296412662,4335.79782361542,221.6765650311971
3026.0,1335.0540823290844,4335.462343568904,221.67557339429416
3027.0,1334.11203501907,4335.126863516301,221.67458175739122
3028.0,1333.1699877073363,4334.791383468525,221.67359012048829
3029.0,1332.2279403949601,4334.455903422553,221.67259848358535
3030.0,1331.2858930825416,4334.120423376701,221.6716068466824
3031.0,1330.3438457701998,4333.784943330633,221.6706152097795
3032.0,1329.4017984596142,4333.449463279633,221.66962357287656
3033.0,1328.4597511486068,4333.113983229818,221.66863193597362
3034.0,1327.517703836257,4332.778503183773,221.66764029907068
3035.0,1326.5756565238314,4332.44302313794,221.66664866216774
3036.0,1325.6336092132635,4332.10754308689,221.6656570252648
3037.0,1324.6915619022213,4331.772063037173,221.6646653883619
3038.0,1323.7495145898843,4331.436582991092,221.66367375145896
3039.0,1322.8074672775424,4331.101102945025,221.66268211455602
3040.0,1321.8654199669652,4330.765622894001,221.66169047765308
3041.0,1320.9233726558382,4330.430142844522,221.66069884075014
3042.0,1319.9813253434963,4330.094662798454,221.6597072038472
3043.0,1319.0392780311547,4329.759182752386,221.6587155669443
3044.0,1318.097230718813,4329.423702706317,221.65772393004136
3045.0,1317.1551834075358,4329.08822265726,221.65673229313842
3046.0,1316.2131360971086,4328.752742605815,221.65574065623548
3047.0,1315.271088784767,4328.417262559747,221.65474901933254
3048.0,1314.3290414724252,4328.081782513678,221.6537573824296
3049.0,1313.386994161225,4327.746302464405,221.6527657455267
3050.0,1312.4449468508187,4327.410822412902,221.65177410862375
3051.0,1311.502899538393,4327.075342367069,221.65078247172082
3052.0,1310.5608522260418,4326.739862321028,221.64979083481788
3053.0,1309.6188049148811,4326.404382271644,221.64879919791494
3054.0,1308.6767576044513,4326.068902220207,221.647807561012
3055.0,1307.7347102921096,4325.7334221741385,221.6468159241091
3056.0,1306.7926629796966,4325.39794212827,221.64582428720615
3057.0,1305.8506156673147,4325.062462082315,221.64483265030321
3058.0,1304.9085683554256,4324.726982034976,221.64384101340028
3059.0,1303.966521045411,4324.391501982373,221.64284937649734
3060.0,1303.02447373338,4324.056021935432,221.6418577395944
3061.0,1302.0824264209932,4323.72054188949,221.6408661026915
3062.0,1301.140379109075,4323.385061842233,221.63987446578855
3063.0,1300.1983317990603,4323.04958178963,221.6388828288856
3064.0,1299.256284486997,4322.714101742781,221.63789119198267
3065.0,1298.3142371746574,4322.378621696706,221.63689955507974
3066.0,1297.3721898628235,4322.043141649212,221.6359079181768
3067.0,1296.430142552725,4321.707661596844,221.63491628127386
3068.0,1295.4880952406113,4321.372181550136,221.63392464437095
3069.0,1294.5460479282697,4321.036701504067,221.632933007468
3070.0,1293.604000616492,4320.701221456416,221.63194137056507
3071.0,1292.6619533064772,4320.3657414038125,221.63094973366213
3072.0,1291.7199059942584,4320.0302613573995,221.6299580967592
3073.0,1290.777858681882,4319.694781311429,221.62896645985626
3074.0,1289.8358113695401,4319.359301265361,221.62797482295335
3075.0,1288.8937640571985,4319.023821219293,221.6269831860504
3076.0,1287.9517167470217,4318.688341167145,221.62599154914747
3077.0,1287.0096694356087,4318.352861118469,221.62499991224453
3078.0,1286.0676221232477,4318.0173810724555,221.6240082753416
3079.0,1285.1255748108222,4317.681901026623,221.62301663843866
3080.0,1284.1835275006779,4317.346420974383,221.62202500153575
3081.0,1283.2414801892246,4317.01094092582,221.6210333646328
3082.0,1282.2994328768827,4316.675460879752,221.62004172772987
3083.0,1281.3573855645411,4316.339980833684,221.61905009082693
3084.0,1280.415338254358,4316.004500781554,221.618058453924
3085.0,1279.473290942837,4315.669020733182,221.61706681702105
3086.0,1278.531243630495,4315.333540687114,221.61607518011814
3087.0,1277.5891963181534,4314.998060641045,221.6150835432152
3088.0,1276.6471490058116,4314.662580594977,221.61409190631227
3089.0,1275.7051016949283,4314.327100544813,221.61310026940933
3090.0,1274.7630543841074,4313.991620494475,221.6121086325064
3091.0,1273.8210070717657,4313.656140448406,221.61111699560345
3092.0,1272.878959759429,4313.320660402324,221.61012535870054
3093.0,1271.936912448639,4312.985180351899,221.6091337217976
3094.0,1270.9948651378095,4312.649700301585,221.60814208489467
3095.0,1270.0528178253846,4312.31422025575,221.60715044799173
3096.0,1269.110770513043,4311.978740209682,221.6061588110888
3097.0,1268.1687232022884,4311.643260159156,221.60516717418585
3098.0,1267.22667589145,4311.307780108867,221.60417553728294
3099.0,1266.284628579106,4310.972300062805,221.60318390038
3100.0,1265.3425812666806,4310.636820016972,221.60219226347706
3101.0,1264.4005339559378,4310.301339966413,221.60120062657413
3102.0,1263.4584866450623,4309.965859916228,221.6002089896712
3103.0,1262.5164393327207,4309.630379870159,221.59921735276825
3104.0,1261.574392020384,4309.294899824077,221.59822571586534
3105.0,1260.632344707984,4308.959419778173,221.5972340789624
3106.0,1259.690297396489,4308.623939729727,221.59624244205946
3107.0,1258.7482500863396,4308.288459677503,221.59525080515652
3108.0,1257.806202773998,4307.952979631435,221.5942591682536
3109.0,1256.864155461656,4307.617499585366,221.59326753135065
3110.0,1255.9221081502162,4307.282019536766,221.59227589444774
3111.0,1254.9800608399519,4306.946539484864,221.5912842575448
3112.0,1254.03801352761,4306.611059438796,221.59029262064186
3113.0,1253.0959662152684,4306.275579392727,221.58930098373892
3114.0,1252.1539189038992,4305.9400993439285,221.58830934683598
3115.0,1251.2118715936679,4305.604619291934,221.58731770993305
3116.0,1250.2698242812423,4305.269139246101,221.58632607303014
3117.0,1249.3277769688807,4304.933659200089,221.5853344361272
3118.0,1248.3857296565411,4304.598179154014,221.58434279922426
3119.0,1247.4436823444505,4304.262699107242,221.58335116232132
3120.0,1246.5016350344358,4303.927219054639,221.58235952541838
3121.0,1245.5595877225458,4303.591739007302,221.58136788851544
3122.0,1244.617540410158,4303.2562589613635,221.58037625161253
3123.0,1243.6754930980999,4302.920778914499,221.5793846147096
3124.0,1242.7334457880852,4302.585298861896,221.57839297780666
3125.0,1241.7913984762233,4302.24981881448,221.57740134090372
3126.0,1240.8493511638426,4301.914338768522,221.57640970400078
3127.0,1239.9073038517492,4301.578858721756,221.57541806709784
3128.0,1238.9652565417346,4301.243378669153,221.57442643019493
3129.0,1238.0232092298356,4300.907898621842,221.573434793292
3130.0,1237.0811619174963,4300.572418575767,221.57244315638906
3131.0,1236.139114605146,4300.236938529723,221.57145151948612
3132.0,1235.1970672927205,4299.901458483891,221.57045988258318
3133.0,1234.2550199822858,4299.565978432467,221.56946824568024
3134.0,1233.312972671113,4299.230498383116,221.56847660877733
3135.0,1232.370925358771,4298.895018337048,221.5674849718744
3136.0,1231.4288780464294,4298.55953829098,221.56649333497145
3137.0,1230.4868307360466,4298.2240582394115,221.56550169806852
3138.0,1229.5447834247934,4297.888578190286,221.56451006116558
3139.0,1228.6027361123834,4297.55309814441,221.56351842426264
3140.0,1227.6606888000417,4297.2176180983415,221.56252678735973
3141.0,1226.718641489696,4296.882138046668,221.5615351504568
3142.0,1225.7765941784487,4296.546657997526,221.56054351355385
3143.0,1224.83454686609,4296.211177951505,221.55955187665091
3144.0,1223.8924995536645,4295.8756979056725,221.55856023974798
3145.0,1222.9504522433497,4295.540217853913,221.55756860284504
3146.0,1222.0084049320678,4295.204737804869,221.55657696594213
3147.0,1221.066357619726,4294.869257758801,221.5555853290392
3148.0,1220.1243103073843,4294.533777712732,221.55459369213625
3149.0,1219.182262994968,4294.198297666874,221.5536020552333
3150.0,1218.2402156838964,4293.862817617239,221.55261041833037
3151.0,1217.2981683733383,4293.527337566163,221.55161878142744
3152.0,1216.3561210609967,4293.191857520094,221.55062714452453
3153.0,1215.4140737486548,4292.856377474026,221.5496355076216
3154.0,1214.4720264376087,4292.52089742432,221.54864387071865
3155.0,1213.5299791269506,4292.185417373524,221.5476522338157
3156.0,1212.5879318146087,4291.849937327455,221.54666059691277
3157.0,1211.6458845022719,4291.514457281374,221.54566896000983
3158.0,1210.7038371913134,4291.178977231422,221.54467732310692
3159.0,1209.7617898806586,4290.843497180616,221.543685686204
3160.0,1208.819742568233,4290.508017134784,221.54269404930105
3161.0,1207.8776952558862,4290.172537088731,221.5417024123981
3162.0,1206.9356479435444,4289.837057042662,221.54071077549517
3163.0,1205.9936006318578,4289.501576994754,221.53971913859223
3164.0,1205.0515533218431,4289.166096942151,221.53872750168932
3165.0,1204.1095060095297,4288.830616896003,221.53773586478638
3166.0,1203.1674586971567,4288.495136850023,221.53674422788345
3167.0,1202.2254113855072,4288.159656802011,221.5357525909805
3168.0,1201.2833640754925,4287.824176749408,221.53476095407757
3169.0,1200.341316763222,4287.48869670314,221.53376931717463
3170.0,1199.3992694508265,4287.153216657223,221.5327776802717
3171.0,1198.4572221391581,4286.817736609264,221.53178604336878
3172.0,1197.5151748291487,4286.482256556647,221.53079440646584
3173.0,1196.573127516841,4286.1467765104835,221.5298027695629
3174.0,1195.6310802044993,4285.811296464415,221.52881113265997
3175.0,1194.6890328928964,4285.475816416271,221.52781949575703
3176.0,1193.746985582795,4285.140336363913,221.5268278588541
3177.0,1192.8049382704532,4284.8048563178445,221.52583622195118
3178.0,1191.8628909581116,4284.469376271776,221.52484458504824
3179.0,1190.9208436457698,4284.133896225708,221.5238529481453
3180.0,1189.9787963334684,4283.798416179527,221.52286131124237
3181.0,1189.036749023454,4283.4629361269235,221.52186967433943
3182.0,1188.0947017117774,4283.127456078987,221.5208780374365
3183.0,1187.152654399384,4282.791976033064,221.51988640053358
3184.0,1186.2106070871248,4282.456495986765,221.51889476363064
3185.0,1185.26855977711,4282.121015934162,221.5179031267277
3186.0,1184.3265124653951,4281.7855358863335,221.51691148982476
3187.0,1183.3844651530012,4281.4500558404125,221.51591985292183
3188.0,1182.4424178407742,4281.114575794022,221.5149282160189
3189.0,1181.5003705307595,4280.779095741419,221.51393657911598
3190.0,1180.5583232190666,4280.443615693529,221.51294494221304
3191.0,1179.6162759067247,4280.108135647461,221.5119533053101
3192.0,1178.6742285943776,4279.772655601408,221.51096166840716
3193.0,1177.732181281952,4279.437175555575,221.50997003150422
3194.0,1176.790133971304,4279.101695504751,221.5089783946013
3195.0,1175.848086660337,4278.7662154548225,221.50798675769838
3196.0,1174.9060393479956,4278.430735408753,221.50699512079544
3197.0,1173.9639920356592,4278.095255362671,221.5060034838925
3198.0,1173.0219447250083,4277.759775311854,221.50501184698956
3199.0,1172.0798974139561,4277.424295262165,221.50402021008662
3200.0,1171.1378501016143,4277.088815216097,221.50302857318368
3201.0,1170.1958027892726,4276.753335170029,221.50203693628077
3202.0,1169.253755478721,4276.417855118934,221.50104529937784
3203.0,1168.3117081676426,4276.082375069318,221.5000536624749
3204.0,1167.3696608552266,4275.746895023458,221.49906202557196
3205.0,1166.427613542885,4275.41141497739,221.49807038866902
3206.0,1165.485566230543,4275.075934931322,221.49707875176608
3207.0,1164.5435189192651,4274.740454882266,221.49608711486317
3208.0,1163.6014716089394,4274.404974830537,221.49509547796023
3209.0,1162.6594242965139,4274.069494784704,221.4941038410573
3210.0,1161.7173769841595,4273.734014738672,221.49311220415436
3211.0,1160.7753296729213,4273.398534689505,221.49212056725142
3212.0,1159.8332823625692,4273.06305463785,221.49112893034848
3213.0,1158.8912350502276,4272.727574591781,221.49013729344557
3214.0,1157.9491877378173,4272.392094545906,221.48914565654263
3215.0,1157.0071404265707,4272.056614496762,221.4881540196397
3216.0,1156.0650931161815,4271.721134445212,221.48716238273676
3217.0,1155.1230458038397,4271.385654399143,221.48617074583382
3218.0,1154.180998491498,4271.050174353075,221.48517910893088
3219.0,1153.2389511802892,4270.714694303825,221.48418747202797
3220.0,1152.2969038697936,4270.379214252573,221.48319583512503
3221.0,1151.354856557452,4270.043734206504,221.4822041982221
3222.0,1150.4128092451103,4269.708254160436,221.48121256131915
3223.0,1149.4707619327712,4269.37277411436,221.48022092441622
3224.0,1148.5287146208666,4269.037294067066,221.47922928751328
3225.0,1147.586667310768,4268.701814014698,221.47823765061037
3226.0,1146.6446199987292,4268.366333967779,221.47724601370743
3227.0,1145.7025726863876,4268.03085392171,221.4762543768045
3228.0,1144.760525374532,4267.695373874277,221.47526273990155
3229.0,1143.8184780645174,4267.359893821674,221.4742711029986
3230.0,1142.876430752379,4267.024413775035,221.47327946609568
3231.0,1141.93438344,4266.688933729072,221.47228782919277
3232.0,1140.9923361281815,4266.353453681534,221.47129619228983
3233.0,1140.0502888181668,4266.017973628931,221.4703045553869
3234.0,1139.108241506065,4265.682493582189,221.46931291848395
3235.0,1138.1661941937264,4265.347013536113,221.468321281581
3236.0,1137.2241468813672,4265.011533490094,221.46732964467807
3237.0,1136.282099568937,4264.676053444276,221.46633800777516
3238.0,1135.3400522587162,4264.340573392251,221.46534637087223
3239.0,1134.398004947343,4264.005093343464,221.4643547339693
3240.0,1133.4559576350011,4263.669613297396,221.46336309706635
3241.0,1132.5139103226595,4263.334133251327,221.4623714601634
3242.0,1131.5718630124013,4262.998653199408,221.46137982326047
3243.0,1130.629815700955,4262.663173150825,221.46038818635756
3244.0,1129.6877683886134,4262.327693104757,221.45939654945462
3245.0,1128.7457210762718,4261.992213058688,221.45840491255169
3246.0,1127.8036737661287,4261.656733006446,221.45741327564875
3247.0,1126.861626454627,4261.321252958019,221.4564216387458
3248.0,1125.9195791422258,4260.985772912119,221.45543000184287
3249.0,1124.977531829884,4260.65029286605,221.45443836493996
3250.0,1124.0354845198892,4260.314812813391,221.45344672803702
3251.0,1123.0934372083748,4259.979332765,221.45245509113408
3252.0,1122.1513898959306,4259.64385271922,221.45146345423115
3253.0,1121.209342583505,4259.308372673388,221.4504718173282
3254.0,1120.2672952711614,4258.972892627325,221.44948018042527
3255.0,1119.325247960329,4258.637412577017,221.44848854352236
3256.0,1118.3832006495684,4258.3019325265095,221.44749690661942
3257.0,1117.4411533372265,4257.966452480441,221.44650526971648
3258.0,1116.4991060248017,4257.630972434607,221.44551363281354
3259.0,1115.5570587139787,4257.295492384274,221.4445219959106
3260.0,1114.6150114031807,4256.960012333871,221.44353035900767
3261.0,1113.6729640908388,4256.624532287803,221.44253872210476
3262.0,1112.7309167785022,4256.289052241721,221.44154708520182
3263.0,1111.788869467761,4255.953572191158,221.44055544829888
3264.0,1110.8468221569028,4255.618092140924,221.43956381139594
3265.0,1109.904774844458,4255.282612095146,221.438572174493
3266.0,1108.962727532116,4254.9471320490775,221.43758053759007
3267.0,1108.0206802197745,4254.611652003009,221.43658890068716
3268.0,1107.0786329082596,4254.27617195462,221.43559726378422
3269.0,1106.1365855980703,4253.940691902507,221.43460562688128
3270.0,1105.1945382857284,4253.605211856439,221.43361398997834
3271.0,1104.2524909733868,4253.269731810371,221.4326223530754
3272.0,1103.3104436619826,4252.93425176167,221.43163071617246
3273.0,1102.3683963519302,4252.598771709174,221.43063907926955
3274.0,1101.426349039394,4252.263291663652,221.42964744236662
3275.0,1100.4843017269993,4251.927811617732,221.42865580546368
3276.0,1099.542254415636,4251.592331568917,221.42766416856074
3277.0,1098.600207105552,4251.2568515165085,221.4266725316578
3278.0,1097.6581597930997,4250.921371470751,221.42568089475486
3279.0,1096.7161124806673,4250.5858914249375,221.42468925785192
3280.0,1095.7740651682768,4250.250411379007,221.423697620949
3281.0,1094.832017856141,4249.9149313323605,221.42270598404608
3282.0,1093.8899705461263,4249.579451279757,221.42171434714314
3283.0,1092.947923234342,4249.243971232124,221.4207227102402
3284.0,1092.0058759219642,4248.908491186157,221.41973107333726
3285.0,1091.063828609802,4248.573011139585,221.41873943643432
3286.0,1090.1217812998982,4248.237531086671,221.4177477995314
3287.0,1089.1797339880159,4247.902051039314,221.41675616262847
3288.0,1088.2333249225694,4247.579432067945,221.41576452572554
3289.0,1087.281550220036,4247.272634226329,221.4147728888226
3290.0,1086.3297755174115,4246.9658363849985,221.41378125191966
3291.0,1085.378000817732,4246.659038534529,221.41278961501672
3292.0,1084.4262261151023,4246.352240693213,221.4117979781138
3293.0,1083.4744514154277,4246.045442842729,221.41080634121087
3294.0,1082.5226767128352,4245.738645001298,221.40981470430793
3295.0,1081.570902010268,4245.431847159788,221.408823067405
3296.0,1080.6191273105578,4245.125049309414,221.40783143050206
3297.0,1079.6673526079262,4244.818251468102,221.40683979359912
3298.0,1078.7155779082807,4244.511453617531,221.4058481566962
3299.0,1077.7638032055822,4244.204655776425,221.40485651979327
3300.0,1076.805754113536,4243.919552025743,221.40386488289033
3301.0,1075.8371519160069,4243.670936292249,221.4028732459874
3302.0,1074.8685497202991,4243.422320551658,221.40188160908446
3303.0,1073.8999475249573,4243.173704809642,221.40088997218152
3304.0,1072.9313453276477,4242.925089075292,221.3998983352786
3305.0,1071.962743131741,4242.676473335476,221.39890669837567
3306.0,1070.994140936348,4242.42785759366,221.39791506147273
3307.0,1070.0255387409145,4242.179241852,221.3969234245698
3308.0,1069.0569365431372,4241.930626119477,221.39593178766685
3309.0,1068.0883343477935,4241.682010377467,221.39494015076392
3310.0,1067.119732152337,4241.433394635895,221.393948513861
3311.0,1066.1511299545625,4241.184778903359,221.39295687695807
3312.0,1065.1785808743,4240.953733713074,221.39196524005513
3313.0,1064.1967043283603,4240.764212082288,221.3909736031522
3314.0,1063.214827781975,4240.574690453816,221.38998196624925
3315.0,1062.2329512365889,4240.385168820162,221.3889903293463
3316.0,1061.2510746896494,4240.195647194559,221.3879986924434
3317.0,1060.269198142911,4240.006125567912,221.38700705554047
3318.0,1059.2873215973398,4239.81660393522,221.38601541863753
3319.0,1058.3054450511395,4239.627082305786,221.3850237817346
3320.0,1057.3235685050756,4239.437560675644,221.38403214483165
3321.0,1056.3416919579265,4239.248039051128,221.3830405079287
3322.0,1055.35981541276,4239.058517416336,221.3820488710258
3323.0,1054.3779388656899,4238.868995791409,221.38105723412286
3324.0,1053.3939169781547,4238.692735303402,221.38006559721993
3325.0,1052.4023679208015,4238.5630030142,221.379073960317
3326.0,1051.4108188647483,4238.433270715061,221.37808232341405
3327.0,1050.419269807864,4238.303538422272,221.3770906865111
3328.0,1049.4277207509238,4238.173806129915,221.3760990496082
3329.0,1048.436171694033,4238.044073837178,221.37510741270526
3330.0,1047.4446226378177,4237.914341539277,221.37411577580232
3331.0,1046.4530735814603,4237.784609242465,221.37312413889939
3332.0,1045.4615245245452,4237.654876949913,221.37213250199645
3333.0,1044.4699754676592,4237.525144657141,221.3711408650935
3334.0,1043.4784264109464,4237.395412363044,221.3701492281906
3335.0,1042.4868773548505,4237.265680064228,221.36915759128766
3336.0,1041.4944455668692,4237.144762408289,221.36816595438472
3337.0,1040.4968613209498,4237.075295349246,221.36717431748178
3338.0,1039.4992770751653,4237.005828288264,221.36618268057885
3339.0,1038.501692829047,4236.93636123207,221.3651910436759
3340.0,1037.5041085834332,4236.866894168633,221.364199406773
3341.0,1036.5065243371148,4236.797427115325,221.36320776987006
3342.0,1035.5089400915124,4236.727960051744,221.36221613296712
3343.0,1034.5113558452101,4236.658492998205,221.36122449606418
3344.0,1033.51377159959,4236.589025934863,221.36023285916124
3345.0,1032.5161873539653,4236.519558871589,221.3592412222583
3346.0,1031.5186031076666,4236.450091817988,221.3582495853554
3347.0,1030.5210188620424,4236.380624754705,221.35725794845246
3348.0,1029.523266580034,4236.315438298357,221.35626631154952
3349.0,1028.5233066052053,4236.306491302393,221.35527467464658
3350.0,1027.5233466303766,4236.297544306433,221.35428303774364
3351.0,1026.5233866555477,4236.288597310475,221.3532914008407
3352.0,1025.523426680719,4236.279650314512,221.3522997639378
3353.0,1024.5234667058885,4236.270703318736,221.35130812703486
3354.0,1023.5235067310574,4236.261756323059,221.35031649013192
3355.0,1022.5235467562286,4236.252809327096,221.34932485322898
3356.0,1021.5235867813998,4236.243862331132,221.34833321632604
3357.0,1020.5236268065711,4236.234915335169,221.3473415794231
3358.0,1019.5236668317423,4236.225968339214,221.3463499425202
3359.0,1018.5237068569136,4236.217021343251,221.34535830561725
3360.0,1017.5237468820848,4236.208074347287,221.34436666871431
3361.0,1016.5250731450486,4236.259389360324,221.34337503181138
3362.0,1015.5264056168717,4236.310995253048,221.34238339490844
3363.0,1014.527738088166,4236.362601135557,221.3413917580055
3364.0,1013.5290705597376,4236.4142070234275,221.3404001211026
3365.0,1012.5304030313093,4236.465812911282,221.33940848419965
3366.0,1011.5317355026036,4236.517418793792,221.3384168472967
3367.0,1010.5330679744261,4236.5690246865115,221.33742521039377
3368.0,1009.534400445744,4236.620630569479,221.33643357349084
3369.0,1008.5357329174226,4236.67223645941,221.3354419365879
3370.0,1007.537065388862,4236.723842344703,221.334450299685
3371.0,1006.5383978601895,4236.77544822785,221.33345866278205
3372.0,1005.5397303319966,4236.82705412025,221.3324670258791
3373.0,1004.5434607964754,4236.912756813087,221.33147538897617
3374.0,1003.5474007376536,4237.001438035573,221.33048375207323
3375.0,1002.5513406788264,4237.090119257997,221.3294921151703
3376.0,1001.5552806208563,4237.178800490037,221.3285004782674
3377.0,1000.5592205620248,4237.267481712405,221.32750884136445
3378.0,999.5631605040601,4237.356162944505,221.3265172044615
3379.0,998.5671004452256,4237.444844166844,221.32552556755857
3380.0,997.5710403863701,4237.533525388949,221.32500000000002
3381.0,996.5749803126608,4237.622206444207,221.32500000000002
3382.0,995.5789201466861,4237.71088646314,221.32500000000002
3383.0,994.5828599798092,4237.799566471943,221.32500000000002
3384.0,993.586799813839,4237.8882464909275,221.32500000000002
3385.0,992.5907396475286,4237.97692650609,221.32500000000002
3386.0,991.5946794809787,4238.065606518567,221.32500000000002
3387.0,990.5986193149755,4238.154286537185,221.32500000000002
3388.0,989.6025591480981,4238.242966545978,221.32500000000002
3389.0,988.6064989821286,4238.331646564974,221.32500000000002
3390.0,987.6104388159014,4238.420326581076,221.32500000000002
3391.0,986.6143786492656,4238.509006592589,221.32500000000002
3392.0,985.6183184832647,4238.597686611232,221.32500000000002
3393.0,984.6222583163859,4238.686366620016,221.32500000000002
3394.0,983.6261981504173,4238.775046639022,221.32500000000002
3395.0,982.6301379842764,4238.863726656094,221.32500000000002
3396.0,981.6340778175627,4238.95240666673,221.32500000000002
3397.0,980.6380176515538,4239.04108668528,221.32500000000002
3398.0,979.6419574846747,4239.129766694054,221.32500000000002
3399.0,978.6458973187067,4239.218446713065,221.32500000000002
3400.0,977.649837151827,4239.307126721836,221.32500000000002
3401.0,976.6537769858523,4239.3958067407675,221.32500000000002
3402.0,975.6577168198442,4239.484486759322,221.32500000000002
3403.0,974.6616566529649,4239.573166768093,221.32500000000002
3404.0,973.6655964869974,4239.661846787108,221.32500000000002
3405.0,972.6695363201666,4239.750526796421,221.32500000000002
3406.0,971.6734761541436,4239.839206814812,221.32500000000002
3407.0,970.6774159881348,4239.92788683336,221.32500000000002
3408.0,969.6813558212561,4240.016566842135,221.32500000000002
3409.0,968.6852956552815,4240.10524686107,221.32500000000002
3410.0,967.6892354885496,4240.193926871497,221.32500000000002
3411.0,966.6931753224344,4240.282606888855,221.32500000000002
3412.0,965.6971151564248,4240.371286907398,221.32500000000002
3413.0,964.7010549895466,4240.459966916183,221.32500000000002
3414.0,963.704994823572,4240.548646935116,221.32500000000002
3415.0,962.7089346569293,4240.63732694655,221.32500000000002
3416.0,961.7128744907244,4240.726006962902,221.32500000000002
3417.0,960.7168143247137,4240.814686981435,221.32500000000002
3418.0,959.7207541578358,4240.903366990229,221.32500000000002
3419.0,958.7246939918605,4240.99204700916,221.32500000000002
3420.0,957.7286338253077,4241.080727021605,221.32500000000002
3421.0,956.732573659013,4241.169407036949,221.32500000000002
3422.0,955.7365134930016,4241.258087055474,221.32500000000002
3423.0,954.7404533261243,4241.346767064275,221.32500000000002
3424.0,953.7443931601492,4241.435447083208,221.32500000000002
3425.0,952.7483329936865,4241.524127096659,221.32500000000002
3426.0,951.7522728273021,4241.612807110994,221.32500000000002
3427.0,950.7562126612862,4241.701487129465,221.32500000000002
3428.0,949.7601524944102,4241.790167138276,221.32500000000002
3429.0,948.7640923284397,4241.878847157254,221.32500000000002
3430.0,947.7680321620661,4241.9675271717115,221.32500000000002
